source_key,is_data_breach,is_availability_disruption,is_ransomware,is_ransomware_keyword_derived
4a095e44c8rucifx,False,True,False,False
7dec98c4ee6x9dvj,False,True,False,False
69ad71bcafg1z7uu,False,True,False,False
a2isa1k076cboe7k,False,True,False,False
c66r18hzvct8iqpn,False,True,False,False
winpy575sg63kbhm,False,True,False,False
k50lnd4u0eucgfhv,False,True,False,False
urmh5zq5nzfjts5p,False,True,False,False
n0ukvj10t0umfmoc,False,True,False,False
8ppoau610k6e7kea,False,True,False,False
3virthfdehnex9x9,False,True,False,False
gnijg4zbqjugsvc2,False,True,False,False
2to8dntqfaj59u1q,False,True,False,False
qdwoyeft93tscbrm,False,True,False,False
r3oppwgv892i77fj,False,True,False,False
85klj1vjik0bc9yw,False,True,False,False
y4jrqz4z6cnmh918,False,True,False,False
4yza3bqu6tqcyugt,False,True,False,False
9pyos6xdyn9lhuus,False,True,False,False
7e2840p99j9hxz8s,False,True,False,False
v5z9lcauzbd72t8z,False,False,False,False
xhixa3jx12fzhyt9,False,True,False,False
r8gz6ti0np4s08u0,False,False,False,False
mgs4djnr5s9cppg4,False,False,False,False
ngo7on8d4wcpboe7,False,True,False,False
kjyc9wwf20c01373,True,False,True,True
cmat1x6si40i3urf,True,True,True,True
8ac69ff944esnudi,False,False,False,False
yu1gtrzird1htxu3,False,False,False,False
py9qxtdx4y6rugcy,False,False,False,False
eokxir2gor0qoghi,True,False,True,True
p6brbuc39d5a1bmu,False,True,False,False
rrn60wgtdkbobahg,False,True,False,False
7e2840p99j9hxz8s,True,False,True,True
isu1cs0airy3qgdx,False,False,False,False
ompiyny59q7z68g9,False,True,False,False
ba238ca9b3unijzz,False,False,False,False
tdl1uin918tjfinz,False,True,False,False
d2f4p5l0i6zr7810,False,True,False,False
x57zlof26y1o1nr0,False,True,False,False
jlvewvdc84ibltwj,False,True,False,False
9yd2ujdmevzent1f,False,True,False,False
gr0wx8b6h9mxxj5f,False,True,False,False
nedqm6a8zfiumpkk,False,True,False,False
q8nwslkqt2hdjc8a,False,True,False,False
vuwai45x8dzbyc6m,False,True,False,False
ycnbsaymz2uly2p0,False,False,False,False
8e779wc102y1kvqx,False,False,False,False
l30gpynypmsk4lfy,False,True,False,False
uec1p79bu3walctg,False,False,False,False
c15d9d43f1ve40c3,True,False,True,True
6p0w3omwnohxtjch,False,True,False,False
voo31mmqhesxt3gn,False,True,False,False
60bd579508s1l4ma,False,False,False,False
vdnggjpwqytymihz,False,False,False,False
y8g7g17aljsw9nsl,False,True,False,False
1bgttresm37v9d0n,False,False,False,False
56139fe79995dyc9,True,True,False,False
967dd70227xwwovj,False,False,False,False
azc2kjw6b4244bat,False,True,False,False
mfh48nhlfn8ov7bo,False,True,False,False
dw3au1300mxrz20w,False,True,False,False
ouzn11dnehlvj4y0,False,True,False,False
80ugozb1gpktspi2,False,True,False,False
02czi08a0hj4bryl,False,True,False,False
m0r9hwum6d2m6ix1,False,True,False,False
cd64uyjdki7dlsjm,False,True,False,False
sv2n3bc4p472cpc6,False,True,False,False
ab649d32c3tdu01j,False,False,False,False
rasfnpvapfhqj678,False,False,False,False
8jvxkf5u53txrzcz,False,False,False,False
8vy8kkxr00j0jgxm,False,False,False,False
y8g7g05aljsw9nsl,False,False,False,False
kjk4im7tkj04oqnh,True,False,False,False
97w3nyyojcf5ep6h,True,False,True,True
05d25dc23724vpex,True,False,True,True
w72oooldvsfq0p4o,True,False,True,True
00t7dyyplfrp8nta,False,True,False,False
9rgfvl0j8kx5s71m,True,True,False,False
fd869f6b756sgan6,True,False,True,True
uv3iyeuximq1mt5z,False,False,False,False
siribhfhc0tlp1p6,False,False,False,False
b5a3de03eav7z1ph,False,False,False,False
033c0b42bchkjtd2,False,False,False,False
926aa328ba0y81oi,False,False,False,False
5881ebf2fbnfe2f1,True,False,False,False
217f9dded0wgr1om,False,False,True,True
7ebd6e71dd3yrfza,True,True,True,True
ca9c4a8647d5q0x8,False,False,False,False
90351c1fcf8veskd,True,False,False,False
177666fd66ko0vty,False,False,False,False
b036da2886d9g209,False,False,False,False
8f4866a2eftg2vs8,False,False,False,False
50cb516bb5if1hq1,False,False,False,False
49cf82cdbc37598k,False,False,False,False
45b70c4a30zyd0y2,False,False,False,False
d3b543046cigdamj,False,False,False,False
0d8f85b3a5xi5sub,False,False,False,False
ba238md9b3unijzz,False,False,False,False
debeda443fhdbism,False,False,False,False
a0b1f9c1d0zk1lcl,True,True,True,True
7e3f9c50fda2a9gr,True,False,True,True
2a466a69b40tuir7,True,True,False,False
b1cba6ca2091f0dc,True,False,False,False
f65111bf41zby751,True,True,True,True
0df24047b5y5r585,False,False,False,False
ca34b26f91poonpl,False,False,False,False
cf104327cf8d1irs,False,False,False,False
f0fd56e30dargges,False,False,False,False
44152f5e388znwdp,False,False,False,False
fcf65e30b4743q7o,False,False,False,False
08acaae39fkt8js7,True,True,True,True
c596dc52a2y1ngkv,False,False,False,False
f2ed13bbe5pxnm7t,False,False,True,True
86cf90b801tl8x23,False,False,False,False
029a0b7114y0azm0,False,False,False,False
f673f391a7an4p46,True,True,True,True
0e2e8d1f20yxhs9s,True,False,True,True
868e1e314fckdoji,False,False,False,False
d88fb6f465jfhxgm,False,False,False,False
241dc38e0fhu5qmp,False,True,False,False
3b69698d66cffodq,False,False,False,False
3b69698d66ieeekz,False,False,False,False
314f4ae46czgma7j,False,False,False,False
c5b8646751qqkbtq,False,False,False,False
3092a20adf0ne6ag,True,True,False,False
42c7fc3da6l4g3wn,True,False,True,True
5b570ec6be7fhirm,True,False,True,True
4947a81554i9kmhx,False,False,False,False
f7251e75dfjat1zk,False,True,False,False
60fede434a3ivw0b,True,False,True,True
2f056a5071owsmu5,False,True,False,False
7464f32b15rwlve4,False,True,False,False
1a98e83a2b9ju4t2,False,False,True,True
a28133d8aeqpayh2,False,False,False,False
e025cd8500uxctes,False,False,False,False
8cc03e24a6hgl0q3,False,False,False,False
b9e69a2009y8v288,False,False,False,False
17eaedf5a6so97mj,False,False,False,False
98d5c1a559rtt7iy,False,False,False,False
2e5c7503ffwjlwbd,True,False,False,False
2327a61f49wcd5tb,True,False,True,True
3eb493b40eje87lj,True,False,True,True
f644ac1f08pewqmr,False,True,False,False
0aed472681rnqn8t,True,False,False,False
cfe4fc2676525ute,False,False,False,False
0b34bd5aabhbyyof,True,False,True,True
u1v2w3x4y5z6a7b8,False,True,False,False
n7b4v2x9m5q1r6t8,False,True,False,False
8l24kcwxoyjmv4v8,False,False,False,False
l0dccdiac449c6l8,False,False,False,False
euj8fkszsfsck2vk,False,False,False,False
t6p9x3a1m8nb4kqz,False,False,False,False
u4j2n8b7p3f5w1qz,False,False,False,False
d2w9r1n5t8y4g6qz,False,False,True,True
s3k7e2u4p9o1v6qz,True,True,True,True
n5k8b2r7p3w4s1xz,False,False,True,True
h3k9m2t5p8r4x1vz,False,False,False,False
v7qk2m9h4s1d8r3x,False,False,False,False
a9t2m6k1r5x8p4zd,False,False,False,False
xrutyt9gxqb4r7k0,True,False,True,True
muhtpl6kgnhqmc1a,False,False,False,False
5cffeyeknofr5350,False,False,False,False
j4k8v2r1z6q7s3m5,False,False,False,False
p3m5q1d8r2n9y6t7,False,False,False,False
x7b4n8p2q3s5m6r1,False,False,False,False
s4p8t6u2k0n1j3m5,True,True,True,True
h8c2d1p7q9r5t4y3,False,False,False,False
z8p3f1h2k5s7m9n4,False,True,False,False
r5j7d3v1m8n2k9p4,False,False,False,False
m3x9a7q1t5v2k6p0,True,True,True,True
n7q5k1m3b9v2x4d6,False,False,True,True
k3c8r5n1b7v4x2z0,False,False,False,False
c1o2l3t4u5p6n7y8,False,False,True,True
a4p9x7d2m3k1q8fj,False,False,False,False
p7x9m2c4v6b1t8qr,False,False,False,False
q7w9e3r5t1y8u2io,False,False,False,False
f7k2m9x4r1q8v6d3,False,False,False,False
y6p3n9m1t4v8b2r7,True,True,True,True
z1x2c3v4b5n6m7l8,False,True,False,False
p7h2sx4q9m3k8rde,False,False,False,False
p1a2r3o4p5a6r7f0,False,False,True,True
h1i2j3k4l5m6n7o8,False,False,True,True
c9m2h5l1k7r3n8p4,False,False,False,False
k2m8x7r4p9d1q6fj,False,False,False,False
s9e7v3a5s1t0p4l8,False,True,False,False
p1h1s2i3n4g5g6e7,False,False,False,False
ud8kmziidufx54g2,False,True,False,False
r9f2k7m1x8p4q6z0,False,False,False,False
n5r7t3c1b4q2z8x6,False,False,False,False
v4n1c2e5f6i7l8m9,False,False,False,False
a9m4n7b2x6c3v1z8,False,True,False,False
j8m3n5v7x1t9k2z4,True,True,True,True
x7p3k9t2m4q8r1sv,True,True,True,True
u5s1c2o3f4t5w6r7,False,False,False,False
b7x2e1l5d0r41211,True,False,True,True
a3k9lmv4n7q2rstu,True,True,True,True
n4c7p2v9k5r1t8yx,True,True,True,True
x2m9f7q8r5lh0b1c,False,False,False,False
p1r2e3c4i5s6e75r,False,False,False,False
r8m2k6f1x9p4z3q7,False,False,True,True
u9v5l2d8n3k7q4x1,False,False,True,True
k1u2r3g4a5n6t7l8,False,True,False,False
p1k3c0u0n7r5y2a9,False,False,True,True
k1m5s7u9k3y4br8c,False,False,False,False
s3c0t1h2c3o4l5l6,False,False,False,False
d3n0t1s4v8j6p7q2,False,True,False,False
q7m2f6k9w3d8r1zx,False,False,False,False
c7v2n9m4x1b8q5z6,False,False,False,False
i7t4h9o2t6e3l8it,False,False,True,True
b2l0o5c3k4e9r7x1,True,True,True,True
h9j5k2n8m4t1r7e3,False,False,False,False
d7f3k2m9q1x8v5z4,False,False,True,True
h7i2t9a3c6h5i8en,True,False,True,True
3f72b61a84cd9e10,True,False,True,True
t7n4k6x2q9d5b8mj,False,False,False,False
d2f5g8h9j0k1l3m7,False,False,False,False
b7e49c2a8d5f3e10,False,True,False,False
a5u9c3h1a5n7a75h,False,False,False,False
c7d19a2e5b34f8a1,True,False,True,True
i4r7a2n9s6h3i8ps,False,True,False,False
8f4k3m2n9q1b7z5x,False,False,True,True
o3r4a5n6g7e8b9e1,False,False,False,False
e93b1d7c46fa2b90,False,False,False,False
g4b5r6a3q1t9y2u7,False,False,False,False
m2k9f7a3x6q1b8z4,False,False,False,False
w0r3k8d5a7y1p9lm,False,False,False,False
p2d3i4h5e6a7l8t9,False,False,True,True
z7k4d1x9m2r8p5q0,False,False,True,True
f3k8n1p7z4r0b2qx,False,False,False,False
g4h5i6j7k8l9m0n1,False,False,False,False
l3b2r5n8q6v4y7cw,False,False,False,False
d4e9f6a1b2c3d4e5,True,True,True,True
d3r5s7c0t9c3l4l6,False,False,False,False
i0n2o3t4i5v6u7r8,True,False,True,True
h1i2j3k4l5m6n7o8,False,False,False,False
z8h4k2r9m5s1q4bp,False,False,False,False
x9z7y6v5u4t3s2r1,False,True,False,False
d3t6l9t0k2n8x5m4,False,True,False,False
z3x9v2b6n1m4q8w7,False,False,False,False
z5y4x3w2v1u0t9s8,True,True,True,True
m8n4x7v2z3q1b6rk,True,False,True,True
a1d2b3c4d5e6f789,False,True,False,False
r7m2x9k4d1q8v5tb,False,True,False,False
m1i4r2a7c8l5e6e3,False,False,False,False
f1o2g3o4s5p6t7a8,False,True,False,False
a9x4m7q2v6b1z8t5,False,False,True,True
l8z2r5n7q3m1x9vb,False,False,False,False
q8w2e7r5t6y1u9i3,False,True,False,False
r5t6u7y8i9o1p2a3,False,False,False,False
n4b7x2v9c6m8q1z3,False,False,False,False
u7s2p9t4m8r3cxyv,False,False,True,True
k3v9t2m8r6p1d4q7,False,False,False,False
p7q2m9x4b6v1z8t3,False,False,False,False
k9m2n4x7v5b1q8zr,False,False,False,False
x7s3v9e1r4d6d2o8,False,True,False,False
w7k3n9d2x5v1b8q4,True,True,True,True
g5r2t7v9b1l3n8qm,True,True,True,True
a4b9c7d2e5f6g3h1,True,False,True,True
m1i2d3l4a5n6d7s8,False,False,True,True
l9y2c0m8n5t7p3a1,True,False,True,True
n4k7x2d9h8q3b5t1,False,False,True,True
b5z7y2q4m8n1krop,True,True,False,False
c2z5q8r1l7n4mtuv,True,True,True,True
h1j2k3l4p5q6r7sm,False,False,False,False
f3e4m5a6c7y8b9r0,False,False,False,False
s2h4a6m8o1s9m3h4,False,False,False,False
a1b2c3d4e5f6g7h8,False,False,False,False
c8m2r7q1x5v9t4lk,True,True,True,True
j6k3p9q2w8r1s7dm,False,False,False,False
a2n7q5m1v9x3r4tz,False,False,False,False
b7a4dd679e040639,False,True,False,False
9ii64e84g1g9ow7u,True,False,False,False
ec229657cfe2b559,True,False,True,True
kxh77q7ybzh0e5s7,True,False,True,True
4e57d023f3175622,False,False,False,False
d9c806bb6a94fbd0,False,False,False,False
c17eabd2c774e082,False,False,False,False
ee58c2k86aow8l8o,False,True,False,False
1569f637f9557fa9,True,False,False,False
11c363e105e605e5,False,False,False,False
80e6755f512f2d77,False,False,False,False
851f550e6953eab8,False,False,False,False
dc19ecfdf12d8aca,False,True,False,False
ac854a155de6f503,True,True,True,True
6853943ce05689a6,False,False,True,True
eb97a809340513f5,True,False,True,True
r61b5ql3ejohiril,False,False,False,False
keddf9b88cqvs689,False,False,True,True
769a426efc9aa511,False,False,False,False
45c7bce272af2bc1,False,False,False,False
40151c9cf091a427,True,False,False,False
3c9bcb89d1d476dd,False,False,False,False
36b9b624507802f8,False,False,False,False
fd8c6f036fcba2d1,False,False,False,False
23a8c0e92b610483,False,False,False,False
0kzlmqklg3os1utl,False,False,False,False
j0pyfuokng4p7pko,False,False,False,False
70qpyt7mk1tzdmsa,False,False,False,False
64i7bjmxbuanpotl,False,False,False,False
897793b71365a2ff,False,False,False,False
51a0742412c43c50,False,False,False,False
94e6a8123f96d82f,False,True,False,False
af0e157fbd1bb403,False,True,False,False
797036e8e9a53e90,False,True,False,False
20dd02d27dce8f8c,False,True,False,False
3bde3c99ed1d53be,False,True,False,False
cd7c90b42dfbac6b,False,False,False,False
d3f4c029fd34599c,False,True,False,False
af0e0a4bf8aab03e,False,False,False,False
d15555fc3d2a6375,False,True,False,False
b05bceb216ad54ee,False,False,False,False
22477742379b06b8,False,False,False,False
d1577bb6b44e95be,False,False,False,False
8dbdac9c1ed30b7c,True,False,True,True
04f8ad8138a3e0eb,False,False,False,False
91b1f7f737bcee86,False,False,False,False
30edc51f38a2ac4f,False,True,False,False
4f1a857a225fba83,True,False,True,True
e44015e404ba7452,False,True,False,False
e73bd8976aa08b4f,True,True,True,True
9a02821a55f19a08,False,True,False,False
98f27ac158ebe759,False,True,False,False
55d7d8487363baa0,False,True,False,False
6396f10a9558708e,False,True,False,False
839807bf514c92e7,False,False,False,False
e0291d70c84172d9,False,True,False,False
b2fbfbc5673ab9d6,False,True,False,False
5f02eeadaaf7a459,False,True,False,False
ba841c54e6ff54cf,False,True,False,False
ee00220a80ea8828,False,True,False,False
733f947d08608e86,False,False,False,False
4497ad149c37aa68,False,False,False,False
b220a7924b62daa3,False,True,False,False
4e259d0fc894ff90,False,True,False,False
992b93f0577a4902,False,True,False,False
f52633babf7c66b5,False,True,False,False
e898e5fb007d6356,False,True,False,False
79a484dfb3e41478,False,True,False,False
430028dee10aff28,True,True,False,False
03d9e3926d5e321f,False,False,False,False
64c7cfab0d20f0e0,False,False,False,False
11420605a3370251,False,False,False,False
88f1b9a308efbfe0,False,True,False,False
e42f59575d4b7a94,False,True,False,False
aa41dc305bbe4be4,True,False,True,True
86df25697f5e1cfd,True,False,True,True
163f1c85ccef35d8,False,False,False,False
d11e4330798d4302,False,True,False,False
2edeeaceaeca2094,False,False,False,False
fed87fefb98ad22c,False,False,False,False
2dcb48fe0aa68560,False,False,False,False
be0d798afdeb7c2a,False,True,False,False
b70d975922b12cf2,False,False,False,False
37d3c20122ccf5a5,True,False,True,True
ff39adef0b0c9342,False,True,False,False
c87393742dfa95c8,False,True,False,False
d90a00eeef678b07,True,False,True,True
eba12a463b2234b8,True,False,True,True
4738cee723855647,False,False,False,False
8b5b4a0d23d469ca,False,True,False,False
13fc227b74458b48,False,True,False,False
e64fed3241cce1f0,False,True,False,False
ce68762913b164a8,False,True,False,False
c0a1cecf5ae47580,False,True,False,False
c8f3e1d1af38720d,False,True,False,False
a75b89e98fb9efe7,False,False,False,False
00a297428f1ec82d,False,True,False,False
c3038cec2bf96898,False,False,False,False
5cb970112964a0de,False,False,False,False
888493b5d17f250a,False,True,False,False
10ba8800b413363e,False,False,False,False
37a0fa20176d7ec7,False,True,False,False
d5a75f0097cc84e3,True,False,True,True
293d98aad18f3b02,False,False,False,False
35efee7880672acc,False,False,False,False
c05835ca22a9ba04,False,False,False,False
beeec3c4405bd689,False,True,False,False
78c9e466a0a72fd3,False,False,False,False
89e7cc0b666aff40,True,False,True,True
28666dac95e8ec4b,False,False,False,False
b4f076411a920518,False,False,False,False
d1a44a091a8bc0b6,True,True,True,True
f5c548e36b3de1c1,False,True,False,False
e7abe2d9dbc1cbab,False,False,False,False
b4011e437b25fc26,False,False,False,False
359db41ace8e2913,False,False,False,False
a40c0eea6d83fe15,False,True,False,False
a1c7b9768a86065c,False,False,False,False
c15373d608369865,True,True,True,True
8efb27da6ea915af,False,False,False,False
650a1c640b4d87e3,False,False,False,False
5d499fb745280325,False,False,False,False
8a46be561bc9f93d,True,False,True,True
61c7cf124ff5bd4d,True,True,True,True
71a0e3062339b5b8,True,False,True,True
a59ba5943b05727e,False,True,False,False
c5ab6042392854cd,False,False,False,False
6bfa3b1b7786d4c4,False,False,False,False
012acfc5af0a9998,True,True,False,False
51198ffb42bba49c,True,True,True,True
a7a8b318c6e13cd5,False,False,False,False
7d3acd6722af1919,False,False,False,False
3167a739f827c811,False,False,False,False
a9289b9cbd34bfc4,False,False,False,False
c8d53d5aec0b65cd,False,False,False,False
69fc98dddd10c2b8,False,False,False,False
c2a14fd4ef53e8d7,False,False,False,False
02cf1b9720e70d04,False,False,False,False
7631597986c1910d,False,False,False,False
de85c4d64d51f32e,False,False,False,False
5bd6fce5fe2c17b1,False,False,False,False
795f514eac8d8cdf,False,False,False,False
bdc65ba121d4a871,True,True,True,True
b9a7924fd4fdeb37,False,False,False,False
72d1c56c1cea9da1,True,False,True,True
d0ceea31d8a62d2e,True,True,True,True
e869c5a4c52d8982,True,False,True,True
060a6064ef093f81,True,True,False,False
bd64ec5ed71fb114,True,False,True,True
58340973ee0c5732,True,False,True,True
9358770f98e8d908,False,False,False,False
668228a28ac0743e,False,True,False,False
83e31b0bc6025b8e,True,False,True,True
942343014fc7508f,True,True,False,False
7a6e12a85beb9f8b,True,True,False,False
4bd2cb1c329d6d44,False,False,False,False
35c73a350182c479,True,False,True,True
006f7f1a20156254,False,True,False,False
8ff80c89c3ef3866,False,True,False,False
ae0259564bb38b4b,False,True,False,False
fb081ca71fd3bb16,False,True,False,False
b0d16e97f2a79f1e,False,True,False,False
ea157aa69f700415,False,False,False,False
88e5b2d1350f1ff0,True,True,False,False
2a39a7a17b59db9f,True,False,True,True
7c5782ad4a4a2108,False,True,False,False
2ae426868c20966e,False,True,False,False
830dadc4762fc8dd,True,True,True,True
c8284f5dc18ad64d,True,True,True,True
5fe80f34ffece11b,True,False,False,False
0228df70a5a1c28a,False,False,False,False
de263c09c5319a9c,False,False,False,False
a0fe40a8181d8e7d,False,False,False,False
4ef30e9fc8667815,False,False,False,False
282c372da966d26f,False,False,False,False
1abcaf292b8990d8,False,True,False,False
8fbc2b4b7a253254,True,False,True,True
195090b61e73f9ec,False,True,False,False
6289af4ffa8457c2,False,True,False,False
417415a0bbe087b6,False,False,False,False
571780ffccac2e24,False,False,False,False
1acd03b3cc43b17d,True,False,True,True
a25885358be85f55,False,False,False,False
b7a795c067f63f62,True,False,True,True
000e8e4a3c9fa082,False,True,False,False
083f2eaa87bc5e2d,True,False,False,False
22f03ba9dedf8f97,False,False,False,False
614e3cf1998534e2,True,True,True,True
9f6e1e567b3dc651,False,False,False,False
4cf923b241a1fedc,True,False,True,True
af6a9b02bf1d8c74,False,False,False,False
854421610b05f3fa,False,True,False,False
1a74807405710daf,False,False,False,False
ff7aac44b128b05e,False,False,False,False
8be33c46a7e35fdd,True,False,True,True
fbea1c093829ce9c,False,False,False,False
b93d932e1fc80ed5,False,False,False,False
92e0f4d9c5640dd0,False,False,False,False
d413076592713636,False,False,False,False
81045c8ec0eeeede,False,False,True,True
3f9b205a41ff6f1d,True,False,True,True
16ec7e5860e09259,False,False,False,False
c27987b696207548,False,False,False,False
3a923d276c39e966,True,True,True,True
0b9f4f1fc1e7144c,False,False,False,False
45c64d7f5dbf66cb,True,True,True,True
caf82dae9acff723,False,False,False,False
e81ab13ffd5061c3,False,False,False,False
090a5bf2bc3975bf,False,False,False,False
d0e45cfec5a99017,False,True,False,False
f17d939753da1b4c,False,False,False,False
658ed218fefa64d3,True,True,True,True
c28cab66f38ceb96,True,False,True,True
ea1304bf4b5116d6,False,True,False,False
9a0d0cb8ff888b2e,False,False,False,False
58b8921420b14740,False,True,False,False
88963111a5a550d1,False,True,False,False
cff0da62b6477fe7,True,True,True,True
47f00a8ccc43d5da,False,True,False,False
6fa6d3f14f307380,False,False,False,False
8ede4b0895e6334f,False,False,True,True
a0645a6f40ca9642,False,True,False,False
dd0ed247064327ff,False,False,True,True
17ac9f3fdaf74a25,False,True,False,False
cddcceaf0c2f8409,False,True,False,False
2289d2bbbaf01073,False,True,False,False
654fe0cab9b60e9e,False,False,False,False
b8ed4e454670bcfc,False,False,False,False
3ef3fa8bc9da328f,True,True,True,True
e1b632d3f59db58a,False,False,False,False
bb5c1eb26f219b08,False,False,False,False
294812656ff351a0,False,False,False,False
a273377faeb6e952,False,True,False,False
f66da840125498c0,True,True,True,True
c6463eb50f7d158d,False,True,False,False
1ba24158e05561fa,True,True,True,True
6174069e08efdf7b,False,False,False,False
727156340bd2b04f,True,True,True,True
d589c657bf4a9c6c,True,True,False,False
dda1985d5387687a,True,True,True,True
b1aebcd10626063c,False,False,False,False
457b4fb80896e0fe,True,True,True,True
8655a7c96861299e,True,True,True,True
ee1756140e604d56,True,True,True,True
613d316030f95d82,False,False,False,False
ec3ae694246e7525,True,False,False,False
d1724f6fc06622b6,False,False,False,False
10b145f9c8f704ec,True,False,True,True
14d3ad4562679eea,True,True,True,True
37950aa501e189fd,False,False,False,False
b1a88d131319cf09,False,False,False,False
21c5ecca72f6e9ce,False,False,False,False
fbe016a5bf0f5057,False,False,False,False
4e3f87090e546c01,True,True,True,True
1ab65baef6fafe12,False,False,False,False
b0ce296463b0d503,False,False,False,False
9a749ac60d59d2b7,False,False,False,False
2cfe5915c2e57917,False,True,False,False
1e06e90dde581ccf,False,True,False,False
779bbcc0aa08950b,False,True,False,False
9a37cee6323c8d76,False,False,False,False
c25a87e8cf43fa59,False,False,False,False
3d47b3eb1504b854,True,True,True,True
0d0fe43b1659ad47,True,True,True,True
61a881aebca6435c,False,False,False,False
217427ccefeef93a,False,True,False,False
d360983bca018d8c,True,False,False,False
8ad62aff29887e75,False,False,False,False
cdc8999741539ef7,True,True,False,False
2bc91ee84cf861bc,False,False,False,False
21e0333d2ff07459,False,False,False,False
337fbc2e1739c30f,False,False,False,False
b37776493e47a690,False,False,False,False
7626453265e45464,False,False,False,False
229ce1fe91468d61,False,False,False,False
b15ca04c87c8cafd,False,True,False,False
3c90a3e999ec2677,False,True,False,False
67d48017d820fc95,False,False,False,False
18818e6c59aeaad2,True,True,True,True
f7be7ea72bed1fd3,False,False,False,False
1340394e2a710b7f,True,True,True,True
858bb416615cf6e2,True,True,False,False
1da5e43ddc41bc2c,False,True,False,False
6616162dab8d4895,False,False,False,False
60b86709daca0f54,False,True,False,False
33fbbd72b249ef77,True,True,True,True
093eaec1227f6b0e,False,False,True,True
123c22f17235123f,True,True,True,True
6a9559e7d86ad8b9,True,True,True,True
410c26bab398bd12,True,True,True,True
53b3f40a3e2cd9f2,False,False,False,False
69c231cef19588ee,False,False,False,False
9b2538aef25208a8,True,False,False,False
7755a84cb43ab96d,True,True,True,True
364a3214d53d295c,False,False,False,False
899151263e1a0d6e,False,False,False,False
a19b4c067d0d1466,False,False,False,False
b69420d3bae99a45,False,False,False,False
aa93a153e38ba389,True,False,False,False
e61bc8e67e55fa5f,False,True,False,False
ab53aed9071bd152,False,False,False,False
1ec82dfa8d6f49f2,False,True,False,False
f585f8fa5f7800e0,False,False,False,False
d36005353e26384b,False,False,False,False
13504dcabd74f9ea,True,True,True,True
e6c3965c9d62d506,False,False,False,False
64f667bd6c868b33,False,False,True,True
90092454ff1321e2,False,False,False,False
df2aced715b9ac9d,True,True,False,False
ef172bf0779be9d7,False,False,False,False
a25265fc4c439c8c,False,False,False,False
5305cd17e0769766,True,True,True,True
1c6f6dd132f66333,False,False,False,False
c5a4c074eafb122c,True,True,True,True
546b53558d6de166,True,True,True,True
b8511bd34d2821cb,False,False,False,False
805a64fcc123081c,True,True,True,True
be673c3083a52cec,True,True,True,True
fa43718706d6e628,False,False,False,False
244220e4dd013395,False,False,False,False
d58c6639977d9caf,False,False,False,False
92000a588c10bea2,True,True,True,True
e8e188af9fd7da97,True,True,True,True
8f3696138ded1768,False,False,False,False
32db1c55e1bae140,False,False,False,False
56b776b76113a7b9,False,False,False,False
122f741fb2dee2a1,True,True,True,True
d197c641be8f59fa,True,True,False,False
27b7d4fa73ebafe7,False,False,False,False
7dbd10061ab51009,False,False,False,False
ca098c496fa053f0,False,True,False,False
95146198166de3a0,False,False,False,False
e0de0c267ec835cf,False,False,True,True
09d01ceaf6053902,True,True,True,True
79b80a07e5b9496c,False,False,False,False
f47f44813a338ca9,True,True,False,False
e1fc714476cf8dd8,False,False,False,False
f302d0f0d1f9ddc3,False,False,False,False
eca0bca7cc239095,False,False,False,False
ffe885ef15028693,True,True,True,True
5b25933ed5abc600,False,True,False,False
30118af3b54036d3,False,False,False,False
a136183ae5ed5d7d,True,False,False,False
45fa99a1a95efff2,True,True,True,True
4693f67771e672b8,False,False,False,False
42ec839d9a3244ae,True,False,True,True
154b6b5e091fdbef,False,False,False,False
eab0c420bdd49598,False,False,True,True
ccd6b0fe8fd230e4,True,True,True,True
b633a365b5ef544b,False,False,False,False
ec5973b09d0dc96b,False,False,False,False
167489e808f9a59c,True,True,True,True
a8d62098e059eba2,False,False,False,False
a714e8a0cd2b3380,False,False,False,False
2d89a9ffc0ae60c9,False,False,False,False
6cc34ea41ce9519f,True,True,True,True
3a90669b39c193e4,False,True,False,False
bf77c3e473636d1d,True,True,True,True
ec9e01099c278b2e,False,False,False,False
7994d3f7424040b7,True,True,True,True
ce1584ad8c9ff64c,False,False,False,False
9c62433508946cb2,True,True,False,False
8f55b17629ac31ba,False,False,False,False
ae7ef791388caff3,False,False,False,False
1188ca53b8a1267d,False,False,False,False
ad0bf65749191723,True,False,False,False
5731b89fe335406a,False,False,False,False
b823e9d726a68525,True,True,False,False
d68cf57e49fa672f,False,False,True,True
3187b0775c0b2d77,True,True,False,False
b28fb714a8ae43c9,False,False,False,False
9016f06fda573322,False,False,False,False
f995f4bc2603b44f,False,False,False,False
44e2edb7160d8fcc,False,False,False,False
91b2e7cd1db48c8a,True,True,True,True
683dfbefc694fd75,False,False,False,False
c787d7cacd4184e8,False,False,False,False
f1235c62da9c476f,False,True,False,False
f18a098da20431ca,False,False,False,False
b233496c90031dae,False,False,False,False
56bbf5784cbfe31e,False,False,False,False
8ddc82758170fdd9,False,False,False,False
ae2ce8d702f3d65e,False,False,False,False
2e41099943197127,True,False,False,False
282aab3cfada259e,False,False,False,False
83be0573af27987c,True,False,True,True
37ad1875502ac00f,False,False,False,False
baee380eee0e3e67,True,True,True,True
052d6f6b6960bfed,False,False,False,False
89af70980a86b1d6,False,False,False,False
106ecc8adb6f47a5,False,False,False,False
c7166f942bb6d4f4,False,False,False,False
05d38e8dc1d8b90d,False,False,False,False
1a8c20123e6ed528,False,False,False,False
4b9960d49672fbdb,False,True,False,False
970d42f1ce3c7274,False,False,False,False
a07aac80a904114a,False,True,False,False
65e07ba91f3d29c8,False,False,False,False
66268ba3a28ec0e8,False,False,True,True
803fbde95f403cc4,False,False,False,False
0b9d1d34bfb3de87,True,True,True,True
b9a9ab1e727b8952,False,False,False,False
a14accc53e33e7cf,False,False,False,False
f1a9f25dcd67976a,True,False,True,True
f91225dd7d75c274,True,False,True,True
f1993fee446adbfe,True,False,True,True
48ea5c413871f11a,True,False,True,True
dba6d1b3b80cb2b9,False,False,False,False
71facf5e7e8bf96b,False,True,False,False
39a7ef26bad0af1e,False,False,False,False
dbf3e285cd813ca6,False,False,False,False
266f6eb566865636,False,False,False,False
dac6694be961934b,False,False,False,False
ff276e5264dcabbf,False,False,False,False
ba8b56f62fca337f,True,True,True,True
3034206253a23797,False,False,False,False
8f23c11e0871da6d,True,True,True,True
f400fde980eaf72e,False,False,False,False
f56c2a3ee5f40e97,False,False,False,False
0658f00e8e8d987d,True,False,True,True
0806646c7555f260,False,False,False,False
b66865a417bb09f8,False,False,False,False
e9474949508c1efe,False,True,False,False
ce5de944c6b6c4b9,False,False,False,False
dcb64590c759c30b,False,False,False,False
61c7225a649e1679,False,True,False,False
8cbfe792816e095d,False,False,False,False
0fc70df29fe5537b,False,False,False,False
29a8234e8b07dca6,True,False,True,True
873d2f5afc2b324c,False,True,False,False
e951133425e2415f,False,False,True,True
bad05ac7f852dafa,False,False,False,False
874c1d877339fc02,False,False,False,False
98865db3babb89a1,False,False,False,False
41df097b65ed88c6,False,True,False,False
3d71ca29f703ffbc,True,False,True,True
024fbea05d0e1871,False,False,False,False
fae72875634c6d71,False,False,False,False
a95c584bd45b0f92,True,True,True,True
77bf5ece38e05edc,True,True,True,True
446522696895f9ce,False,True,False,False
e8acede005fd1d6a,True,True,True,True
185af912f20ad48c,False,False,False,False
853a994dd0dffd77,False,False,False,False
0f451e70670c5ccb,False,True,False,False
97cb1df199c889ef,False,True,False,False
0fb12d16ade937a4,False,False,False,False
f1604c3d88074c33,False,False,False,False
8d8b662a09716903,False,False,False,False
f7e2b1c10db40a60,False,True,False,False
5d1720e4d7b70c5f,False,False,False,False
3ca7881650f9faba,False,False,False,False
84282e0dc1cd86b3,False,True,True,True
0d39ab19d93c019a,False,False,False,False
65bcd9465b4eaabe,False,False,True,True
a990fec5ced9b763,False,False,False,False
044f361fa920f1c0,True,False,True,True
50b9a79bef3bc6b0,True,True,False,False
0975203f4996ebc8,False,False,False,False
1fb50375bb4cf689,False,True,False,False
60c10acd4e7407c6,False,True,False,False
1119900086e8e4ef,False,False,True,True
08bd18e4fb9a2f31,False,False,True,True
4a7538c130138e97,False,False,False,False
d0baa89ffb3730c0,False,False,True,True
b9e6e416260b95b9,False,False,False,False
8cb7b61b03b7d9c3,False,False,True,True
74631ed5fb630aa2,False,False,False,False
254086dfb48e3b61,True,False,True,True
eae854479a6d2cb9,False,False,False,False
03f2b0aed4f35b6f,False,False,False,False
15d350c96cfa4cd4,False,False,False,False
dc6d946be58a1de5,True,True,True,True
3dc44a300f6a5936,True,True,False,False
3ba489edf31eba3b,True,True,True,True
f13289ed6b6a32e4,False,True,False,False
7de04d7f67428699,False,True,False,False
a0d0b4617b97e843,True,True,True,True
71bba73035c8ffcc,False,False,False,False
1a8ff897ca328939,False,False,False,False
2b538339d3963391,False,False,False,False
b29fdd5c002ca2d9,True,False,True,True
fb596e191ab9db65,True,False,True,True
c09f478e2c30207a,False,False,False,False
685b034f3c9676a4,False,False,False,False
33da685218cee2e5,False,False,False,False
2e492e277d3c71ce,False,False,False,False
a99442f9e1b1e96d,False,False,False,False
9755fa097c461b65,True,True,False,False
8b5b2cc784dddd7b,True,False,True,True
7dd20d0a68b6d093,False,False,False,False
27ac800a4c7a20ea,False,True,False,False
a25e1e4cf98ac361,False,False,False,False
184cf8855fd3f417,False,False,False,False
44ddd493e7feb2ee,False,False,False,False
30cc1fb28f4f0bc2,True,False,True,True
bfe916cd208ed592,False,False,False,False
033f8ae16a6d3682,False,False,False,False
b06490d3481d647d,True,False,True,True
0125ec0cf911480e,True,False,True,True
f71e0423019873f7,False,False,False,False
79abdf3268b6350d,False,False,False,False
68c60373f0a28841,False,False,False,False
0255fc0fc5774760,False,True,False,False
e0870070e4eb0e93,False,False,False,False
f6cffe606a216fbf,False,True,False,False
2be5095d353c56c9,False,False,False,False
74ab0e2986e5a54b,False,False,False,False
1a4d86ebd4a76f94,False,False,False,False
0fe4d2b247bb8405,False,False,False,False
1d3edb86c7ca5583,True,False,True,True
01e9862f655cfd85,True,False,True,True
47d38fe94a2118ec,False,False,False,False
6562a41689aa442f,False,True,False,False
92adb7f7872aaae6,False,False,False,False
b74751a26d6baaae,False,False,False,False
3b8ed80c6fd81a4c,True,False,True,True
04afae2bdfd7a4d1,False,False,False,False
c9a2190f02c5f27a,False,False,False,False
697e01f025d2aff3,False,False,False,False
ba035085a7d48b08,True,False,True,True
cf636f008ddd988c,True,False,False,False
8d383ba4fe59e8cc,True,False,True,True
160d0f7f2a88eb5b,False,False,False,False
d8c669598a1c1d6e,False,False,False,False
68684864ba493a74,False,False,True,True
9408cd1722a08fb6,True,False,True,True
742928535e0090e4,True,False,True,True
aa06eb7bff0bac6b,True,False,False,False
ed3f73b165f4b08a,False,False,False,False
6f87ac53a033f942,True,False,True,True
ed4795e1e66cc01a,False,True,False,False
b5b6d908a6a2282a,False,False,False,False
cef57f15edf60683,False,False,False,False
66504de735201121,False,False,False,False
10427b731fa3268a,False,False,False,False
2320824fa89dce9a,False,False,False,False
825f88a79972fb8e,False,False,False,False
83e46feeb1e8698b,True,False,False,False
a1d5a1b81f996241,False,False,False,False
43a9ff02431fafc3,False,False,False,False
036254cdf7a5fd1c,False,False,False,False
1c36fce3feaf118e,False,False,False,False
c92ea6718c4d4d5f,True,True,False,False
bcafdd0c0a8b0a74,False,False,False,False
3d440a158397a7fd,True,False,True,True
d8022cd3bbc9b062,True,False,False,False
4ef13fee803b45bc,False,False,False,False
b3c4fec8ce99722f,True,False,False,False
00cb434c921f7a5b,False,True,False,False
1228b0eb1334bba6,False,True,False,False
b69a951c03480d83,False,False,False,False
402a74f64154cf62,False,False,False,False
e3c2f65c5aa7eb1f,True,False,False,False
9099bbae1a95e0ad,True,False,True,True
a81573a2ad4d7527,True,False,False,False
2e80b2c74a7f38a7,False,False,False,False
7462b1cfc4522c95,False,False,False,False
b802xxu0kxfguils,False,False,False,False
tx1y4e73dp9v248j,False,False,False,False
12ojqiizwwsfgs89,True,False,True,True
1e8kw96otrvyezzq,False,False,False,False
xye1s2idwihozqgy,False,False,False,False
407vbtd76iuqapmf,True,False,False,False
tyncxextzag1ferk,False,False,False,False
5rkodllel5ga4v4i,True,False,True,True
36hj9e167xwpnpzt,False,True,False,False
lsjsdtjlmxzd9elj,True,True,True,True
pru4aiyti0ec5wnn,False,False,False,False
bd5jpk6vl9ivq28n,False,True,False,False
9koz7ll9ddfqitzc,False,False,False,False
n5k2oc7b441feqhd,False,False,False,False
ia8nrq76n26wng9u,True,True,True,True
322dqhaea63w39z9,True,False,True,True
8qo9cj5rn22jvj7q,True,False,False,False
ijxg5l4a99gbxxcx,False,True,False,False
wqrt2b6c77jmkppf,False,True,False,False
xpl94v7z88trqcxd,False,True,False,False
mzyp6n3f44dsrtjf,False,True,False,False
alwt1v9k66fhqryx,False,True,False,False
vkqy2x5b33lmjptc,False,True,False,False
dfl87k8z99tnmrpa,False,True,False,False
bcwx3r2v55gqtzkh,False,True,False,False
trpn5k1a22jmgfqx,False,True,False,False
uc5t92wylu2z42ns,False,True,False,False
z5wgfbbd5vemlhki,False,True,False,False
ecm4owtdhk85954f,False,True,False,False
bnmrfw41s3mckhmf,False,True,False,False
k1kau1weqbfytvfz,False,True,False,False
ptlpbizkcwfaw9jd,False,True,False,False
2xazl64tlttsv1tj,False,False,False,False
e1cnnpd3epn5lfrs,False,False,False,False
30yyeq8aoz65dope,False,False,False,False
avuhcdog5iuf8xrq,False,False,False,False
djf43zl14veibrff,True,False,False,False
2j3iijnpb61a9875,True,False,True,True
v21uet7g7cqkjzdc,False,False,False,False
ga5cxb0sw3b6ne0u,True,False,True,True
op1c3le5l1eh2k5a,False,False,False,False
62b99aohwkj8v46q,False,False,False,False
a3ekep0jpej3ucil,False,True,False,False
3f5w48ytnt8zpl0v,True,True,True,True
0ab3hks19c6sz42u,True,True,True,True
j22a1lsjkfe9ldc2,False,False,True,True
72j8kglsj014kvob,False,False,False,False
k4hkrz7zuurklnr0,False,True,False,False
5pcau6s32votu85p,False,False,False,False
nzairxn9inngnhy7,True,True,True,True
29f92f2010720360,False,False,False,False
eca507c15cff6401,False,False,False,False
b4zo8aoqcdcrreos,False,True,False,False
rlvbktouk8t07cyw,False,False,True,True
fjf5cp3gl77a3dmg,True,False,True,True
rbwsxn907hzmbkip,True,True,True,True
a001tbaxv2s917sn,True,True,False,False
dgmrt2ke7r3xcqgt,False,False,False,False
rldctgg8mvawbtyy,True,False,True,True
v7j007adm2rnvs38,False,False,False,False
pn33wvus6huh0914,True,False,True,True
mfajfcy9v5yqut3c,True,False,True,True
jmjegpazcng39fz8,False,True,False,False
v3t7rzfxd7h2cokx,False,False,False,False
9p1w079g823wq5cx,False,True,False,False
ywwf0uo4h3oyddx3,False,False,False,False
hj6ybqe5niign7ol,False,False,False,False
umrlyspgmrycorbr,True,True,True,True
rjzyz0lhoau9kwvd,False,True,False,False
5hcpt7ju790bmn0q,True,False,True,True
m2g08k4jp5j9aqtl,False,False,False,False
rn0k7p7n49rv8elb,True,False,True,True
tl0v4nbpodlb3jp4,False,False,False,False
4ubq6jrt0ghgn3gp,True,True,True,True
qextn0xs1jrle8yo,False,False,False,False
03thrvalireru97z,False,False,False,False
dmfklhxtk4isn6yt,False,False,False,False
31gcm925vyjv8zuh,True,False,True,True
zl82hp9k2a6gimfv,True,False,True,True
px2e5j9acgcrizi3,True,False,True,True
gkthq21h7zrslf0t,False,False,False,False
ye9yow4k9wwbbckl,True,False,False,False
5cmf4lj2odvk5lpv,False,False,False,False
hn33ssoef9yf98h9,False,True,False,False
2w0ycl78ed4i1ted,True,False,True,True
ft8770g40e9gqxu4,False,False,False,False
ed3k2ith3bvw2xu1,False,False,False,False
mf12b7cquiv1vp0g,True,False,True,True
91175a20e2584100,False,False,False,False
976634eab2b65402,True,True,True,True
b171728d2c4be296,False,False,False,False
0f93c8133db69f60,False,True,False,False
847254bd625fef32,True,True,True,True
58c88ca2ee5c56b1,False,True,True,True
45eaaba7ca2ea694,False,True,True,True
28a6f2783ac21180,True,False,True,True
47eb9a0c29b6cec0,False,False,False,False
ae709dab9cf816b5,False,True,True,True
6eba1710413dcfa0,False,False,False,False
8290a184eba170cd,True,True,False,False
5aea88da5cd96963,False,False,True,True
dac1a53523556ceb,False,False,True,True
56a4a5fb34df2622,False,False,True,True
c32448309bdfe65c,False,True,True,True
c44a34cfe791dce8,True,True,True,True
6efe3b137e22bc7b,False,False,False,False
48ac6aed8cbac39d,False,False,False,False
573246c452ddc3f1,False,False,False,False
7e3392b384f20165,True,True,True,True
e75818891d70487b,False,False,False,False
77b86dca9367faef,False,True,False,False
c50354d3f00a05f0,True,True,True,True
f46455b8ae39c66f,False,False,False,False
55503797d82c20de,False,False,False,False
83940c1f0b118f5a,False,False,False,False
343d1cba088d4f8c,False,False,False,False
92eaaa2368f37f59,False,True,False,False
49e45bf57956147c,True,True,True,True
d82e768e73a23eff,True,False,True,True
25da7bd31e0641a4,False,False,False,False
e382d4aab070f73c,False,False,True,True
831c092c6fb78ea2,False,False,False,False
d68c42508302df68,False,False,False,False
15bbef62a6393e0a,False,False,True,True
60999447cc9d2527,False,False,False,False
3e746434f5e6214b,False,False,False,False
3a89208a064a75f7,False,False,False,False
c0140040b52767e0,False,True,True,True
5e79e07145155443,False,False,False,False
662ef9b5faa142c0,False,True,True,True
839b75b2f2903786,False,False,False,False
4168b39110699d79,False,False,False,False
0164aaecddba96d9,False,False,True,True
4b0414a9fdf5a36a,True,False,True,True
03908f710faa2162,True,False,True,True
cf4479bb2854d533,False,False,False,False
ddbf8e75ef653c76,False,False,True,True
85f580c7568d85ae,True,False,True,True
e21782cbda08b569,False,False,False,False
5697497f978e34f1,False,False,False,False
dd308609e5a4b32a,False,False,False,False
ed75c6823616271e,False,False,True,True
d01f6cf718ab7b84,False,False,False,False
b1dea3184b2a8dfc,True,False,True,True
520febf2db6547a5,False,False,False,False
fbf89606dc49fdb5,False,False,False,False
c0caf729cdcf7029,False,False,False,False
7f3eef1fbfe5a8aa,False,False,False,False
4502de5526d85416,True,False,True,True
17c2f0661d6318b2,False,True,False,False
56ea2343d6a77e41,False,False,False,False
df2b864f1128593b,False,False,False,False
a6403359f57cab29,False,False,False,False
0f47428c71df7037,False,True,False,False
a90bb643439161fb,False,True,False,False
ff6bb7578b0b51d9,False,False,False,False
30c1075d1ebae750,True,False,True,True
e480ca428434b678,False,True,False,False
5a80950fdbdb7136,True,False,False,False
c30d251cb636927a,False,False,False,False
824d6344e1307912,False,True,False,False
e01326a38e67441e,True,False,True,True
120c9287f5f46c5d,False,True,False,False
da210018ff98cc1b,False,True,False,False
8c5aa160a2616def,False,False,False,False
9a82cdfd63ea0542,True,False,True,True
ea844318934caa8b,False,False,False,False
83f4710b9972df9f,False,False,False,False
ede4068dcd777fe1,True,False,True,True
f2c42e91631cb272,False,False,False,False
b9c0538e15fa94f3,False,True,False,False
177afd9eda0f1922,False,False,False,False
1a223c9e04046912,False,False,False,False
d52a585d4fc59e6d,False,True,False,False
d9eeed21b8e7fd24,False,False,False,False
753de1a505e29633,False,False,False,False
97afd531afe26c45,False,True,False,False
9e9538d8e3d8ee24,False,False,False,False
88d0000642bbcceb,False,False,False,False
c7b83c7d4efea9ec,True,False,False,False
6fa0d33ebab21247,True,False,True,True
d764c5e01feb7f09,False,False,False,False
6de13727d4caaf62,True,False,True,True
8ea6dcfb1670805a,False,False,False,False
17748b01c0c36353,False,False,False,False
3f0377d88b5dfff4,True,False,False,False
ff9881143842320b,True,False,True,True
5e281e41787238d2,False,True,False,False
ef93362675d7b70e,False,False,False,False
ed70a0312b9e7db3,False,False,False,False
f321ef04a9815d58,True,False,True,True
72e9d1d6c301cc1d,False,False,False,False
76f5fe8a9855cdfc,False,False,False,False
5d3fbcdc889866d9,False,True,False,False
95a3d0a862494a7b,True,False,True,True
b45da13b1bf916c0,True,False,True,True
33015a53a9fbd689,True,False,True,True
e3785f128a6484c1,False,False,False,False
70103a1c0cbc82a0,False,False,False,False
49220d29cf89d935,False,False,False,False
e186a901bff70c28,False,True,False,False
7de11e76ba464c3c,False,False,False,False
03fd6ec7c9382503,False,False,False,False
ee4b16060af5a381,False,False,False,False
79de7db0f2c5ee29,False,False,False,False
fe4e2a154bc5d163,False,False,False,False
4dc73633b948187b,False,False,False,False
4cbda46131f9480b,False,False,False,False
f689d3b6c2c1a4d0,False,False,False,False
f1d5b7f176119e56,True,False,True,True
0259f72220332e1d,False,True,False,False
8c45974a39dcdf2c,False,True,False,False
c97c78d1e500b54a,False,False,False,False
d7375be8cc245d0e,False,False,False,False
09f332369c24c2c8,True,False,False,False
5d61a4ad1d9d6b84,False,False,False,False
378c9bc708e54276,False,True,False,False
75ac7de70c437aad,False,False,False,False
ac187c6d43e95d2c,False,True,False,False
2ad119c49a39fa93,False,False,False,False
4448663cdb6e3e76,True,False,True,True
2b6106d4b5b5795c,True,False,True,True
65cc0daf87ce61f0,True,False,True,True
9a5aeb5d2b602214,False,False,False,False
bdec4b9c189d3a3e,True,False,True,True
caa8c239cc2faaaa,True,False,True,True
6a51c730e8eed98a,False,False,False,False
8d7c79f9613816f3,False,False,False,False
2e1eed769902543d,False,False,False,False
0464733ae65de312,False,True,False,False
3a742f47ecb50c27,False,False,False,False
a05b194a6a6d9701,False,True,False,False
1fb4da242c478b89,False,True,False,False
e3018a04717af726,True,False,True,True
04b9883b6b3540d0,False,False,False,False
a83af30f0325ccc2,False,False,False,False
83e2171f812c92c3,False,False,False,False
0464e0157f85c167,True,False,True,True
c3f925702feb0840,False,True,False,False
ea2be95a4465a2ff,False,False,False,False
e4a8802014541d74,False,False,False,False
466bbfcb81d98faa,False,False,False,False
19be30d2bd2df859,False,True,False,False
4.07889E+15,False,True,False,False
1a9dd57650654f0e,True,True,True,True
81b3dc40cd38f44f,False,False,False,False
2d4528e7501c3b2e,False,False,True,True
56b78513441fed6a,False,False,False,False
518b5d5b51fea7eb,False,True,False,False
79fe149e1e513881,False,False,False,False
b27d5b9acff4ebd6,False,True,False,False
1b84bb2448bf19df,True,False,True,True
871e690ecd42d3f2,True,True,True,True
1f93ccaec1321ffd,False,True,False,False
00afdc7bb0bc556e,False,False,False,False
db3c048e6f711b93,False,False,False,False
5d68909c4b8f77e6,False,True,False,False
ab8cf97e8ab91828,False,False,False,False
b21bb66de7fde84f,True,False,True,True
7254f52272a0eacf,False,False,False,False
fa52686a9e765d85,False,False,False,False
50e274faa0194e84,True,False,True,True
9533803a402338b8,False,False,False,False
39d775dcb8cdc237,False,False,False,False
8f5d27fa45524fc8,False,True,False,False
5a698e293d1da459,True,True,False,False
ae7fd76114a72d09,False,True,False,False
0590066f870eba2c,False,False,False,False
1eb063ed0ca62c73,True,False,False,False
147b2f102d8fe897,False,False,False,False
e8ec0cbbfda7e232,False,False,False,False
aee374f57ab91cc4,True,False,True,True
oyspjb88qs5s42cv,False,False,True,True
hqtqyhstpykb6ajb,True,False,True,True
otptbacqdmybotzd,False,False,False,False
9rlvmkztttpyl6n0,False,False,False,False
21nx0olsyfpgc9rv,False,False,False,False
j7k9nwgl7fnh78kr,False,False,False,False
rai8zct7n99ki1p9,False,False,False,False
9j5pxf8ztv2z8swm,True,False,True,True
3skyeqdzzsz8hfbh,False,True,False,False
pre94nxdm2kewqoz,False,False,False,False
dudhwaoa0ikemtmt,True,True,False,False
iugja94ybt75aybq,False,False,False,False
jovfqehvsd00jhbv,False,False,False,False
gvh5062rp48kb6af,False,True,False,False
bl662z9xcg9p9zhd,False,False,False,False
n1mo21xz3iem0npa,False,True,False,False
686byyfhqiiamhle,True,False,True,True
ee6itdukf7jmk627,False,False,True,True
47ez8onsgp3d50rg,False,False,False,False
qwxj3psoho4xgp2v,False,False,False,False
iafl2sh66uisptv9,False,False,False,False
eyezsnvbkzu9j4ir,True,False,True,True
eskgrhfjnpj71lp6,False,False,False,False
oq5oftelrnyk0551,False,False,False,False
d3imdv4x4eyrakoi,True,False,True,True
68fq0lbflpd3xd7i,True,False,True,True
ff7ae63p40a558u9,False,False,False,False
di1myy4aoxr5lmdk,False,False,False,False
sg8qq75sl1r1pqom,False,False,False,False
3gxxzcvmojjqb4si,False,False,True,True
3m5r7p0datgp1djx,False,False,False,False
qxgul27t1y9wppjy,False,False,False,False
ugrc8nwb76gc41c1,False,False,False,False
7w3ojb8wfpzna2a4,False,False,False,False
4ubl9djac6v07jgx,False,False,False,False
xwl1hrsb70mew2zp,False,False,False,False
gnrdsik00rjta8rq,False,False,False,False
v50lb3jmznjo4zkp,False,False,False,False
h50gphjwypwvxdnt,False,False,False,False
vlpu4irc3hqbx3tu,False,False,False,False
w8s8pn69qqpzmwqm,False,False,False,False
y48vx69inq1xmasf,False,False,True,True
aookz99c305kop7v,True,False,True,True
ry24w5b0nlctccgg,True,False,True,True
g5j7zmi5jlb8bk90,False,False,False,False
evzpq3n89lu04bs1,False,False,False,False
lrdzvcm4fupmxj89,False,False,False,False
ijeut4337y1aplwf,True,False,False,False
4ia64g2uzhfr1xyj,False,False,False,False
x0klh0kv0mrgacqo,False,False,False,False
sbfr0lekdwckvje4,False,False,True,True
y17vvq3hp14ivnds,False,False,False,False
8a2h3g3zj4yc45fh,False,False,False,False
k7sfjr0u7r1pft04,False,False,False,False
3jza1fyqlvtnejjr,False,False,False,False
atf5h591ngfh56rj,False,False,False,False
jrykk497tbsb8gav,False,False,False,False
iyjtq7n63tjblywl,True,True,False,False
llrdp2xh3ajgoakm,False,False,False,False
9ssof8c4lvj5rpsg,False,False,False,False
1drok8g8qvh3pfs2,False,False,False,False
zwzmqcvqc6jenmr6,False,False,False,False
klozkb1rngdwh9fx,True,False,True,True
ci5t3gib6bh2gh5d,False,False,True,True
94l9royo2yvx3psr,False,False,False,False
cmu0dlf87tatf6wi,True,False,True,True
p9ocs2hnq492yc6z,False,False,False,False
m2rjbaln2h9niigy,True,False,False,False
c0dbnrhh512y983p,False,False,False,False
q6of89cny9y8soei,False,False,False,False
jj9saus5fus0e0yp,False,True,False,False
xsh1gl5k38tblheq,False,True,False,False
57u5ofcqkpq7qv6p,False,False,False,False
l9ficgkqra1phteb,True,False,False,False
qed40hpvr4mxdko9,False,False,False,False
pqtyw21dot5g240o,False,True,False,False
k9yalnh9o6etgfq6,False,False,False,False
axzwka3692th59yv,False,False,False,False
ltj1ujbxdanfgzpp,False,True,False,False
xnqpuhwerilrdpcy,False,True,False,False
w4y6g21drxuq37q4,False,False,True,True
shmcnv3frqdbn0z8,False,True,False,False
6xjynjejlnjtd75f,False,False,False,False
1wkbvp8bwoy7vlxa,False,False,False,False
x6p56a6q3konr2dd,False,False,False,False
mypq8lp8h0vj1wig,False,True,False,False
d4mscgwsf10gl4gs,False,False,False,False
9d4wjb3at549yjad,False,False,False,False
1y01opnrtupwy5pv,False,False,False,False
0zzsvwsqlu89iok5,False,False,False,False
50bap51z16wk4q92,False,False,True,True
ioqciooz4vfrfr8e,False,False,False,False
ehnihl3x56kvl6e0,True,False,True,True
qf8egti63g4ajcwi,False,True,False,False
uyq4ac78ji44aa6k,False,False,False,False
mu8rv310gijvxr78,False,False,False,False
fiir45pvrt137gop,False,False,False,False
86flktx800uegu80,False,True,False,False
r5jvmxh32we7ihuo,False,False,True,True
w5litt72aj0uum0j,False,False,False,False
5wkotwa3xs99lv5i,False,False,False,False
n5gvz0u4xv0sqdmz,False,False,False,False
2r96fwv289tbqgsc,False,False,False,False
dtbl20teb5y1hxuz,False,False,False,False
5do25pktg6cog2hv,False,False,False,False
gbdwcmkjfry5sjhf,False,False,False,False
45111b165ef248c6,False,False,False,False
60ptcm0eebd95kdy,True,True,True,True
9rftqwuden0eerd5,False,False,False,False
206f647ad7d202ce,False,False,False,False
fvh0tw3m3p6e7lit,False,False,False,False
brp0vy1ot9259k0j,False,False,False,False
cyg7hulngqbqa27m,False,False,True,True
1vmckpysjhbtj9mc,False,False,False,False
o0w12ip0stx27am5,False,False,False,False
ot6iwcemc67l3ne3,False,True,False,False
k5xo9hjv0nx5z348,False,False,False,False
f90axgfc7519ycqe,False,False,False,False
n9xmb43jy6bm8iut,True,True,True,True
gl9y9sexq6pl8l64,True,True,True,True
0zkod4l8f82w9jtl,False,False,False,False
dvb0h3z7sehioehz,False,False,False,False
rsmygdhzlud7grld,False,False,True,True
b2sqq1pxrl2pljdu,False,False,True,True
dhd7irmjj7cbw0ze,False,True,False,False
17y51ecglmtahjjw,False,False,False,False
fs5s0at78thfuain,False,False,False,False
e3nmcghyy9ocbu1a,False,False,True,True
7ln7ynidzmeqz97t,True,True,True,True
a68b972c4a6c4422,False,True,False,False
0516c2c1128e95e0,True,False,False,False
d6446c9ba47a58ce,True,False,True,True
fdb63370a4427ef8,False,False,False,False
de1ad5defee53bb2,False,False,False,False
936bd7e6264ea033,True,False,True,True
e259aaf4508cd07e,False,True,False,False
6472c91aa1d6402e,False,True,False,False
7d1807e933be4bbf,False,False,False,False
90c7341dc609975e,True,False,False,False
16ceedc1b91765f2,False,True,False,False
bedcfd2c03056d9d,False,False,False,False
38ca3e0a3e9fb32f,False,False,True,True
196e683bec2977e2,False,False,False,False
7ad4b4e78fc0904a,False,False,False,False
d2faf32ca89dc71c,False,True,False,False
e6f8eebbfa54a51b,True,True,True,True
140d80d0fe5da615,False,True,False,False
fb4d6e6f9993fbc8,False,False,False,False
22251172eb202856,True,False,True,True
eb35eda17af394a3,False,False,True,True
0c159b72b5860468,False,False,False,False
0dee4896a9929ba9,False,True,False,False
936dc35db7174a72,False,False,True,True
48a9ba638f11395e,False,False,False,False
35b7e1b1e5f31455,False,False,False,False
70f71c26bd65ffa0,False,False,False,False
62faaea52d716648,False,False,False,False
aea18ffb8b4bca13,True,False,False,False
47fb71b5ed20577b,False,True,False,False
d36be005f6d9e1fb,False,False,False,False
28f9025d8df226bb,False,False,False,False
85313212c88b67a2,False,True,False,False
31021916c562ea7f,False,True,False,False
qhaydy19jnxlj4cg,False,False,False,False
ba0900b41b033dff,False,False,False,False
a9d4cb96ba3372d6,False,False,False,False
1c376b788a500a7b,False,False,False,False
a3139df4b6b9e0e3,False,False,True,True
0f53ca4ff19b7bf1,False,True,False,False
1264020ad26ebab2,False,False,False,False
13dd1cb69f1649db,False,True,False,False
161c7541a39003e3,False,False,False,False
6966cd5353e6b418,False,True,False,False
97ad9da66215c310,False,False,False,False
96c324dd52f5647e,True,False,True,True
21792d4b3fe68654,True,False,False,False
e9c7df7bd5692026,False,False,False,False
16bdee937257856a,True,False,True,True
db8355e089c9ae50,False,False,False,False
51695a4ed36ea245,False,False,False,False
834dd09f7f5ea47e,False,False,False,False
57f6725604955728,False,False,False,False
b356554401170abf,False,False,False,False
c5a9d99aee21fce5,False,False,False,False
6af17ab73a5cb56d,False,True,False,False
4c0e4a8d29e1dc23,False,False,False,False
db18b824fdb2f8de,False,True,False,False
f0ff8add802d7227,False,True,False,False
91f768d8977787e8,False,False,False,False
3b9ecbe5c908455f,False,False,True,True
4938a835f4f02b19,False,True,False,False
62bdd09cab11c403,False,True,False,False
d69245468fac2232,True,False,True,True
fe02e86d6109a89e,False,True,False,False
de36f7ae49dbef56,False,False,False,False
c036f7e8955be3e5,True,False,True,True
cdb106675d828da3,False,False,False,False
feae51d40b5d652f,False,True,False,False
1db6a84201c062fd,False,False,False,False
9821b2e18ae77e7c,False,False,False,False
ded05f53e3175e7b,True,False,True,True
894e451bd19a86a9,False,False,False,False
a4cd5e6517ad7abe,False,False,False,False
57d289b414668331,False,False,False,False
efcad09063f8949e,False,True,False,False
c99b2827d6fa7767,True,False,True,True
0ad0560d144b0e6f,False,False,False,False
5979d6d67a06dcde,False,False,False,False
1ec4cda1a7e2bfc3,False,False,False,False
29e313f6f46abafd,True,False,True,True
b43738b2c84d88e8,False,False,False,False
62077fa2de2e7763,False,False,False,False
2bf1e346d86ff7e6,False,False,False,False
8b1e420be4f87f86,False,False,False,False
43e45ee0995d9bbf,True,False,True,True
f2930fcb9abfc806,True,False,True,True
c7r3o9w5n1m2t4g6,False,False,True,True
n8a5a3c6c2b1r4e7,False,False,False,False
d4e5f6g7h8j9k0l1,False,False,False,False
r1i2v3e4r5s6c7a8,False,False,True,True
a1u2t3h4o5r6a7c8,False,False,False,False
k2r9m6f4b8q1t7xz,True,False,True,True
s3n1r4c5t6z7n8i9,False,False,False,False
f1r2a3u4n5h6o7f8,True,True,True,True
a1b2c3d4e5f6g7h8,False,False,False,False
t1e2c3t4a5a6m7c8,False,False,False,False
v5f2z8q1m3c7n9k0,False,False,False,False
8yhgkac26v6p49ct,False,False,False,False
k7m2n9b4x5c8v1z0,False,False,True,True
k1l9p4o7m3n8b2v5,False,False,False,False
f9k2s7q1n4t8h3vw,False,False,False,False
t9h4m2k8v5q1r7sd,False,False,False,False
x3n7p2k9d5q1v8rm,False,False,False,False
8d8a2781d0c92842,True,False,True,True
d9c35a1a5e460877,False,False,True,True
02e525cfb2c96738,True,False,True,True
2a8b09d8e9ce4c85,True,False,True,True
e3a178e1aa44b901,False,False,False,False
f11d2d1a7f7535ff,True,False,True,True
3fa5aab2319a655e,False,False,False,False
7aabc01ee2187bfe,False,False,False,False
406a6725ed79fde5,False,False,False,False
db31a666d62a63ab,True,False,True,True
7ee060575cad5366,True,False,True,True
c6d192e0778b6382,False,False,False,False
1ca2be87a9bb5347,False,False,False,False
7dcdb5fd1545762d,True,False,True,True
0dfa88ba0862b85b,False,True,False,False
168f42fcc48a86e0,False,True,False,False
97fde80e22050ee5,False,True,False,False
8902ac7d832d510f,False,True,False,False
d517e33177d57536,False,True,False,False
f8902cd73f333e34,False,True,False,False
4dfc10eeb353ebba,False,True,False,False
ef6f9641528ad798,True,False,True,True
2f83c65c9f8c601f,True,False,True,True
fb386bdae3027a95,False,False,True,True
2dca2dd40a954df9,True,False,True,True
4c142d70580117e5,False,False,False,False
2f9fea073e95bbfe,False,False,False,False
8a7235e31bf0dac7,False,False,False,False
8c66ab1c50de21b2,False,False,False,False
18feb053377bad5f,False,False,False,False
b713a38ecd302dfb,False,False,False,False
7ac61bdfb019055b,False,True,False,False
5ffcbd31627c7306,True,False,True,True
ee50cb2db2266c5f,False,False,False,False
ccb5a7f6f74ac6dc,True,False,False,False
dd6dfcd677df1c07,False,True,False,False
f648642be49db099,True,False,True,True
c713a07211668396,False,False,False,False
90769c94c0793bd9,False,True,False,False
605aba278f08c5a5,False,False,False,False
3fa51358100306d3,True,False,True,True
dcb65595d2c5e257,False,True,False,False
3d610b7be25c7067,False,True,False,False
2f41643523c37993,False,True,False,False
5b9ebf21275f6e98,False,False,False,False
e171cda5bdb5d5e6,False,True,False,False
5a9416c465853702,True,False,True,True
f00091507cb61cad,False,True,False,False
f1fac58d4fbda86f,False,False,False,False
47b348c2736d24bb,False,False,False,False
d74cda6370e9d62e,False,True,False,False
99863591155bff86,False,True,False,False
3c949f26de9d275e,True,False,True,True
4a4252cd11451ff9,False,True,False,False
7b73b68f0c5e5123,False,False,False,False
8d95cdc623bca182,False,False,False,False
e47b1772bd359b1e,False,False,False,False
89cb67d647f644e0,False,False,False,False
46c0d12e3724e350,True,False,True,True
33c1f43f5c48f086,True,False,True,True
eddab6d71f164d91,False,True,False,False
2c3adb32339c93ae,True,False,True,True
8f8812e7c97d07c5,False,True,False,False
71348a85e54b7877,False,False,False,False
cea49c08b647cb43,True,False,True,True
cc54d00975af3632,True,False,True,True
8bda9d7cdf6582ae,False,True,False,False
f965a9514b5ff322,True,False,True,True
6a9d5e56c064b187,True,False,True,True
20d4d724fd9c40ec,True,False,True,True
1f4067f889063080,False,False,False,False
dffebe987e67f8c9,True,False,True,True
1bd792cd24e9a1ba,False,True,False,False
85341395dee5bfd4,True,False,True,True
2fddf4ef13aed00c,True,False,True,True
f3b883986ec9f48e,False,False,True,True
68cdc904f2d147b5,False,False,False,False
fb590c65974bc23a,True,False,True,True
07ccc64abc985ec5,True,False,True,True
0f154c8a7dfa3940,True,False,True,True
a6d75ad12d7a2dd2,True,False,True,True
d10a257f7bd267a7,True,False,True,True
7a43c296fb2f828a,True,False,False,False
911478e187774d99,True,False,True,True
7e0ecfef78c705a3,False,True,False,False
0bf82829294cb27c,False,True,False,False
39b1f34b5b34d8c1,False,True,False,False
53fea95039ac28c6,False,True,False,False
868e2fcb48d40c87,False,True,False,False
4ab62dfc1c45324f,False,True,False,False
4d06dc7d962d5a07,False,True,False,False
69a5ab8e8048807b,False,True,False,False
9263ee790a6a5a2a,True,False,True,True
4f4a973aeca807dc,False,False,False,False
cd9c85d895be57f2,False,True,False,False
4de32b0b16b5c741,False,False,False,False
d6313f20cbc707e6,False,True,False,False
0f921cbcaae879f5,False,False,False,False
1a6ef37ba4d1d109,False,False,False,False
e6d93ddea93a4c38,False,False,False,False
7cc3c17f53b84f74,False,True,False,False
5ce5ddc5f0e12049,True,False,True,True
6603691633ad0edb,False,False,False,False
504aede0cf45b9b4,True,False,False,False
ed068aca5f0f6874,False,True,False,False
7419dbd4ff4a685f,False,True,False,False
63b25a5c7814b92f,False,True,False,False
a9b0897cb8ba0785,False,False,False,False
cf63526703ee3899,False,False,False,False
7d0124eac8d6e90c,False,True,False,False
7a7c9039c2222e1f,False,True,False,False
1d3390ca6818bbee,True,True,False,False
7b33c6b190a79b77,False,True,False,False
850c22a0c8cf7d3b,False,True,False,False
7d13d78ec6a839ab,False,False,False,False
c3bf7623133f0eae,False,False,False,False
7d14f165108db039,False,False,False,False
26d553df64508281,False,False,False,False
ed810bd3adc6067d,False,False,False,False
033462efacdfe1a9,True,False,True,True
b1dfdff09b45c83a,False,True,False,False
ede2a4c914604df1,False,True,False,False
a6b97c136dab272f,False,True,False,False
c164511542c72ebb,False,True,False,False
e4e16f6805cd5d78,False,False,False,False
e0b3ad4819978a49,False,True,False,False
621e737a6f7db92e,False,True,False,False
0a95a2c924e8bc35,False,True,False,False
da0a0d31777a1a29,True,False,True,True
da1412d5a733454e,False,True,False,False
90edff6cfc5c874d,False,True,False,False
a425b2481fa95893,False,True,False,False
2df6aeee60f7aefe,False,True,False,False
1c907c29b2c37aeb,True,False,True,True
70d0ba43b4dd3bda,False,False,False,False
613f182fb2b946d8,False,True,False,False
267ab907d865a053,True,False,True,True
991ef6546c7b3376,False,False,False,False
8b3c26029ff27603,False,False,False,False
3a9bd997dfac9718,True,False,True,True
0f1672060042a0b8,False,False,False,False
b5fb320f1a16042f,False,True,False,False
b6fb1dc1f5f333e1,False,False,False,False
c38eb5405b956b3f,False,False,False,False
e22c7fab83d2f72d,True,True,False,False
493cc04351a020d8,True,True,False,False
3e09962e3c40b9bb,False,True,False,False
88e38da745acc387,False,False,False,False
8ae5a674c951b4e8,False,False,False,False
35808071f150a17d,False,False,False,False
c62b66cdeff16d3b,False,True,False,False
62c447a52ca96c6b,False,True,False,False
039c9ca5f33f46fa,False,False,False,False
d48f807256b2d50f,False,True,False,False
e2bbb4447d21950d,False,False,False,False
d47775a8e4792c56,False,False,False,False
fec287faae657259,True,False,True,True
44bb84f78e23f4b5,True,False,True,True
4089c76e73923ac9,False,False,False,False
8033ba1e062821ec,False,False,False,False
fe0ee3b234706f78,True,False,True,True
687dac9586a38428,True,False,True,True
2f22dad123cf6f09,False,True,False,False
d6ce96cd34bc20e7,True,False,True,True
560b40fb619d46a0,False,False,False,False
d7dc53f085a0f52c,True,False,True,True
a6df20c17d5cd0d8,False,False,False,False
d4a71e4e0cd58039,False,False,False,False
c37c7ed855142d4d,True,False,False,False
8ac2571f8c5144c5,False,False,False,False
1c356a7bd0927963,False,False,False,False
4686a8520d15ecc0,False,False,False,False
1e49e24c09015e5c,True,False,True,True
3135d73a61d567c6,False,False,False,False
820f415cf0e47bf8,False,False,False,False
88ff6dba434cc8e0,True,False,True,True
648a5f60b998511d,False,False,False,False
47370d0787e4d65d,False,False,False,False
fd1eb3b231659582,False,True,False,False
756c29626b05dd68,False,False,False,False
2a84a812f5a18657,True,False,True,True
032b4b47a90837a4,False,True,False,False
d806da73bb15413c,True,False,True,True
1e956963bb5cb69f,False,False,False,False
a49a2a838ca76ae8,True,False,True,True
1f4a23c0a8689034,False,True,False,False
edadf296cd55f98b,False,False,False,False
f54496b77b4d890c,True,False,True,True
f8865e3b85a97dc2,True,False,True,True
19523abd58ef6548,False,True,False,False
f942c5ef50d37642,False,False,False,False
33e23fa70a0d1281,False,False,False,False
fcfccd8da4e399c4,False,False,False,False
6e02ee9649faac1a,False,False,False,False
2976750b807a1e64,False,False,False,False
dbe5a28dad411918,True,False,True,True
07807cb0365ed8dd,True,False,True,True
b3f9ca0623407162,False,True,False,False
4fa0d2272d386d99,False,True,False,False
80a17a6dba615628,False,True,False,False
34b88f2f78a43bbc,False,False,False,False
a45e492fa0bb1ea2,False,False,False,False
fc88fdfaf3c21772,True,False,True,True
b10c38081b38da2c,False,True,False,False
3af30175e5397677,True,False,True,True
248f2ee75217d682,False,True,False,False
b0390bd73c3292b9,False,False,False,False
029c845b6c610da3,False,False,False,False
fc475c3a87119d50,False,False,False,False
d4d37d9efa2c60ce,False,True,False,False
e0454cb652730df5,True,False,True,True
f4a4940eb6a3ddee,False,False,False,False
5211f89ca01f108c,True,False,True,True
9252c1b78d9d0728,True,False,True,True
1d1d63602768edf0,True,False,True,True
fef3e0723aed4bc6,True,False,False,False
748d7e9206620027,True,False,True,True
48ebe4808a298274,True,False,True,True
e5da213dc9fc033e,True,False,True,True
e4455c1315e63537,True,False,True,True
f6c179e02ac2a409,True,False,True,True
5c960db4a9c3ba26,False,False,False,False
4e2a0ced54599d92,False,False,False,False
516bf3b4f3eec1bf,True,False,True,True
5f4e0fb35b5e2200,True,False,True,True
47e5866564399d14,False,False,False,False
3b2489d67ca29a8e,True,False,False,False
650cde16c12a07e3,True,False,True,True
fd4a481c6acc537c,False,False,False,False
bfa5f52631afb624,False,False,False,False
c1b0f1baa3dbd830,True,False,False,False
f67ac2786d3dc4d7,True,False,True,True
03148ba17b4cbcd3,False,False,False,False
f84785578bebaed2,False,True,False,False
4464ecf64e29dc9a,False,False,False,False
2d8fc1a93a0f620c,False,False,False,False
43072c77d410be53,True,False,True,True
76fc401f3b9e032b,False,False,False,False
79370bec90bdf463,True,False,True,True
5a086b909c2baff8,False,False,False,False
9beded608de92126,False,False,False,False
d42a0b06ddff4e3e,False,False,False,False
c5fd1db6d6e1a85c,False,False,False,False
a60ab6e5c76a525b,False,False,False,False
4ff4f776d14a3784,True,False,True,True
7f8d991b3ed987a6,True,False,True,True
0b1a5aa37468cddc,False,True,False,False
a483514167a7f88d,False,False,False,False
c605e769de17e70e,False,False,False,False
25e580873b641486,False,False,False,False
be141e624741c7b9,False,True,False,False
f58f94eed23e056c,True,False,True,True
035f108546208c64,True,True,False,False
246ec4f190bb0c38,True,False,True,True
a51f9217b46083a6,False,False,False,False
0d07aa3e3ded953e,False,True,False,False
5cf4b0cb8334eae9,True,False,True,True
ec9d1442cd3fc5af,False,False,False,False
f50499e4e70c8925,True,False,True,True
d40b51bf3d593fa8,False,False,False,False
62db1b7f4f13858c,True,False,True,True
215f2be515021593,False,False,False,False
37659910b39e07bb,False,False,False,False
fd2f9a04ef4317ed,False,True,False,False
51e342cbe9699845,False,True,False,False
50c0f1fb9a32fcf3,True,False,True,True
c64bcc9fa61f989e,False,False,False,False
aaece684c87e89d1,True,False,True,True
5c7e5b9344c926d2,True,False,True,True
81b639bf1e23cd2c,False,False,False,False
0e1b8b16a144117c,False,False,False,False
28c1794d1b82a08d,False,True,False,False
2d2e51bd84269e7b,False,True,False,False
7b003f683ba57ee3,False,True,False,False
e0f267ab95019ae9,False,True,False,False
6b41f361ee5f08d5,False,True,False,False
6edd9c87fc6444a1,True,False,True,True
9cc8fb8173afb50f,False,True,False,False
80db4ddc9e066b59,False,False,False,False
f68bf4f11e5dba38,False,False,False,False
c9447f2ed69a1ed1,True,True,False,False
9aac0b3f7a9f5504,True,True,True,True
1dcdb912c2cc2de7,False,False,False,False
eca4c388b6c778f2,False,False,False,False
d83b73408dd7e674,False,False,False,False
41f2989be31207d8,False,False,False,False
d39b85f7bec408f8,True,True,True,True
934bbb3039bccf16,False,False,False,False
2d19697f08a93883,False,False,True,True
eaa91dfeb766c017,False,False,False,False
a2c49d99f33a0655,False,False,False,False
90b0f83632cf6b5a,False,False,False,False
89e745e34987e049,False,False,False,False
864727a10b32bf5c,False,False,False,False
c4dcfe583a036986,True,False,True,True
acc64fe6ad8aeb93,False,False,False,False
c08e1ba0400180e2,False,False,True,True
ea70dcd2b5d4ab46,False,False,False,False
cdb9ef49f4eff783,False,False,False,False
c5a0b56d13b528e4,False,False,True,True
196d4db5efba3408,False,False,False,False
4c64c44d28084c54,False,False,False,False
ac5b49dfb6ec2ba3,False,False,True,True
70ef1710ab09416f,False,False,False,False
ff72e797676119a6,False,False,False,False
73f72900af90e8af,False,False,True,True
0297afc096514a0a,False,False,False,False
b461b3e4ddcc6068,False,False,False,False
ef5fe43a1a76a36d,False,True,False,False
d429b4153c1fc269,False,False,False,False
ea348f4a13e134b3,False,False,False,False
c89d4d2bb8588a2c,False,False,True,True
8b255ecbb27f1799,False,False,False,False
dc8db4b959f336e0,False,False,False,False
12af36e2fab7c698,False,False,True,True
f42bf6158e1304c3,False,False,True,True
05f4e3b393e9698f,False,False,False,False
f57e892ba30bde5a,False,False,True,True
ac8687ee38dd13db,False,False,False,False
2277740f7d0e7ab3,False,True,False,False
96c784bb5a91215e,False,True,False,False
2f40d8d586ce77ec,False,False,True,True
fac0694d50900b1f,False,False,True,True
24d9f9277f829dac,False,False,False,False
260fbc5f0c19f9d4,False,False,False,False
f47d5ca44289f2a6,False,False,False,False
4bf305ebbe59215a,False,False,False,False
76f63a1240c38c26,False,False,False,False
4a031a79bda02b92,False,False,False,False
30306f17adfa8344,False,False,False,False
b3d836575bd66826,False,False,False,False
81166b8b85a61c34,False,False,False,False
b5e0c4618a9d26a6,False,False,True,True
4cb100e0d51302dd,False,False,True,True
5f7d479164414156,False,False,True,True
aa1d2ad741d6c6ea,False,False,False,False
3e29c76b3fa97b34,False,False,True,True
7ad300a315648f75,False,False,True,True
84a157b7b4385d54,False,False,False,False
8713e5b37ed10a50,False,False,True,True
59e5d40e9498fd7e,False,False,False,False
15362ba810b6062e,False,False,True,True
89487e71250a2196,False,True,False,False
4cdc6063b1fae272,False,False,True,True
70711c4b6f5f2f27,False,False,False,False
2effc50d18572993,False,False,True,True
07d73189b48ad683,False,False,False,False
4ed5e74583680061,True,True,True,True
d7008f7bc7802fdf,False,False,False,False
298777748e1a3cd5,False,False,False,False
b67843c17d784ace,False,False,False,False
d67b5aae516407ca,False,False,False,False
1ddde5280a2da45d,True,False,True,True
4de26658e8fa7a03,False,False,True,True
1965a0ca448d5775,False,False,False,False
617165e2c59f8ad9,False,False,False,False
379b967529716942,False,False,False,False
a6c76a1229900862,False,False,False,False
b6d02f4ec620f6ca,False,False,False,False
d7562558f4e7f00c,False,False,True,True
4a12a524c464c181,True,False,True,True
435d94b5f119b516,False,True,False,False
65bedbfdd0cb5bcc,True,False,True,True
04540638d8ab242e,False,False,False,False
f8c38c7cfd305884,False,False,False,False
b7a68b5d6ac888dc,False,False,False,False
e150995fe9b33418,True,False,True,True
c23f4463557883c1,False,False,False,False
5f1409e60cece1ed,False,False,False,False
34c938615fef2894,False,False,False,False
385003779da65b6e,False,False,False,False
cf9a00ffb88078f1,True,False,True,True
6693fc90987f6302,False,False,False,False
ce12f3e78d312514,False,False,False,False
1cd900f0b3e5c64d,True,False,True,True
0e92b910f37743a3,False,False,False,False
8361723853953a3f,True,False,True,True
f9eea347141f7555,False,False,False,False
412ced40528ad263,False,False,False,False
561eb0bab1992549,False,False,False,False
4547f1fe7df9bcda,False,True,False,False
8ec7231dddcea9c8,False,False,False,False
4942633d9cb29e7a,True,False,True,True
1ee117ad4189ee7d,True,False,True,True
aff3443dd1c0a6dc,False,False,False,False
6b142b0719443baa,True,False,True,True
d3bbf4b8404ec847,True,False,True,True
1716a21a55d8242f,True,False,True,True
37367cdd6a1de73f,False,False,False,False
1e3178deb2fe5fc8,False,False,False,False
996960005de0b36e,False,False,False,False
82a2406f6213b517,False,False,False,False
5c1ff8f1b393cc1e,False,False,False,False
96b7497649a90d43,True,False,True,True
55f8ca868140f44b,False,False,False,False
d7ea6edd34d5e4ea,False,False,False,False
8413c6d55ecf53e2,False,False,False,False
74389d185430f636,False,False,False,False
0a3de9ada3fcf0f3,True,False,True,True
2ebbc82716f59833,False,False,False,False
536bae5b7e957257,False,False,False,False
f6b751a6d36a4624,True,False,True,True
30a9dec2dbb9ec43,False,False,False,False
664a83f00e7ce8c4,False,False,False,False
aa28ac0245ffa54e,False,False,False,False
54a335d4704d5d70,False,False,False,False
001fb5fd114a0abe,True,False,True,True
3f7400c5cf3cda02,True,True,True,True
42265f1eff7252af,False,False,False,False
d614c72e9c326a1f,True,False,False,False
22f0ae1619d7a75c,False,False,False,False
6cd5d6fa750d9530,True,False,True,True
d67c9a96e9f9b1f8,False,False,False,False
7c92619bc9ecdded,True,False,True,True
36051a2623bdbd89,False,False,False,False
c087f5b408df10f7,True,True,False,False
20400a4d1e2e1801,False,False,False,False
2ef0109023e95fd1,True,False,True,True
871e65ef5e35b78f,False,False,False,False
9bec89fee39a11dd,False,False,False,False
7871dda80f60e468,False,False,False,False
fc52e26240d757c7,True,False,True,True
ed4fe186813d329e,False,True,False,False
807054301f27deae,False,False,False,False
b7cc83b4b811cc86,False,False,False,False
a14fe7eae208ae4c,True,False,True,True
eb595ac393fe5203,False,True,False,False
475051021366421f,True,False,True,True
b19dc091cadc5914,True,False,True,True
3d85b29145f9ce5a,True,False,True,True
2b0d3aa629552074,False,False,False,False
83b0c9c8eeb2908e,False,False,False,False
7893e9210cb5d5ac,False,False,False,False
4755b434bf1bb360,False,False,False,False
405cff1e5d67fdff,False,False,False,False
0e98a277eccd36fb,False,True,False,False
8b0b3698113ba334,False,False,True,True
7a69a7aa3eed9ac7,False,False,False,False
522344cb6b5cdd28,True,False,True,True
71b8c34b1b74a5eb,True,False,True,True
ba295294174bdee2,False,False,False,False
11ef5e83ba31d6e4,True,False,True,True
520cb04e4bb75837,False,False,False,False
387f485480c7e4b3,False,False,False,False
094e17f4445e1007,False,False,False,False
eabf0949533e201b,False,False,False,False
1447fb4c2b2e0d17,False,False,False,False
f042a335b3dabbcb,True,False,True,True
3fe281e12b10d3ed,False,False,False,False
a62c1ce1fb3d3dda,False,False,False,False
19a749783a628493,False,False,False,False
c963ddec6328f29c,False,False,False,False
dc8f838f3eb79999,False,False,False,False
3a3144f5e67e0883,False,False,False,False
a3c3a257081828e3,False,False,False,False
4659ec482d0dad67,True,True,False,False
367d13afbcc36baf,True,False,True,True
a5906b4c5545feb9,True,False,False,False
acad61efcfaff0d4,False,False,False,False
41ceb0a6a2826319,False,False,False,False
6d2f2216b72d8335,False,False,False,False
4f4471ba5ab5c5e5,False,False,False,False
fecbea027f89ffff,False,False,False,False
7367bfdbba49f78c,True,False,False,False
57cffacbf585289b,False,False,False,False
8c2c8b4ab31fd273,True,False,True,True
c27cabdbad9f5fba,True,False,True,True
2e48a27c26e99768,False,False,False,False
7bb178fe5478ba65,False,False,False,False
183b028a6b564c97,False,False,False,False
45f71b4265afa5db,False,False,False,False
6009734a772df8e5,True,False,False,False
8a339f69d84916e2,False,False,False,False
75a01b9e97fa4765,False,False,False,False
2348b3c5306e276e,False,False,False,False
839acb541b7e5e45,False,False,False,False
b3870ea4273c3ea4,False,False,False,False
945d6b00aef742e0,False,False,False,False
a90acbd19d568acf,False,False,False,False
915b2e99ad4ce349,True,False,True,True
b8478e874233d6b9,False,False,False,False
f20e11b1348d437f,False,True,False,False
e4877f57e70fd0a9,True,False,False,False
340e259316a3f7c1,False,False,False,False
8fabc44f05200d6b,False,False,False,False
8d8cd3ec920aa8ff,True,False,True,True
e25ee55efe289956,True,False,True,True
14265dcb6a8c5dfc,False,False,False,False
97a3bc8819d8b9b4,False,False,False,False
43e4d6efa08677c4,True,False,True,True
ae06ba6e2c51e032,False,False,False,False
8a41e0c427f4f28e,True,False,True,True
3f980a048b333a28,False,False,False,False
f0c92bd8fa050d39,False,True,False,False
d0310dd69501302f,False,False,False,False
6117b958bd87dda4,True,False,True,True
8ca9f7177bb869c2,False,False,False,False
f183502e6734396e,False,True,False,False
e79881a98ee5adca,True,False,True,True
5f679a72df673437,False,True,False,False
029b50203a7586b7,False,False,True,True
32825b3912685ea7,False,False,False,False
969d67db2ed84c7e,False,True,False,False
b6af14cede72d9ae,False,True,False,False
74e000b951bc5dc8,True,False,False,False
a1114bc33ba2f46c,False,True,False,False
bd12678f1f414718,True,False,True,True
e5f771ceb917d458,False,False,False,False
3c0fc0482a51ce84,False,False,False,False
851cdd812ca6984c,True,False,True,True
aa5db71738af4d12,False,True,False,False
1cc28ddf5e4c9190,False,True,False,False
8971dc2a4e11b650,True,False,True,True
98b3272ca97f48ff,True,False,True,True
a4eb41641bf83b5c,True,False,True,True
201db5c6f190a684,True,False,True,True
0938b80a191fff20,True,False,True,True
e0a7de5b88328671,True,False,True,True
3db20bb45a30e2a7,True,False,True,True
6f6c2d3dd631b48a,True,False,True,True
79ebfab5d264f687,True,False,True,True
a9711e0082fc45f9,False,True,False,False
ea0f918a0f303599,True,False,True,True
a49733c9181cb1fa,True,False,True,True
88987f9e8496e76b,True,False,True,True
c708af98b52cb004,True,False,True,True
3e06d26d72593da5,True,True,False,False
b8c15c07b624ed30,False,False,False,False
bca0bfa577977d65,True,False,True,True
8bbcffb0140b7be4,True,False,True,True
65f003262c57633f,True,False,True,True
c6c3f7f222d0e749,False,False,False,False
c53208a5530aecda,True,False,True,True
209ac45d7861380b,True,False,True,True
78471e416dfb54e3,True,False,True,True
23b1e66e9fd897e7,True,False,True,True
9a846c538e9b0df5,True,False,True,True
c3a28e29e3766e49,True,False,True,True
3e184175d8c1729a,True,False,True,True
246653eef7515ab3,False,True,False,False
19427c1c57947efc,False,True,False,False
57bc1ed547f00839,False,False,False,False
5fb624accbd815b1,True,False,True,True
61df409c2e915c83,True,False,True,True
5ea55b27d148cd70,False,False,False,False
c2a5ac089577e406,True,False,True,True
b988898fa6417144,False,False,False,False
a065504011f16598,True,False,True,True
18c71ca56aa63a9a,False,False,False,False
d6f92f2a24ef25e1,False,False,False,False
7c3e1194cfca97b8,True,False,True,True
802bd57c0de66398,False,False,False,False
e5bbe35bf6ea11bb,False,False,False,False
419091253349c615,False,False,False,False
c258a5accda48712,False,False,False,False
6f1efcbdf8297889,False,False,False,False
1bffeff3c14ee76e,False,False,False,False
3011ac074d180fa9,True,False,True,True
7b182a36925b8786,False,False,False,False
b4917b0d49f6d397,False,False,False,False
04dc03a3d511992f,False,False,False,False
d9f25e99ed3bdbf5,True,False,True,True
70a6fc9868766175,False,True,False,False
05a719d3a75650b6,False,False,False,False
1f9f29c74c6bf36f,False,True,False,False
b6666c6e531632f3,True,False,True,True
4d44126107adf5ad,True,False,True,True
e04c49f6e25028a2,True,False,False,False
339db0d8a251e620,False,False,True,True
10cfb837e4ee8f86,True,False,True,True
9c4da77aa07191cd,True,False,True,True
8ba69addf591f6c6,False,False,False,False
8c812902081eba6e,False,False,False,False
09863cf81d2fd514,False,False,True,True
7fe0a28b75fd30a0,True,False,True,True
0a56901ea9755377,True,False,True,True
214629d7bc283321,False,False,False,False
20fcab976d4e0d46,False,False,False,False
a9ab1a8f1adff2e2,False,False,False,False
035a1e025959950b,False,False,False,False
f5bdd45de89f3eea,True,False,True,True
e64a9d6b512d76c9,False,False,False,False
bb009d69afd69181,False,False,False,False
2c67083c550befe1,False,False,False,False
a56b91ecb9d949d8,True,False,False,False
19c42d738525491b,True,False,True,True
f1fbafe5410131c6,False,False,True,True
7f9d069ee139cb95,True,False,True,True
bbc4945ed7ec802f,True,False,True,True
e94c136fbd31e891,False,False,False,False
d73676424b987089,False,False,False,False
73693daa60e5962c,False,False,False,False
67784017a1f228a6,False,False,False,False
5d421602f1a12b6f,False,True,False,False
3f1c3367aefc6716,False,False,False,False
1c85115ba032e9d2,False,False,False,False
9d0d68757ceb65c2,False,False,False,False
0288b02290407416,False,False,False,False
f61f31dc8af34907,False,False,False,False
012046564fda56b6,False,False,True,True
0814116a6cc655b4,True,False,True,True
5a469ee78c7ec7f9,False,False,False,False
0a79d52b00596b77,False,False,False,False
d2036d2cca121efb,True,False,True,True
db94fe926694a78e,True,True,False,False
97fbcd39defc95fb,False,False,False,False
2b4bfb91877f22c2,True,False,True,True
d590149c581d617e,False,False,False,False
3c0fcebabb66dbfc,True,False,True,True
0ffe3bc6af2129cb,False,False,False,False
c3b96fe967d3ced1,False,False,False,False
dd3fc5f5b173b616,False,False,False,False
09e9ceefbbcf77bb,False,False,False,False
f41a14765dc5bc4f,False,False,False,False
e30d07f2c9d2a244,False,False,True,True
5151c396a179fb0b,False,False,False,False
7749212cc99a0b16,True,False,True,True
b6a099ee2849a5a4,True,False,True,True
157fb6d4c3a2d4f1,False,False,False,False
4007957bae621e71,False,True,False,False
dc2479d4958a8f77,False,True,False,False
7ba643182bebf41e,False,True,False,False
a4bfea751b88be87,True,False,True,True
7cef06347737c20b,False,True,False,False
5d8127f395aa814b,False,True,False,False
884f0d8dcbbb2e2a,False,True,False,False
1b54ada289e52fe3,True,False,True,True
974a3077a25d2f47,False,False,False,False
8db242f892995bef,False,False,False,False
629bfd03dde8a99a,False,True,False,False
b966087c6973bf5b,False,True,False,False
3f2c8b0c38202e85,False,True,False,False
2a4f65df4ba8ba65,False,True,False,False
9990e723d468e792,False,True,False,False
08fade8aba8f6f83,True,False,True,True
d8331cc42a88da7f,False,True,False,False
956bc72d2d1e71a0,True,True,False,False
414742dcba87f1f0,True,False,True,True
f9037890194e308a,False,False,False,False
a087ba553921e8cd,True,False,True,True
fa5724d6cb080bfb,False,False,True,True
8703131021b38a62,False,False,False,False
0598e3abd1606757,True,False,True,True
e39fbccd89da6be5,True,False,True,True
ec346aabc752943e,False,False,True,True
d0eefd08e2e4769d,False,False,False,False
85efd30fe9cb2b7c,False,False,False,False
7395ee0b6426f72f,False,False,False,False
15e58bfcf262db05,True,False,False,False
3f0b87d919df07a2,False,False,False,False
3de1ade8af9a0f7d,True,True,False,False
c59036788bf5503f,False,False,False,False
dd900d1da92c435b,False,True,False,False
65ec491ad6fd1129,False,True,False,False
dde459247dbf8279,True,False,True,True
4a798dba0248b7ee,True,False,True,True
4ff0bb0a035c1021,False,True,False,False
ffca93071c50d8a8,False,False,True,True
b8303e5046745242,False,False,False,False
36ab8d4c61c2409e,False,False,True,True
75aa0cd041b3ae1c,False,False,False,False
4529af32d7dc8dcc,False,False,False,False
c1c7e7790fb8f431,False,False,False,False
8cf695685211ec01,False,True,False,False
f3168bf55b5fdd01,False,False,False,False
c2750374269562c8,False,True,False,False
89c024409098efcb,True,False,True,True
e31bb17c1123cbb5,False,True,False,False
6823e71527651fe9,False,False,False,False
5e75414da2c9fdf7,False,False,False,False
03708aa218f5a4a6,False,False,False,False
24f6916ad9baefdb,True,False,True,True
92eb06cce51de623,True,False,True,True
0cdb571d3f57c333,True,False,True,True
8f0139b77a0fcc91,True,False,True,True
02209bf6635a56f5,True,False,True,True
4bd55e87c61d7e5b,False,False,False,False
b7186747fd923040,False,False,False,False
9032315efa8dbac2,True,False,False,False
dd6dd2e779d798f4,False,False,False,False
2be90171401ae851,False,False,False,False
541ab58706f877ce,True,False,True,True
adde5f5f43bd0242,False,False,False,False
81ec1176f4c29249,True,False,True,True
c12021d886380a40,True,False,True,True
80ac5f3754593f15,False,True,False,False
0bf104885e5f772a,False,False,False,False
4ba3565eb2ea051c,True,True,True,True
d519b8d6d8429314,False,False,True,True
46cd25d5647c3796,True,False,True,True
54c031f7c816f2aa,False,False,True,True
7801c50ac4ffcb88,True,False,True,True
e13e5125ec09bf22,False,False,False,False
cf96d7b08e28ac0b,False,True,False,False
6aed0550de10b101,False,False,False,False
c561781738687f5c,False,False,False,False
b2b029c09db2aae9,False,False,False,False
d36c4762dbd9e3f2,False,True,False,False
675df8a8ebdd4774,False,True,False,False
98f5174816efbdf5,False,True,False,False
12edd318aade9c94,False,False,True,True
890a76038bc47a07,False,True,False,False
05ca3c097cd61cba,False,False,False,False
e5d39ad2cb8e8dd4,True,False,True,True
c6e14de6c787cf3d,False,True,False,False
f391f7b52454c9da,False,False,False,False
97e986b22aa1abe5,False,False,False,False
608831f223c5b2b8,False,False,True,True
f8e6272b89fb16f3,False,False,False,False
f9c369a1f3a09c3d,False,False,False,False
152c661798fa4e20,False,False,False,False
cc6b2e1c59b9d7cd,False,False,False,False
c724de325ec59bdd,False,False,False,False
79e126fdf8f6044b,False,False,False,False
414e219a9215ef0e,False,False,False,False
2ba74a4071821a6a,False,False,False,False
ce062b70a671f0ef,False,False,True,True
7940f595b55dbc3c,False,False,False,False
55b831b48efdf778,False,False,False,False
f6cfcba804b2812c,False,False,False,False
459f678de45817c9,False,False,False,False
36bc8ac4a59c8ebb,False,False,True,True
5ec11715382edb9a,True,False,True,True
dd3711ce6b864ed1,False,False,False,False
532b14129ab54f23,False,False,True,True
ef8087b1ef210083,False,False,True,True
5371bc9f8902133e,False,False,False,False
257bddc1fc9002b1,False,False,True,True
513f27821b2c55ab,False,False,True,True
e4742058ceaee802,False,False,True,True
d005622b648be1a8,False,False,True,True
d0fcef9cbb44e063,False,False,True,True
f49a89ac3596c9c0,True,False,False,False
b0f630645282fc0c,False,False,False,False
446b9146d785b4f4,True,False,True,True
69e631a388c0b31e,False,False,False,False
a6c230c37e89a992,False,False,False,False
891c4d6e9c0a2b96,False,False,False,False
8a307fb3f4072884,True,False,True,True
7f9dcd4fb619b7c7,True,False,True,True
45e2fb87dfb9c493,False,False,False,False
81ff2ee7b0ea03e7,False,False,False,False
ec27ca544dd27779,False,False,False,False
73b6a0045b36bb31,True,False,True,True
d41a52e2f6231551,True,False,True,True
a4ad302af64c73b0,False,True,False,False
a0381a021142dee7,False,False,False,False
302ad5bdca385d9a,False,False,False,False
e800e380a3910625,False,False,False,False
231d0cdb8c39bcb2,False,False,False,False
3cf1dc1afe46030c,True,False,True,True
89b8dd2bf10815f6,True,False,True,True
78ead94bda1c2d79,True,False,True,True
dca7059fa8308aea,False,False,False,False
6cbdfdb2b6bcdff4,False,True,False,False
08ad3565aac19b46,True,False,True,True
42a7d3bc36c46bdc,False,True,False,False
336569da3823fa62,False,True,False,False
3e10fd8df4aad14e,False,True,False,False
0db51be5df9a59b6,False,True,False,False
bcaa88ba40134545,False,True,False,False
017c1ac30bf6b307,False,False,False,False
55907d35fbe2d1ce,False,False,False,False
838c38784b824ff1,True,False,True,True
d66af27b168c98bb,True,False,True,True
90c14e303cd6865a,False,False,False,False
7dc4725aa10a20ab,False,False,False,False
54d75f9c8c441424,True,False,True,True
d24741ddab10a967,False,False,False,False
6d914a14e4ae76ca,False,False,False,False
850fd2d025332871,False,False,False,False
65c50c155f18a595,True,False,True,True
74a8617c039dc8fd,False,False,False,False
af16291de51a19d3,False,False,False,False
43eb8317fd4d7e6c,True,False,True,True
cebfe99e48415f49,False,True,False,False
3fd4c112c45ef2dd,True,False,True,True
0849190960d4fb4e,True,False,True,True
4dceead3c9be46db,False,False,False,False
484a4de66a3f8179,False,False,False,False
2497c661a3207cc3,False,False,True,True
4cc8307727ffc527,True,False,True,True
91089efeee999cfb,False,False,False,False
cd1c3d221b7bd67f,False,False,False,False
abe5315b4da71859,False,False,False,False
80bf3d7e4615d8f5,True,False,True,True
72910e26f4526e38,False,False,False,False
a6a71ba92242d319,False,False,False,False
6a2d9632788b91d6,False,False,False,False
9cf1504a01a49c8b,False,False,False,False
4a049cf7989dc5ab,True,False,False,False
a3556cdd7662a023,False,False,False,False
d40eb091f19c7083,False,False,False,False
cb324791a108a3c0,False,False,False,False
41cac05d6bf38dc0,False,True,False,False
19aa959b7f983f9e,True,False,True,True
d65376c7f0dfebd1,False,False,False,False
b777b73186496f84,False,False,False,False
514aad0bea6b7275,False,True,False,False
d0ce14923b9b04c1,True,False,True,True
4ccffd366b6033c8,False,False,True,True
952ec7bdabfc4246,True,False,True,True
64b0e0ee3cad3ab0,False,False,False,False
0a919429ac7fcc90,False,False,False,False
32ab247c302319b3,False,False,False,False
c0c7a5d4ec22531d,False,False,False,False
24a2af229d285e85,False,False,False,False
5878e42ee7c2a758,False,False,False,False
666b38cd598f7df4,False,False,False,False
283b293187a02d30,True,False,True,True
9a765e84eb01087e,False,False,False,False
00c484500bf747fe,False,False,True,True
f99895370d9d54a2,True,False,True,True
fa138897ab282275,False,False,True,True
dace7db27cc11950,False,False,True,True
631d8f10fbc22301,False,False,False,False
08081a67754c39a3,False,False,False,False
76e77b34f1d72958,True,False,True,True
dc56e0dd13ac6cfd,True,False,False,False
4567eb0345de0320,False,True,False,False
A40AF1D465D4D557,False,False,False,False
60145B716300DEBB,False,False,False,False
ff18d38c80047cf8,False,False,False,False
2b83ded9ef325e72,False,False,False,False
251cbb63ddc5b344,False,False,False,False
ffd889d94bd5b5c8,False,False,False,False
91dd025bae2f73d3,False,False,False,False
80a59c58211602b7,False,False,False,False
1bc9b42a1eb3b1ed,False,False,False,False
17a1106a8f149d97,False,False,False,False
e7b653df99d9d2d3,False,False,True,True
68ed5cdd0cbed38a,False,False,False,False
76436fe46878e64d,False,False,False,False
4296d43fdb9ca4e3,False,False,False,False
8de6c0918c5d84ef,False,False,False,False
17b0e423e49a4b25,False,False,True,True
83fc22bb16c9570e,True,False,True,True
293620ff0b32aad5,False,False,False,False
0efaea772d4113b0,True,False,False,False
8e67aa289a9771c1,False,False,False,False
510fba5df655d871,False,False,False,False
c4e2faad266be791,False,False,False,False
57ec5aedace52767,False,False,False,False
153cd144585cb822,False,False,True,True
7a2a8723e5d8c940,False,False,True,True
37c9f57fdd45e971,False,False,True,True
ea876de66e7e0dac,True,False,True,True
793fd4cfea6cb51f,False,False,False,False
e32cc4a8bd142ea4,False,False,False,False
6734d1724a4a9833,False,False,False,False
b256b25999248e4d,True,False,True,True
4f12cd100ced0e93,False,False,False,False
6b432f4924fa829d,False,False,False,False
c87f52421dea3618,True,False,True,True
0db0569b0b9b65f3,False,False,False,False
ed36e2243608ef95,False,False,False,False
e3f57f168c2d06c2,False,True,False,False
27ca52a3e7ede90c,False,True,False,False
41506a5c57edaa0b,False,False,False,False
3600c278afe5f961,False,False,True,True
5ab255a830546319,True,False,True,True
73f99147dda2a9fb,True,False,True,True
a3043dc42e9b608d,False,True,False,False
e4593f9087757125,False,False,False,False
231aa5a686a44d95,True,False,True,True
61ba4b5c8bd7f159,False,False,False,False
ab4c95c441148540,True,False,True,True
4164687b9bab4b64,True,False,True,True
efee758964ee65ca,True,False,False,False
7b11f0eba9504bed,True,False,True,True
2c0be314cd969207,True,False,True,True
6d41183559d6882b,True,False,True,True
2557615cabbe6d5d,False,False,False,False
4d184277412c2494,False,False,True,True
a209fe487c5d7134,False,False,False,False
dbf9f1ea2fee1f20,False,False,False,False
86e19102cd259e65,True,False,True,True
961aefbdb6518228,False,True,False,False
aeec022aa67acd07,False,False,False,False
9b345947140b5649,True,False,True,True
e4c73c4cba2464ad,True,False,True,True
2b4b937c19915b28,False,False,True,True
7681d2452b427c22,False,False,False,False
d7837bee02ca9530,True,False,True,True
26a7c1a26ec006cb,False,False,False,False
7dacefb76c79f123,False,False,False,False
80dee8df6966f75c,True,False,True,True
888a97d74945379a,True,False,True,True
f2ac7d433ae81f49,False,False,False,False
7b80cb9943be606e,False,False,False,False
fea188f6b8700ee1,False,False,False,False
dab920e9ed69e969,False,False,False,False
c8325c2d9004a303,False,False,False,False
3887f0e9262730a2,False,False,False,False
725be9df13843b3a,False,True,False,False
8f81a23dd99ce755,False,False,False,False
9ab0c4797d2048d2,False,False,False,False
82ab097257555c66,True,False,True,True
3cd01592074b6e8f,False,True,False,False
6afb4e3298c9420d,False,False,False,False
266df3aac4aa3c62,False,False,False,False
4e11a198452b16ec,True,False,True,True
edf155c035b3e257,False,False,False,False
17014a3715b7805f,False,False,False,False
4a4b045a0e22d54f,False,False,False,False
310ef9563f6e9d57,False,False,False,False
de3922ff940e50c4,False,True,False,False
e26a6309d24ad3e5,False,False,False,False
f11ef5cb5887640a,False,False,False,False
7638a2b1196c9de9,True,False,True,True
fcdbb6edec8632f8,False,False,False,False
cebd2a67d5a8c4b0,True,False,True,True
704b7f0dc0287be5,False,False,False,False
3977128c9b12588a,True,False,True,True
5bbb4f9261e5a6cd,False,False,False,False
58c61713c30c166e,False,False,False,False
3d79c94758eaa0ee,False,False,False,False
91ec3ea5839acbfa,False,False,False,False
cd46fbc78cb54805,True,False,False,False
18fb8b06afe1f458,True,False,True,True
544dbc0a6c55011c,False,False,False,False
6be842adf654f2ab,False,False,False,False
dd2e3622daa56b48,False,False,False,False
53e988c27e34f8cc,True,False,True,True
923850c07669b1e2,False,False,False,False
aed4cb885a4de41c,False,False,False,False
e8efbad149f65c5a,True,False,False,False
6a0e52f2a7a87bf8,False,False,False,False
4f67a5176e89f5b9,False,False,False,False
0ab4bb82de6889e4,True,False,False,False
c107f1787dc398d6,False,False,False,False
729f22a1fc6dce56,False,False,False,False
fa291cb4c4c313d3,False,False,False,False
c6dcd8f31cc255d6,True,False,True,True
ef17347442a65fdd,False,False,False,False
4dd9361c1bf578db,False,False,False,False
de6ec359b49a90be,False,False,False,False
c4e7d48a8466c7ec,False,False,False,False
41730c2c6b2331ad,False,False,False,False
ee83cbade18e0f9f,False,False,False,False
15b5e6fb8a9a5349,True,False,False,False
06149f02c940832a,False,False,False,False
f4d85b5226a21e45,False,False,False,False
3ab73b9532045a4a,False,False,False,False
9d3e30d816f7c798,False,False,True,True
36299d637454df32,False,False,False,False
b64e5b7b21494896,False,False,True,True
e2507fd61f4d4d9c,True,False,True,True
8689186bcde22f2a,True,False,True,True
0924d065f5238db6,False,False,False,False
61ab3221e180c3b8,True,False,False,False
db6616017393dd06,False,False,False,False
a3943895c35a6e91,False,False,False,False
fd11bf5b781079db,False,False,True,True
767f348a25b1468b,False,False,False,False
9d6a12c34a37d8f7,False,False,True,True
0c15c7f23ddd8536,False,False,True,True
79b5a19855e3d9b8,False,False,True,True
021aead4266b3075,False,False,False,False
4502c013739a4b82,False,False,False,False
bce67b81ad94e779,True,False,True,True
4bbf93aee7ef4385,True,False,True,True
19f0dccc505bf3dd,True,False,False,False
271368f276253758,False,False,False,False
8a46c5b2fe10218a,False,False,False,False
b8852aecd437f934,False,True,False,False
fd0d68123223c51d,False,False,True,True
2880daf20ca7c408,False,False,False,False
0a4d018a62af0fb3,True,False,True,True
47f05fa992b08dd9,True,False,True,True
3ab4ec6886d4dde8,False,False,False,False
1dbae470248e4f4a,True,False,False,False
63b72f54567ebcb7,True,False,False,False
90f35842733bace8,True,False,False,False
51178ef0ca60c158,False,False,False,False
a674acb9d0f93c39,True,False,True,True
64ac7c6811f508c9,True,False,True,True
93f1839377aa0145,True,False,True,True
bf6f23a580e1cbd3,False,False,False,False
0b7503c2d7131da8,False,False,False,False
572460d9dad68e0b,False,True,False,False
72d49e56ea46f4fa,True,False,True,True
b2f16b1a906dd945,False,True,False,False
6c62da871ff582f6,True,False,False,False
8ab9b7c5e29ddb98,False,False,False,False
5ef033817e078bce,True,False,False,False
1d984913e7514b4d,True,False,True,True
da199cd4183f3dc2,True,False,True,True
9be0865724837c04,False,False,False,False
008029ce7244ad4b,True,False,False,False
c965095a22b0ca59,False,False,False,False
1a3eb45399a33fe1,False,False,False,False
f74f375a8c483046,False,False,False,False
f00aba1339a60531,False,True,False,False
3f917f0685e087cc,True,False,False,False
dde1b077641c918a,False,False,False,False
539906fe020b1dc0,False,False,False,False
bace79c87e7ac9ef,True,False,True,True
72d67b6bc06d1eec,True,False,True,True
cfe9798c2dc01b3c,True,False,True,True
b16a995a0036680d,True,False,False,False
bd3060a491c8825f,True,False,True,True
2bdef9864af0f11a,False,False,False,False
0f90d06f94029966,False,False,False,False
d67f0bd55c1d990a,False,False,False,False
a3aaa068b839e81e,False,False,False,False
ef2f8d850c9da08d,True,False,True,True
02a7be584597bd80,False,False,False,False
225d38e3c5d25808,True,False,True,True
cb1e094ede93c70b,False,False,False,False
2c08aa0e2fbbb64d,False,False,False,False
15dcfe8bef01ad9b,False,True,False,False
261f251cc2b9c986,False,False,False,False
64118ab7586db6b1,False,False,False,False
cac1fb37d6431a77,False,False,False,False
230debdb0d75cfe9,False,False,False,False
f533e5d0673ec0cc,False,False,False,False
325873393e189e42,True,False,False,False
32b658c2f507a584,True,False,True,True
6ebcf64c488bfb0f,True,False,True,True
eb69e23f30aae9f5,False,False,False,False
53d0428958d01ddf,True,False,True,True
813ded1b55fa7dcf,False,False,False,False
470c3e1b9921f394,False,False,False,False
838b0fbe141244dd,False,False,False,False
33afc655a78c2d61,True,False,True,True
1df1f5a1ebcaa271,True,False,True,True
d9750c9f3da6a6e8,True,False,False,False
3258641c64c02739,True,False,False,False
2fa14a7efb0ba749,True,False,True,True
1330b4704ddd0e21,True,False,False,False
2620c64a7253a0f6,True,False,True,True
cffb1c8f2b691af3,True,False,True,True
68e28bfe75f81710,True,False,False,False
85e2605428e8c4f7,True,False,True,True
6eb7c0baeedf4cb5,True,False,True,True
dd0e5a415b4e62b9,True,False,True,True
1e619b9a6bc03ef1,True,False,True,True
2ea7465675c4b795,True,False,True,True
a6535681b7eda777,False,False,False,False
8128c7979ab28915,True,False,False,False
87398a6a5ee65585,True,False,True,True
7be592619671bbc2,True,False,False,False
fb60041911741a09,True,False,False,False
cc4e93faecda834d,False,False,False,False
96a2a459ba9849d6,False,False,False,False
ba0b0d21cb7af994,True,False,False,False
422fa138d96a2e22,False,False,False,False
e81971e28de30c1c,True,False,True,True
563c41766b385e7a,True,False,False,False
a405a7271b15a181,True,False,False,False
88515f9ea6eef554,False,True,False,False
f78f32189ec43ce6,True,False,False,False
e8ef8e98e8b0754b,False,False,False,False
8f6e932a04be467e,True,False,True,True
60383cbe6e2c3ecc,False,True,False,False
119fa485fb5f0a2e,False,False,False,False
bb31c204b71ab730,True,False,True,True
e89069d9673af2e1,True,False,False,False
98e171a0e12a1988,True,False,False,False
aefe89c080a49701,False,False,False,False
7c05b655b4288258,True,False,True,True
77de3030c00457b3,False,False,False,False
308823d67455cf1b,False,False,False,False
bf446efaa63309f7,False,False,False,False
5185b5320c6af041,False,False,False,False
34714afb84344184,True,False,True,True
27726f4a43bf5c5b,False,False,False,False
78c7829bd20d602e,True,False,True,True
8ef630fabcf314e9,True,False,False,False
d4fb68a5c8114570,True,False,False,False
54fa5dc637eb21e9,False,False,False,False
7bfc2f21e2ea8c8f,True,False,False,False
a8e8392499a189c0,False,False,False,False
e02ef9a26b95bda4,True,False,False,False
0983d80a135ce962,True,False,False,False
4cea0ac15e8c9295,False,False,False,False
55d94f4d1fb65d40,False,False,False,False
8b5bce757a48e08c,False,False,False,False
774291618f6f29c2,False,False,True,True
fa338e609704d8bf,False,False,False,False
4294e5d140f39ea9,False,False,False,False
66f563ddad7f1a4f,True,False,False,False
5a9ddc709218adb5,True,False,False,False
11c212ca8290a86a,False,False,False,False
edd7d585239cf8a8,True,False,False,False
22ddde58d72a9dd0,True,False,True,True
64db8867768a121b,False,False,False,False
4f8ce8b8ff5a8bfa,False,False,False,False
09c7d974d3520996,True,False,False,False
2ab63cbd7e95ce85,False,True,False,False
110616a1b404a30d,False,False,False,False
09be498fb83605a6,False,False,False,False
cccec59f7d91503e,False,False,False,False
fe65869ddaef26b5,True,False,False,False
c916431693dc23c0,True,False,True,True
8f536dedc8c4de8b,True,False,False,False
3151ebcde214aeba,True,False,True,True
74f627d4fffb6555,True,False,True,True
77cf2115a9139d4c,True,False,True,True
3e77bad22cfddd40,True,False,True,True
7474fd7e1a20f20c,True,False,True,True
6a2270e251dc7c4f,False,False,False,False
70813755a832d6d9,True,False,True,True
32a6bb2461486c3d,True,False,True,True
cfa5d65c00f5bcdd,False,True,False,False
b31935e5b348c435,True,False,False,False
51fa8a9eb5f78574,False,True,False,False
a9eda75f16286892,True,False,True,True
ff5da152e2a0af12,False,True,False,False
46c9eae8b4fd8bc0,False,False,False,False
4e0711878cc1c24c,True,False,True,True
63523a1ac352a5e0,True,False,True,True
f95d7d55570a4e3a,True,False,True,True
7b965d983fbef89a,False,True,False,False
d811f699671163b9,False,True,False,False
6b2578dc53e0c185,True,False,True,True
37e9f7c6bd9c444f,True,False,True,True
eaeb0ed9634e79d7,True,False,False,False
356007ac628ef4de,True,False,False,False
acd496d4681b5700,False,False,False,False
868c849d9d879e5d,False,False,False,False
c7ba16e6f21233c8,True,False,True,True
2b1efa352bff4d7d,False,False,False,False
bb594b20287f6d36,False,True,False,False
ba0b7920c49ea65b,True,False,False,False
5b72271eac4a7000,False,False,False,False
da589bcfec43b1ac,False,False,False,False
8f03473aea6057a9,False,True,False,False
5cdf6794ca2e8e87,False,False,False,False
b07732d4ef45e951,True,False,False,False
6b3407a1086f62cf,False,False,False,False
d0a113920b410d7f,False,False,False,False
cbd1cf9c7bd099e1,False,False,False,False
0fcf6a338d5c7490,False,False,True,True
a621648887e53b53,True,False,True,True
73732dd839ed2d8d,True,False,False,False
ec7bd164013da95e,True,False,True,True
a44c46bb7c98eccb,False,False,False,False
f7d09958ffb82051,True,False,False,False
398646c0593ff033,True,False,True,True
01dc73359437106e,True,False,False,False
1ca6c90a9f373b24,True,False,True,True
9ea253c9c5830dea,True,False,True,True
1673e147d42312a9,False,True,False,False
d78b1a1c4e99d0cb,True,False,True,True
a3239a30b41d95f0,False,False,False,False
a4684149d9fded28,False,False,False,False
7033fc779f25defc,False,False,False,False
8c4d0bf384d0439f,True,False,True,True
b35cc357641d54ac,False,True,False,False
1683c8b172d5b5ed,False,False,False,False
67755966bd0818fe,False,False,True,True
cd81fbdac0dae724,True,False,True,True
1e7588924d2f9d4f,True,False,True,True
cdb4f8c2e000db18,True,False,True,True
6bc50b30c8239af7,False,False,False,False
e3a95cbf7706aaed,False,False,False,False
9ee5d3454892eb7d,False,False,False,False
0594e5f7f9476673,False,True,False,False
044d0c6358547f86,False,False,False,False
ef744939cba720f5,True,False,False,False
00df510261278b26,False,True,False,False
41e6bc19d60dbd61,True,False,False,False
9afe011cabe4390a,True,False,False,False
35ac45ee2f63f60f,True,False,False,False
a4a07eeb06f89419,True,False,True,True
3dd7baac520224c2,False,True,False,False
2fb965525de99e29,False,True,False,False
8769b3379a381de7,True,False,True,True
be16ca2ba08eb39f,False,True,False,False
af9776b9980fa616,False,True,False,False
ab5c6bfb08f38e0e,False,False,False,False
323048f739b83511,False,False,False,False
74e6a91665bff66c,False,False,False,False
2d5a7cfdfa8b3cb8,True,False,False,False
e011e0fde3613f4c,True,False,False,False
cd349dd5d4b8f32c,True,False,True,True
f0372e8e1b623ac7,True,False,True,True
fdeca4f318914bd2,True,False,True,True
938459195fa42a6a,False,False,False,False
c91d185b4ab341da,False,False,False,False
b6ec9e4125f30e0a,False,False,False,False
ad5a1e8a03d8a2e4,True,False,False,False
b39e21c003bcd027,False,False,True,True
a5782dbdeca61e5c,True,False,False,False
d6c1e2342061bf4b,False,True,False,False
fd3d9d07d6d5b87b,False,False,False,False
17d7274035299111,False,True,False,False
2221b09f4479d5db,True,False,True,True
f5591d1ef437430f,False,False,False,False
a812fd297724838f,False,False,False,False
9e78cef7dfb832cc,False,False,False,False
dcc48151bccaba25,False,False,False,False
8c151ad2305829c3,False,False,False,False
c1ee395a99af446c,False,False,False,False
8f58a1c9009a8b1c,False,False,False,False
9fb419bf7e2650e9,False,False,False,False
2d62a5c360406133,False,False,False,False
b6f825c72d787770,False,False,False,False
1190c81e8e64679b,False,False,False,False
d3272c0b1157f26c,False,False,False,False
6959e47f955287e5,False,False,False,False
0c0a50c460af2e73,False,False,False,False
7c9d1d2dfa2e8a54,False,False,False,False
44d597318c512295,False,False,False,False
d5125176b18aa96f,False,False,False,False
3ca3ce3113a25040,False,False,False,False
fa751f30cd792ad8,False,False,False,False
88c27b83e92aaaf8,False,False,False,False
a8868854ce916286,False,False,False,False
2baf75ed525359b5,False,False,False,False
ee62a391b2bc7cba,False,False,False,False
4ec8910a49c84edd,False,False,False,False
fa38d7846ab13c37,False,False,False,False
cb211e8da659bb00,True,False,True,True
837b5db2515a44f3,False,False,False,False
d254ed01fbc811cf,False,False,False,False
294f299d2514db59,False,True,False,False
e759be5d3b3edd7d,False,False,False,False
b14f9ce116641558,False,False,False,False
fad3261688bdba16,False,True,False,False
aa6575c0d4191bff,False,False,False,False
b9650720be78ea08,False,True,False,False
7d844182666c432c,False,False,False,False
d69367556d5b1dee,False,False,False,False
bf091201fc55d711,False,False,False,False
624ea8f6ce8c4557,False,False,False,False
2461e45dc6c0407a,False,False,False,False
b2f31238f24c3db8,True,False,True,True
8770a18ffe0d8745,True,False,True,True
0bc4ce47fd0ede8a,False,False,False,False
3e086d5e77804bfc,False,False,False,False
2fe8a4b2e67e2794,True,False,True,True
03e6a852d174eeef,True,False,False,False
a22a968c7a0786af,False,False,False,False
8f84a6dbf51f53f3,False,False,False,False
9323213e578362b5,False,False,False,False
bca802515281daa8,False,False,False,False
b4fcea4104d28b9f,False,False,False,False
045d9318757fed3f,False,False,False,False
ea05bfa4ae6546ce,False,False,False,False
83d1f2748865c9b1,False,False,False,False
08deafa41d275a0f,False,False,False,False
c265a74981635e71,False,False,True,True
9efabe62809ceeef,False,False,False,False
d53f475f101ee05f,False,False,False,False
c814f8086f599964,True,False,True,True
7b4eff8436c90ad5,False,False,False,False
4bb452b517050d58,False,False,False,False
2cc33aa7b86ba314,False,False,False,False
523cc873b7c42769,False,False,False,False
7a80fe8bcb3a8992,True,False,True,True
77312e89f4779806,False,False,False,False
1a1629593b1cf7a6,False,False,False,False
e999450ad8139b60,False,False,False,False
d1fcaccb83690523,False,False,False,False
7832b0cb11d7f465,False,False,False,False
872f9f0e736ae9b0,False,False,False,False
1ebf65a17fb5fcb7,False,False,False,False
8af367ddff2bd506,False,False,False,False
9ecaeb6526a938d3,False,False,False,False
2eebdfffdeef0ee3,False,False,True,True
8f3111a11f39f2cd,False,False,False,False
899c5312b6064caa,False,False,False,False
1dcf6bbd11012fbc,True,False,True,True
2882e33c1d9aae88,True,False,True,True
634eff31e158593f,True,False,True,True
51ad1a46a02b2a39,True,False,True,True
8b45e3a45c69b0e8,True,False,False,False
7a40102aeb2f8a91,False,False,True,True
a8109768f988fd8f,False,False,True,True
68b0950ed5685c6f,False,False,True,True
a042f78f80e0b610,False,False,True,True
ca45800506f7bfed,False,False,True,True
f4fa228a5b3bfa7d,False,False,True,True
223d4c8821b83748,False,False,False,False
38858c75c0b36619,False,False,True,True
749254b86df884ed,True,False,True,True
d0f62cb536b08b6c,False,False,False,False
b7a2d88ede3b7234,False,False,True,True
843947ee40f34091,False,False,True,True
70ffa785d18455fa,False,False,True,True
fdff0d70c7b993f8,False,False,True,True
0a01e928d451677e,False,False,True,True
4617d1555bcbd3f1,False,False,True,True
6e35cb6148fa5a68,False,False,True,True
18faeceee896ab69,True,True,True,True
66d8e3dc683dfde6,False,False,True,True
f580f6dbbad86307,False,False,False,False
ab57ba24c479ad65,False,False,True,True
91c7a3b92108c4f3,True,False,True,True
131defeb21f1b618,True,False,True,True
a5e737586424be7f,True,False,True,True
a13d64b1e4a49439,False,False,True,True
0f2cb35adb933cf1,False,False,True,True
1f9c97ef21efd215,False,False,False,False
a299f6f30f7cab4d,False,False,False,False
57b1b50a012a191c,False,False,False,False
bfbbd639fc847e5d,False,False,True,True
5336ab5ec50acc6e,False,False,True,True
7f52f3c5ecb25756,False,False,True,True
be5b3f3c12561f2b,False,False,True,True
f8287e09368877a1,False,False,True,True
28bd3d318d34c6ab,False,False,True,True
a2636728156beefe,False,False,True,True
1f889a0f74e3c262,False,False,True,True
f856b3f810bfce35,True,False,False,False
ae551308ae1c2481,True,False,True,True
885cbe94795362b2,True,False,True,True
09bf4493ba0ee9f2,False,False,False,False
1144e5c48cb9ae28,True,False,True,True
a3974bbef0151281,True,False,True,True
e60e6824d36c4d5f,False,False,True,True
3f16e181a957d557,False,False,False,False
e1f882689130dbc9,True,False,False,False
e44580351b1b0a0d,True,False,True,True
5fc805e80cb0a679,False,False,False,False
69fdb41ab1bf01f1,False,False,False,False
6adf8fc1bfcad037,False,False,False,False
0ce0c4c6f47cbaaa,False,False,False,False
2e88738b20b545d1,False,False,False,False
4fcd9fab1c67b1af,False,False,True,True
b56bb62c64b773a6,False,False,False,False
f283e408605df20e,False,False,True,True
39e1d1a385660ccd,False,False,False,False
5630af9e6609bbd5,False,False,False,False
026eb47365fc4c32,False,True,False,False
17854ac793851c42,False,False,False,False
f526051d77520ddd,False,False,False,False
200d076db805af8b,False,False,False,False
592878ab3f1567c6,False,False,False,False
ed1e3406ac78b57b,False,False,False,False
04aee7ee560f8949,True,False,True,True
e7c5dfc54815a082,False,False,False,False
0868971582bc1d91,False,False,False,False
18dc1e926963bb4c,False,False,False,False
78d58911b855ecc6,False,False,False,False
65e844d9157902f0,False,False,False,False
9b82a04646dba7b6,False,False,False,False
4283b67abc46ec04,True,False,True,True
c82d8e2bc3a87b45,False,False,False,False
175ad6b74477e179,True,False,True,True
7e4ee233d92f2443,True,False,True,True
571f1e8ea648c26b,False,False,False,False
db5fcb63cf3ec3e9,False,False,False,False
edb4ea44499ce20a,False,False,False,False
5d896323e078b2bc,True,False,False,False
f86ac47a1a4975db,True,False,False,False
50b2d8bbac0f354a,False,False,False,False
f46d4f8714e59177,False,False,False,False
3d03dab9f7352e1c,False,False,False,False
e1cda170fa284262,False,False,True,True
25e2be154dcea9d4,False,False,True,True
9006db3f4e914677,False,False,True,True
43312cd1487c2295,False,False,False,False
f6f032369dc6e2c8,True,False,True,True
8c50a775d5551462,True,False,True,True
7fd8136df748b943,False,False,True,True
5ac5040960dfa757,False,False,False,False
b165066b98ca31f7,False,False,True,True
6afdc1a9fe57f9cc,False,False,False,False
81ff42b7e195fd23,False,False,True,True
63a0c83a37723cac,False,False,False,False
1b079730d92cc92b,False,False,False,False
9cceb2c08fcfdafb,False,False,False,False
3de49d1c53e5602a,False,False,False,False
8e3e29ad99a2fa1b,False,False,False,False
515e5303f45e4b94,True,False,False,False
d32fdd3692910f83,False,False,False,False
92c6251233a1e5b2,True,False,True,True
1e8e5e861bdc551d,False,False,False,False
50d1f7f4957a0607,False,False,False,False
5dad0148ac6725d4,False,False,False,False
13436337ceb1cbb4,False,False,False,False
23ad0fb2e114fbd0,False,False,False,False
def6dc29dd741176,False,False,False,False
541d054f04a05654,False,False,False,False
4879478bbc38a0b7,False,True,False,False
0e1c9de98a856060,False,False,False,False
ee68581be547f15b,False,False,False,False
09dc4ba799fecd90,False,True,False,False
d6c24224b0423fc3,False,False,True,True
57f8d71efadabcde,False,False,False,False
69cc73b64dfdac62,True,False,False,False
e5249102800eb862,True,False,True,True
c05e4da8faff2e8b,False,False,False,False
15f96bdbedf7c784,False,False,False,False
6edd11318f3d239c,False,False,False,False
eb75044da5b85c8f,False,True,False,False
3955d6cd51ece10a,False,True,False,False
74f184c3bc378195,False,True,False,False
5767baf0c96101e4,False,True,False,False
456a5a83dbe5d41a,False,False,False,False
bf293ddd72b3ac9b,False,False,False,False
26a7f93365434839,False,False,False,False
d3fe85e73b2763ff,False,False,False,False
0ad22207711112c7,False,True,False,False
961e9d672a04455b,True,False,True,True
3d7d09fa414ce264,False,False,False,False
e55cf5274a3c7cca,False,False,False,False
d4b7a6de01543b93,True,False,True,True
def92d1208f6c513,True,False,True,True
c614e4f22f27beb2,True,False,True,True
97b3583b79de0f89,False,False,False,False
75e7e9123a2abf4e,False,True,False,False
bd2ae70d2eac8dcd,False,False,False,False
843443cff9aea643,False,False,False,False
183e02c066d247df,True,False,True,True
243e851f0df6695b,True,False,True,True
bdb22f6c53989a59,False,False,False,False
3bdf8faa5f6ecd74,True,False,True,True
4085382ca688b892,True,False,True,True
5ff85ab03dc1b109,False,False,True,True
7f4caa7ea34bb18c,True,False,True,True
95feaa69de3b613c,True,False,True,True
b14472615ad64e59,True,False,True,True
4174e0001babdfa4,True,False,True,True
0f6304063f43da7c,False,False,False,False
4cfcdc31b4b1ebca,False,False,False,False
6e927bdb031f16cc,False,False,False,False
e223069d7066d9e6,False,False,False,False
3f005f3e79c060c2,True,False,True,True
949372a8f3ba3403,False,False,False,False
3bd1e1c33f3508c8,False,False,False,False
71e8b49c7013e5ea,True,False,True,True
3ea521d509430741,False,False,False,False
68e9658998fc0c3a,False,False,False,False
13b192fa727a8a0a,True,False,True,True
48de5ef29f687b6e,False,False,False,False
ba4b9a815da2edf4,False,True,False,False
c36f0dd8e7fecbce,False,True,False,False
09a516a06d75323c,False,True,False,False
b018e16cc6704634,True,False,True,True
d347bee55d9a6b7e,True,False,True,True
33ed0aa6cb395e10,True,False,True,True
d5e05655de207353,True,False,True,True
843dd447bad09cb5,True,False,True,True
63d30213895ea481,False,False,False,False
985a6c7c372eacfd,False,False,False,False
36e0b098c34b73d6,False,False,False,False
77bcc629127e93b0,False,False,False,False
c9fa56ea00a23eb2,False,False,False,False
755f6a0295e57500,False,False,False,False
9ddf69ba99cd94b8,True,False,True,True
cdd1b7153ab63fd9,False,False,False,False
5a4d80f7fa4e514f,True,False,True,True
d9e600f5d185c5b7,True,False,True,True
bb061e80aed7d8da,False,False,False,False
7d697a8b98ec84f7,False,False,False,False
1e8d4448a55b8246,False,False,False,False
d901b41bc2f4271f,False,False,False,False
464e33a90d98e992,False,False,False,False
eb204f91525c2bec,False,False,False,False
77ec665b6853bc35,False,True,False,False
126cfb991b94c443,True,False,True,True
5e8d0abbcadbf0e6,True,False,True,True
962bf3610a3adf5a,False,False,False,False
411454283dac5e21,False,False,False,False
1e720067b32376f4,False,False,False,False
8385ab3d94c20f98,False,False,False,False
b4456527b5d15677,False,False,False,False
5aed696b5f1da26b,False,False,False,False
a872d7ffe9d1b738,False,False,False,False
f38b1cd43b795950,False,False,False,False
1ce78517f309e319,False,False,False,False
23b3a727f9451af9,False,False,False,False
50268762203ffb94,False,False,False,False
06f9825a97c70e1e,False,False,False,False
f6d997caeaf8d738,False,False,False,False
ce8f73a2bf374e63,False,False,False,False
1d1d27700fc0ece3,False,True,False,False
a35b9cb996d688cd,True,False,True,True
ee21a773028505c6,False,False,False,False
e6ff9bc267180e1a,True,False,True,True
776eddc5c33b2d05,False,False,False,False
a8d1ff69c234c60a,False,False,False,False
c9f4ed91754a117b,False,False,False,False
f5a8a81fca71f616,True,False,True,True
34a67aadab84af7f,False,False,False,False
0f6a0971c35269b2,False,True,False,False
7a1b2f2cccfc0516,False,False,False,False
13bbdfbd86c178bf,False,False,False,False
7c6865e33838344d,False,False,False,False
b32a5e58335596d2,True,False,True,True
2b15a5c4132498d0,False,False,False,False
2a87640fa6524f59,False,False,False,False
75c5a804e56660a3,True,False,True,True
3b86df689a8e49eb,False,False,False,False
b6374515a38f0c15,False,False,False,False
324604b92fa10d9d,True,False,True,True
fda695eb061a98a7,False,False,False,False
b7ae55dbbc60bc9b,False,False,False,False
296e3a8bcddda576,False,False,False,False
0ff8ca14c1206aa1,False,False,False,False
86ea3705f209193d,False,False,False,False
007708d86e2e143d,True,False,False,False
b5d09b1cbfc1d3d3,True,False,True,True
427f5df302873fb3,False,False,False,False
546269ad4b622017,False,False,False,False
067a4f5cdca616f4,False,False,False,False
08b157634ad5ea1b,True,False,True,True
ad2477aaa435e5f8,True,False,True,True
4c8e28f145c6cc76,True,False,True,True
a6f8d7c70b96fa63,False,True,False,False
c27f15cc7a19151e,False,False,False,False
e5011aa7bf1798d5,False,False,False,False
147caea9a670434b,False,False,False,False
b4186a2cc033ff82,False,True,False,False
c8e37a88a82cb121,True,False,True,True
f33e9cca81c30a81,False,False,False,False
ef5ea7981a6bfa96,True,False,True,True
74e3ef73265fb9b3,True,False,True,True
43b1043d8b38ea96,False,False,False,False
aee176658b4d8f9c,True,False,True,True
b73e2e95b7055f29,False,False,False,False
4b1ca193c62a1907,True,False,True,True
26393e51fbb48abb,False,False,False,False
37fbb10d4a3d3145,False,True,False,False
b020b1831201362c,False,False,False,False
5651250f0b3c4992,False,False,False,False
04561d4ce4986548,False,False,False,False
270643217c65c44e,True,False,True,True
7cda7ad51540dbfb,False,False,False,False
b2012a7160a60415,False,False,False,False
2e2629f38b2ac673,True,False,True,True
fcc15b3577fa8684,True,False,True,True
87e1491c9e8dddd5,False,False,False,False
a09bf1f1d0daea55,True,False,True,True
99d498600f7adffc,False,False,False,False
8aa1077290994868,False,False,True,True
a91631c41ff54c38,False,False,False,False
ad5ebbc246e3ec91,False,False,False,False
8c4c8409cdbbf2d1,True,False,True,True
32ebc57be6eb44bc,False,False,False,False
6656d4aa8d793ff8,False,False,False,False
224bc5c877ec2926,True,False,True,True
bc5b802f6776d99d,False,False,False,False
f4bff4a328631b36,False,False,False,False
494c2671a4bbd58e,False,False,False,False
1cdd41bbe932c289,False,False,False,False
b482b23694822c6e,False,False,False,False
091fc9a390fbc0b2,False,False,False,False
59f88ac2e08be84f,False,False,False,False
e8e0f6e945cd7622,True,True,False,False
6e895d8cdb9b6678,True,False,True,True
94afa98674243b9c,False,False,False,False
c34d32111a331972,True,False,True,True
2878e51abda112a1,True,False,True,True
e45699c16aeb07d6,False,False,False,False
f6c9996edfe188e9,False,False,False,False
a9b9b3451752a27c,False,False,False,False
55255cb0b0352aee,False,False,False,False
3da48a85b1b234b1,True,False,True,True
99c4b2d77b028d61,False,False,False,False
c171cfecb62536d2,False,True,False,False
e37ac660ea6dca9c,False,False,False,False
ea730b8910957ebb,True,False,True,True
f9877b73198b133a,False,False,False,False
42b83c6ff46d69b6,True,False,True,True
17699cccf8743b8f,True,False,True,True
5901a9dbf4b129de,False,True,False,False
0290566995876cc0,False,True,False,False
e0b41e9b192bb990,False,False,False,False
7b4783d55a615028,False,False,False,False
4ff6d1f8c43b3af1,False,False,False,False
5ff7cae28ff4f6bb,False,True,False,False
cc66f0b6b2b32c44,True,False,True,True
106bae856a1e2cbd,True,False,True,True
10b164de1c1aec94,False,False,False,False
fe965bb6b5fd18b0,False,False,False,False
8f8388a700930315,False,False,False,False
d8c6c47ff004ed64,False,False,False,False
3330a50444e3cdc1,False,False,False,False
cd73c6b510715c52,True,False,True,True
56bd7f7bf17983e2,False,False,False,False
d5587bbd9527d864,False,True,False,False
6053ba2320f21a77,False,False,False,False
08204c0f244efbb6,False,False,False,False
8600161c8ffb765f,False,False,False,False
8f815b9dff12ad64,False,False,False,False
5c62cec8d5d6f0fb,False,False,False,False
af96e97366aa26ea,False,False,False,False
0a70ee8d292a465c,False,False,False,False
3ca65ea7f4c83d2e,False,False,False,False
49eb2bce9e4c2585,False,False,False,False
7f50ed0906da19c2,False,False,False,False
93d1b180b3b3e5e8,False,False,False,False
1cf5a8ddc1c2b1ac,True,False,True,True
ae705f34c7cdf5fc,True,True,False,False
07c3aadf036e9e81,True,False,True,True
63a34e6d6d7c5a10,True,False,True,True
8fbcd1c13ae89afc,False,False,False,False
f9083e7e2fdec3e3,True,False,True,True
5f6922553c3f9fbf,True,False,True,True
c9a291361954d55a,False,False,False,False
f63f6a1f24b9ea4c,False,False,False,False
0510f1af930c3dec,True,False,True,True
43ba4fa034e6339e,False,False,False,False
da0026e7e4dc58a2,False,False,False,False
5a14a727bb4a700e,False,False,False,False
37bd5f2daf7dfe18,False,False,False,False
c9857e450348dde4,False,False,False,False
fdf6a5da03089d1b,False,False,False,False
b67e5d2ff79ed6f6,False,False,False,False
36bc1bbf3a448c7f,True,False,True,True
afab641589777940,False,False,False,False
050852b36f53b4b9,True,False,True,True
88c5e9861cf77434,False,False,True,True
bf71e496b39f4b48,False,False,False,False
8ec8299824c14456,False,False,False,False
58e09511cb2786d6,False,True,False,False
61dfad0b7a62f720,False,False,False,False
512e4a61a0101900,True,False,True,True
1ae44bae78686b86,False,False,False,False
a8aea6d1731297e3,True,False,True,True
1c5a592a3ad31b28,True,False,True,True
84f5283c6e0ff958,True,False,True,True
c7f2c0110c96ce9c,True,False,True,True
3663e24bec292594,False,False,False,False
af06f54aef1bb7a5,True,False,True,True
cbff539b257c0657,False,False,False,False
50b09d209ca626ae,True,False,False,False
6cc03e9048947f7e,False,False,True,True
1116e8efc55c6fe4,False,False,True,True
f9b0d25398df7e89,False,False,False,False
5e8b79833c746586,False,True,False,False
fa2e9fe60bf2e6c7,True,False,True,True
ed9d64adcc55128b,False,False,False,False
60043a2ac16593cc,True,False,True,True
de11541c043bbb96,False,False,False,False
b67d4731a786e21b,False,False,False,False
72f19b4c451617e6,False,False,False,False
ad4334ace40b6e04,True,False,False,False
da8f30300f767e6f,True,False,True,True
b944fdd321064b71,True,False,True,True
d6f0e6169f3f5aff,True,False,True,True
5a5d9a326297e1b9,False,False,False,False
59a3fd77bfdc2ddf,True,False,True,True
bcea58cba2f36aee,True,False,True,True
f76a6a575863fc7b,False,False,False,False
4355db5cf1238eed,True,False,True,True
1e55d87251ff546b,True,False,True,True
ac4fd7241204278d,True,False,True,True
a9a83d329814986c,True,False,True,True
3d8ef6cbd42278d3,True,False,True,True
9326ec40ecbe5a35,True,False,True,True
636008a63639e9ed,False,False,False,False
5cb7e0e791c9be43,False,False,False,False
2a5febc099fd42f8,True,False,True,True
80050d8ab8b20916,True,False,True,True
a1d06e16de89f3ca,False,False,False,False
518421949102cddc,True,False,True,True
6a5c00d8703e6055,True,False,True,True
3fab6324e8c8d73e,True,False,True,True
4f074219fa7370d3,False,False,False,False
3f949166af9eb90c,True,False,True,True
ea6f2203b0e23824,True,False,True,True
a28c710e216a9ae3,False,False,False,False
f69ecd13800e52fd,True,False,True,True
06f781cdf6c4bbfb,True,False,True,True
a649fd5549a17514,False,False,False,False
4edfa268af4ef7ab,False,False,False,False
28b914778cb0f167,False,False,False,False
63ce742fcb13e46c,True,False,True,True
208fb3afce30fc4f,False,False,False,False
d43368f31df5958b,True,False,True,True
0ce6364b1b880fa1,True,False,True,True
e0776c215c1c9281,False,False,False,False
4b8a8e36f9af3e79,False,False,False,False
a734564d7f442139,False,False,True,True
3d922f167e60b031,False,True,False,False
34ffd8ddd53bf70b,False,False,False,False
588d0cdddc9b0b5c,False,False,False,False
7870d2cb665daa1b,True,False,False,False
866ba86bc7aa85f0,False,False,False,False
42efd9c737d572e0,False,True,False,False
a470b24e5acb2998,False,False,False,False
e4e0b62080a1de71,True,False,False,False
1644e1645eae80bb,False,False,False,False
05157eb32783def6,False,False,False,False
5f6428807bffe1de,False,False,False,False
646fbaf528a30e7d,True,False,True,True
1d6925824629b809,False,False,False,False
c7dc977c06634376,False,False,False,False
2f6eacbc75e36a65,True,False,True,True
739d47d93342b7c0,False,False,False,False
ad3c918aff74d7a8,False,False,False,False
8d017d1732e383c0,True,False,True,True
9482efc9b6da67df,True,False,True,True
35232f726150173d,True,False,True,True
39657d996f41cbb0,True,False,True,True
86d8dd132a7673bd,True,False,True,True
f4a84269ac23f6f6,True,False,True,True
7e52adb8de6037f8,False,False,False,False
6ccd8dd1d0a9dd04,False,True,False,False
7a8ec8cd4daa1661,True,False,True,True
c4b42621b162ab45,False,False,False,False
7fb0dfd2683ea9b1,True,False,True,True
7c2dd0b59718ee1d,False,True,False,False
181bba4ce6ca6d6e,True,False,True,True
5f7677528d4104af,True,False,True,True
87c125135f4f0dc9,False,False,False,False
49b65ebe2a1f21e3,True,False,True,True
294c43ba11f7b05d,True,False,True,True
c9f4cdfd6070f0b5,True,False,False,False
40ee3589fbe46348,True,False,True,True
0d4b0ae237439607,False,False,False,False
6e45791223bc5658,False,False,True,True
dca929c15fb6ad00,False,True,False,False
2c0398dbb784177b,True,False,True,True
3d0fcb057ddeed56,False,True,False,False
6d138b1ad96b753c,False,False,False,False
5138710fb467d714,False,True,False,False
ac48b0dbe89498ee,True,False,True,True
190b6862c058c5f6,False,False,False,False
9feb12d05a57822e,False,True,False,False
0e35d57200898554,False,True,False,False
d059e1a44249e573,False,False,False,False
d401469026189ec3,False,False,False,False
4e59c47a2ea1ea81,False,False,False,False
4ee25a8937524d77,False,False,False,False
89c982670de01a70,False,False,False,False
038daa13cc86352a,False,False,False,False
969ea1e355d807c3,False,True,False,False
a1a52b35fafb7258,False,False,False,False
6427fefbaaa86fce,False,True,False,False
4b2ccaa521b3efe2,True,False,False,False
84979bd0b92cbba9,False,False,False,False
33ef1767e175cb16,False,False,False,False
a8640d4abae772ab,False,False,False,False
31e8f02640726ece,False,False,False,False
419768cc4fb043d9,False,False,False,False
59100291f477105b,False,False,False,False
e69dac5a9a0b16ef,False,False,False,False
4fb0082772878cec,False,False,False,False
977436407f2c154c,False,False,False,False
0a7f0b5a95fdc982,True,False,True,True
c41904798593eb2d,True,False,True,True
3f4ba001272508ed,False,True,False,False
7c77fceb9ec57654,True,False,True,True
b72dd694c94cf1b9,True,False,True,True
de3cb81219c4f28d,False,False,False,False
a1830d5579e65642,True,False,True,True
b77014395ad25fd9,True,False,True,True
a7f3582d1b408001,False,False,False,False
dfc7721957b33860,False,False,False,False
64c039497f04e9f8,False,False,False,False
f554c007f9e3eb41,False,False,False,False
c0a8116708a67b8b,False,False,False,False
a4a41440adef32c4,False,False,False,False
a39080ee0c3b6dd7,False,True,False,False
bb856757b0d8797b,True,False,True,True
8b7ee0621b3dbe21,False,False,False,False
74bdfbc855299c6e,False,False,False,False
191e3671dff52c0d,True,False,True,True
c8f1fb0bee8d790b,True,False,True,True
d5b4b0b5a63831c1,False,False,False,False
7a69443a1e7794e2,False,False,False,False
d70b7036611b74ea,False,False,False,False
83278e66a914762d,True,False,True,True
abe1dfcb56a43873,False,False,False,False
43b21089954cc22e,False,False,False,False
3cc46fb405474a4a,False,False,False,False
b670a6bd92f30f95,False,False,False,False
29961c01ea455c67,True,False,True,True
9787eceb5c11642c,False,False,False,False
0c7c697d167251d7,True,False,True,True
58ed45fcb2ff3c58,False,True,False,False
58dfc24611aca46a,False,False,False,False
62e9226e808f57c2,False,False,False,False
8c12ff72f3ea4a35,True,False,True,True
7eaaeb6f7547eb0c,False,False,False,False
9dd37f9a1464abb9,False,False,False,False
e186662d648ca241,True,False,True,True
a4dc652dca3211d4,False,False,False,False
5ecf3d9df2e5a886,False,False,False,False
daf17a515afc3a8c,False,False,False,False
23cf912ed68f50fd,False,False,False,False
363259a24c68951d,False,False,False,False
44c0fb953c96b94b,True,False,True,True
f16faad3e0cbd30f,False,False,False,False
3583767865dc71fa,True,False,True,True
2963f364b3abf95d,False,False,False,False
1805d81ba7b50958,False,False,False,False
d68025e97e27376a,True,False,True,True
6eed0a7b2c92c2ac,True,False,True,True
03b13a74f5b188f8,False,False,False,False
834b7dbff51822cd,False,False,True,True
9eca10d0176e2141,False,False,False,False
c1438e974ef058e2,True,False,True,True
e964da358e2e5662,True,False,True,True
f9eeebe562069a2b,False,True,False,False
a57bcf56c92378b6,True,False,True,True
63fbeeee1e8a0dec,False,False,False,False
3f61086f53b23445,False,False,False,False
03895a67840a9216,False,False,False,False
55941be6758713b9,False,False,False,False
4bbe9b4df01cbcad,True,False,True,True
e4ee109699de13b4,False,False,False,False
542151cdd98dbc44,True,False,True,True
abcae7a1f4f84a84,False,False,False,False
2da08605945fcf9a,False,False,False,False
285fa5842609a5bf,False,True,False,False
c823006f6c70313c,False,False,True,True
c886a43fe79a0a7b,False,False,False,False
bac11292d79231f0,False,False,False,False
1b4c2a9495a49c91,False,False,False,False
b5e439cf755b8531,True,False,True,True
11f57cee690fc587,False,False,False,False
5f423654a23b4588,False,False,True,True
5d7b3101b69c2bd0,False,False,False,False
16d9480a15318fe9,True,False,True,True
8e7af71ba8000af2,False,True,False,False
03fd02a07370e2de,False,False,False,False
d74fb47b8e2a0b4b,False,False,False,False
b8c783f3ed3f697f,False,False,True,True
ca7d67fa47489617,False,False,False,False
998402eb4e9bb068,False,False,False,False
928185e96b2abbbe,False,False,False,False
2fadbf2c9636f69f,True,False,True,True
661ea834fb3faf76,False,True,False,False
2fa57f29b90c50cb,False,False,False,False
cc1924d2c2292a85,False,False,False,False
2e569951533c2cf3,False,False,True,True
c83ffd99b17f3b05,False,False,False,False
113b24a6eef71893,False,False,False,False
cd5b75eeb30ca857,False,False,False,False
e8623e5e6ad37486,True,False,True,True
eefaedf66d5ee5a0,False,False,False,False
edd91f37e5e96cb7,True,False,False,False
d6c16ef5cc2d3102,True,False,False,False
c53cd6d798c38c89,True,False,False,False
7b8296dc04214dbe,True,False,False,False
2b6bf5b451114de6,True,False,False,False
3eb3144594e41aae,True,False,False,False
263b3b58903ff6b2,True,False,False,False
009203dcecae4bb7,True,False,False,False
37aff35fecbd15c7,True,False,False,False
44fdc9735119c61f,True,False,False,False
5844c080f06448df,True,False,False,False
32bd3b9ceed27cd9,True,False,True,True
7b52f76943c73f0a,False,True,False,False
7f6ff81c7d2f9058,False,False,False,False
e0cc2df402769765,False,False,False,False
df014529e0a2a0c6,False,False,False,False
d7f6074aacdfdbb6,False,False,False,False
89ee46611f194823,False,False,False,False
141822af1a1b479f,True,False,True,True
0697296e2861c746,True,False,True,True
b023f83e357272c9,True,False,True,True
5cb2ab62660e8702,True,False,True,True
a89142def2bb80c7,True,False,False,False
198587a263456f12,True,False,True,True
58ec2e0241fa9b5b,False,False,False,False
c32ae7ddcbce0967,False,False,False,False
dd90523871006c46,False,False,False,False
06dc30c260ac485c,False,False,False,False
c74e60087ff35c91,True,False,True,True
62ad86b67ad199cf,False,False,False,False
b97506142bafe0e1,True,False,True,True
f9566b0d5c7c7a8a,True,False,True,True
e1f4e4f7ae063361,True,False,True,True
0159350ba959ffd1,True,False,True,True
2f15edcf0ecf5563,True,False,True,True
5a0631559817bfd0,True,False,True,True
ab3b6f050046d615,False,True,False,False
bcf822010efb1e6f,True,False,True,True
c1909f9f9ebc9668,False,False,False,False
b3aa24743c6a6c0b,False,False,False,False
b49b6fb53dfe712d,True,False,False,False
75532a55eef86cd1,False,True,False,False
01a1547ebcfa46ad,False,False,False,False
522bbce5b7028bb0,False,False,False,False
ca2e1834ca273334,False,True,False,False
55355b3f19363932,False,True,False,False
8161366b91cfee83,False,False,False,False
bb6ee38c93a56826,True,False,True,True
d72a43cc2e1bc5dd,False,True,False,False
98c3861c2246803c,False,True,False,False
55c6f1e324207c53,False,False,False,False
ec258439be855e0a,False,False,False,False
1f6ac5b363e6a14c,False,True,False,False
89260f514de7db89,False,False,False,False
84301159b31ec8f1,False,False,False,False
4ceb25ac15992aaa,False,False,False,False
e882e54f1e68ceba,False,True,False,False
38851711a11ddddd,False,True,False,False
9b55c7f8c77a6e28,False,False,False,False
37dfa5376d901670,False,False,False,False
120219b34f267783,False,False,False,False
43ca262374097de9,False,False,False,False
dc86cb813e302ba9,False,True,False,False
c86829bdf1323cf0,True,False,True,True
781ddcd51412b6ee,False,True,False,False
2458b5c4b9428cdf,True,False,True,True
c3179f4369fa7aa0,False,True,False,False
1360df8921bdd425,False,False,False,False
8cdb0bfb3a568a40,True,False,True,True
2ea817ead0770c99,True,False,True,True
944a5ed523a243df,False,False,False,False
df31631f15eb8d4a,False,False,False,False
80fce47656f64a41,False,False,False,False
454ddeadb82156c8,True,False,True,True
fa2996123e223706,True,False,False,False
0b7c750a04cc49e6,True,False,True,True
acb9ce80973a936f,True,False,True,True
4de7f9a30ef02363,False,False,False,False
00ef202589b5081f,True,False,True,True
200a20bbc61588e7,True,False,True,True
b3c76164cf81858e,False,False,False,False
008aaccf9e03e1e8,True,False,True,True
374876442773a011,False,False,False,False
c28d3b8d11136f7b,True,False,True,True
30f3c61eeeee02c6,False,False,False,False
9cd9b2c5da606b8c,True,False,True,True
dbd283a7af8fec99,True,False,True,True
7d8026355e7e82bc,False,True,False,False
238f5eead915a7b5,False,False,False,False
3627e9ff1a85e470,False,False,True,True
fd8c7bb12ce4838a,False,False,False,False
edc80ad1c0145404,False,False,False,False
78b88ae8b7029038,False,False,False,False
5f6c1df4651a46d8,True,False,True,True
fcf32533cc1992ea,False,False,False,False
46b732574008de43,True,False,True,True
5c0b383e7deb3f71,True,False,True,True
4d176cf308e76020,False,False,False,False
5095e7f14f891e9d,True,False,True,True
cd38c0d0e4652ff6,False,False,False,False
3db892a8643f1572,False,False,False,False
7e20595baf46f606,False,False,False,False
5007984e484a39c7,True,False,True,True
79ced74256fa2aab,False,True,False,False
e2b68a2940de8a44,True,False,True,True
98e9227e26674f90,True,False,False,False
a42cb4edf0330978,False,False,False,False
132d9ad66abc1bac,False,False,False,False
3bd9d242d3c2123b,False,False,False,False
b9d95d00b367d93c,True,False,True,True
e4460dd69e457c2e,True,False,True,True
4c55fda1e86402b8,False,False,True,True
add43e888d746788,True,False,True,True
d61366d20db560de,True,False,True,True
d01ee52694f47d8c,False,True,False,False
bdaf7ab14fcca347,True,True,True,True
37c081550c8fa072,False,False,False,False
4da135e1ee2af0ca,False,False,False,False
5f2b58347b3e45bc,False,False,False,False
8c518cba8b97cddf,True,False,False,False
3fd38674ba135bd5,False,False,False,False
8356572159b61ddd,False,False,False,False
cbed8077e333be87,False,False,False,False
6b11ec1f90da5d75,False,True,False,False
3663483a672ec685,True,False,True,True
c5463187dd452213,False,False,False,False
996db19fa2cfb60d,True,False,True,True
55e9f8cd6525b5b5,True,False,True,True
ad59dbff4fd78a61,False,False,False,False
362be974ecc5f549,True,False,True,True
3a589e97f8fc6f6d,True,False,True,True
648c438d5a8132a5,True,False,True,True
1f751a3e2e7045f6,True,False,True,True
daeecef6ae679e3a,False,False,False,False
1b28cd444099d0b1,False,False,False,False
eb087a6db57f8e27,False,False,False,False
c5b1e9d4768b78e8,False,True,False,False
c238a8d35f8e4924,False,False,False,False
b44891f0c3ed5cbc,False,False,False,False
75cffea0738952c0,False,True,False,False
82571969d87fba45,True,True,True,True
9dbe7b07b7ac479c,True,False,True,True
6ad656479038a798,False,False,False,False
9afae3fa7ed1f5d3,False,False,False,False
a5ca3bc82066f4bf,False,False,False,False
0a850eee9cf85f57,False,False,False,False
b6d9c0f43bb101b0,False,False,False,False
4ba98b1e2c2f9eb5,False,False,False,False
250fd3df6503be46,True,False,True,True
b843cede6d0dd0f5,False,False,False,False
8ea34959710d593c,False,False,False,False
234efc97ffd32718,True,False,True,True
8555d65c88e554c2,False,False,False,False
78ce04bf049c7fbd,False,False,False,False
7e76fbcbdbe3454e,True,False,True,True
6f332cd4b7824ada,False,True,False,False
7d3f8dc29515b7bb,True,False,True,True
617805f42d337163,True,False,True,True
964c99a790d67a5b,True,False,False,False
e084027e5816ddf8,False,False,False,False
3a1eab28117784e0,False,False,False,False
9f4c181a013ebbcd,False,False,False,False
784d150c947e66d3,False,False,False,False
5b3d7e1b1ac68318,False,False,False,False
9ff1706f26fab436,True,False,True,True
614fd005bf3d5a8f,False,True,False,False
0b8effbc7a643ac1,False,False,False,False
8ce37458fc3e5296,False,False,False,False
1f3b2465c2c25536,False,False,True,True
46602ff0009ffde0,False,False,True,True
a83beb881173c4a0,True,False,True,True
0bfb04e474e26771,True,False,True,True
fe445731d7fe7bcd,False,False,False,False
583aacfa27e38b74,True,False,True,True
305453e3687e647a,False,False,False,False
bc838d020772062c,False,False,False,False
32700bb7d6eedfb8,False,False,False,False
b4ad4ddee2d85f46,False,False,False,False
3d0ca4383a0e7413,False,True,False,False
e3f788f004c276b1,True,False,True,True
c04747b3774fb66d,False,True,False,False
653df50d1717f9d1,False,False,False,False
65c4bd10023e8bd8,True,False,True,True
c3bde2f89eec1f0c,False,False,False,False
231d0b6dbd7db682,False,False,False,False
aee19e952988a42b,False,False,False,False
2c03bcce022aeb2d,True,False,True,True
5ca910076932fd49,False,True,False,False
ec716f5a744cbf2b,False,True,False,False
5fad7449643bfb38,False,False,False,False
506f27b025c634dc,False,True,False,False
02d7f751a187a746,True,False,True,True
fba257860d2b61a6,True,False,False,False
80e5d023173021cd,False,False,False,False
0a2206d8c2d50865,False,False,False,False
876c542a31371c4e,False,False,False,False
a1d3f564429cbecc,True,False,True,True
31086216f4f09349,False,False,False,False
52399729a0d11e99,False,False,False,False
117462f98224a58d,False,False,False,False
275648176096d9c0,False,False,False,False
b6896fb63dc86e9e,False,False,False,False
0398f5e6c06fa3b4,False,False,False,False
579b751ecd1bc0ee,True,True,False,False
3ea3b2d441f968de,True,True,False,False
e598b9b4811c3d30,False,False,False,False
6201551a5fff0e2c,False,False,False,False
9ec1623a194a6f82,False,False,True,True
04bdee5fe6bb434f,False,True,False,False
6bee311ad5dde262,True,True,False,False
bb80bb6445b568af,False,False,False,False
50499a9753a35303,True,True,True,True
a447e0e1505ec163,True,True,False,False
68eae41220a19e28,False,False,True,True
2695689bf7a9e24c,True,True,True,True
84288637389bdb11,False,True,False,False
d04eb7bc14a1022c,False,False,False,False
fe5af75b3ae41b86,False,False,False,False
1e295c98bd49ff1c,False,False,True,True
2837c13e91ebbe40,False,False,False,False
14fd1ecc63a2d75a,False,False,True,True
8ad9145f2deaa22b,False,False,False,False
f12509f91bf014d9,True,True,False,False
7201346d8e206ba6,True,True,False,False
93687983069ff037,False,False,True,True
5352fc84632d7ab9,True,True,False,False
5daa74f6ff19338a,True,True,False,False
4193b082d0f731e6,False,True,False,False
2e517b926c2378e2,False,False,True,True
f30d39ec85b732ec,False,False,False,False
02bd8f846b52d2ee,False,False,True,True
a958ab808ddd5ea9,False,False,False,False
d46385370ad6a2fe,False,False,False,False
4f249acb8969f51e,False,False,True,True
03ac4e384b03abba,False,False,True,True
1d254f8a52cba8f2,False,False,False,False
d77443a0bb4c40c1,False,False,False,False
7a9399495dc956aa,False,False,True,True
dcd1a8b0d567c93e,False,False,True,True
d87d38b108b2189c,False,False,False,False
e646fdb2a29b79fa,False,False,True,True
192e384a4b457017,False,True,False,False
05a89476b7c88294,False,True,False,False
266de1d388b632fa,False,True,False,False
d34d65d0235e73cf,False,True,False,False
690ef3817540a455,False,True,False,False
181a02846f0e7a18,False,False,False,False
91d4c9a667db8c06,False,False,True,True
28e66ff9fca34ed5,False,False,False,False
7a294b932b659f99,True,True,False,False
b3c31854ddb0a129,False,False,False,False
08e0ddf8a36df5cf,False,False,True,True
54dbcc43f405632e,False,False,True,True
16cb1a68a277ebaf,False,False,False,False
e28f3370a9f9ff82,False,False,True,True
6cec87f8102ca083,False,False,True,True
cb89ecbad8782e41,False,False,True,True
f96fb31e3e0a861b,False,False,False,False
2955db0f46893121,False,True,False,False
68891f61dd75f838,False,False,False,False
dd05a90ce1e02a43,False,False,False,False
4a204519c1c5ec27,False,False,True,True
26be4261e4405c6f,False,False,False,False
ac54d2aed30c0924,False,True,False,False
0853fc111eea8510,False,False,False,False
5a941c656e5218cd,False,False,False,False
4f6267b26994dbee,False,False,False,False
e68cecaa7726757d,False,False,False,False
b66c835279ec3f8b,False,False,False,False
2d619349753fb1df,False,False,False,False
db252606f956e8ff,False,False,False,False
741e546894eab8ac,False,False,False,False
8af83ace72ef7c49,False,False,True,True
f4010397bf16eaeb,True,False,False,False
8b06a907817285e5,False,False,True,True
d29c9f69a4bf6d29,False,False,False,False
55e8b11f13bf58af,False,False,True,True
ea8ba63a85c5f7a3,False,False,False,False
83a603671bb2fcbe,True,True,False,False
dcb42d0f86315cd6,False,False,False,False
35dc198c60d42850,False,False,True,True
c777a58624a94134,True,True,False,False
735f0c285226d7df,False,False,False,False
9cbc4710b7f28b69,False,False,False,False
2c783f32d151bc0f,True,False,False,False
9b155db5ab7285e0,True,False,False,False
044a5b7ba09e0c60,False,False,False,False
bf8abb9835e145f3,False,False,False,False
4e1c251cc223f4d0,False,False,False,False
96761e6f6f3f162b,False,False,False,False
aac992ca977ca576,False,True,False,False
31c745c99591145c,True,False,False,False
1006a46285833f3b,False,False,True,True
f17de3796fe53b42,True,False,False,False
b786bb911f89b9f5,False,False,True,True
2ba66fda4949ee6e,False,False,False,False
0420ac5c51b043cc,False,False,False,False
b500bd7d5ce4619d,False,False,True,True
1e0b5ebea504795a,False,False,False,False
01d8ef4f36935737,False,False,False,False
08175865b10ae520,False,False,False,False
b6cd013d73e89631,False,False,False,False
1de52989a3efa64b,True,False,True,True
03a6d5c14f807a6d,False,False,False,False
f14fb1281aff6be6,False,False,False,False
b4ef3bc7f5d3ede7,True,False,False,False
32e1e82dbef74d54,False,False,True,True
cd5edd968e03ffc1,False,False,False,False
0307b926d47afdc9,False,False,False,False
4a4c53dec1d30cfc,False,False,False,False
42a6f1d814433ca4,False,False,True,True
b126d5ba4e701a78,True,False,False,False
4d119108249b8ba2,True,False,False,False
25bee42259f3d2c7,False,True,False,False
3edd908151e35415,False,False,False,False
94a628b1e370521e,False,False,False,False
229ea688e4c9a88b,False,False,True,True
13ff1fc22c92e78b,False,False,True,True
c5972d855de56d36,False,False,False,False
19c07336211d773a,False,False,True,True
7cf3d639767ad02e,False,False,False,False
78a8cc7563ad4018,False,False,True,True
4237c3a757f7a393,False,False,False,False
75f9d6eea98f721f,False,False,False,False
63e3a41ff6d2c6d9,False,False,False,False
c58b52ba842a1def,False,False,False,False
7bedd611388257df,False,False,False,False
a7f6fbc9f5d3ce0f,False,False,False,False
3e15e61d5fd3471a,False,False,True,True
47f8f7ae8f47471e,False,False,False,False
5886f50e736f7085,False,False,False,False
81a1be68233e54d8,False,False,True,True
ecac6113799391b6,False,False,False,False
4c4ecd97eeaf69d4,False,False,False,False
d0a6befc64003773,False,False,True,True
3c62cf95f016f65a,False,False,False,False
25cf2a331a46173b,False,False,False,False
b3db09c0664489a8,False,False,False,False
6a01489204686970,False,False,True,True
c697938939ed3d57,False,False,False,False
7ac5b2d0f79bf93c,False,False,True,True
5d5b2cfec6b06b99,False,False,True,True
585a8db178189b7e,False,False,False,False
9e78197211c8e363,False,False,True,True
55e3fcc6703e50f8,False,True,False,False
b774072eaa859437,False,False,True,True
0f713f477d967fb9,False,False,False,False
3c81406e2155ca58,False,False,False,False
f01fa4cce7cb45e5,False,False,True,True
3a0a43d4f206e2c1,False,False,False,False
bf9fc87e7391adcb,False,False,False,False
255c7c919617d355,False,False,True,True
c1a2de509931f34d,False,False,True,True
e2a7c18ada98fc6d,False,False,False,False
377a472da66fc736,False,True,False,False
4988691e5deba018,False,True,False,False
6d5d5aa840403cae,False,False,True,True
aed3ac3a258f2b91,False,False,True,True
3c2bafdd07724634,False,False,False,False
2c0be1a734249dab,False,False,True,True
ea3485b19f787509,False,False,False,False
708dd9ed96c01b0e,False,False,False,False
bfabd621ff6d9e08,True,True,True,True
be394866a9788ad3,False,False,True,True
d71321bc10f7a914,False,False,False,False
16cb8105ce19294b,False,False,False,False
2aff885eb4409963,False,False,False,False
05927908e0bad088,False,False,True,True
897d81df143a14a0,False,False,False,False
1d50302cdea7f215,False,False,True,True
8004cef7e784a199,False,False,False,False
3d909fc05ca24f75,False,False,False,False
325aeeee5f083ea6,False,False,False,False
cc3941f94e650604,False,False,False,False
0f92e9b5f53d9d80,False,False,True,True
89b7aeb8a7d115e3,False,False,True,True
db3e53294f96f9cb,False,False,True,True
d2cc6b2a9b4f26c3,False,False,True,True
272b95693898fc7a,False,False,False,False
cb6003d4f1626d32,False,False,True,True
12e6a25912647c26,False,False,True,True
4fc7f0fb45afe03b,False,False,True,True
060709ee60cf7c1a,False,True,False,False
14d188d2a47db262,False,False,True,True
a937de70f21d551c,False,False,True,True
75bee7e81bba12a4,False,False,True,True
5145c937f8d134f7,False,False,True,True
d0aace42ce0981b3,False,False,True,True
65fda4eacce1895d,False,False,True,True
3a970ea83d31183f,False,False,True,True
9ea44f3a5296feef,False,False,True,True
f254f4ba4884f156,False,False,True,True
2a2f2ab1214e7e79,False,False,True,True
6b809fe26ca95675,False,False,False,False
28c733ad1511049d,False,False,False,False
3a237e57b7cd7b2b,False,False,False,False
4aef9bf83f5aeee1,False,True,False,False
b30c46254460c3b6,False,False,False,False
4ea4ab6cd1021445,False,False,True,True
ea3cef1abb793cde,False,False,True,True
70276072bf1078fa,False,False,False,False
b571e08a3e5dacd9,False,False,True,True
fac72733db96f266,False,True,False,False
d4b0fba17865a97b,False,True,False,False
24509c707b9d839f,False,False,True,True
50b2a2f37399e776,False,False,True,True
ac4c48c2c5697ce3,False,False,True,True
e5aa9625de1c31ff,False,False,True,True
53f18feb3a376956,False,False,False,False
b76da1fcfd18ac17,False,False,False,False
679e8febce4e55df,False,False,True,True
d5a097089abae161,False,False,False,False
67964fd42dfc5ea5,False,False,True,True
77950169d2dcfba8,False,False,True,True
ffd7481bbe58c5e2,False,False,True,True
7f96f9c651c7392d,False,False,True,True
161249757b365458,False,False,True,True
eeb5ec5f45c6a401,False,False,True,True
6751f01afaa4ddcb,False,False,True,True
7fdcbac95b069164,False,False,True,True
38b7114bb1c2d085,False,False,True,True
5f85a2424bf3ce4f,False,False,True,True
c5ab9dadba34be77,False,False,True,True
0a2e08efa4a94a3a,False,False,True,True
147f09b5144de63a,False,False,True,True
1a3153588e51cf0e,False,False,True,True
f932f1b8a7c7c8e9,False,False,True,True
e5dd691310c4718c,False,False,True,True
62da8270d0ef3055,False,False,True,True
dadbfa5bc28028a0,False,False,True,True
5e67b8911f64b1f2,False,False,True,True
77b6284c49bf3413,False,False,True,True
75f856d624865282,False,False,True,True
ff80e867e1631ad9,False,False,True,True
e47b481b7a46cce5,False,False,False,False
37e3a80778d7593f,False,False,True,True
2edd7e8017dd9334,False,True,False,False
d68a54562ee757c6,False,False,False,False
450166a2dff7ee18,False,False,False,False
66b672d0daf01738,False,False,False,False
713f94df8f633266,False,False,False,False
ee8a0a8fcd215e8a,False,False,False,False
02de3720f6679371,False,False,False,False
5c2e56a3ec10a97d,False,False,False,False
0ca4ccb8d2ce5bf9,False,False,False,False
cf906b284a7ba03d,False,True,False,False
b3bece70eb63874c,False,False,False,False
1bf30247bc497c91,False,False,False,False
3c952d22c3d20ee8,False,False,False,False
b9d4a285e4a25c49,False,False,False,False
a4bb8b88696e3d5a,False,False,False,False
1f850a5bcd3e1d64,False,True,False,False
92eb7fc23cd04c8d,False,False,False,False
7ac74033a86dbff0,False,False,False,False
33c70f5a6c2af775,False,False,True,True
cdd12908e9d03e17,False,True,False,False
5e7e6b659212e869,False,False,False,False
a768c84f59964da1,False,False,False,False
e2e0cd500d23abfd,False,False,False,False
86b68e7740b0ce38,False,False,False,False
d51808eb32f1606d,False,False,False,False
76b2afcf3fa3fa27,False,False,True,True
1c0aa7a0426bc196,False,False,True,True
deaafb0a72c58b2d,False,False,True,True
f57df004af024503,False,False,True,True
c1df7de2be31649b,False,False,True,True
1f73d2788883df2b,False,False,False,False
04e5ce7e2ebd1901,False,False,False,False
593d5eb7304b4402,False,False,True,True
868656fd406cb002,False,False,False,False
586d37012acea88b,False,False,False,False
6258357974ad7c8c,False,False,True,True
61850302702a8ca3,False,False,True,True
adae06da0ca65ace,False,False,False,False
e6c2e1691a962de3,False,False,True,True
dc3a75977edbc7ec,False,False,False,False
58bf35af2ec909b0,False,False,False,False
99e1a8df4aab1216,False,False,False,False
55a553f378307bce,False,False,False,False
53fbd9c3787513c1,False,False,True,True
2b6a48f15d9c6bbb,False,False,True,True
dc31b41f20642380,False,False,True,True
12efeacd4362e0c1,False,False,True,True
aecf25f99a483da9,False,False,True,True
4501c99027af42df,False,False,False,False
c243df622960d37e,False,False,False,False
109a2a034b79828a,False,False,False,False
2f81cc178b1876f3,False,False,False,False
e40f1fd75f6b2d1b,False,False,True,True
70f809a0ef2d49bc,False,False,True,True
1d8397ff78f18cf7,False,False,False,False
a8aa4ffb38fe4171,True,False,True,True
2b31b107271c7fcc,False,False,True,True
9d3e2ba079f225f3,False,False,False,False
74f4ff682711e61f,False,False,False,False
b409845b6a0de354,False,False,True,True
78dc11432be64b37,False,False,False,False
4510ea4392eb2c28,False,False,False,False
8c3b0ea02d67200c,False,True,False,False
948f0a2a8d9e6c2b,True,True,False,False
204e7e305cac9bec,False,False,True,True
44cb21524d876a3d,False,False,True,True
b342457c15efcfb1,False,True,False,False
434a4eb7efe87d57,False,True,False,False
1153906f6f2fa6f0,False,False,True,True
91208b9c71a99f34,False,False,False,False
6241960a22e2a3d0,False,True,False,False
6bb562a683a98def,False,False,False,False
5aa7fb83b58b39a6,False,False,True,True
ebad5a67518e3399,False,False,True,True
4d5e92a2d79676b1,False,False,True,True
0164236c70c64d97,False,False,False,False
0d51373b0767c35b,False,False,False,False
0d4c094c372291a9,False,False,True,True
c1323d7810d5a37c,False,False,True,True
8feca5616804824e,False,False,True,True
44a57f3195e933d7,False,False,True,True
4bc540ebe48134f7,False,False,False,False
a83a6ca7dcae4314,False,False,True,True
a87cc5c9ef2720e3,False,False,False,False
1f8a250839723097,False,False,False,False
4dd2445d31fb058d,False,True,False,False
1213f0a87006902c,False,True,False,False
bb3ca7e355a74e24,False,False,True,True
fe2c6a6217a2fcbf,False,False,False,False
6eb38de46a95afe4,False,False,False,False
4284291102acd5cf,False,False,False,False
4dc880161d45a8e4,False,False,False,False
2a2333d284536773,False,False,True,True
403655e6d824c77e,False,False,False,False
086f4f58dc435197,False,False,False,False
c1c18775791ac4ae,False,False,False,False
9add089e125478dd,False,False,True,True
5e5f11a51feb534f,True,False,True,True
e04eee7ddddd1956,False,True,False,False
2165d30ae608eb03,False,False,False,False
93f54be464822a7b,False,True,False,False
aa1fc082d7bf305b,False,True,False,False
29caa70aff120c1c,False,True,False,False
2bd3a855ecb37ef0,False,True,False,False
3f37976aad7a64d6,False,True,False,False
049345fe966a9653,False,False,True,True
f0d8d617bbf5cf41,True,True,True,True
adeca342217317dc,False,False,False,False
b0778c00d1545ca7,False,False,False,False
0fef552534bf3571,False,False,False,False
8e9c2d5d8eb9a9a1,False,False,False,False
4578ebd596fad759,False,False,True,True
1f2d989673c30fa6,False,True,False,False
6dd4b643998e27c4,False,False,True,True
dff220f091b4ce87,False,False,False,False
420253ce37874e7c,False,False,False,False
1bf9113902e4f709,False,False,False,False
65415124310f926a,False,False,False,False
6a353e32a2f40ca2,False,False,True,True
36dc7a567bd81e58,False,False,False,False
08b0df099a2ccea4,False,False,False,False
0103bae8a865000e,False,False,False,False
b3d5ebcd64fc5b3d,False,False,False,False
f69f537437297f45,False,False,False,False
ea589369290bf8aa,False,False,True,True
7909ee796fb57f0a,False,False,True,True
6865a526f3ccbc95,False,False,False,False
b5d0cf5f26896777,False,False,False,False
7dee1cbcea0cf18e,False,False,False,False
9ed58340e6a4e5a8,False,False,False,False
225323ad168f88b9,False,False,True,True
c2aba0e654fd9f72,False,False,False,False
010e7557254ad365,False,False,False,False
e948308a7fa888d2,False,False,False,False
11133fcd0a5ab7d7,False,False,False,False
450b56f07cc62834,False,False,True,True
0050d9877ae26586,False,False,False,False
41a6e50c1b18022f,False,False,False,False
fd3382cf8f737e3a,False,False,True,True
a044083780368ce1,False,False,True,True
c3a24dbf72def64e,False,False,True,True
608503c6a3e7eacd,False,False,True,True
ebdea97e29457202,True,False,True,True
962affeaf54bd483,False,False,False,False
e3a5de52f0da9dff,True,False,True,True
a3995f62561a5b0d,True,True,True,True
d871bbdcd33a21e4,False,False,False,False
56fb60d276b7be7b,False,False,False,False
0145dceeeb392782,False,False,False,False
4ae3060e57ebd031,False,False,False,False
a2d73d6a79d0c973,True,True,True,True
ee0da9c225ca7efc,False,False,False,False
1cce0fe77ab10348,False,False,False,False
38c2d39f31c9ac7e,False,False,False,False
3bdfdc6acdfcd2f9,False,False,True,True
cc502cf8b33d088c,False,False,True,True
1079752e8fe90b4d,False,True,False,False
fa79c150aac3cf77,False,False,True,True
4d12747a4dd52156,False,False,False,False
6f8626f5b313c4ae,False,False,False,False
8a80a2fc42bbe832,False,False,False,False
babb843cbce5db9e,False,False,False,False
581e011d5c37c281,False,True,False,False
01ac6cd971d2d94c,False,True,False,False
7e6f5a9a9b427c94,False,False,False,False
f6a8e2aea900fc19,True,False,True,True
76c936691b0ed101,False,True,False,False
bb17aacdf2e20d25,False,False,False,False
42f3e64455029238,False,False,False,False
201e4fb5b4322246,False,False,False,False
acd24167b7ba5f6b,False,False,False,False
23f6db1f614729f9,False,False,False,False
fc531447f30bcb24,False,False,True,True
df332e36ac511220,False,False,False,False
0d2e036475af25d2,False,False,True,True
9a1454cacafe5341,False,False,False,False
b28abd85993e08e7,False,False,False,False
dba947fc165f1a2a,False,False,False,False
dc203ce03faba30d,True,False,False,False
121b8109b22b0b19,False,False,False,False
1b3ba0662e5be364,False,False,False,False
93e9b675b9b82de2,False,False,False,False
b48b051c74b9a456,True,True,True,True
16afb0679ed691b4,False,False,False,False
0072a236dc49e176,True,False,True,True
49563ba9acd9c199,False,False,False,False
8f940b9e15a38e5a,False,False,False,False
c9c900003754f1b8,False,True,False,False
ee0419f2b193efba,False,False,False,False
967e3711dbeaefc4,False,False,True,True
05ab63d6f0d2bd62,True,False,True,True
25d303249d037fe0,False,False,False,False
1b5951cbee416f17,False,False,False,False
ajqsbtuhcf5zyu1q,False,False,False,False
uv1xr9kklmr43qyq,False,False,False,False
mdzff2xfguvgphp2,False,False,False,False
a6u21xikyooclltk,False,False,True,True
1b13d7d1237e5657,False,False,False,False
2eecf42cdff9a85d,True,False,True,True
8a1e3dc421bb112a,False,True,False,False
45ba30db99a7b878,False,False,False,False
dd0a24b579edb3e4,False,False,False,False
162226912d405a69,False,False,False,False
f91ecc03e05212dd,False,False,False,False
e686756e7c19c1ee,False,False,False,False
e61a30a2060aaa4b,False,False,False,False
75728f8d9ad01b02,False,False,False,False
23n4ud41o012vng1,False,False,True,True
e5i1n6h2a4u8s3gh,True,True,True,True
d3v7y5n8k2m1qabc,False,False,False,False
a64114296e418e05,True,False,True,True
eac70b24ab5bd024,False,False,False,False
a26f08b56e57de0b,False,True,False,False
0ca9d3f0a12e823c,True,False,False,False
22c1b45c28b8fe20,True,False,False,False
ab9dbc1f726cbda7,True,False,True,True
bd00121a83e3fd79,False,False,True,True
437870e902858607,True,True,True,True
4a8ce47ff4d3d666,True,False,True,True
46c1b17c0d2a50b4,False,True,False,False
46e160cb8534e6f6,False,True,False,False
883def1bf568e770,False,False,False,False
e83df5364b9df0e3,True,True,True,True
be783bcf808dfaee,True,False,True,True
8b3ac3ce5978ad46,True,False,True,True
2ccfa1adec580421,True,False,True,True
959b37c1ba151067,False,True,False,False
2df4d30847ace4f5,False,True,False,False
51358837c14e4c0f,True,False,False,False
bfe4cd7ec22e6888,True,False,True,True
aa108027318a8f59,False,False,False,False
1ba0746c05954063,True,False,True,True
93626599dff72522,True,False,True,True
2eb9469c9601b4f2,False,True,False,False
8e6d398e7722b6da,False,True,False,False
95c2a8a9029a5912,False,True,False,False
8819dcab1c16d33f,False,True,False,False
e289d37f0bc589c8,False,True,False,False
b6da58477344da52,True,False,True,True
d290ef5214c31eaf,True,False,True,True
d3b26135ce9b1207,True,False,True,True
5dee81fcf3ede3e8,False,False,False,False
bb028bf375b9884d,False,False,False,False
f3e19d822a396a9f,False,False,False,False
b32df9e0ff8ff86f,True,False,True,True
7fb9e20a93f22659,False,False,False,False
78849e72972e6ca2,True,False,False,False
46ecfbd6da34f6cb,True,True,False,False
bb705cb959cd41a5,True,False,True,True
9c51e420388ced5f,True,False,True,True
d2c34cb2a41bdf32,True,False,False,False
19475a88933a24a2,True,False,True,True
cd016479615620b0,True,False,True,True
de28da9d8d411311,False,False,False,False
82b6d7e6da291a9d,False,False,False,False
f3a3958bef708f57,True,False,True,True
b31f75e36bd1f051,True,False,True,True
1a44654b6241dbdc,True,False,False,False
8f771cc720355d9d,True,False,True,True
f70d05b566ae96b5,True,False,True,True
526a7fddc8b791a9,False,False,False,False
98b5df006358ef8d,True,False,False,False
1236893635ffbcff,True,False,False,False
7c52632c70adc514,True,False,False,False
e8e85f22731fbadf,True,False,False,False
636f0f8de2182631,True,False,True,True
4886e6ac908ce052,True,False,False,False
51526293dfcd4232,True,False,True,True
70040a4fec40d064,True,False,False,False
43c018ed88ec9280,True,False,False,False
c32317cdc290e7ac,True,False,False,False
5dec8f77f0b0737b,True,True,True,True
97f7662d930e233c,True,False,False,False
edfe04a5daf6bcc0,True,False,False,False
727dd0ecc57060e1,True,True,True,True
9a100aa9b2be1960,True,True,True,True
1a881a3f1126a391,True,False,False,False
d49b5b5bb5364ab2,True,False,False,False
0a4c71b3e84a8904,True,False,False,False
318e123f10f97fe8,True,False,False,False
29345c9ce504e1cd,True,False,False,False
d4c13cece300f08e,True,False,False,False
0ffd7a862363c6e6,True,False,False,False
7108c08ad5bf588f,True,False,False,False
441b50420d0a65bc,True,False,False,False
e49576ae2aa5fe61,True,False,False,False
e01ba4062acdf3d2,True,False,False,False
a94703a9d31c9237,True,False,False,False
668e9c94fb0fd238,True,False,False,False
50882f1dbf80390c,False,False,False,False
1c476887a1dce073,True,False,False,False
ac02602badc3cd52,True,False,False,False
d804ee128aa2334b,True,False,False,False
920fe4c91cc3e085,True,False,False,False
276d4c45cba406b2,True,False,False,False
fffe6c83581c16e8,True,False,False,False
a28244da1c8518bf,True,False,False,False
e65936b102d1d2ec,True,False,False,False
dee8043df55bee73,True,False,False,False
1513dafe9ccdb4bb,True,False,False,False
8a3eeac175d461ee,True,False,False,False
8b0fe86771f6416e,False,True,False,False
b3b25229a43a1d82,False,True,False,False
2ca13c9645f59162,False,True,False,False
79d3e095678acd48,False,True,False,False
4da5c7a39a2b02b2,False,True,False,False
9c80fc377c591315,True,False,False,False
a9b2452fa010fbe1,True,False,False,False
2ce3df2bfdf8264f,True,False,False,False
3218e7fcc31922bb,False,True,False,False
a967ef22af448591,True,False,True,True
bd686be0368d3ac6,False,False,False,False
a5ffc6ecafda4aa4,False,False,False,False
e57cc3d33a277c87,True,False,True,True
9b0a6d22888ec570,True,False,True,True
106ac66c6b2c1ead,True,False,False,False
27c28859f65bd660,False,False,False,False
b6cc329a0a4d223d,False,False,False,False
5e613b79540e38d8,False,False,False,False
28a2ec2a0eb62668,True,False,True,True
222fefa901d4dea3,False,True,False,False
d6436233c6c2c79a,False,False,False,False
8d4edf881db71a3a,False,False,False,False
1aa1941b0326735f,True,False,False,False
69c43cfaee7816f9,False,False,False,False
31bcba1be10d3ebc,True,False,True,True
4d2b78b12c0751d5,True,False,False,False
368a7f6b442e13cb,False,False,False,False
15d5d36d3aa2b964,False,True,False,False
9a82b7c79010e966,False,True,False,False
df9f4466f68207d8,False,True,False,False
aef8f326aa767c86,True,False,True,True
dd11cefd01e18101,True,False,False,False
7c04605d11e433a8,False,False,False,False
dd0095ba646097eb,True,False,False,False
2b0aa70d1bcea5f4,True,False,True,True
3ac89365cf6191ee,True,False,True,True
71a12168ef603c39,False,False,False,False
fce47249f71c9b27,False,False,False,False
8315b783388265ae,True,False,False,False
e61ece3cbc9b3b36,True,False,True,True
df3cb17736425c0f,True,False,True,True
8842d7a1afed6784,True,False,True,True
9753e36b8825181a,True,False,True,True
1fb1290ea5284e5e,False,False,False,False
5c6e6645b98da739,False,True,False,False
f408df8e1d397641,True,False,True,True
7619f08dfb364dd6,False,False,False,False
acd58bf740f845f2,False,False,False,False
0a7d0a44ca4b0331,False,False,False,False
f42707a7b4aec4f9,True,False,True,True
ea58853c15e4899d,False,False,False,False
5b4518b96902037b,False,True,False,False
2a20d28a29396e3e,True,False,True,True
24b25aae5c6ad659,True,False,True,True
99b9119e828a3714,False,False,False,False
a37622433ec3c18a,False,False,False,False
c6b498a3cd7e994f,False,False,False,False
4bbb73bc6ea9b1d2,True,False,True,True
2e144ca0c1747bde,False,False,False,False
e213259c9ee6f411,True,False,True,True
f2e15a04f4ee620f,True,False,False,False
e43ffe0a66d78235,False,False,False,False
409e1a777a8128e9,True,False,False,False
7da1ea40e3b2cbf9,True,False,False,False
6bfb2266ba5d63ad,False,False,False,False
e437b57fb4bddac3,False,False,False,False
4a25e3067bdae28a,False,True,False,False
a6a201b444379669,True,True,True,True
89f0ab8d361fa8b5,False,False,False,False
08cfa441ad52eef8,True,False,True,True
1dde18784769379d,True,True,True,True
b4334691f417e349,True,True,False,False
3368af9089cf5a64,False,False,False,False
e590dcf5cfc5c708,False,True,False,False
3c684a09feaaea73,False,True,False,False
d523ebfc44c8ddd4,False,False,False,False
a6140af39f207aab,True,False,True,True
6561a9b3c0931a9a,True,False,True,True
b201762c98e8b07e,False,False,False,False
63d2872e5623de3d,True,False,True,True
c7e101c54c9ad451,False,True,False,False
33b5bab033e537a5,False,True,False,False
db0973c02ad80b0c,False,True,False,False
47a880dfe486bf66,True,False,True,True
eaddfcd704a238a0,False,True,False,False
fa9e40e79dd70254,False,False,False,False
13857b8a921d9b27,True,False,True,True
3e850bcddd3d6652,False,False,False,False
25fbd8c9c45cb499,True,False,True,True
6b354fd8126a6628,False,False,False,False
654945e0dd26f0f7,True,False,True,True
67fa0e525aeec3fa,False,False,False,False
6873dd8390b4beb0,False,True,False,False
23776108911297fa,False,False,False,False
4978f750a4962b1b,True,False,False,False
6c80d5ffd12c2922,True,False,False,False
a5fab4378d6f376b,False,False,False,False
fd4d4b745e3d053e,True,False,False,False
ce3649e570c5bce5,False,False,False,False
ae8d367c92b463d8,True,False,False,False
76c4b94b0370b1ac,False,True,False,False
f645b833b7bef29a,False,True,False,False
ecc866a25b43a23a,False,False,False,False
70bb7c871c04aed5,False,True,False,False
ee1a965c811d4f71,False,True,False,False
dfde7d2d27b6e736,False,True,False,False
45f77ba92c409f22,False,False,False,False
dd62f73b752b12a8,True,True,False,False
7e685a5d232ba7be,True,True,False,False
66f2353ea52cde03,False,False,False,False
518c99a5eda82451,True,True,False,False
88aea23a274bf723,False,False,False,False
622a26991ad31ed2,False,False,False,False
44785bc61e0d3df5,False,False,False,False
61c1ec78f06702b9,False,False,False,False
a6b2bc9f68f8074b,False,False,False,False
91fa8fa95a8dd821,False,False,False,False
3ccce5644a898567,False,True,False,False
65abd9cc1e537315,False,True,False,False
77cd5098492eef74,False,True,False,False
a149be1c12faadbb,False,False,False,False
d802095de6da063f,True,True,False,False
6bae8871a3d4350b,False,True,False,False
5e5915fe6a5c839d,False,True,False,False
352e1f4ddd796e62,False,False,False,False
3224826f0e6a25aa,False,False,False,False
0b0c5b296efc7571,False,True,False,False
b10c84071a289f3c,False,False,False,False
3715f5695e2eb5f2,False,False,False,False
013e2a70803d3fe3,False,True,False,False
3d64277afcade38c,True,False,True,True
9151d7e1dc06effe,True,True,False,False
2ed22da9490a3f5b,False,True,False,False
ccf560ada609d332,False,False,False,False
f8b66e71651a9bb5,False,False,False,False
5ae77ece8ec96302,False,False,False,False
1f1bf912ca8b9427,True,True,False,False
4a6103353e454369,False,False,False,False
23030304b64acaed,False,True,False,False
cca7eab677b90e2c,True,True,False,False
37042b05a36316e4,False,True,False,False
83e404fb3d2495b0,False,False,False,False
ad514c2aaf303f52,False,False,False,False
b71480ab47259460,True,False,True,True
5abce45e825852f9,False,False,False,False
4791f1df8022b771,False,False,False,False
93cbc04541901cb7,False,False,False,False
139f23fb6607ab13,True,False,True,True
57a09300fd41326a,False,False,False,False
38b87995b0c8033d,False,True,False,False
5326c57ecb598c13,True,False,True,True
9eaa48b2329e3dca,False,True,False,False
74f185d7209e0862,False,True,False,False
6aaec1103a3f1a44,False,True,False,False
9873a0778be27711,True,False,True,True
bc7e4b1f6a865b99,False,True,False,False
bbe8c0599618cd8e,False,False,False,False
9adde05de8f50b06,False,True,False,False
56ea890b7bd0f3e3,True,True,False,False
0a04166f429b4ee3,True,True,False,False
accf29a2adc1a3f5,True,True,False,False
a0c7135f4e92f0e3,False,True,False,False
1ea96427aeef86fc,False,False,False,False
06100c499ad02959,False,True,False,False
e4f5f0f54c817ef7,False,True,True,True
c1f70c5b61e17178,False,False,False,False
1f9a3e2fd2e20f95,False,False,False,False
889094150daa031e,False,True,False,False
3003a89fd025176c,True,False,False,False
670e0e76d86d5e68,False,False,False,False
59ac7e148743e4ba,True,True,False,False
d6ff9ef528eca229,False,False,False,False
e518af1eebfa9b82,True,True,True,True
489230c2b21a2665,False,True,False,False
5a7b25b3582d1c42,True,False,False,False
671f527e4b76f30b,True,False,True,True
b6ee518d3517dd81,True,True,True,True
d5cac3e3227d7bb9,False,False,False,False
cb3b9aa6930e5ed4,False,False,False,False
413582f17528f6eb,False,True,False,False
e911b14ee91bdae2,False,True,False,False
01f802f0f1033dc2,True,False,False,False
7f410015aae53a33,False,False,False,False
84a3e8c738170ba0,False,False,False,False
eed982a957ba3254,True,True,True,True
84cd8776cbd9ed9b,True,False,False,False
a23a0cb48a09dd1b,False,False,False,False
c85e689aff479393,False,False,False,False
fc7bc40e0bee28bf,False,True,False,False
4d55ea9a5eec958d,False,True,False,False
e20c6a5b2c0ff0d6,False,True,False,False
72d64e1ae5fc6ea3,False,True,False,False
7999c80ec82ffd6e,False,True,False,False
b7e64fe9d1602190,False,True,False,False
e7b5dd40da98a272,False,False,False,False
3caeda8c95c30b4b,False,True,False,False
387a6e0171bc1a51,False,False,False,False
50fc23e4e187a4fc,False,False,False,False
56bfaf50feadcac4,False,True,False,False
4292c3323c7b84ca,False,False,False,False
98e514195899aff2,False,False,False,False
5dc418d1799cf294,True,False,True,True
787c13fb4bb0631f,False,False,False,False
069ae681543eec1c,False,False,False,False
650df6a68713ecc4,False,False,False,False
0865e44364c91048,False,False,False,False
545a4e64c4df9f53,False,False,False,False
3020958b4fd69a92,False,False,False,False
22fbaae327fdae2d,True,True,False,False
d541891ba34765b8,True,True,False,False
e8a75d9f59dcff06,True,True,False,False
f823ab1063446864,True,True,False,False
303247021533d2e8,True,True,False,False
3dc8aa3f2e4ade87,False,True,False,False
45050a55cbf637d8,True,True,False,False
20fc1df07b7d5b6a,True,True,False,False
d9f4ea76455ce629,False,False,False,False
6ad21d95ffe8f362,True,False,False,False
3633e8887ae68588,True,False,True,True
e09a8d0a93bfea85,False,False,False,False
056230950fc85b3b,True,False,True,True
1f39a1da6f02c2e2,True,True,False,False
c0be162507d35dcd,True,False,False,False
047229656c030007,False,False,False,False
3b791114ce57c387,True,False,False,False
d423d0d6b7b12dc6,False,False,False,False
162dacd4ac3db54c,True,False,True,True
e9ecd866a4aac28a,False,False,False,False
6c54a20814ed57d7,False,True,False,False
b78d867cfa4b3e70,False,False,False,False
32387793e33912c9,False,False,False,False
500695f196e28d4f,False,False,False,False
6a61b861fff7b3b6,True,True,False,False
8d6412f00a858e48,False,False,False,False
312ec9cd47c13651,False,False,False,False
49e2863907680fd0,False,False,True,True
5e4a9de84c309732,False,True,False,False
bc29e582c7f43ac6,True,True,True,True
2184e38e26b5433e,False,False,False,False
db2b502218948d17,True,False,True,True
1ac6a19a0e771752,True,True,False,False
d3b8a9bcd0b4d066,True,False,True,True
db369be6332da697,False,False,False,False
e131dba141f0e5fe,False,False,False,False
4433b516464e331e,False,True,False,False
4282468adcc362a9,False,False,False,False
1c78988f90d68f3e,False,True,False,False
17bc27b52ff1d53f,False,False,False,False
2315865445bdf541,False,False,False,False
7b8732191a970a18,False,False,False,False
10b6fe713c6a82ff,False,False,False,False
61f4279b106514b4,False,False,False,False
3addc60d6071035d,True,True,False,False
f10b49cb37d306e3,True,True,False,False
d653973d69eb9497,False,False,False,False
e56e04cbbd0c9acc,False,False,False,False
5e757ff1a7508772,False,False,False,False
f640680f27015e17,False,True,False,False
76cf9230e0b962b1,False,True,False,False
c474c4e71256dbd3,False,True,False,False
4c7dec00e61e8301,True,True,False,False
2fe077ab2cd464f6,False,False,False,False
a560a6bcc796880b,False,False,False,False
766386a55f229b02,False,True,False,False
b314603acdb2fac8,False,False,False,False
602acbc42115ab79,True,True,True,True
badc13a5cfafe2a8,True,True,True,True
c433d2b579a15a03,True,True,True,True
3249cd2fdfc3b9e1,False,False,False,False
a93020a531014a28,False,False,False,False
e3b6af4f9f378eac,False,False,False,False
e7b938b622cf7430,False,False,False,False
9958860bc8b02135,True,True,True,True
0cd2648d509ebf57,False,False,False,False
65d68e61dd4297d8,False,False,True,True
16ee7306c209201c,True,True,True,True
da3548fd1c2b96a3,False,False,False,False
5f251152a1832d9a,True,False,True,True
8b486a0c271f9f21,True,False,True,True
05a52287977bda88,True,True,True,True
65f32cc8bb50509b,True,False,True,True
b46f01c402afd44a,False,True,False,False
ccf5627240562296,True,True,True,True
936984122348d7f4,True,False,False,False
ddbcee9299fa43ac,False,False,False,False
abda11eae5565e96,False,False,False,False
14ec2501177b324a,False,False,False,False
97abbb512a989685,False,False,False,False
f1e8fb5031c5c3d2,False,False,False,False
6d531081db62976a,True,False,False,False
dd5b152e32b00b0d,False,False,False,False
1a6996dd63c52ae7,True,True,False,False
9761eb4dcf88f056,False,False,False,False
84423802ca207c8f,True,False,False,False
bed0a975be8cfa34,False,True,False,False
8bdb0ed9e1d1c4ae,False,False,False,False
996c007cdeed3010,True,False,False,False
7223f14adbdffaf7,True,True,False,False
213d5f2e1185ab02,True,False,False,False
fc48c006acc5e7af,False,False,False,False
be707ec7f46e563d,False,False,False,False
5ba31db0d651f98e,False,True,False,False
dd27994c5771ce9f,False,True,False,False
45b3c9f2d82c37f8,False,False,False,False
59d05a36cd8190f9,False,True,False,False
f59fca4a3044831b,False,True,False,False
ee08068122b324f4,False,False,False,False
79620db17ad466af,False,False,False,False
c9e4730af48d6636,False,True,False,False
3a78fd1526ed4051,False,True,False,False
2d37fd1ab98f546b,False,False,False,False
0e534dd46e029c8b,True,False,True,True
ed568c4ff159ae86,False,False,False,False
ddcd298ec0ab067e,False,False,False,False
c95efa3f4fd9b270,False,False,False,False
c90c14d865f2a112,False,False,False,False
3b44d469e6d56eff,False,False,False,False
4e9c46011e06679b,False,False,False,False
9803707383ddc78d,False,False,False,False
7372de352f6b9eca,True,True,True,True
285ce8ec68d3c58e,False,False,False,False
33b7a3caa8b6346a,False,False,False,False
000a6e9afddcd091,False,True,False,False
1265a0b2d9a31224,True,False,True,True
ae9ab4743349803e,True,True,True,True
635af047d72c40e0,False,False,False,False
41e38483a1ae0123,True,True,False,False
b36bdd5783402613,True,True,False,False
85beb379d23aa748,False,False,False,False
91de261224e1634a,False,False,False,False
cd1972b27e3ef465,True,False,False,False
8f1ab7cd26e597e2,True,False,False,False
f806e7bce442e256,True,False,False,False
28e9fec498d85bf4,False,False,False,False
cf17016ae6b0db12,True,False,True,True
8e84be5516c4f8fc,True,False,False,False
7ec13d833069ecfc,True,False,False,False
ba68c8f8a0f16eba,True,False,False,False
6643c994a1545bc5,False,True,False,False
774876cb4843d527,True,False,False,False
2753ddad75ac2f27,False,True,False,False
72c1a22e42e790e6,False,True,False,False
00fc2407ce671fde,False,False,False,False
38d6c0c01741205d,True,False,False,False
b5604ab9a71abca9,False,True,False,False
c1f36bc7a98522d9,False,False,False,False
b4161b2f3b324124,True,False,True,True
343798838aad61b9,False,False,False,False
3c5ac50e32d04754,False,False,False,False
3f825c93622e9c9e,False,False,False,False
ceb7ce049fa508bf,False,False,False,False
89f3fe1f19c03d01,True,False,False,False
1c9278ac8a8f121b,False,False,False,False
b19eb94612d8c3e7,True,False,True,True
3accedc2e2c131be,False,False,False,False
08cd09f2cb8c3de1,False,False,False,False
7615a72f6366581a,False,False,False,False
8b258d0bbf899166,False,False,False,False
85ed600d785c1379,False,False,False,False
7311ca25eda1f0d3,False,False,False,False
ded65c6387829058,False,False,False,False
1a2a9ee227abb92f,True,True,True,True
07eceada55d2c028,False,True,False,False
11134c2271ec7fd6,True,False,False,False
9be02a98266ff0ea,True,False,False,False
8229fb19e8d67beb,False,False,False,False
aab2493f2d3bb955,True,False,False,False
f1ae6fef8e3cf933,False,False,False,False
2ad88619afc54057,False,False,False,False
e5c25dbd29a57100,False,False,False,False
23f3bdfa6ecfd3c1,True,False,True,True
206baf28acde6205,False,False,False,False
eeb29d832b143311,False,False,False,False
c9fef12d00d0d214,True,True,True,True
f915ec6a4137848e,False,False,False,False
2c2f8b5b351ec4f3,False,False,False,False
0d6811457c169547,False,False,False,False
db913943945cb174,True,False,True,True
19542eebac6f47c2,False,False,False,False
2aeef0f380b909f4,True,False,True,True
12ec49670beff896,False,True,False,False
2608845fb0cf3246,True,False,False,False
7956d63d82180a9c,True,False,False,False
436eedecc2b19b67,False,False,False,False
1d0254b9b31ccccc,True,False,True,True
7b9ebb0db5d8d7cf,False,False,False,False
1691e822e722c64e,False,False,False,False
ffb0c94807bf30a4,False,False,False,False
707a7de6850f5c92,False,True,False,False
f1cdd0bffb7c18f3,False,False,False,False
1fce3c0bd36744c5,False,False,False,False
92908a0180edae7b,False,True,False,False
5899a3dc3bebd3a0,False,False,False,False
c086c72f7daf4ec1,False,False,False,False
c472f21339c1d4b0,True,False,True,True
82b02e4e3106b9e6,True,False,True,True
388947ab928e510d,False,False,False,False
bdc66640305e7034,True,False,True,True
4ceee6a22d83a527,False,True,False,False
ac1fffe282613f7c,False,True,False,False
411dc49f44213218,False,False,False,False
3bbf1011cafc0cc5,False,False,False,False
91b4a6a0fea82028,False,False,False,False
b1edde4eed1ac2f8,False,False,False,False
0a28ec2479e85a4a,False,True,False,False
9b5560612bcf9284,False,False,False,False
8fb4a2daa7ecfab7,True,True,False,False
65d8cb8ce03bf9c6,False,False,False,False
c81f3c4fd5c91c6e,False,False,False,False
ac640d2ce1ea8280,True,True,False,False
258d219c578ef409,False,False,False,False
3706b7f529faaa82,True,False,False,False
1387252e6101002e,True,False,True,True
77914e7a4716e761,False,False,False,False
cf5b921a84036b2d,True,False,True,True
470369bd0682f3cc,False,False,False,False
6c5fe7dba2683da2,True,False,True,True
427099a384424c37,True,False,True,True
4582eb4fe403eb48,True,False,True,True
119740b899b99302,True,False,True,True
32e4f39f21e8dbc2,False,False,False,False
75cccd13fb03b6cc,True,False,True,True
2a73927c4c436aa6,False,False,False,False
70087d01c66ef44a,False,True,False,False
bf8eba4e22e50959,True,False,False,False
aa2423624dd0e1bd,False,False,False,False
d9ff1031f64831d2,False,False,False,False
6bfd7e6b9fe20165,False,False,False,False
85e173a684986c46,True,True,True,True
3d8f251723c3d6fb,False,False,False,False
8a384e3a77f182c5,True,False,True,True
c0e296448dc572c0,True,False,False,False
bf4c68528c345406,False,False,False,False
2bc28067c54fb8a0,False,False,False,False
07efceb7bd2a17f8,False,False,False,False
e5145e0e0e0677a8,False,False,False,False
ac99ded53fd08697,False,False,False,False
0212e27bee7e0d43,True,False,False,False
95527989a034040b,True,False,True,True
67835cb06e090b7a,False,False,False,False
246b1a2a31127bda,False,False,False,False
48e018486f681b22,False,False,False,False
69e274ab1f29710b,False,True,False,False
889dff49e36496d7,False,False,False,False
ec8cad524852b22c,False,False,False,False
82286f3a888d451f,False,False,False,False
ff782589d15bf583,False,True,False,False
689b75e44129be3f,True,False,True,True
f7c477e6468878d2,False,True,False,False
87e36ae2233ea225,False,False,False,False
f2f20aad0562bbbc,False,True,False,False
96004bd2d8c654a1,False,True,False,False
4477b57b8ebc3f70,True,True,False,False
ffc9dadbeda96128,False,False,False,False
4662dd7a17735c04,False,True,False,False
ad36f006462f6444,False,True,False,False
faa4f2e94a33d4e8,True,False,False,False
7f8929bdcdde701c,True,False,True,True
6707135ff9f290f2,False,False,False,False
61726a9a18fe143c,False,True,False,False
73c65bb0b592b40b,True,True,True,True
d2a1f41ecc63b564,True,False,False,False
015712a529987399,True,False,False,False
f1243ccf12afda9a,False,True,False,False
feaa919edd54801e,True,False,False,False
b8cebdef1dadc9a5,True,False,False,False
dd71fc16a16099c3,False,True,False,False
af8ddf9d11f38729,False,False,False,False
d66915ac9f6cb7bd,False,True,False,False
d011cbd237f31f50,True,True,False,False
75c38f9691b28e62,True,False,False,False
5c2f594cf20f4622,False,False,False,False
e8a9ef11109242f3,False,False,False,False
6574de7fb15930c3,True,False,True,True
a5a6bcff48592dde,False,False,False,False
a87913b67f0c079c,False,False,False,False
207d2f3c8b943649,True,False,False,False
f6b5b29468ea2b62,True,True,False,False
5bb0847ccdfb24cd,True,False,True,True
bcd1a64d87f4307e,False,False,False,False
d2206554cc5b3e62,False,True,False,False
abdcc4aa2e5674b3,False,False,False,False
efb0227fef9ad429,False,False,False,False
2c0948a4ba267989,False,False,False,False
c3f76aa0065c0bdc,True,True,True,True
b997aa063773baa3,False,False,False,False
0088adb23d162094,False,False,False,False
f17f0325020cf0db,False,True,False,False
48f2f2535ad017b5,True,False,False,False
0de4222329ce8598,True,False,False,False
b2a776a506d1eb9c,True,False,False,False
696f57c4eeb7bbf8,True,False,False,False
7e3385a3c74fa501,True,True,True,True
8d81443bca6f0248,True,False,False,False
b31e17f713274403,True,False,False,False
e997b75a05a0e5a8,True,False,False,False
16e0e2033ba4091b,True,False,False,False
96f29f946bca4864,True,False,False,False
73714f8a4f8c559b,True,False,False,False
705ea7dab627312f,True,False,False,False
7632c3a485b96580,True,False,False,False
08ae8749937bd24f,True,False,False,False
f54006e2d5b2cd54,True,False,False,False
d53470d1cd9a4ef2,True,False,False,False
17904833c223acd9,True,False,False,False
5a6e4df1c7b8030c,True,False,False,False
8ded8fa34364cefe,True,False,False,False
62f5e034968077f1,True,False,False,False
a0b05de3a1a69c55,True,False,False,False
9021df7fcec057cf,True,False,False,False
957b33eadf6370cd,True,False,False,False
1ed49df561616a8e,False,False,False,False
731b10f666c6af41,True,False,False,False
dce4e660e331b126,True,False,False,False
17ba7b46912f3fc4,True,False,False,False
299abcbdc147d11d,True,False,False,False
bcab650a3cb7f055,True,False,False,False
ee8147d063e14aa9,True,False,False,False
06135ecb075a59b7,True,False,False,False
59e8b360192edbfd,True,False,False,False
4ffd922c9aca5e32,True,False,False,False
6b8159b43430f532,True,False,False,False
48c3cdbf4a54ad92,True,False,False,False
3c0373449a40f593,True,False,False,False
6c919aa9c2da454f,True,False,False,False
d17de77a20570ab3,True,False,False,False
3bb896d1112d3f48,True,False,False,False
ed98fd3e606d34db,True,False,False,False
57ea3bf15f2c9fbe,True,False,False,False
699e8344c61921d8,True,False,False,False
6bda08677e1570c2,True,False,False,False
0aa5e00c8e113c28,True,False,False,False
c625cb9e0670e1b2,True,False,False,False
21f73d74180f4580,True,False,False,False
5fb3139b9b70ef72,True,False,False,False
c6a67447e6974883,True,False,False,False
b475e29da744d055,True,False,False,False
a39e0df49b0da79c,True,False,False,False
3bbeb420ad574894,True,False,False,False
284ec350746422ed,True,False,False,False
27a03cea091b2aa4,True,True,True,True
3d50afc4012985ef,True,False,False,False
06465c7941500efe,True,False,False,False
90e12a0723636ea4,True,False,False,False
9af2ce655dac1ec7,True,False,False,False
4b5bf54638e3a4c8,True,False,False,False
ac52c57022039edb,False,False,False,False
498171910545b146,True,False,False,False
492a15701415fdf7,True,False,False,False
337dd2711976b4cb,False,True,False,False
9ec385565fa52e3d,True,False,False,False
121f0b96d6f6cc13,True,False,False,False
d5f3134ddb9d76f2,True,False,False,False
a7e780800ac2e79d,True,False,False,False
c3b6719d7ac49382,True,False,False,False
6d9895991191b450,True,False,False,False
28b931770ea389d5,True,False,False,False
2758245ad6160427,True,False,True,True
efe236bcd40f173f,True,False,True,True
d09ac4403d4d5de4,True,False,False,False
25ceb22b31d7be71,True,False,False,False
83d30912d6d8ed35,True,False,True,True
5731125a2e0c934a,True,False,False,False
5e4e39ca2331f2b8,False,False,False,False
b5c38e14250d1496,False,False,False,False
770e90a6af40e9b9,False,False,False,False
a728b1138c614fc6,True,False,False,False
80a61e8efef8b650,True,False,True,True
ef193b0bebf33488,True,False,True,True
40df0a4496e30ec1,True,False,True,True
bc463bf7cafad189,True,False,True,True
8ba53eb1a1806045,True,False,True,True
fe1d0d05e97e2805,True,False,False,False
27cecb357cf1f48a,True,False,False,False
d49d031a24e23c98,True,True,True,True
230f71427fe4d500,True,False,False,False
bae323c4fa3b8ec9,False,False,False,False
4fab389decfa0d1a,False,False,False,False
a0619e17e3ed08bc,True,False,True,True
271370b012fdb653,False,False,False,False
dcae6ec2330ce308,True,False,False,False
129b113f74400279,True,True,True,True
6f960827db451162,True,False,False,False
349d6fc4fba4a3fb,False,True,False,False
9f4bb52439ab73cb,True,False,False,False
d6e15b1099fe59d6,True,False,True,True
428933395778e0ca,True,False,False,False
fea89b9a7043984c,True,False,False,False
383e2f53da123dfb,True,False,False,False
df86fd3a4e8d5590,True,True,False,False
ae7d1a4db63d1c63,True,False,False,False
b013e5e3a739d13c,False,True,False,False
5cb6e0af2d0e5a46,False,False,False,False
af1a928529b86648,True,False,False,False
00d4ec54d3313b30,True,False,True,True
6a98a1b67cec40ee,False,False,False,False
626554d29eb8503e,False,False,False,False
6fee1555ebbe0990,True,False,True,True
e853fc92b156c3b0,True,False,True,True
abccabede1778132,True,False,True,True
8cccfe652003f993,True,False,True,True
3ef21e16007f7299,False,True,True,True
76587a924b9b5ceb,True,False,False,False
bafaa3d81a3c3edb,True,False,True,True
93790fcff2178a8a,False,False,False,False
42dd9ef82b51d860,True,False,False,False
3adf02c58bf0787a,True,False,True,True
fde2b959e1861174,False,False,False,False
023ab1516cff1874,False,False,False,False
243d935ab67a2b5f,False,False,False,False
73117bd95bfa8119,False,False,False,False
487ad6a73bbf063f,False,True,False,False
a9cb5bc37e5d0c84,False,False,False,False
7b2a3ef9106a8e64,False,True,False,False
134a40fcec438bff,False,False,False,False
4474527fd03d1e00,False,True,False,False
b46e59c4201cbfbe,False,False,False,False
ae17a1ec01c16fdc,True,False,False,False
ccbb9a3c600e2986,False,False,False,False
3f07a0aa7d1c46bf,False,True,False,False
51f672601cbb41ad,False,False,False,False
ce09ec1ce0eff90e,False,True,False,False
012b4c2134af4fdd,False,False,False,False
7437a37626a26525,True,False,False,False
2090cfdbc5d9658c,False,False,False,False
f3fd7ee808297e3c,True,False,False,False
825540ddf49a8849,False,True,False,False
8fc2b6fec9d6c863,True,False,False,False
94d0f69b2b96b957,False,False,False,False
65cf612ab5857aaa,False,False,False,False
5ec47e2fdea968b8,False,True,False,False
e2407022ac0eae66,False,False,False,False
9da2f90c2dd97b96,False,False,False,False
e4b0464ec8300bc4,True,False,False,False
0594c1ff25531a94,False,True,False,False
52ab032e71b6c49c,False,True,False,False
b27fccc8e979db2b,False,True,True,True
0b1e277cc96efaa1,True,False,False,False
6aebac64f1c646c7,False,True,False,False
6a695ccc2d39c9c4,True,False,False,False
7ed7556113cb640b,False,False,False,False
1a6f5932b59a80f4,False,False,False,False
ee3c00eb05b39e76,False,False,False,False
d78bf1fe37d68fad,False,False,False,False
90c8ec4c8cbe347a,False,False,False,False
a8d063dafc66398e,False,False,False,False
f6bfd09bc319dbd4,False,False,False,False
6232a0a265663957,False,True,True,True
0be8c24183ff8382,False,False,False,False
3e95423d3e2eea49,False,False,False,False
3631163e4f24dda2,False,True,True,True
0080a606f4063aa3,False,True,True,True
084126044febb2bb,False,True,True,True
c7087c27e039ac88,False,False,False,False
eba56014bab8e9e1,False,True,False,False
fe2513c7b0e7bec5,False,True,False,False
250ead9cf20706b6,False,False,False,False
0597b21906651588,False,False,False,False
f8aac8c5ac77108b,False,False,False,False
9aee1c00da602a54,False,False,False,False
e233273c41923ef0,True,False,False,False
574803aa3c04506a,True,True,True,True
d815d51954d95dde,False,True,False,False
42125f015bd81d8a,False,True,True,True
e601be3d5c49bf12,False,False,False,False
64ff5c8061a297a9,True,False,False,False
edff1a7b469255ec,False,True,True,True
7dfbd787f73a6d7b,True,False,False,False
fdb4953f263ff2b5,False,False,False,False
9f6694c92f6eeee5,False,False,False,False
b9ed883b1a63751a,False,False,False,False
fcaeccf8d8949d6f,False,False,False,False
198736c4e66abe32,False,False,False,False
5fdf5e2aff0031f5,False,False,False,False
8c66e47845962c4c,False,False,False,False
d6f8428f4e962623,False,False,False,False
0936ead05c19e25e,False,True,False,False
2f9d521fd8ceac4a,False,True,False,False
ef63a556c3d7a465,False,True,False,False
278fda2ed634c09e,True,False,False,False
ca530c64e7479959,False,True,False,False
f4bcdcfd7f95eeca,True,False,True,True
e625ef2327cc2e79,False,True,True,True
cb8797317bcb888e,False,False,False,False
e8d26c1dfd83c425,False,False,False,False
437b8e767bbf3e1e,True,False,True,True
11c90ed8d87acae7,False,False,False,False
649eb1b2e2b21bde,False,False,False,False
3e43d118b8e6ff5b,False,False,False,False
f20663b04a4d2da4,False,False,False,False
20fcd2b13972a178,False,False,False,False
5b2b3d0e49b6ca1d,False,False,False,False
04c7224e426ac1db,False,True,False,False
a9d13306a0f4a83c,True,False,False,False
7929434385f269af,True,False,False,False
d02ae073d66ec0d6,False,False,False,False
04f957577115b6d5,False,False,False,False
a1d58cea2dedd3af,False,False,False,False
20ca2a5f86b8bcf4,False,False,False,False
e2c71861088e47f8,True,False,True,True
91ce34f395495455,False,True,True,True
b2c0ecd87776e579,False,False,False,False
f952f935fd030fa5,True,False,True,True
3f01cab67028ae56,False,False,False,False
f8fb166ee4ba7d86,False,False,False,False
983947434eb8cd1d,False,False,False,False
814d91777eb07703,False,False,False,False
24864f2726446882,False,False,False,False
86bee36712d1acfb,False,True,True,True
982b5c06b5690490,True,False,False,False
44456e5fe9c68520,True,False,False,False
4c0720331039bd50,True,True,True,True
3f248b3c3258c99d,True,False,False,False
bf627170b65464b5,True,False,False,False
e2fd5b1c4ebfcf62,False,False,False,False
938a38f689ab9b2f,False,False,False,False
ff2301c9c7cd38f6,True,False,True,True
28fd8517c4555dcf,False,True,False,False
4030c63e5144119e,False,False,False,False
5a21b28900ad6573,False,False,False,False
f56328f5455e3a41,False,True,False,False
ec90dc6253bd0530,True,False,False,False
169d4bc5100176d7,False,False,False,False
da51fdb6db49feca,True,False,False,False
1c1a7f620b29d3c2,False,False,False,False
9a349b43c2c7f1d3,False,False,False,False
fe1da792fe449ce8,False,False,False,False
1132a0e34a0ed6aa,False,False,False,False
2a556a91aa8a7b58,False,True,True,True
a0b20704314632f3,False,False,False,False
6b6c7861a36d2b20,False,True,False,False
349229d46386408c,False,True,True,True
643bfac0a01fd755,False,False,False,False
254de2c2fe5bd3e9,False,False,False,False
fe1fe483d88c3d77,False,False,False,False
ece42a4b4820883f,False,False,False,False
3064196fa212ca62,True,True,True,True
c05d054743a1df4b,False,False,True,True
734abf9576ece532,False,False,False,False
ff641f6f689245fb,False,False,False,False
77ef802abcee14e4,False,True,True,True
f813bef87e4868c9,False,False,False,False
c2869ee87b22c540,True,False,True,True
040ed03dc3f42b43,False,False,False,False
1d9da1cf2bf32f39,False,False,False,False
34079496b3a005f3,False,False,False,False
8054b59c5051863f,False,False,False,False
c63232aebc837da8,False,False,False,False
be0e5ac09d55fdd5,True,False,True,True
33fcc585990f740f,False,False,False,False
6a2cc1a631665706,False,False,False,False
2fa2573f87fd3811,False,True,True,True
fa7864fe9600553b,False,True,False,False
e1671a5f2ec04184,True,True,True,True
d1c9167780d6997d,True,False,False,False
23793e8202b69da7,False,True,False,False
41cbe7c8fe5054b5,False,False,False,False
7e86b1fbec13e49e,True,True,True,True
f94bc4f08a62d171,False,False,False,False
c68d494d925b132d,False,False,False,False
b015ccc4470d8e8a,False,False,False,False
8864382c49f1c225,True,False,True,True
f2663182a294d662,False,False,False,False
b8b9a3fb7c7fe3d9,True,True,True,True
b65949a957ab9e7f,True,False,True,True
747b40c9af82764a,False,False,False,False
7c3206881f3a0491,True,False,True,True
d987a774d7920be8,False,False,False,False
1319fbc9223db071,True,False,True,True
bc559b8adeba0ef1,False,False,False,False
135a9c3901197133,True,False,False,False
953a76aa6bec2901,True,False,True,True
1c04cad92bcc8288,False,True,False,False
a65c13b0f6846032,False,False,False,False
00486ce80f0870d3,False,False,False,False
fd371d44193e0114,False,False,False,False
ac654a12806eb536,False,False,False,False
4945128fdeffa232,False,False,False,False
94b46046bf68fa02,True,False,False,False
b540c86ca9455975,True,False,False,False
cf9ed58fa2886480,False,False,False,False
2e9f08f625f51df9,True,False,False,False
13e3ecf09821dbc0,False,False,False,False
3bc2a2581ba7f803,True,True,True,True
415c8312d0c76e9b,True,False,True,True
5da7b5cbe2eb37d8,True,False,False,False
177025458f5df4c7,False,False,False,False
03088ef737a5cb63,False,False,False,False
32e8b42aead2dbfc,False,True,True,True
eeb8828add74cebe,True,True,True,True
990a43567feeeb63,False,False,False,False
c90800b05eb5c1cf,False,False,False,False
772124b4c18690c1,False,False,False,False
0cc1442f540c6204,False,False,False,False
8c38f6896492be53,True,True,True,True
9a0453c6479f5dac,True,False,True,True
188cfd7b3e8ca0d5,False,True,True,True
baeff39ff8b909e6,True,False,True,True
ed0f0bd0fed8805e,False,True,False,False
75179cdc9a893d5c,False,True,False,False
5e3f47b588bc1c39,False,False,False,False
a2f60c79d740b41a,False,False,False,False
e72fcf3c64f6c2c0,False,False,False,False
1292692ffc6f74f7,False,False,False,False
50ab39f349d541d4,False,True,False,False
1687676ecedfe58b,False,False,False,False
b69975b24339f542,True,True,False,False
6152547acf39af46,False,False,False,False
55c5e2322e878fbf,False,False,False,False
9c622ec306524104,False,False,False,False
06e28a6ade197ef8,False,False,False,False
46b588e13b7a8ec9,False,True,False,False
3526427913868b30,False,True,False,False
23b931412c9e288a,False,False,False,False
43eeb331785f2925,False,False,False,False
e3bf8fa09b70dfd9,False,False,False,False
18b204be3cfb1639,False,False,False,False
c5ccc83449c4221f,False,False,False,False
c09eb6a3456ee7e2,False,False,False,False
4e9ba538827449d6,False,True,False,False
2382ffa2a4911ed5,False,True,False,False
cbb5b628c0cb1c84,False,True,False,False
02ad61f414cccd4e,False,False,False,False
1b2daf6055a0ff31,False,False,False,False
0d1f7385b12e9d66,True,True,False,False
6dcc6e89c9fcb5a0,False,False,False,False
332223e58e194dae,True,False,True,True
c3c39b908c197dc0,True,True,True,True
16699878d4a92a58,False,False,False,False
ad8a2134bd0f8a71,False,True,False,False
c98412adcc886a2b,False,False,False,False
063ac2cf1a31b655,False,False,False,False
9b0f7a414c2f5d47,False,False,False,False
f4205cb8788d5d7c,False,False,False,False
238545c29b25da17,False,True,False,False
a525c23351a2a74b,True,True,True,True
c8a4b5d02ddb7045,False,False,False,False
3f7b82e01af595b2,False,False,False,False
2b1789c57e611dcd,False,False,False,False
19cfc0f93028c02a,False,False,False,False
68c045b2ed38e9f6,False,True,False,False
06a2d2e56377ba61,True,False,False,False
dc1ef7ce928851b3,False,False,False,False
1f2430fb767a1798,False,False,False,False
54c89951b8e2df2e,False,False,False,False
4109919cd411587b,False,False,False,False
1eeeb4020e136fd1,False,False,False,False
c6e9c2cad3ba5770,False,False,False,False
845ca53c99b13feb,False,False,False,False
8b1bccd6bd8b0efa,False,True,False,False
379d972b4e37834f,False,False,False,False
ec0dbc9d8af1fcce,False,False,False,False
62d16d253d62121f,False,False,False,False
a15af543be4c627c,False,False,False,False
27e043e6efb27287,False,True,False,False
66e92c6a62eae64e,True,True,True,True
3ecf8d55aad3a4ff,True,True,True,True
bba457e64d7cefc2,False,False,False,False
2827ffdc601f94a6,False,False,False,False
b0fcbe28b67d091a,False,False,False,False
d4c0c01786d23699,False,False,False,False
eb50fa1d215081e9,True,False,True,True
d2b0d60d01af5588,True,False,True,True
5b025ee3ce47f9da,False,False,False,False
0a303f58e759fe86,False,False,False,False
849919cadac2f236,True,False,True,True
4b74a7bd72b7f3b5,True,False,True,True
113f81fbd8aa52b7,False,False,False,False
b6f58622e7cc31ca,False,False,False,False
876f0af858efcea2,True,True,True,True
683127e291d5a175,False,False,False,False
ee633a7437918987,False,False,False,False
01b798cdf26b57ef,False,False,False,False
1e5e63951ed8c865,False,True,False,False
0c2a90fdadf58cd1,True,False,True,True
2aa2ce8542f94d96,False,True,False,False
b42a10a4f4f53896,False,False,False,False
b234e445eb1408a9,True,False,False,False
0c9502551cf0887b,True,False,False,False
2e60406c5a74e11d,False,False,False,False
df63a7c2353a5782,False,False,False,False
506f1c36363d0e22,True,False,False,False
f73ba8e2b437659c,True,False,False,False
46162dcd2dc6d946,False,False,False,False
59822e5b9630f791,True,False,False,False
c6cc63ae80875639,True,False,False,False
0d9a3712df012702,True,False,False,False
583f19b7dc3e1f10,True,False,True,True
1dadf9460ba42363,True,False,True,True
7b0411c04c284878,False,False,False,False
0d3235dfef1efa74,True,False,False,False
6d1c12baad836960,True,False,False,False
edb808f4986ff516,True,False,False,False
090ecd4b3ffc3239,False,False,False,False
c14f1e471897cb74,True,False,False,False
b962ba74110bad45,False,False,False,False
62872e709137e73f,False,True,False,False
dd9fa1a77f3e76e5,True,False,False,False
5c2bff6cacac84a6,False,True,False,False
99c6e760a6c4830f,True,False,False,False
67c749301b47361f,True,False,True,True
77355c4529b8b877,True,False,True,True
031a5d0aba49c7cd,False,True,False,False
f9aa01a63b4ce697,False,True,False,False
06c40bc44d3cad91,False,True,False,False
3da5b06015097f5f,True,False,True,True
51422ec008a88e76,False,False,False,False
f4a073f2328d1418,False,True,False,False
4bddd7f7e0dc6913,False,False,False,False
d5fee3a203a3e222,False,True,False,False
f82331afde6d53ac,False,False,False,False
c7096954e597e9e9,False,False,False,False
1c16bc086c3f047d,True,True,True,True
93ae8caff0a15fba,False,False,False,False
3070e3a647d8b94b,True,False,True,True
68df1f481cb0cdf3,True,False,True,True
c29604e22d040970,False,False,False,False
8f4eb27094e8c364,False,False,False,False
df5e58836af64164,False,False,False,False
07f89e027849d7d0,True,False,False,False
1978b1c70590693a,True,False,True,True
8919f47f116ba5c3,False,False,True,True
fa33d752bfeeac61,False,True,False,False
c7cfd18293efe2be,True,False,True,True
c5c66f66a31c0cf6,True,False,True,True
4154c30efd78e8d8,False,True,False,False
9426a4841c4a37e4,False,False,False,False
a5feed25b3887972,True,False,True,True
dc4ab96527fb6615,True,False,True,True
516964dbd65705f1,True,False,True,True
8916f76da4b4d8d6,True,False,True,True
5d7b830942ffeeaf,True,False,True,True
d5d6a600d00fa64e,False,True,False,False
606ed29d5c7a5670,True,False,False,False
335f16199bab57f6,False,True,False,False
d9be6c2895c8a8ee,False,False,False,False
6e900eb872eb0ad7,False,False,False,False
b0ed4cdd335c9821,False,False,False,False
172ae96e81f44de2,True,True,False,False
36ea6cd3c674bc43,True,False,True,True
21467474c76b3b75,False,False,False,False
3eca02ed41364192,False,True,False,False
0f0663698919ac6c,False,False,False,False
72940e72c493425b,False,False,False,False
907237708f0feed8,True,False,True,True
7835e439189547fb,False,True,False,False
f6fb4334554de8e6,False,False,False,False
4eb15d2d40cf2c67,True,False,False,False
d510a817a59e83bb,False,False,False,False
7c42842933fbfcb0,True,True,False,False
d08ff5ce3fc1f8ec,True,True,False,False
52229fd835be5899,False,True,False,False
42b39bec3ae9a146,True,False,False,False
c1b75b83192443e7,False,False,False,False
62fa30a81e0b1402,False,False,False,False
9a3cf9f81486fc80,False,False,False,False
de292950f8852204,False,False,False,False
99418b78850ac3dd,False,False,False,False
60303a649770cfd4,True,False,True,True
f3077193a25e3762,True,True,False,False
277912eef48667fc,False,True,False,False
0ff1aac379b405e8,True,True,True,True
f4e6a3d43bdbefa3,False,False,False,False
1ff2030d33561bff,True,True,True,True
81d738f64dc79d1c,False,True,False,False
933db32499ced1c3,False,True,False,False
6e68891a54445196,True,False,True,True
560f93c89119b42f,False,True,False,False
4e949c38d1f7e50d,False,False,False,False
81d252322a2fd60e,False,False,False,False
4963d159fe42a162,True,True,True,True
f22c0feda3e9fd04,True,True,True,True
9492ec0ce84a7953,False,True,False,False
1a794980b805787d,False,True,False,False
ace67f8d2921575c,True,False,True,True
3a653bed4769f22e,False,False,False,False
b50e98a651c1cb01,False,False,False,False
1980b46ac0b4fe3f,False,True,False,False
3e3dac6ab57b9ff7,False,True,False,False
67e975f7e54d39df,False,False,False,False
cd63557e8ee7feee,False,True,False,False
d8ca924b77c6fcb9,True,False,False,False
6a16e094863b3faa,True,True,True,True
d7e4fcc7d3edaa28,True,False,True,True
ca1b7c5fee2aeced,False,False,False,False
388cb33f9f66fe18,True,False,True,True
f13bf5c3e700689c,False,True,False,False
a6c76a9130091d09,True,False,True,True
03f89b94d0590af4,True,True,True,True
81e8f29979aabd1c,False,True,False,False
150d373a74343552,False,True,False,False
5756b11f5fad9fe8,False,False,False,False
d068081b88631ea7,False,True,False,False
bbeb4abde00fe82d,True,False,True,True
89e070030aabb766,False,False,False,False
5b7e596d53e96f3a,False,False,False,False
8892a76e310a62d7,False,True,False,False
b84007012c4b7970,False,True,False,False
d6b2248481f1348b,True,False,True,True
98836c3bb990b0e5,False,True,False,False
563772b39af7b399,False,False,False,False
9415caf1d48c6667,True,False,True,True
96497c3c92eb22e7,False,True,False,False
335b54b6cd45ce81,False,False,False,False
bcb077b47ea48d15,False,False,False,False
723e9a9481d1ca90,True,False,False,False
28560ecdea7e0ed7,False,False,False,False
352201a7d5ea77aa,False,True,False,False
40cdabe1e7d1a86e,False,True,False,False
abfab693259a1cee,False,False,False,False
4e2d58cc51feb0d7,False,False,False,False
0b4a061c05fd801a,False,False,False,False
cf1e3dfd3a87c51d,False,False,False,False
76596e4d944a44ec,True,False,True,True
ead355764f2ebb7f,True,False,True,True
b59a278c36deed41,False,False,False,False
7f1c541e01bcb640,False,False,False,False
2e8bebb97d8c27aa,False,True,False,False
92f6ce6675577948,False,False,False,False
f420576b1beb528c,False,False,False,False
727afeae5cc23cd6,True,False,True,True
f91b1722696a9162,True,True,False,False
55a6e522e0213687,False,False,False,False
41477b876a46bbc7,True,False,False,False
5d35b02935c3aae1,False,True,False,False
2c9e48a401d40532,False,True,False,False
027dafad7f81d559,True,True,True,True
f41592c32f54be75,False,False,False,False
92a5e6f8a7ee38fd,False,False,False,False
3597a643a12cc8f8,False,False,False,False
e6b58f9a0efa4920,True,True,True,True
477ab329bf1e2bc2,False,False,False,False
f6648f9f729810dd,False,False,False,False
f420129b20381fc6,False,True,False,False
3704ea50404734a0,False,False,False,False
fc46d05d53f5f5f9,False,True,False,False
e3dafc4ce2373424,False,False,False,False
ddf8619a0e273045,True,True,True,True
2cba63a695108596,True,True,True,True
9b4cbdd935b7813d,False,True,False,False
61441a06e0980207,False,True,False,False
a3616e719b0112e0,False,False,False,False
760d178e17466fc8,False,False,False,False
ffd0f754243aadad,False,True,False,False
069e051398433c59,False,False,False,False
7710fd993bab9741,False,False,False,False
8809ed7a49020de1,False,False,False,False
bf26b55d821606a2,False,False,False,False
90dfe383b2af58b0,False,False,False,False
bfba11e8c6623c74,True,False,True,True
e3e0c2f20d3ffe03,False,False,False,False
cd6652ebff233ec4,False,True,False,False
7f4cfada8ddc8ebc,False,True,False,False
98bbe0675fec511f,True,False,True,True
77cfc14409e3c9db,False,False,False,False
6d98c2a44e9add6b,True,False,True,True
10c61150a897f907,True,True,True,True
96b97078c714bcf5,False,False,False,False
2e0bedb768f76d72,True,False,True,True
8365c41e59db51e1,True,False,True,True
8c4129f4f3c78048,True,False,False,False
de0eae8b4d76547e,False,False,False,False
d5ce861e7c8331ef,True,False,True,True
03df3005aa4d670a,True,False,True,True
93892c0e46e3fdd0,False,True,False,False
59c262a4c745a27d,True,False,True,True
d2b98c2ca281a17d,True,False,False,False
6ec58efc252b3fc3,False,False,False,False
cd43a4aba6cc1a1f,True,False,False,False
807f17d67ee454e4,True,False,False,False
5bc0b41c6e104aa8,False,True,False,False
1470847fdb8819ce,False,False,False,False
774c119b03a5ec03,False,True,False,False
d6c0a49215c9a2fe,True,False,True,True
7b5f51ee969b4aa7,False,True,False,False
e76a56f47b1af179,False,False,False,False
77de192ae4f1699b,False,False,False,False
fdcccbdb836438f0,True,False,False,False
f2f896d1d8b4d083,True,False,True,True
b7dfec48d3b296f8,True,False,True,True
06b2589c20416f93,True,False,True,True
15ea09dbeba77939,False,True,False,False
648932dd61a514c5,False,False,False,False
07ad81a6cc275fd0,False,False,False,False
10cacc55efe6eb61,False,False,False,False
2631c78497c0ecca,False,True,False,False
12c6a67d8cad1cb2,False,False,False,False
4d200c8d7981ec1f,False,False,False,False
3fa84ccf75913463,False,True,False,False
e2c5624bc3ccbd2d,False,False,False,False
24dc88591e405c66,False,False,False,False
72fb6f70b647facc,False,False,False,False
fc0c45ac66ab8492,True,False,True,True
baefb766ffd2fb9b,False,False,False,False
bf2c5ab7167bd204,False,True,False,False
27f9c827e7a958ef,False,False,False,False
9a5f1bc9bf6da49b,False,True,False,False
184b512a9932d262,False,True,False,False
2509e1f313de0759,False,True,False,False
3bb5ee85950770d5,True,False,True,True
3b5fb97c19052d0b,False,False,False,False
a0d139d6b6e7feac,True,False,True,True
c31d8e82ae21c917,False,True,False,False
4d7b5e4db56eb780,False,True,False,False
f7b6524d99304e50,False,False,False,False
f61a6261ff56237b,True,False,True,True
208373e70673fa2e,False,False,False,False
6e688d6351d30911,True,False,True,True
41b4e520473e2f27,True,False,True,True
e6886893f3dd4ea0,True,True,True,True
680961da5a006195,False,False,False,False
2a3d308b44828fc2,False,True,False,False
f225c4961ac553b0,True,False,True,True
5082dbed7e05a89c,False,False,False,False
feebfbcb05a0a0cf,True,True,True,True
20309f82127711bd,False,True,False,False
dac53ffc2a65b158,False,True,False,False
e148856bdb0946ef,True,False,True,True
0ac999fb03ac0a8c,False,False,False,False
4f4bda59350c0f8c,True,False,False,False
c54352e97dc285de,True,False,True,True
28c64e2034a81c76,False,False,False,False
dd81ebacebf27ccb,False,True,False,False
0c67314bcfb15a0b,False,True,False,False
6ffc36e8866d2cff,False,False,False,False
4816f9af4b13f0aa,False,True,False,False
206c89d66a865bc2,False,False,False,False
8f639f06895c946e,False,True,False,False
aa8e8295dbe1e168,False,False,False,False
e2e74df47e407712,False,False,False,False
358f9001cf0e518e,False,False,False,False
bab0ebb6480c100f,False,True,False,False
a5e5569e33761ae4,False,False,False,False
9785c5f988dbd155,False,False,False,False
01e8de8991d6e40b,False,False,False,False
26db21fbc752817e,True,False,False,False
9c46c90695948a83,True,True,True,True
40bf976a87ebd9f0,True,False,True,True
fcde0045e2e080c1,False,False,False,False
5e85a89ca47500f5,False,True,False,False
b246953a11f7806f,False,False,False,False
44d95445d635d32c,False,False,False,False
628241d47abd1954,True,False,True,True
46a0729027a48864,False,False,False,False
91305c6ea860f93e,True,False,True,True
5924f54ebcb6a96f,False,False,False,False
1060ae1d6f163eb3,False,False,False,False
9985b60e8e574589,False,False,False,False
96dcb0cddc628e9e,False,False,False,False
1ff508c6b2ffe8cc,True,False,True,True
f1f405085e941979,False,False,False,False
e192fa617a9f4478,True,False,True,True
19fa0ac3b985736d,False,False,False,False
799a421750b1bf41,True,False,True,True
9232d241d9e82a34,True,False,False,False
98179c19460618fa,False,False,False,False
7f629dbf3de95382,False,False,False,False
5e864bc659e06298,False,True,False,False
994bb6d8c5e2391d,False,False,False,False
9311c1034aca6cc0,False,True,False,False
5b11229dd22b6d27,False,True,False,False
87c7bd339de9c74d,False,False,False,False
8e3e62d984921247,True,False,True,True
c1f1f2037967c14d,False,True,False,False
39a0d84e33d30afb,False,False,False,False
dde06868e4811228,True,False,False,False
91fa4c683d4757cc,False,True,False,False
b7beaf9d09418738,True,False,False,False
c25279e18accf785,False,False,False,False
a9f5799c97468163,False,True,False,False
e48023ebc93e389b,False,False,False,False
dfaf5a955b819e38,False,False,False,False
7eeffdf2141a855c,False,True,False,False
e8a189a187e11788,False,True,False,False
eaccb21c37435f8a,False,False,False,False
6e786cc2fd69ff59,False,False,False,False
6288cf196953bca6,False,False,False,False
34ea8474c9277ec2,False,False,False,False
521e6b7809574a2f,False,False,False,False
cb234fd9f28a74a0,False,True,False,False
aee37ba3c7acccdb,False,True,False,False
99fc06f1d1a6aa12,False,True,False,False
6a13f795d1e62d0b,False,True,False,False
382e2c3005de8a7e,False,True,False,False
f89ff974160f457c,False,False,False,False
a2c0957cbe3742b1,False,False,False,False
8fb4aefcc762cf7b,False,False,False,False
6df18de77257967c,False,True,False,False
8d34e30cf8429fb3,False,True,False,False
6ed9d977b3d01641,False,True,False,False
f9c2de2212947a06,False,False,False,False
81cb7c7dbcc9d6cb,True,True,True,True
5e7cf86bb4bbafa2,False,True,False,False
2aaaee0690672579,False,True,False,False
be5f47efec2fd82f,False,True,False,False
e1713fa4f7774c2a,False,True,False,False
b7bb962db5faed1c,False,False,False,False
d54ed5837631128d,False,True,False,False
11f8aa34994c5401,True,True,True,True
79409ffe981d7326,True,True,True,True
9d0e93f54c2fe542,False,False,False,False
68e70412759b48f9,False,False,False,False
af8bd63a5ce6f840,True,True,True,True
15aa5a138822fc23,False,False,False,False
b349a0fcfbf5cafe,False,False,False,False
20b23e352c48b5f1,True,True,False,False
3619df896cc544c4,False,False,False,False
abecc04e7d250a50,False,False,False,False
b39ba9546f89d10a,False,False,False,False
5643385e56486ffd,False,True,False,False
04f4a00985984a24,True,False,True,True
51c46bb9b457fdfb,True,False,True,True
fef3d82502fea546,False,True,False,False
8e46ae2e13da5cef,True,False,True,True
0daf67a7313d7850,True,False,True,True
ed90653f24578818,False,False,False,False
3ac7bdcd859ec0c7,False,False,False,False
87996efdf66c2c33,False,False,False,False
0de9973e7ca8ee6d,False,True,False,False
8af7e0c1068271b8,False,False,False,False
245dde8369d48ff4,False,False,False,False
61f71857466b021c,False,False,False,False
50dc57decab7e3cf,False,False,False,False
60102718661c193f,False,False,False,False
da4b79a4014e2c58,True,True,False,False
c90e21c5781bf174,True,False,True,True
85bd4abf1c96a5c1,True,True,False,False
96dccc04873f593a,True,True,False,False
c82d7c3185d4c3c9,True,False,True,True
316edcf3f4fdd149,True,False,True,True
a0bb35b32cda3757,False,False,False,False
5d21e0c491ceeac9,False,False,False,False
f1b8497b1d6bf3a8,True,True,True,True
e8a1d22ccf8c6ce7,False,True,False,False
d012d0bf5e91e05e,True,False,True,True
06258aa575a0d83e,True,True,False,False
be54b4286029df47,True,True,False,False
ffe25900d6255916,False,False,False,False
682b3c426076b9a9,False,False,False,False
2ef32cdc554b4155,True,True,False,False
37c72230c10159ed,False,False,False,False
bd63c6163406b9fa,True,False,True,True
b1cb6c1bdec43feb,True,False,True,True
a34b5ced97a68be1,False,False,False,False
7600df95bbdbc2ab,False,False,False,False
d1b7eb07b36db74f,False,True,False,False
3cf7c0196d9c8d5e,False,False,False,False
dc4c3eed09feb30e,False,False,False,False
76f24f5ff1e9d631,True,True,True,True
a4cac00f52a78ac2,True,True,True,True
c8c70b6ab9d1bffd,False,True,False,False
5f4a8fbb596a4715,False,True,False,False
42434d827a1076dd,True,True,True,True
c2fc76bff0fe45d2,True,True,True,True
9c6dfd2d07073832,True,False,True,True
8b509b5ea647945f,False,True,False,False
7bc6801436bfecc0,True,False,True,True
a95a8f1d9bc02500,True,False,True,True
c9b745367223a8a2,True,True,True,True
855356d6f8afc3e1,True,True,True,True
348c162b0c0e948b,False,False,False,False
8c0ba3575925f194,True,True,True,True
b71d16ed2332a18e,True,True,True,True
9efbf9ea410d7b6f,False,False,False,False
f3506a282595a015,False,False,False,False
2466bb207df6cad0,True,True,True,True
ee5370e02d647b77,True,True,True,True
2deaefa18ac605cc,False,True,False,False
64656024492119ac,False,True,False,False
b0b279be054b6013,False,True,False,False
112466335b495b25,False,True,False,False
a6d11fde2831016b,False,True,False,False
75359780d2f9a2d2,False,True,False,False
1d9ae2a91dc80c42,False,False,False,False
44becd450a74f36c,False,False,False,False
1fbd4b695bbd2045,False,False,False,False
8ef1c756624ed6e6,False,True,False,False
fcea3d11daab5163,False,False,False,False
30449c7617e863e7,False,False,False,False
0e1af839cb76c713,True,False,True,True
4688c75249678170,False,True,False,False
fb346ecd7cd9794e,False,True,False,False
fa87b667757d2d6a,False,False,False,False
be5d5551300b862b,True,True,True,True
7666d63350a79680,False,True,False,False
88e6eb5cfba1dc0d,False,False,False,False
22ccb82a18fd2e0b,False,False,False,False
22ff8104a46c157d,False,False,False,False
41636b6d8a7544c5,False,True,False,False
b98aeaa7d53c2d75,False,True,False,False
ee2847cde9aa3911,True,True,True,True
183e8d53cf1168d6,False,True,False,False
e88800daadda7f8a,True,True,True,True
59c68e1c542aa039,False,False,False,False
bf98c729f8c64b7b,False,False,False,False
702b1a63b3e5566c,False,False,False,False
5c7297bdb43788b1,True,True,True,True
26393093cf4cd711,False,False,False,False
e69f3c632ed1de8d,False,True,False,False
f23e11d6137e2738,True,True,True,True
05a7df041ff2f2de,False,False,False,False
48f85ce523772b2a,False,True,False,False
f09a5623f7a32239,False,True,False,False
11b46cd4d6d6f87a,True,True,True,True
b82f3be0cfc53c92,False,False,False,False
772b4b361dfe2da1,False,True,False,False
297e2dc466847687,False,False,False,False
642e53920542d7b4,False,False,False,False
d39e5bba14e2c181,False,False,False,False
818384b3ae1ae8fb,False,False,False,False
f137692cd9ba510d,False,False,False,False
3be705602437c67e,False,False,False,False
45fc72480f941706,False,True,False,False
82990872eb4a1737,True,True,True,True
b08d664ffc5c1727,True,False,True,True
a648cc532bc43c93,False,False,False,False
29946f9c79969edf,False,False,False,False
305ead7c591e1c2d,False,False,False,False
01f9e326c7d11a76,False,False,False,False
2434049ef1244160,True,False,True,True
5523c922bc187685,False,False,False,False
9aaf6eeb0c421d7a,False,False,False,False
35d571e865fa54b6,False,True,False,False
672798cb397218df,False,False,False,False
20ed4e874ede72ec,False,False,False,False
5c3f80a88f0d78a1,False,True,False,False
6db9cfb56873be52,False,False,False,False
fda5fa5804bb81b9,False,False,False,False
32956bdac73496fe,False,True,False,False
0b88c5004d8ed2ef,False,True,False,False
e7c046702711d8c7,False,True,False,False
2da44a9efbd16d7b,False,True,False,False
6494d3fb7bba8832,False,False,False,False
3651a776e85cfd7f,False,False,False,False
850c0ebad745d2c5,False,True,False,False
f29445ed3af6f884,False,True,False,False
fc8ba716cbe768bb,False,True,False,False
da82c4569cff0a2d,False,True,False,False
f52deb555b516ba1,False,True,False,False
a8a0c7242d2029ba,False,True,False,False
b8f994fb4026e8ff,True,True,True,True
de51cf14c54288bb,True,False,True,True
e76cfb3cee50a0c8,False,True,False,False
019645ded1e18d8f,True,False,True,True
3e2b8e73029c2cb6,True,False,True,True
f4a7c3038f1e0794,False,True,False,False
2574f2a0ca80c565,False,False,False,False
dff198d0fe8fa947,False,False,False,False
2a1ad7a81aa402f6,True,True,True,True
973bfc6b2d1e7ed7,False,False,False,False
886f0c8e1b41c756,False,False,False,False
36d78657e678b688,True,False,True,True
70bdd0cd50b81414,False,False,False,False
13042b5e0a5eae02,False,True,False,False
39ca35be1dfdf69e,False,True,False,False
ca10edaf0f60ae61,False,True,False,False
a1a84deced3b016d,True,False,True,True
ef3a101e0dcced1a,False,True,False,False
2c398f64acaf4d8a,True,False,False,False
1da6c3fa345ba1c5,False,True,False,False
b5302436f806a3d7,True,False,True,True
4b0f310d229be5e8,False,True,False,False
8540346f848fc521,False,True,False,False
9771568ae6715f11,False,True,False,False
7ed541f62dc15a3a,False,False,False,False
16e342063449058e,False,True,False,False
9bb8fabc437e4c48,True,False,False,False
22fac4460529928c,False,False,False,False
8366d31d3b9de8a6,True,False,True,True
4938f650af3a7eec,True,False,True,True
8a624cd41e1a6fbb,True,False,True,True
9fc7202107a59310,True,False,True,True
4f6d773517efef8b,True,False,True,True
557c9662a0d0b0de,True,False,True,True
3bcb8824ef71020d,True,False,True,True
767bb7eeacd95385,False,True,False,False
95e14fda79c4620d,False,False,False,False
44f23500be3365ee,False,True,False,False
8e94e98253f92ea2,True,True,True,True
ca343af14c6d8c0a,False,True,False,False
cb655e2ff3e3b2b2,True,False,True,True
d3e18e99eedaf7ef,False,True,False,False
4aeadf6bf978ecab,False,True,False,False
ebcf17380964661a,False,False,False,False
304dade0d39cf8f6,False,True,False,False
b427a977d469d319,False,True,False,False
f6f860beac6142e8,False,False,False,False
c58a0922dea16aed,True,False,True,True
7bf50a58b83ed6a2,False,False,False,False
94377b2f0be2bca5,True,False,False,False
b43d86028b4082bd,False,False,False,False
78a0efbbeee5e8f1,False,False,False,False
ce5d934efee76a68,False,True,False,False
517d6d1c75836c6d,False,True,False,False
1abf3e2bb9ac3af6,False,True,False,False
ba39a0ebc488fb58,False,True,False,False
ca03b765d2aac747,True,False,True,True
4fed68c1df63a1c0,True,False,True,True
a2d8a971b05c881d,False,False,False,False
c9561b118e8c70b3,False,False,False,False
0ad183d5f39e7b21,False,True,False,False
d85dca1ac64252db,False,False,False,False
644f25f0a93f85bb,False,True,False,False
ad9e97e0c52906d6,False,False,False,False
79a1f7a0836d1180,True,True,True,True
20a8aead88fa21f2,True,False,True,True
75883bb360bce63a,True,False,True,True
42d75e90fb6be97c,False,True,False,False
8b72f1a1777f3ad3,False,False,False,False
76e3fe7de3aefd56,False,True,False,False
6cc09376ebaafdc6,False,False,False,False
397e23a0a49b1262,False,True,True,True
9c7c0c711673af97,False,True,False,False
ab4ae9f7c9001a41,False,True,False,False
5720290716de4b0e,False,False,False,False
bc9a7e00d7d78019,False,True,False,False
eb407174b6e832a2,False,False,False,False
dfeab65de5de83b6,False,True,False,False
e5a16f6873a3c92b,False,True,False,False
42145a56abd4dd90,True,True,True,True
3ebf5948f1701626,False,True,False,False
a615c15e77a69e19,False,True,False,False
585f3cbfabaa5920,True,True,True,True
3c51d3b4e78bb6d7,True,True,True,True
d18b93796f5afe15,False,False,False,False
261c6110567122eb,True,True,True,True
57ee29dbb7054f4a,False,False,False,False
c1d7638279bea1e2,False,False,False,False
5121847a0dfee3c0,False,True,False,False
96fe639536ba5033,False,False,False,False
fcac7994419558ac,False,True,False,False
6abf0add9e55bf3f,False,True,False,False
a848e362e832fd09,False,True,False,False
b372b3c4c163f695,False,True,False,False
a263aaf349eceb1a,True,False,True,True
851ea8540c38c9f7,False,True,False,False
52bfbfbc852618d1,False,False,False,False
1490fa2bcd2cbb46,True,False,True,True
090ea25fd052488f,True,True,True,True
f6f0b66e1f69deb9,True,False,True,True
a8e45052d816c117,False,False,False,False
a2ddc4fa7b167b13,False,True,False,False
9e96af522355e3db,False,True,False,False
28674d624567c2e5,False,False,False,False
1dd1ac8c96621cd5,False,False,False,False
7c177eac46a6bd9a,False,False,False,False
ff9a6f0e17cbaa8e,True,False,True,True
72b7aa1bc91523e4,False,False,False,False
b1b3a1f508c1898d,False,False,False,False
74fe244a5b17fef4,False,False,False,False
7960fea2f468b948,False,False,False,False
d327dc17e33bc0e1,True,False,True,True
45737c84a0526485,False,False,False,False
b7a090376922b55b,False,False,False,False
21843c3d4018495d,False,True,False,False
9497e1f3298586d6,True,False,True,True
91ab70aef159ac93,True,False,False,False
4f2158b56f6a7851,False,False,False,False
7df9dbb606d20c16,False,True,False,False
3d482929d0ba7161,False,False,False,False
b152b09947c41851,False,False,False,False
f521b62c6ba387dd,True,False,False,False
02e351c9adbb4f62,False,False,False,False
3b06820bd6b69fd8,False,False,False,False
227de3387a34a91f,True,False,False,False
135ba04a4822e898,True,False,True,True
8285f869a6a6d2f2,False,True,False,False
62a10695d07f79a9,True,False,True,True
dbbc7fdff47e85e2,False,False,False,False
56c2ee8f6960d46b,False,True,False,False
360757c1ee7ddaec,False,True,False,False
46aae126c6c3ce21,True,False,True,True
43d0bdd43043b7bc,False,True,False,False
5e38b06c387ffb9a,False,True,False,False
9c50b7abd71a4945,True,True,True,True
f4ed613385ec5704,False,True,False,False
e12427d588cf0413,False,True,False,False
03c5632796bf04f8,True,False,True,True
1bdb1d36e5290dab,False,False,False,False
02f0864d9bb514b3,False,False,False,False
2f759488dfc2ca6e,False,True,False,False
7df24d5e74a30482,False,False,False,False
d2ed73c5ccf98da7,True,False,True,True
cbb563f83fbff7be,True,True,False,False
6d9a0d1052ed40e7,False,False,False,False
c85ff19f57ce6a76,False,False,False,False
92c9ad082936662d,True,False,True,True
453585e1ad618744,True,True,True,True
3b4f70a5ac0424f6,False,True,False,False
93b5fd006b30685d,False,False,False,False
048deb2a5c88698c,False,True,False,False
462483e944906e29,False,True,False,False
08edf0852ccffae7,False,False,False,False
6c3de62e7a05e2df,False,True,False,False
85d204e0c3c1fb1f,False,True,False,False
f8dabcfd1ec8453f,False,True,False,False
c11c5ba24a189cf0,True,False,True,True
c9615497abd097cf,True,True,True,True
7f896444b8a96276,False,False,False,False
c3a4c06ed49585ad,False,False,False,False
e0469f730b3c7d59,False,False,False,False
a8e79ff539943e5f,False,False,False,False
4d8969e9353aba73,False,False,False,False
9b37c61466b41961,False,False,False,False
9819d9f11f00e788,False,False,False,False
24cfdca640cc9eb8,False,True,False,False
dd03c9025908a924,False,False,False,False
f8194492eabdbe04,True,False,True,True
be411b4362ed23f6,False,True,False,False
474409f72eda2761,False,False,True,True
cd0c25a985c68ea7,True,False,True,True
596f6dc2c78c8207,False,False,False,False
04de681a2f724d42,True,False,False,False
8e59fe9e2fa743de,False,False,False,False
df9daf1f20dee749,False,True,False,False
65c268bf2d23cad4,True,False,True,True
b4a4d643a6497fc9,False,False,False,False
124ab7e69f8749f1,False,False,False,False
f9492366be7fd8e2,False,False,False,False
5c431e20e4accf9f,False,True,False,False
e8c0e6768afa46fe,True,False,True,True
83d2345fc55a6e86,False,False,False,False
323e11e6f73d23ce,False,False,False,False
c35b888fce1ee3fd,False,True,False,False
a9f5a263bff0d2da,False,False,False,False
0e285403efa86b43,False,False,False,False
46aaf0925b0ca15f,False,False,False,False
aba33eeee551f938,False,True,False,False
a4555b641b02ed6f,False,True,False,False
af472cc7d0ac36ad,True,False,False,False
3efdee0670517bb7,True,False,True,True
845adf343fbabfbc,False,False,False,False
90ec2c87ce44b63f,False,True,False,False
43b7b206bf141ba1,False,False,False,False
d6bcb2300a5087ba,False,False,False,False
e261a1910c435da6,False,True,False,False
1fec90c980d1aeec,False,True,False,False
ee1561145c5eefb3,False,True,False,False
e8d73f092e50737a,True,False,True,True
37496e8516fa7a34,False,False,False,False
0ef456c21bea6109,False,True,False,False
2cb39f99ba8af1ee,False,False,False,False
d35df9096011c582,False,True,False,False
d8021da8b5e746d9,False,False,False,False
c9347bca4b2a33a6,False,False,False,False
5afa020e0bd834ac,False,True,False,False
b119e0afec09f055,False,False,False,False
373bc296ea805835,True,False,False,False
7baf3c70a96d6c36,False,True,False,False
aeba25650ced0104,False,False,False,False
2c8c28b184b568e5,True,False,True,True
9e8856b529e2a0a1,False,False,False,False
aa90ee087d9081c4,False,False,False,False
672153f92031aa23,False,True,True,True
dddd71b2aeb8ff47,True,True,True,True
4.08624E+15,False,False,False,False
3245e94a93efb5c9,True,False,False,False
6a753ae341106408,True,True,True,True
bf4d17b6179d0815,True,False,True,True
ec0215ec1de9b404,False,False,False,False
6c514023d809280c,False,True,False,False
7f182bd654e38c7b,False,True,False,False
7e3ab7f91d47e197,False,True,False,False
0c80d42441bac6ad,False,True,False,False
b5484167cbac66f7,False,True,False,False
90ae1e7049a4601f,False,False,False,False
9fc919d539a906f6,False,False,False,False
c67a266980fe5a67,False,False,False,False
7842bde427369eeb,False,False,False,False
a2ac266d6cf2297a,False,False,False,False
c7372f9a877b8798,False,False,False,False
48e3ecf3d42cff60,True,False,True,True
835da9b5a6e6d9c8,True,False,True,True
c8b0f1b73feb13f5,False,False,False,False
d738589d9094f7b3,False,False,False,False
e540aa580c69e839,False,False,False,False
5a8057e0f572ad04,True,False,True,True
26c09afa8dbafb45,False,False,False,False
5f5cc65d72a3943e,True,False,True,True
20b366e4c200d8fc,False,True,False,False
34972ca4f1486744,False,True,False,False
238880a8c17779d2,False,False,False,False
5f35d87087c73ed1,False,False,False,False
3a5a7d594b337ab9,False,False,False,False
45dabfe1f8fce1d2,False,True,False,False
0869450347705d1c,True,True,False,False
0d1983ec432f920e,False,False,False,False
72a762163e172b96,True,False,True,True
533644351cb360c2,False,False,False,False
73ffd9e4854ba0aa,False,True,False,False
35f81ab0d8cda190,False,True,False,False
0f3977a447aa351d,False,True,False,False
3bceae45c6cedbc5,False,False,False,False
5a378b828e7bf88e,False,True,False,False
5cfb546c18a254c9,False,True,False,False
23a0bdde17b3a5e3,False,True,False,False
5625ecaf5f3c0b8d,False,True,False,False
40db91f8146f96df,False,True,False,False
f8167b7fe0652351,False,True,False,False
cc4bc1e435ab7319,False,True,False,False
fdacc74c009e16e5,False,False,False,False
f6503f3e5b8f7ce3,True,False,True,True
d10d0de7e3c3cc53,False,True,False,False
674b6794ec035ee9,False,True,False,False
7d6e61b48edb9165,False,True,False,False
1714a9f223d176d8,True,False,True,True
1f81d064f1bee8d3,False,True,False,False
f0a7a60a0d586652,False,True,False,False
c2d5ee4eb2ea5803,False,True,False,False
d15ab3dfab4655cc,False,True,False,False
0c93bd25629ff8e8,False,False,False,False
e9b39fd36d19913e,False,True,False,False
c6457b2623c28cc6,False,False,False,False
a76c32c32f777326,True,False,True,True
b9f9ca29814f38e5,False,False,False,False
8c8c1633e7669399,False,True,False,False
e197ca3150b34898,True,False,True,True
811da4b2f9e2a27e,False,True,False,False
2ac55cd3284462e4,False,True,False,False
6d3807e524209109,True,False,True,True
78e08327da57424b,False,True,False,False
c4934c7292b634d5,True,False,True,True
90f7882a580ebd8d,True,False,False,False
c7e2a193e2a4752b,False,True,False,False
8fdc080c4c0d0fec,False,True,False,False
b2ee08f370cea582,False,True,False,False
0f459da63c8e89a3,False,False,False,False
23cb2d7ff648d65d,True,False,True,True
617b11e959dbafde,False,False,False,False
784986c2ceb89e3f,False,False,False,False
9e1cd8801d6ae08e,True,False,False,False
b08809f7e6dbc7d5,False,True,False,False
a8cc7b99ed7f5b97,False,True,False,False
d8eff851d1bf4571,False,True,False,False
12a2a40f8b46c607,False,True,False,False
b4dd4814d3fda063,False,False,False,False
6498669919d02604,False,False,False,False
1a64b6cc068ba77b,False,False,False,False
b4a5ffcbb39803f4,False,False,False,False
dc257a5a706b6cce,False,True,False,False
c1b2ef94ceb7639d,True,False,True,True
5edc860400a2cb21,True,False,True,True
c11abb12c3dd1c84,True,False,True,True
8e6faf96f8fb2ad5,False,True,False,False
50b473e2b610dc28,True,False,True,True
c0cc97c5a47d8d4b,False,False,False,False
5afa1a79bbe8dadf,False,False,False,False
9cef146b6a41f496,True,False,False,False
13ce9d4f83a3b60c,False,False,False,False
ccb7d68f26f9bee5,False,False,False,False
235d2d26f341dea1,False,True,False,False
aedbac3cc0fc00ee,False,True,False,False
6072b33aec80239e,False,True,False,False
e39ff79d9daf4bd9,False,True,False,False
a5deb932bd110def,False,False,False,False
f37e50a4410cef4f,False,True,False,False
145c9e137f926f22,False,True,False,False
b95634c7478a6590,False,True,False,False
d4f9deba81be1836,False,False,False,False
3ea7838441bc7543,False,True,False,False
0b18cb9f302f4139,True,False,False,False
8ce62634b9b58e41,False,False,False,False
ef324fbe9f308044,False,False,False,False
56487dc8fd5b0d41,True,False,True,True
1f17e84194e137a2,True,False,True,True
c6d97e031433021f,False,True,False,False
4a46ab7f87671b45,True,False,False,False
f2e838af5a066a21,False,True,False,False
586f50696cb09cff,True,False,True,True
0f3535b6524646a6,True,False,False,False
dca3e89c5258a6f4,False,False,False,False
8ef13719586603e3,False,False,False,False
0fe97be162b713cb,False,True,False,False
9fb845ba121af5f3,False,True,False,False
a5e18096a9f748d8,False,False,False,False
32cbc8b8f0cccb1a,False,True,False,False
2beb10b1986be987,False,False,False,False
0167e35224e06fa8,False,False,False,False
1e0c5aba0f1f3aa5,False,False,False,False
3bacf06caaa2bb16,False,True,False,False
fcd90f3d98e7d908,False,True,False,False
082e60cb4d3f16e4,False,False,False,False
76d6437db014aa27,True,False,False,False
d9a7b314ab4ac741,True,False,True,True
34e5db3e9eef582a,False,False,False,False
63c493e9b1d65fcb,False,False,False,False
4a718816a5b851ca,False,False,False,False
db2b43242526d86c,True,False,False,False
1b732e2837071b04,False,True,False,False
066be73a07ce892b,False,False,False,False
c7fdeaabd2d2a057,False,False,False,False
0a66c077a45a4ecd,False,False,False,False
c17f210ae00b53b5,False,False,False,False
580e5971eb49d310,False,False,False,False
c09d6d3293d39cf5,True,False,False,False
469c61ba80a70d0e,False,True,False,False
376302b4900d25a2,False,False,False,False
5d64466d29a7efad,False,True,False,False
f044d1208e7755d0,False,True,False,False
7184e8e3f81c7f68,False,True,False,False
85b9714be2bb4dca,False,True,False,False
f6720ad58f2bb2ef,False,False,False,False
97cc269ce03a94dc,False,False,False,False
e9ebfdc634dd3f22,False,True,False,False
d90c82a8d7f447ce,True,False,False,False
9578017766ba58b3,False,False,False,False
e836c55800b21e0a,True,False,True,True
11401de262fdd575,False,False,False,False
37ddfd4eaf0fb5a4,False,True,False,False
f8610c8d5f683ba9,False,False,False,False
95715ac508d7b893,False,False,False,False
d372844374f77f81,True,False,True,True
db590a6be311931c,True,False,True,True
818992bc852dd67e,False,False,False,False
2b0b9ba77aef9b08,True,True,True,True
3c2d617281db3d06,False,True,False,False
1f4673822cc2e35c,False,False,False,False
8ecfb6574695fb65,False,False,False,False
2450f76ba9f58c88,True,False,True,True
8a8aa31e81ad6256,True,False,False,False
65b874b26610e8e7,False,False,False,False
77d61cc4a16fcb7e,True,False,True,True
5ec090ba20ff6658,False,False,False,False
1e6a3b2c8ab64405,False,False,False,False
6174a9b35df9960b,True,False,False,False
fac8e6c714ee7684,False,True,False,False
bfa965e6cafe2f69,False,False,False,False
59c2372ed406f2d5,False,False,False,False
68d743c274fd9708,False,False,False,False
9517a8ae03aa604d,False,False,False,False
c49b8ba868ece3a8,False,False,False,False
d62b4c7107b71a0e,False,False,False,False
086eb6d35aebb5f1,False,False,False,False
83fa3ee4e069b1fd,False,False,False,False
79104d2ee5349538,False,False,False,False
3ad046753b7f958c,True,False,True,True
2c152bd54c280781,False,False,False,False
a0bd47101d306a08,False,False,False,False
3ea1a77dfd21ea03,True,True,True,True
12d90ced0c5c8264,False,True,False,False
90692865e665a6eb,False,False,False,False
a04ef92bc9170f8e,True,False,True,True
eab6927dc95e5ee0,False,True,False,False
5458064d201ab597,False,True,False,False
eae15ddb7691cbbe,False,False,True,True
06c923c0729e2ea5,True,False,True,True
97e08d720ee1a586,True,False,False,False
ee1b78f7f4a9f73a,False,False,False,False
a2cdddad04288f4b,False,True,False,False
5d2448defbbb0df7,False,True,False,False
01170b4c2ab59452,True,False,False,False
f899fef1d6827afb,False,False,False,False
fd1f0f4ccc8ea059,False,False,False,False
09d6837b471482fd,True,True,True,True
5b7c7d3c13364626,True,False,False,False
14ef7e3873a9961b,False,False,False,False
3ba76b9005f54621,True,False,True,True
97fc7afab16f338a,False,False,False,False
f39f30f55a477778,False,True,False,False
0152955d5e60eda3,False,False,False,False
19cc4bb9cb88a007,False,False,False,False
aa2b6d299fa79c6b,False,True,False,False
b72d434c18329bca,False,False,False,False
b82aceadd727e091,False,True,False,False
33ec22612e3ccaf3,False,False,False,False
01e33b074ddc448b,False,False,False,False
09b55a170729eba4,False,True,False,False
6e59de70ee67cf81,False,False,False,False
fecf0fa19b84d353,False,True,False,False
29408d020a9e2812,False,False,False,False
05c7abc93169327f,False,False,False,False
dfaed01aa2f8a069,False,True,False,False
76c66174fc509413,True,True,True,True
033a8123ea2a02cc,False,False,False,False
2eacd67274af0c41,False,False,False,False
f4ad07ba44b4bb32,False,True,False,False
c694dade8d345464,False,False,False,False
8cbb2e708749faef,False,True,False,False
0aa9de3566f386ec,True,True,True,True
eeb840f80a99bebf,False,False,False,False
14853ca1051a0f08,False,False,False,False
648fe7306db022a3,False,False,False,False
1222bf967c1a4426,False,True,False,False
25dc91d8fa1a78b4,False,False,False,False
52e399e916f1cefa,False,False,False,False
a085313889d588e6,False,False,False,False
b5072045266cd89a,False,True,False,False
13b8333a6f780760,True,True,True,True
2fb1fba563f24a35,False,False,False,False
1e01ec777ac87b6a,False,True,False,False
6149e166ebb235b5,False,False,False,False
98c496ff1c74b644,True,False,False,False
d111fd2293c1edf3,True,False,False,False
b53a0957264bb4d3,False,False,False,False
6e55f2b5d7d219ed,True,False,False,False
a1209f0980b53cb7,False,False,False,False
bb26fac847aa47dd,True,False,True,True
fceaa9fe6e95a6cf,False,True,False,False
fcf90db14f86ec32,False,False,False,False
03c32abe9ce7ae01,False,False,False,False
7ca2c72caf522bbc,True,True,True,True
99d227771110ce78,True,False,True,True
dd95f3778d6cad0d,False,True,False,False
815a509dfee0a8db,False,True,False,False
852f4a9779290359,False,True,False,False
9a27999ad132949c,False,True,False,False
1b977e5421f97b25,True,False,True,True
d1e2512f6e5034e6,False,True,False,False
98e7a9d0a22c3dc3,True,False,True,True
0e30c0617cc56c45,False,True,False,False
408bbf87bc7ba7f6,False,True,False,False
d1910d942a5b50bc,True,False,False,False
34271f65128002da,False,True,False,False
6bdc0ff38dc4b29a,False,False,False,False
8f6b19bb6d9f79d2,False,True,False,False
fd6e1bbe076e201d,False,True,False,False
416068f5a010fdd4,False,True,False,False
bb7dc501b940a4be,False,True,False,False
747fbfcb4b57a651,False,False,False,False
516bc8d48f797fd3,False,False,False,False
45ed0395fd7dfda3,False,False,False,False
9118187a2dc128ee,False,True,False,False
0e31e3d2a484a296,False,False,False,False
0b5ffd185dd80e5f,True,False,False,False
cb4b54f9be66d206,False,True,False,False
34041418786c80ff,False,True,False,False
0f9bad69a448cfa3,True,True,True,True
80c18988cf5ab64e,True,False,True,True
6fdd5d471595a85b,True,False,True,True
7eb8c83574fb08a7,False,True,False,False
023c350505f2c6d1,True,True,True,True
1058186cfeaf316b,False,False,True,True
9af20d902301ad09,False,False,False,False
3b3ff8c07f8bfbdf,False,False,False,False
7d609e91ecc7ba0f,False,True,False,False
c5147436ba533c58,False,False,False,False
d7431702029b18c7,True,True,True,True
6f55ad51cf9391cb,False,True,False,False
98c09a7afccaea42,False,False,False,False
478c44f29222c405,False,True,False,False
5227fe81e4873cdf,False,False,False,False
733758c2f1b27001,False,True,False,False
67d7f4aec1133b2a,False,False,False,False
5c7e128e97fe3897,False,False,False,False
2a08b51f4e2e8bc1,True,True,True,True
091e074e8f95322b,False,False,False,False
99cf1501e92157b8,False,False,False,False
c63fa85314d753c6,False,False,False,False
6d18394620591979,False,False,False,False
46dac63281221094,False,False,False,False
2d595b91420429b4,True,True,True,True
434080c83a141170,False,False,False,False
0c395371707611ec,True,True,True,True
5d03e8a0dd395780,False,False,False,False
06728e166e4b40cb,False,False,False,False
296d1858a77bd55d,True,False,True,True
3f1bc38f00c02b6e,False,False,False,False
ab47df163d6bdc40,False,False,False,False
94b413b0a15547e9,False,True,False,False
057e005af460e0cf,False,True,False,False
b3515dbf72252655,False,True,False,False
7fd9467872ba93be,False,True,False,False
cd299b0a76555da7,False,True,False,False
4dd77a1b388d8260,False,True,False,False
e58e375b9e9ddd5f,False,True,False,False
aca0f8095e1194e8,False,True,False,False
b1e29506968e8e1b,False,True,False,False
d670b76ed710ea6c,False,False,False,False
7bf96b81496201e4,True,False,True,True
f8f5acf2f48812b4,False,False,False,False
7b90e479271d2fe9,True,True,True,True
e32f675ef9d43c56,False,False,False,False
291c6781278b6720,False,True,False,False
1802fedac44b5371,True,False,True,True
2bc0773c99c192d8,False,False,False,False
15687555fcf8ff6a,False,False,False,False
19498e2be8316ad7,False,False,False,False
a154506b6b051f34,True,False,False,False
bdef3ff9bbd6e5cb,False,False,False,False
0a80d2bc60637800,True,False,False,False
1aa93a07de0e27b9,False,False,False,False
878136d2a5c47ee8,True,False,True,True
d1baf14d449a626b,False,True,False,False
3f7a6c6acba8e93e,False,True,False,False
a4ff37ae6957c6c6,True,False,True,True
5eae3737e608954e,False,True,False,False
8112b7e5daadaa71,False,True,False,False
8145ce95cdc52f5d,True,True,True,True
48d9ffc45cab04a9,True,False,True,True
247953fe3541af60,True,False,False,False
6c61b1018824e7a2,True,False,False,False
4cd7ccfb9550f546,True,False,True,True
cf5d7f45f55d46c9,False,True,False,False
35d60f88bacc9255,False,False,False,False
14266adf2bb478e8,False,True,False,False
181a98a8bbadb4e8,True,True,True,True
ef4917eacd324de9,False,True,False,False
aa9d6c6a3907e759,False,True,False,False
7f1e05dd4ec181db,False,True,False,False
20e0c138f237080b,False,True,False,False
02748be6a16961a0,False,False,False,False
1073f117b224b600,False,False,False,False
04fc225460382c4f,False,False,False,False
731d3cfaabfb1d7a,False,True,False,False
0e4fd205f1633bef,False,True,False,False
31062acbf24dccaa,False,False,False,False
9970fada1bdfad58,False,True,False,False
23eb8398bc07cd4a,False,False,False,False
46d60c9c4cf967e6,True,False,True,True
db6dbe7528680687,False,True,False,False
a27f2e0bf5053c3c,False,False,False,False
7a6d6e131835a559,False,False,False,False
7cd9bbcc562e8223,False,True,False,False
0d53ab9db956b200,False,False,False,False
960c100544fe76a6,True,False,True,True
a7a881f8125e6b44,False,False,False,False
55d5a7e8ddf2280f,True,False,True,True
1e66a275039c98ca,True,False,True,True
d6fb00a9713d2e66,False,False,False,False
0eb5929f9ce19129,True,False,False,False
09fed688402e8a26,False,False,False,False
66b1f7ffe9c54723,False,False,False,False
7a54f5f00fc4dc82,False,False,False,False
e0dd658194a18ac7,True,False,True,True
f848d8d82bfe34fb,False,True,False,False
ad9e28721472ad36,False,True,False,False
bf20f76d759870e4,False,True,False,False
a73b88327df04255,False,False,False,False
0a4c94b86b87c4e6,False,False,False,False
5c41b64f40fd4860,False,False,False,False
804f38c78da33f00,False,False,True,True
1141bab9a8040bb8,True,True,False,False
ff01c27f0857b038,False,True,False,False
649c0a2eefbb14f3,True,False,True,True
1b746320f9419525,True,False,True,True
de04e8a1a74d1c6e,True,True,False,False
480476d73920314f,False,False,False,False
837d5ab3ec340efc,False,True,False,False
1836d8dcbba01d13,False,True,False,False
8dcd0fbc2fbc2c54,True,False,True,True
eb2a8191fe36e7b0,True,False,True,True
f22b6dae5a3bba66,False,True,False,False
1cb91af2cbc92895,False,True,False,False
2119a9f9ae814286,False,True,False,False
109660bec9fa8d66,False,False,False,False
7cf3b03b763c0ec4,False,False,False,False
109c02e772faea83,False,False,False,False
77a6f78539caa220,True,False,True,True
505fdcaca0ed1597,False,False,False,False
25fb10186c0eced0,False,False,False,False
2c57001482cdd1cf,True,False,True,True
aa5745047ce3aa4a,False,False,False,False
789433a9683e71b9,True,False,True,True
3fb04d4404ed92d1,True,True,True,True
3d60364503c8bbeb,False,False,False,False
c92d48527e017534,True,False,True,True
b4689ebe6a65ab58,False,False,False,False
48b3872d001290a2,False,False,False,False
1cabce820bcf1ce3,False,False,False,False
5c266942e0a93e8d,False,False,False,False
92a28eb9c5b84111,False,False,False,False
0aa98c7166078e81,False,False,False,False
a27bd9f778f39f49,True,False,False,False
d7780d8fa13f2fd2,False,False,False,False
d02d6541b0eb27c1,False,False,True,True
e018952dd5fa15dd,False,False,False,False
415c3d4b9b0edbbd,False,False,False,False
ff57ee80c41214b7,False,False,False,False
1e7195e185bb352a,True,False,False,False
dea9cf23b927da0d,False,True,False,False
c054ac930400a545,False,True,False,False
6c5fdd4b59efc582,False,False,False,False
0074726d34fc32a8,False,True,False,False
ad830af521379038,False,False,False,False
6e42e080367c4863,False,True,False,False
013e382bed1afff7,False,False,False,False
a88b4baa78951624,False,False,False,False
fa6a8f11e6494229,False,False,False,False
ec1193bd80fef461,False,True,False,False
900628714b20a823,False,True,False,False
a4bb7d9c07faa3fb,False,True,False,False
c30d9e24b32f66c8,True,False,False,False
3d43ba5598751223,False,True,False,False
37fd637fa0a3912b,False,True,False,False
7586bd6529368516,False,True,False,False
baf072c60bbbdccd,False,True,False,False
f562105e01fdf828,False,True,False,False
86429a6ae456d6b8,False,False,False,False
4c5eec244e58a3f9,False,False,False,False
3e677f4b94d1f87f,False,False,False,False
f56a2434e23a03a9,False,True,False,False
7d87775d56177c20,True,True,True,True
86c38ea8ffadb917,False,True,False,False
bfcb95c15e4ca2b4,False,True,False,False
8b9a7a4ec03d48e8,False,True,False,False
a0da1dac8b53a0d7,False,False,False,False
2918a079fa807b0d,False,True,False,False
bad1ecaa6d7bcc1b,False,True,False,False
128ac6a956e06c3a,False,True,False,False
8a850a0e4cb895f0,False,False,False,False
42de0ce2fafc55f8,False,True,False,False
1c50a4d846067602,False,True,False,False
f744fa2cba77f8d8,False,True,False,False
4ba351a07e5ee8dd,False,False,False,False
856c65f81b0d134e,False,True,False,False
e54a0f446261027d,False,True,False,False
e6253d1ee66d36d9,False,False,False,False
d8f279e2389d2769,False,False,False,False
b15e810f530fd199,False,True,False,False
3a9e82a1ad8c894a,False,True,False,False
8ce330065ffcae8f,False,True,False,False
9d729e7b185b6a47,False,True,False,False
e38094762a0804eb,False,True,False,False
dd44bdd4f3a95b61,False,True,False,False
daa4ecb9eb469a41,False,False,False,False
c178d828aef8cdc3,False,True,False,False
ecae7f0ba33afe43,False,True,False,False
0e6ed400cf25e72e,False,True,False,False
8d3718090857e418,False,True,False,False
30b6d148c351b543,False,True,False,False
38cc977ed4211618,False,True,False,False
8f066d8cf07ad069,False,True,False,False
f11ec7d2fb532d42,False,False,False,False
51d869175343e3a1,False,True,False,False
da8cc195ebf0890f,False,True,False,False
5a17efa3887a7e6f,False,True,False,False
b74e21bdb0025e9c,True,False,True,True
9c709f5439b25f62,False,True,False,False
d47caca1425eefff,False,False,False,False
6b3dbfaf855b5c38,False,False,False,False
502d6d98ea01322b,False,True,False,False
f3688a104e5ee8e4,False,True,False,False
fe49f7f4c115deb4,False,True,False,False
4e425c4d63b1719d,True,False,True,True
e019261f29467781,True,False,True,True
771a90de19fe2f60,False,True,False,False
6e1376d08da75eb7,False,True,False,False
c187888e0d944f89,True,False,True,True
4bbe53cb223c5868,True,True,True,True
3108dd61a690fee1,False,True,False,False
fe86637561463d3c,True,False,True,True
787a050998ddfba0,False,False,False,False
57c7be7bb5d6f549,True,False,True,True
6ad7cc84f0631af6,False,True,False,False
a3f7978cd811f857,False,True,False,False
e47d703c9625fda8,True,True,True,True
99f199faa230394a,True,False,False,False
34618da6a98d1c5f,False,True,False,False
6bb52609c25a0981,False,True,False,False
8d43ff294f707ce3,False,True,False,False
1230059e638ad012,False,True,False,False
07f3e8be42564d05,False,True,False,False
c51d79d30d695bdb,False,True,False,False
7d2b65d29879f925,False,True,False,False
cd3c572947d223a3,False,True,False,False
5a27a2c38cf736f8,False,True,False,False
5cf1943719be9bbb,False,True,False,False
b2304ffaed0e6850,False,True,False,False
c0b520495b32edcf,True,True,False,False
7a646ef470d56078,True,False,True,True
8dabf8d8a2b8415e,True,False,False,False
195f0ac3848ecaec,False,True,False,False
8982b26a0d08cd04,False,True,False,False
871185e32721692c,False,True,False,False
30ea7a47138110c6,False,False,False,False
4cc3891a9710441d,False,False,False,False
1a0ba69fd1396b44,False,True,False,False
0eb719b932f3068b,False,False,False,False
90ea25f22baa2f01,False,False,False,False
30eaee4515d3e7c2,False,True,False,False
561e79915a939707,False,True,False,False
6175df1f7d5e8546,False,True,False,False
94ed5ee2f69ba422,False,False,False,False
d98dde128801404f,True,False,True,True
a3f6195757492f0f,False,False,False,False
d4f67c3761b305c0,True,False,True,True
bb343760f71180a8,False,True,False,False
5a7578bfd15ea73c,False,True,False,False
53de7c3683a564dc,False,False,False,False
52561164f8b95d57,False,False,False,False
c9e24b7eedcadd79,False,True,False,False
652b4ed0fabc430b,False,False,False,False
9c43431a538f8b71,False,False,False,False
5ec7e9079876dbd1,False,True,False,False
e7932650942fca2d,True,True,True,True
f6e17ea040318cf1,True,True,True,True
79da99bb80e20c84,False,True,False,False
649ab1a0d4f62bbe,False,True,False,False
6098f987ad0b44b2,False,True,False,False
48a930d9e67fc40d,False,True,False,False
afe1149e5495d888,False,True,False,False
fc2be6f32ce338cc,False,True,False,False
4b906f3468d1f3f0,False,True,False,False
68cb95fc65d75630,False,True,False,False
b12c5872c1a5863b,False,True,False,False
5fccb272f41c66a9,False,True,False,False
2d06bd373d99c998,False,True,False,False
3cbbd98c550cbee9,False,True,False,False
633508ffedfac2f1,True,False,True,True
84f92d0ad71249d4,False,False,False,False
b6284166427cf611,False,True,False,False
b8fa7da8b6b21fd7,True,True,True,True
6c2a3906abc6d33e,True,False,False,False
61ff41c510b0675f,False,True,False,False
5b58b0bf93259d90,False,True,False,False
d4a0129a1a1f0097,False,True,False,False
3e662e00a87d1851,False,False,False,False
40ebb03c8e4f0241,False,False,False,False
eca1bb76e5896c01,False,True,False,False
28c3ba874c5fab81,False,True,False,False
9294235a630cffe2,True,True,False,False
46c38d0119e8425c,False,False,False,False
5c5a87f3f3ed1a99,True,False,False,False
07589fe16defd7c6,False,False,False,False
ef86c8d3e29ecdd5,False,False,False,False
08d31fb96b1610a1,False,True,False,False
ae0c65ed99abbbab,False,True,False,False
9cbc00a8342b0583,False,False,False,False
a9215f40b524b077,False,False,False,False
78822a35ee276636,False,False,False,False
8e018edd0900c04f,True,True,True,True
2c0e2bf1d3e1c89c,False,True,False,False
acf5b7db93e1dc73,False,True,False,False
50768a118849734a,False,True,False,False
0e06f03503d79eab,False,True,False,False
3e7b49cf803805c2,False,True,False,False
aaf7cc64caaf1c28,False,True,False,False
2f2d21cb2f2cdbf3,False,True,False,False
758a8de5716cbff7,False,True,False,False
ba6f3dad80966382,True,False,False,False
96a30197ab48d4ac,False,True,False,False
1b8c5fdc3353b00b,False,True,False,False
2384be0f0f840ae4,False,False,False,False
acf4f64a9b8b39b0,False,False,False,False
366b573bcc33f33f,False,True,False,False
5c34b840bc18972c,True,True,True,True
9af043aed1df2e28,True,False,False,False
f9a855750139ab18,True,True,True,True
ab83da28654aa114,False,True,False,False
5b4737013e52ccba,False,True,False,False
d598cd7a4c117543,False,True,False,False
fb24c582a7b8f64d,False,True,False,False
6dec39b319ef8da3,True,True,True,True
32e8a3f85c489469,False,False,False,False
4cad986eb4d3d00b,False,False,False,False
d55319ebf46dd15a,True,True,True,True
567d0f84db400b43,True,True,True,True
2e07fb9af94807e2,False,True,False,False
6eaf56984b520da3,False,False,False,False
0d0424c59b9409e7,False,False,False,False
c7622d2316bad50e,False,True,False,False
4bb4c5a6c8e389e9,False,False,False,False
f7e4cf7e379ad0fc,False,False,False,False
bd95d83179d692d8,False,False,False,False
cf11e1e2ddc59d4e,False,False,False,False
34e9f1e28c6010d9,False,False,False,False
efb7338b01ec8f46,False,False,False,False
67956285e45e6333,False,False,False,False
ac176307141e58d4,False,False,False,False
5ef45dcc0881a628,True,False,True,True
f1fa8d31e99b56ff,False,True,False,False
ea6c61968a5fe07c,False,True,False,False
b843761bb4285ce4,False,True,False,False
490cf84090a46da8,True,True,False,False
022bb53009d78fbb,False,True,False,False
46d4fc112086b116,False,False,False,False
28c3521b6a34ea71,True,True,True,True
7758e6307d714ba4,False,False,False,False
b9188e6db109b27d,False,False,False,False
4f83c425c7574e77,False,False,False,False
72546688a6f5c3d7,False,True,False,False
4a1acbb574c22d90,False,True,False,False
d2966511f8431806,True,True,False,False
5e02edb173df24a0,False,False,False,False
403c043c9574def8,False,True,False,False
7c753a6ebacf8d5f,True,True,True,True
79ab04ef7805b238,False,True,False,False
fcca1b6b2e66a997,False,True,False,False
266f3ac7cb32508c,True,True,True,True
92e752a8ff125725,False,False,False,False
d34a031df91a299d,False,True,False,False
ddb1cde32fd80c1b,False,True,False,False
461188dfad5e8581,False,False,False,False
f5f118a12deeb85e,False,True,False,False
8f21c42774bf514d,True,False,False,False
f21244fd2e2ac6b9,False,False,False,False
1a5e3c56c7a193bd,False,True,False,False
76793a42363388f5,False,True,False,False
d390e505d24abf6e,False,True,False,False
23d6d877746f6441,False,True,False,False
c11f3ef374c475bb,False,True,False,False
9ff3f2114dea3615,False,True,False,False
6b1bf310b5e83f78,False,False,False,False
39caa890e7e917b7,False,False,False,False
2b50c4d8298721bf,True,False,True,True
4642e723fe1c9c82,False,False,False,False
27d5f9530f5e9dd3,False,True,False,False
45d0f2ecece1b992,True,False,True,True
e8c6fcc60806df5b,False,False,False,False
a13f516d87781211,False,True,False,False
1c518db8d78e5d52,False,False,False,False
dfd5bac5fae3f4fd,True,False,False,False
734006945edc4664,False,True,False,False
875cad4a843f6f10,True,False,True,True
01b5b9aee31a4bdf,False,True,False,False
34933acd79151d8a,False,True,False,False
4dc5f3e395235404,False,False,False,False
92dbd515bd09a64e,False,True,False,False
e8405d1792811b20,True,False,True,True
bded11762b96c7b9,False,False,False,False
9a57267fb643e761,True,False,False,False
a0166396428d8ca5,False,True,False,False
a2265675e851ab30,False,True,False,False
1db468ab54ca9641,True,True,True,True
11900c635ee7b41b,False,False,False,False
f34ad280d8ad795f,False,True,False,False
85c0cbc2aea6ba42,True,False,False,False
bcd071b0eb2c0f71,False,False,True,True
9c9462d03c7fb866,True,False,True,True
b821741d49738115,False,False,False,False
3c637195675f931f,False,True,False,False
c570d10104b97a53,True,False,True,True
f5481feaef374315,False,False,False,False
2f5888c44500cfef,False,False,False,False
79ec2136dfb6dc69,False,False,False,False
39bb2397ef61fcfe,True,False,True,True
e899c85e0466b8aa,True,False,True,True
c34abb8fa278743b,True,True,True,True
eb7c106386931de1,True,True,False,False
fc76b2d7f4135a57,True,True,True,True
12e37d99678b4c74,True,False,True,True
86a29880e117d904,False,False,False,False
4c70ec6d85df48f6,True,True,False,False
976390dfa76dcde5,True,False,True,True
39074cbe4d25a785,False,False,False,False
cd2e3cb49634c0bb,False,False,False,False
413e6459db9fdd84,True,False,True,True
45450e2fb405b78c,False,False,False,False
98d053d86b8755f7,True,False,True,True
5e03bdf39130f811,False,False,False,False
34a2059f315dcfdb,True,True,True,True
4162bee68e33b035,True,True,True,True
6f2435fcf5fa9fad,True,True,True,True
d286a93ccdc2cfde,False,False,False,False
2a497a2c82d9fea7,True,False,True,True
3b3111af99272f53,True,False,True,True
98a98ec48d685295,False,False,False,False
331e5d8f017e1e3b,False,False,False,False
ba4d3bab6fb3b8fb,True,False,False,False
6ba066018775733e,False,False,False,False
1710268474e2898f,True,False,False,False
7802e6905f46c548,True,False,True,True
5aa45b825d1a763b,False,False,False,False
2bb2d70547dfe43a,False,True,False,False
882d0c89a01cf379,False,False,False,False
3c176a73f42dade4,False,True,False,False
2a4ff5bfef90e7c2,False,False,False,False
0fb4a42d81ee698c,False,True,False,False
cd13c8ad6c1e98c5,True,False,True,True
4d17b79d8762ed4d,True,False,True,True
363beefb6b744266,False,True,False,False
904645111b5b0c7b,False,False,False,False
e03ecf1a70327f10,False,True,False,False
a907ae188e4bbe15,False,False,False,False
fce8ac237d847e3c,False,False,True,True
8dac2c4c77d84384,True,False,True,True
db9c0fb0a2d5c712,False,True,False,False
837fee2eafa4a78d,True,False,True,True
dc6a06f00109ce7a,False,False,False,False
9824af9955858c4e,False,False,False,False
a4653538b4d62632,True,False,True,True
7f1941b810a09142,False,True,False,False
c68ad884c1095d3d,False,False,False,False
5c2f45533e7b838b,True,False,True,True
508af4fc1f441687,False,False,False,False
11e5931425fbd253,False,False,False,False
3f1ccbfdf78d8448,False,False,False,False
03fe076ef70686f2,False,True,False,False
89b4e9786ff2e5b4,False,True,False,False
c212f2c196386c77,False,False,False,False
f3ea1f86fe05b1c0,False,False,False,False
97db4de19d6a495d,True,False,True,True
da62720eca924001,False,False,False,False
b68eb5fb2dfd5ec7,False,True,False,False
ea7082497ce5ec40,True,False,False,False
17b9f894b4d99c3b,True,False,False,False
0d113ad6cebd0eec,True,True,False,False
36b07491de9372da,False,True,False,False
7fdbb1f8a36dc22a,False,True,False,False
24cdc755187df94e,False,True,False,False
06dcfccd04e8e8a5,False,False,False,False
19da4b7a9c8652f6,True,False,True,True
c9d86abedec9bd02,True,True,False,False
ab92a1a40aea142b,False,True,False,False
a7b7a8825705119f,False,False,False,False
9b936fa13ba7516c,False,False,False,False
f875d2f3ac80b730,True,False,False,False
9cdfca687018cd82,True,False,True,True
4c9d12177b8d8eb8,False,False,False,False
54213a5d1ca5247d,False,False,False,False
6995eee24f27c3fb,True,True,False,False
4e1e27faf731020b,True,False,False,False
255b26fe0bb78954,True,False,True,True
ae0f7c7e3aca99ac,False,False,False,False
b0aed78e4c045542,True,False,True,True
bc1adf82421ed367,True,False,True,True
96235c09b6e7d736,True,False,True,True
978ac0d1ca0c762c,True,True,False,False
51db8f0d536d688e,False,False,False,False
732e6f6f93647031,False,False,False,False
7827dcec638d2bdb,False,False,False,False
82ed58a91278d2e3,True,False,False,False
3e68ea34aef175d0,False,False,False,False
437c26b060a647b4,False,False,False,False
df16608b059eb665,False,False,False,False
51a9a04ad5d11950,False,True,False,False
9668da67e2c32c79,False,True,False,False
27821a7933f06ab8,False,True,False,False
25c20fa3551435e3,True,False,True,True
4a12d71f2a418e71,True,False,False,False
76d2534e6d1879e1,False,True,False,False
f9044509b888b6cc,True,False,True,True
c6609f21348cb765,True,False,True,True
62279b7597c2a591,False,True,False,False
30a8697a6a19f3bc,False,False,False,False
76d812ae93515a1e,False,False,False,False
76d77cf7b6e99fca,False,False,False,False
422f18b648f595be,False,False,False,False
25818fc1e151ffc8,False,False,False,False
e9d53e2ec4d11c0d,False,False,False,False
7d8499073d886bd8,True,False,False,False
5a02700447e5fc55,True,True,False,False
f7cef3b700be2fc4,True,False,True,True
e4b4fe123a489f67,False,False,False,False
5ac8806d030c2dcf,False,False,False,False
cee6d49ea06a5d16,False,True,False,False
c200c08f606d7bdb,True,False,False,False
3011555da228e336,False,True,False,False
f9b7228847c150f9,False,False,False,False
6c2f7ce10aaad971,False,True,False,False
c6a782f1761ccaaa,False,True,False,False
3af07d073385bf0d,False,False,False,False
f5e3d66feae1e15c,False,False,False,False
31706660f8b09a8a,True,False,False,False
ac71d41a6b608c27,True,False,False,False
d27cd7c2855518d2,False,False,False,False
fd97106b36374468,False,True,False,False
fa788aee20337ca3,False,True,False,False
5edf71d1ff9e6a79,False,False,False,False
ed1b8efd13629409,False,False,False,False
f0821636ecd50c73,False,True,False,False
5f321487305c9db7,False,True,False,False
7c93ca8ecbc4fadc,False,False,False,False
2701036d9e479b7e,False,False,False,False
6e9c101428ac6b2c,False,False,False,False
1172dfd2bbdfdc37,True,False,False,False
50cb9aa896aaa14f,False,True,False,False
f80d680e2fe2a6e6,False,False,False,False
19a650faa9d5419f,False,False,False,False
ba257729d7bf576d,False,True,False,False
21b23ee1879422cf,False,False,False,False
4cc43cc1f221ac4a,False,False,False,False
80eea191098d4754,False,False,False,False
b34e76d474229a8e,True,False,True,True
4b988972b6f5f9f7,True,False,True,True
b3539989e74e2097,False,False,False,False
a3138afde44ecc56,False,True,False,False
d687d1a0f8d66f75,True,False,True,True
a9406efec70a883e,False,False,False,False
d5430e22198c80b1,False,True,False,False
a7ab9e9e9001f0c2,False,True,False,False
7f07bf00865bdd9d,False,False,False,False
359acff15e97a84c,False,False,False,False
323a93fdad0189ef,False,False,False,False
b743e60bd74276fc,True,False,False,False
b3736d24801d8eca,False,True,False,False
7290cf11ec71b05f,False,True,False,False
add83d0ed09d18ab,False,True,False,False
8b4afdfe0efe6e43,True,False,True,True
10d50bb7d1f23d7a,False,False,False,False
31c4c255393e67c5,True,False,True,True
63db93ce41db8ca5,True,False,True,True
6359d54682a6ac72,False,False,False,False
90147d502dd48cff,False,False,False,False
aafd55d39d74cdf2,False,True,False,False
3cd6f1eb44ce9686,False,False,False,False
90cd181df54de0e9,False,False,False,False
65376088b6952fd1,False,False,False,False
1f7a979d42c77d18,False,False,False,False
1621d46df3ac729a,False,False,False,False
519234a8b0cdc8b0,False,False,False,False
aaa4aa0c5e3f9bf0,False,False,False,False
58b44048bb2bf293,True,False,True,True
26b1ab84b968dee9,False,False,False,False
f45e923ed75b82f1,False,True,False,False
83d94fd587f94606,False,False,False,False
ce3763827e0703e5,False,True,False,False
c27181dd27cd7486,False,True,False,False
6acfbca19cce935b,True,False,True,True
e48b6e99107288ba,False,False,False,False
41454dded90dc446,False,True,False,False
801b29583042d0e1,False,True,False,False
af78f5fd5c0fc47e,False,False,False,False
020788a581603eab,False,False,False,False
953c010156dd54b9,False,False,False,False
27a1528ebb638420,False,True,False,False
58fc9c62c434b65c,False,False,True,True
45aaa43a0f0cf8bb,False,False,False,False
43645d1494166a89,False,True,False,False
21b7be81a8f7a8ce,True,False,True,True
94fcc6bbdc0b4f19,True,False,True,True
0cf0f86c34a9c67f,False,True,False,False
6f6cd8f2d702eb9a,True,False,True,True
73107305b4f7d018,False,False,False,False
4822a22950a6c2ff,False,True,False,False
2757d7df749fbc00,False,True,False,False
58a40300f9614ddc,False,False,True,True
1ca695d8d32bcc98,False,False,False,False
b053a124b5280242,False,False,False,False
0dd68fe8d6f6558b,False,False,False,False
cf34ffe89e39d72f,True,False,True,True
7c61584f3609775d,False,False,False,False
c516f8b40d5dd27c,False,False,False,False
4206ba9fb32e0abe,False,True,False,False
35f0264a12235e22,False,False,False,False
a048ff7fa3117239,False,True,False,False
c00c4194810ff4b3,False,True,False,False
86cb25e9335f8532,False,False,True,True
9fce1bd2efcb8da8,False,False,False,False
e19c81f7f864e68e,False,False,False,False
13483f6eacce711d,False,False,False,False
37815c44365cc1c1,False,False,True,True
fa4cdd6be687eb3d,False,True,False,False
a50bf8173a71a8fc,False,False,False,False
ed1139247fa600a7,False,False,True,True
d5e96a94adb7e70d,False,False,False,False
a5856f7c27eb5d29,False,True,False,False
474140295ad0ef96,False,True,False,False
bd35da38a0c218cd,False,True,False,False
62f79335812e77c8,False,True,False,False
3902be6969150b45,False,True,False,False
ee07897958e57c86,False,True,False,False
18bdd5760da14a77,False,True,False,False
6c49f0b928dc95ae,True,False,True,True
787c3d1372b2be02,False,False,False,False
fc8ede42080c1f81,False,True,False,False
f7d28209773de417,True,False,True,True
bb94718b1224e20a,False,False,False,False
cb26a40e6bb2bc54,False,True,False,False
a5ec0bca6a62b571,False,False,False,False
0386a7f2a0c8a7e3,False,False,False,False
763a5ac07d24e733,False,False,False,False
991908cb57904800,False,False,False,False
752fdce498521ef6,True,True,False,False
32fbf20eec3e93cc,False,False,False,False
e15c99581c557091,False,True,False,False
6fedfa3d63f5cfdb,False,False,False,False
90c2f45e67ee7945,True,False,True,True
5df013674505ed0a,True,False,True,True
1f23efebb0a898d3,False,False,False,False
7ba9a136b48d7d8d,False,False,False,False
203ba8dd628c4349,False,False,False,False
421797e3306ddf03,False,False,False,False
dde905c90b601d79,False,False,False,False
yx59s36qeevfk2i8,False,False,False,False
334bd934ac2296e2,False,False,False,False
3e24b079b0ae1550,True,False,False,False
158ad95706f3a7ad,True,False,False,False
bdadaeffe9441dc9,True,False,False,False
cf7678aea00e5d20,True,False,False,False
61fcad7d454e5a28,True,False,False,False
bf514ce737efb11c,True,False,True,True
ec8f8b95d9462e8a,True,False,False,False
582fc96591979732,True,True,True,True
6863ff6334a25773,True,False,True,True
89e8b942a7a29649,True,False,True,True
403e13d037cb8db9,True,True,True,True
67bbc0a6a149a748,True,False,True,True
1be078374785a404,True,True,True,True
58c72a89c4f98920,True,False,True,True
3be4aa9c6e73d264,True,True,True,True
77719a1f8dfe9859,False,False,False,False
bc63ae1743560908,True,True,False,False
46444fda62d80186,True,True,True,True
8ac0a9b90ca839d6,True,False,True,True
0e71999a906403ed,True,False,True,True
b587e7419d273d06,True,False,False,False
ae3e9dfafbb229c6,True,False,False,False
4b28c57fba16515e,False,False,False,False
ac403abc4a35006b,True,False,True,True
a7e436b97c3ac3ec,False,False,False,False
92bc6fda51c94712,True,False,False,False
946240c70aa06fd0,True,True,False,False
f19e25c9c5006948,False,False,False,False
af7801b00798d12d,False,False,False,False
66661646c9663900,False,False,False,False
897db9166d4d383b,False,False,False,False
2cad9102ee4feb1b,False,False,False,False
fa48ffb4ba314928,False,False,False,False
b4d5278591208a1f,False,False,False,False
52f0e3ab4840afa7,False,False,False,False
bb3d8c6264bb2b59,False,False,False,False
184bcfe429c5c821,False,False,False,False
d22faa7da197fcac,False,True,False,False
4659197ca40e0e0a,False,False,False,False
8ed52e60fe91ca44,False,False,False,False
29107ea78f80735a,True,True,False,False
8203f98d81dfe00e,False,False,False,False
f0aa4ae781eeaee2,True,True,True,True
a4b3e245fee0009a,False,False,False,False
cdd3ec35b360cabd,True,False,True,True
695d94369be0775c,False,False,False,False
cbcf2166fbc613e7,True,True,False,False
393b888267124dda,False,False,False,False
196f76edacaf7600,True,True,True,True
896e2be0082200e7,False,False,False,False
afb21ff1354cc2a1,True,True,False,False
ef76bc206731beac,True,False,False,False
6f0223f38e298ebb,False,False,False,False
06b364e2c024d992,True,False,True,True
e2968662868162b7,False,True,False,False
0ce73101903213e7,False,False,False,False
31d043af1e36faa7,True,False,True,True
c05c08425270bc36,False,True,False,False
c633ffc0c80b6e2e,True,True,True,True
1aef57484a17ca8b,False,False,False,False
0b29e2946cb0a210,True,False,True,True
dc0cff943a0299db,False,False,False,False
c0d84b954ffc9b70,False,False,False,False
6a6722d7cad1e506,True,True,True,True
760694b78e6d458e,True,True,True,True
bd95daa20e5b158f,True,False,False,False
807367d96c63562b,False,True,False,False
0b40051ce5c0a191,False,False,False,False
23a6322e17c07bf2,True,True,True,True
df019ed19f1a40bc,True,False,True,True
ab8567ece04516bd,True,True,False,False
805375a77a225489,False,False,False,False
ddce48c33a6c53d1,False,False,False,False
ae79bd85118cb0cd,False,False,False,False
1f531e6320ba0dd1,False,False,True,True
20b153a89b75f9c9,False,False,False,False
adc0ad1581ecbfbe,False,True,False,False
c869d449e0749300,False,False,False,False
f1518acfdac0202c,True,True,True,True
09caab6ba5bec3f4,False,False,False,False
a734e0a428535dda,True,True,True,True
d58963ff94a04b13,False,False,False,False
d5c059fd21bd0549,False,False,False,False
02ab5893df22b817,False,False,False,False
7e8110494c411239,True,True,True,True
e624b064d2cfc713,False,False,False,False
6341ad764110c17d,False,False,False,False
ef03f44e0881f6f9,False,False,False,False
05f5280726e921d0,True,False,True,True
8609dc2fd0e1d43c,True,False,False,False
0f6f2cc95d0412a5,True,True,False,False
d5c5f57263b4b012,True,False,True,True
6f2c1716827b34ad,False,True,False,False
2dbecfacc178669b,False,False,False,False
334e7d7a4541d17f,False,False,False,False
7bfe2b2a9fc2a7fa,True,True,False,False
7ed7005d351017c2,True,False,True,True
e10e73def918bead,False,False,False,False
9440a7d9c389e5fc,True,False,True,True
512078efc5777105,False,False,False,False
24ac004abf36f927,False,False,False,False
b21f0463c62ebc1c,False,False,False,False
dc388a10c89d3aaf,False,False,False,False
d2ddda86286c0346,False,False,False,False
54b0f49145e28c98,False,False,False,False
1668069d34f32f9e,False,False,False,False
1c2892ad488bbca9,True,True,True,True
9a77958289ecfc91,False,True,True,True
5a322af4f57766af,False,False,False,False
da7078655319e1f8,False,False,False,False
aba6b8bb938bf09c,False,False,False,False
b3093bf782702b39,True,True,True,True
80df95583e88092a,True,False,True,True
429a594a7c952d1d,False,False,False,False
0b1d96a725f12e35,False,False,False,False
e1aadefb58ebcf01,False,False,False,False
af56c4ee82011c15,False,False,False,False
34efb3b492411dbf,True,True,False,False
f10355b368fd23e7,False,False,False,False
23a0d0add7f4353b,True,True,False,False
914efb2a73a2200d,True,True,False,False
4a6d1f5e4066b460,True,True,True,True
b6711f49659dbe6d,True,True,True,True
c09b31dc749e0074,False,False,False,False
5389f24a82f6810a,True,False,False,False
9ca69de2ffe5db81,False,False,False,False
9794a99892f03947,False,False,False,False
40bb72b509604a41,False,False,False,False
f46e565a4e5f56b6,False,False,False,False
0e7740542614558e,False,False,False,False
a52ce961361d50a4,False,False,False,False
407b9bd01325db1e,False,False,False,False
2f80512a39b73656,False,False,False,False
9b5e07f5bc43dc10,False,False,False,False
5a727e404bd89b2f,False,False,False,False
cc631fcb3de95103,False,False,False,False
6a854130b82a79ef,False,False,False,False
88005aaa00259378,False,False,False,False
ba0f639d1cdf75c2,False,False,False,False
41eccfe457139d1b,False,False,False,False
2cb3daecf43c8ab6,False,False,False,False
ebc853913c9b3659,False,True,False,False
75aab1aeec895395,False,False,False,False
e7f72cb00aadfece,True,True,True,True
ebb74479b1c19c7d,True,True,True,True
eea38e052c579f16,False,True,False,False
cd41d16cae593ecd,True,True,True,True
7af3753a68177a1c,True,True,False,False
31e1210a2cd8421a,False,False,True,True
23e799b203e92af8,False,False,True,True
1ba4f370d6bbb2c2,False,False,False,False
6ff5e586ec92181a,False,False,False,False
e0502b8f0dc2cd23,False,False,False,False
8afd8f05a4397c88,False,False,False,False
dd48caffac66a1f2,True,True,False,False
a8289d4993ca2978,True,True,True,True
bae6e3127ca8d380,False,True,False,False
3a70e7ef485f1f11,False,True,False,False
2cf65f50ec21f5a6,True,True,False,False
32d4b036b70c6f65,False,False,False,False
ef0bf2cfebe9e46f,False,False,False,False
32d249dba78308dc,False,False,False,False
fd88757d6d3384bd,False,False,False,False
ca59a9a2df14a1f6,False,False,False,False
54c79d1266d888b7,False,False,False,False
cd131f5030c96f27,False,False,False,False
2ee536f4b6e3dc5a,False,False,False,False
5b3dd4153aa77701,True,False,True,True
6127b3434ebc3a6f,False,False,False,False
9cadb4cb47691b72,False,False,False,False
a1353a3be1b9608f,False,False,False,False
54d915c70843fe32,True,True,True,True
a1217b345131b366,True,False,False,False
6eda9070bdea45b4,False,False,False,False
e2ffe5aafcb6d94a,False,False,False,False
4f561bb77a8e0457,False,False,False,False
1383b1a6fbfd8dbc,True,False,False,False
96c160c80232e264,False,False,False,False
41faab44f9447bc2,False,False,False,False
6688a39ef163d4dd,False,False,False,False
1ae8b1bcd2cb89fa,False,False,False,False
538153603db1d53c,False,False,False,False
1c0da608d111ca0c,True,False,False,False
5c7e56628900421b,True,True,True,True
5444c3a2f1e71460,False,False,False,False
2f824ec47d30724f,False,True,False,False
1b45e81872436420,True,False,False,False
d4986344e80439ab,False,True,False,False
6fe78737cc67a9c2,False,False,False,False
f9e90b7d738b9b9f,True,True,True,True
bf9a61247751d049,False,True,False,False
60b16a1c90e11fda,False,False,False,False
b3184fdac1b6e536,False,False,False,False
0a57196eec432d1a,True,False,True,True
51e55b03854af474,True,False,True,True
45f98b556906a57e,False,False,False,False
42ff35fd236a2c43,True,False,True,True
cfcc8cb62a814902,True,False,True,True
dcd0dd660993088d,False,True,False,False
e3f134bcf5b81617,True,False,False,False
d4718ae3ce8d5ee5,False,True,False,False
b81c8a06e27510f5,False,True,False,False
fd789b8886a32f9c,False,False,False,False
d40163aa088a724d,True,False,False,False
8bc81843f958b0b6,False,True,False,False
f19d1c9e3f105ff1,True,False,True,True
f8ce059a8f05ea26,True,True,True,True
c5c0123a9f1990e0,True,True,True,True
86884b5b06de727d,False,False,False,False
4df08a39fa0f6152,True,True,True,True
877a65047b5486fa,True,False,True,True
4f8100a029cb9a9d,False,False,False,False
bcc4cf18d559a492,True,False,True,True
9251b773650fa1e0,True,True,True,True
4ea1ddf4a60428f9,False,False,False,False
0ebab1f540bb3294,False,False,False,False
f88124e02623700a,False,False,False,False
e8cf1c16a6c836e7,True,False,False,False
f75cd6fd0050ac51,False,False,False,False
61f4824a47dc345a,True,True,True,True
3067e409862e3015,True,True,False,False
4704da308e565f3c,False,True,False,False
4a8456524c2acaab,False,False,False,False
0b3028424adde64c,True,True,True,True
d3f2bedb34dcea1d,True,True,True,True
a28e129ea7620311,True,True,True,True
3ff6d900fdaf1b35,False,False,False,False
0e4c11d6263843ae,True,False,True,True
9fe009b1208ae54d,False,False,False,False
4d12e2f99dbc8670,False,True,False,False
aca57ddc8003bbb0,False,False,False,False
0be6edb78c673477,True,True,False,False
8746a3298bdff5a9,True,True,True,True
2e66c58fcceb7064,False,False,False,False
ff77ce0ebe156406,True,True,True,True
b13e844e845d1f18,False,False,False,False
ac5501fb6512948c,False,False,False,False
71344925a5768e2e,False,False,False,False
07c4475c19706f40,True,True,False,False
b66ff40f56b66872,False,False,False,False
7552d2bec7e56ed9,True,True,True,True
7446ba629465eb0e,True,True,True,True
b5fd8d27d8fd8f6b,True,True,True,True
1d1f132ebf084730,False,False,False,False
d8a3977ebd343a85,True,False,False,False
606179dad0901ead,False,False,False,False
b2760433dcb3b751,True,True,True,True
fd9ec5a3dcb375e6,True,True,True,True
d78404e8f8689d21,False,False,False,False
9e52b8a85255877c,True,True,True,True
30128457863b6441,True,True,True,True
7536acb3786d79ae,False,False,False,False
fd2125aa65fa833e,True,True,True,True
bc30df72eb464c73,False,False,False,False
a1be124467010231,False,False,False,False
b96758aed6f112b5,False,False,False,False
b3aac479432b30d5,True,True,True,True
d891c07facb68632,False,False,False,False
d91b5ee98e3fae74,False,False,False,False
e943d4840f78d5d2,False,False,False,False
13eb5bd77fc820d8,False,False,False,False
641ba173b5526517,False,True,False,False
79585a13efcb7915,False,True,False,False
47e30556af798639,False,False,False,False
f87ee972a404a1af,True,True,True,True
f796c966fd1bf225,False,False,False,False
9c26db0bc03d6a33,True,True,True,True
20e18abf12bc3ab2,True,False,True,True
3ce4e7a8c8151fea,True,False,True,True
a25ab4d353f7e11e,True,True,True,True
5ebf30d8e896320b,True,True,True,True
f372f2cf7f734676,False,False,False,False
d89049ebae77677c,False,False,False,False
9390deb00182d53c,False,False,False,False
6a7741c9a19926c5,True,True,True,True
762d7b4747d9a55a,True,True,True,True
c43e2d02b600cdc8,True,True,False,False
ba6e9730a50ff365,False,False,False,False
0e7bd8a3c5727260,False,False,False,False
ff0d661a56e3156a,False,False,False,False
12c3e4155044fd7b,False,True,False,False
84438fc77a9bd047,False,False,False,False
647087254cc62895,False,True,False,False
24aceb05d517a570,True,False,False,False
094bc6df8997519d,False,False,False,False
d524abb2dc5b863b,True,True,True,True
bbd508290a647127,False,False,False,False
6a4ccc9f8cc313fe,False,False,False,False
ed27b29613c31b5b,False,False,False,False
d932bd8842878acf,True,True,True,True
411ac403424e84d6,False,False,False,False
00efc7fc5be79f7b,False,False,False,False
7c031046e6c6dd67,True,False,True,True
a918efbca249ff65,False,True,False,False
f96f6d6a45dd7c3c,False,False,False,False
82adde4b0048bfc5,False,False,False,False
8f51d40de1ff94b9,False,False,False,False
9866e0feb23a86ff,False,False,False,False
ffde6442b17fa784,False,False,False,False
018f12fd3824d4e1,False,True,False,False
739093707c7cc26e,False,True,False,False
76fab7c4ebc40cbc,False,False,False,False
5bce0c2147192494,False,False,False,False
0b5e08a7bd5e6b8b,False,True,False,False
78479b18fd091b21,True,True,True,True
0897678c8a37732e,True,False,True,True
c399562dccbe55f9,False,False,False,False
427ba1b2ba15c51d,False,False,False,False
acdc383c7b73aa3c,False,False,False,False
6e7404c9ad7cdc51,False,False,False,False
9cf32a58f05de4fa,True,True,True,True
761a0ee6032027fa,True,True,True,True
22a07709085c1006,False,False,False,False
aed2b841e1bb376d,False,False,False,False
3f40ae47cbf26da8,False,False,False,False
c96066aeffaa242c,True,True,True,True
86e570620533a000,True,True,True,True
d2974aa89b28444c,True,True,True,True
e8020cd354cd4ea6,False,False,False,False
fdba7e0577f33604,True,True,False,False
a1a81cba94047900,False,False,False,False
bcbc2aa117361861,True,True,True,True
70a4743e86abf920,True,True,True,True
a16052766684ac50,True,True,True,True
cfcaa0233656efc5,False,False,False,False
0c3997e8705ff9bf,False,False,False,False
ca2783d1748ba9b7,True,True,True,True
ee337fd62121ed8c,False,False,False,False
4b8f3a7cf7e1331a,False,False,False,False
4d49f23bae63a792,False,False,False,False
03feebba28b75b8c,False,False,False,False
6c08714f693d32a6,True,False,False,False
a907680ac67dae1b,True,True,True,True
5f0191b36fd8bad9,False,False,True,True
3b44d900feb9408a,False,False,False,False
dcad2e1b5a9fce35,False,False,False,False
2bf69027acd5d7fb,False,False,False,False
fc79f9c2df2a635a,False,True,False,False
75d5b7a0fc628f71,True,True,False,False
80a6111a0d8f94a1,True,True,True,True
63b5d5ce53a8939d,False,False,False,False
52b2ffd1768eb827,False,False,False,False
6aa448c070fbc88d,True,False,True,True
608444251766188b,False,True,False,False
78cb055243af33e6,False,False,False,False
a2cf1f4dd518c395,False,False,False,False
b341a85be10ff627,False,False,False,False
fab539dc1425de52,True,True,False,False
633ca28004c84443,False,False,False,False
c513a9387ecb4430,False,True,False,False
62c583f55152d545,False,False,False,False
4ca7fca5414e2fab,False,True,True,True
7fdb48b22a56405e,True,False,False,False
847c5c5bc048a3a5,False,False,False,False
46876ebd899f2632,False,False,False,False
dfff52274ec23ddc,False,False,False,False
a9cd11f60ad203df,False,False,False,False
1e5601a8a70e16e9,False,True,False,False
96f1718279d40da1,True,False,True,True
0ec1ba4fada291b6,False,False,False,False
3405f3aefb6c901e,False,True,False,False
86cdbe40f332bb08,False,True,False,False
8b12d8f17c81fa3d,False,True,False,False
af20b015e54dfe0a,False,True,False,False
5ad9cbb57019187f,False,True,False,False
057614f3c2044c85,False,True,False,False
d923f8b96e2aac5a,False,True,False,False
40d8bd4603c69c81,False,True,False,False
e1dc46ff22e7821c,False,True,False,False
62bf494f1b7cb99e,False,True,False,False
aa25f921536a5106,True,False,True,True
bde3c0c5ea6b39e3,False,True,False,False
d1652cad7d2e89cc,False,False,False,False
879ee6fa96c2f3d3,True,True,True,True
1638de07bf72e380,True,True,True,True
c4752185b45a29ce,False,False,False,False
b1cc1972da6abc77,False,False,False,False
e65322f5183809ef,False,False,False,False
e0fca51f12525156,False,False,False,False
b7118c0a030d46c7,False,True,False,False
6107e2fb83c38adb,False,False,False,False
45148e4fbdfef410,True,True,False,False
0def611fc58a8b2a,True,True,False,False
e902ea785a15b59f,False,False,False,False
a050ba60bb558076,True,False,True,True
6a611d19b6e1a89e,False,False,False,False
85869205be65f988,False,False,False,False
94d92ef86c8111a3,False,False,False,False
77d5ceac70ef0a41,False,False,False,False
8598b20a87c54220,False,False,False,False
5a03a5e0f2db7d88,True,False,True,True
16add680f9155fc4,False,False,False,False
c79fede93b34cd7e,False,False,False,False
e613908de2735e88,False,False,False,False
06ca1d79e235afd2,False,True,False,False
4b892fbd06b2dd22,True,True,True,True
1912f10180cdadd6,False,False,True,True
b82a35f5fd366da4,True,False,True,True
9e5ff5ee4a4a7a24,False,True,False,False
11b125cb8254790f,False,True,False,False
7cf3e44d46ea1c51,False,True,False,False
fcb6f6ccdba1b353,False,False,False,False
7db66ba9716a0b54,False,True,False,False
dd9bddde49c1b123,False,False,False,False
b89a3c4d59dfcd2a,False,False,False,False
054ca88ddd4e3d67,False,False,False,False
c470c62930a9be63,False,True,False,False
7168c0f1bd4e97c0,False,False,False,False
569637b7638aa07b,True,True,True,True
4815ed8fbbb3bdcd,True,True,False,False
ef2100fb41e9e457,False,False,False,False
0746802798839acb,False,False,False,False
19701da042b1af3b,False,False,False,False
0822e26de541ceb4,False,True,False,False
b5d0ccafb1a5ab2b,True,True,False,False
0e34fcee49bdfd5f,False,False,False,False
f10a57ba1e33baf3,False,False,False,False
1e1cd5e4dc73d503,True,True,True,True
e7e932d0e2511508,False,False,False,False
426e3002b6dc8a65,False,False,False,False
61a16f4823347b46,True,True,True,True
a6bb73d2841f8a01,False,False,False,False
de104d29b44f7cb2,True,False,False,False
e1d3511ec4cac643,False,False,False,False
04355216afbd99c2,True,False,False,False
7517a1ec6ff7be59,False,False,False,False
c7690a07c61fd65e,True,True,True,True
b6dbffaf5fdaf8e9,False,False,False,False
433d9e735a519b86,False,False,False,False
dd2d329eb0314535,True,False,True,True
cd3ae48e8fb000b9,True,False,True,True
f395c3952ba156b4,True,False,True,True
b6c08980ab1ea8cf,True,False,True,True
50f0629aea21bfb5,True,False,True,True
bd2d704a69c0a209,True,False,True,True
7bad16a6698f5607,False,False,False,False
d1b5a0abb77bdd3c,True,True,True,True
44faa2e1affa1168,True,False,False,False
3701d8ba30c798a8,False,False,False,False
197a3c72a9184103,True,False,False,False
8bbc7c308c48a518,False,True,False,False
001c0ab7c793e928,True,False,True,True
c8b49aa5bbf4716f,True,False,True,True
4eaedf5b59a7c3d6,False,True,False,False
9a06396535a6514b,True,False,False,False
5ce2c537b02aa6e3,False,False,False,False
b6e95f2df75d24b2,False,False,False,False
cd0c96c469697e18,True,True,True,True
653f6747b26b3802,True,True,True,True
85b518ea67636083,False,False,False,False
ab1a36254b340838,True,True,False,False
e23c0342083568e6,True,True,True,True
50534cd0e9045998,True,True,True,True
9c3207afb7230020,True,False,True,True
33afa178cf2ab500,True,True,True,True
7bfe916827ea4e07,True,True,True,True
2e80498eccffe8a2,False,False,False,False
dee587e1c5c75661,True,True,True,True
26cf6603f374c678,False,True,False,False
edcdb9a54145c904,True,True,True,True
fc6924d404bdedc3,True,True,True,True
87c358004e1044ce,True,True,True,True
9ceacab96e6b0fcf,False,False,False,False
0225045ce718effd,False,False,False,False
a3591204fc919bbd,True,True,True,True
6fe988db76a0609c,False,True,False,False
6267721890b5c7b3,False,True,False,False
c3bd3b61ffb46cdd,True,True,True,True
b772327cdd034b99,False,False,False,False
5841e4050ae8d269,False,False,False,False
4e27f43dc04f2139,True,True,True,True
66429acdcc450508,True,True,False,False
ab4d67949504e2a9,False,True,False,False
004822a5e154436a,False,False,False,False
8c8b78bf850ce0f9,True,True,False,False
4c6a798f631786b5,False,False,False,False
8681533b7def04f0,True,False,True,True
ae4aa1171524b5aa,False,False,False,False
b5cfb40c097e83fb,False,False,False,False
fa1e043740030a3c,False,False,False,False
ca6ac7b62ffa460a,False,False,False,False
fd656b5d6f887a49,False,False,False,False
943f1fbd85830d06,False,False,False,False
92820df52214dea7,False,False,False,False
23682dadfd7bb472,True,True,False,False
0e55360415ce7065,False,True,False,False
c558a0debebdfe22,False,False,False,False
d9f9f92a8c9e8853,False,False,False,False
7979fee49cd6319c,False,False,False,False
32897b4f331c958f,False,False,False,False
e0b144c6c85689d8,False,False,False,False
8ddf4ffd080d06d7,False,False,False,False
67334af7825c5e1f,False,False,False,False
4d7e2a9766b82e59,True,True,True,True
7736282772fe409e,False,False,False,False
dad16845c32fd12b,False,False,False,False
1f5350907c72c735,True,True,False,False
4b651c3e76043deb,False,False,False,False
103ac89c1f3d5e02,False,False,False,False
8a9ef1eb2db63720,True,True,False,False
2c8a4c92a3d11203,True,True,True,True
a96b3271a70bb887,False,False,False,False
2241c42cf46db363,False,False,False,False
98f452e404989124,True,True,True,True
d40ff600c9109440,True,True,True,True
255f15fb51e76a56,True,True,False,False
e7b073b665df8ab0,True,True,True,True
9026fcbc901afc41,False,False,False,False
4c0769fad76543a5,True,True,True,True
207c8991caf70b42,False,False,False,False
6775eed6c5cd4b82,False,False,False,False
606937e51ab81a1f,True,True,True,True
3fe93003e299efe3,False,False,False,False
3b66826c60233cfa,True,True,True,True
094e0a95aa97f197,False,False,False,False
20bf52c8802b231f,False,False,False,False
f896b919a591b5c4,False,False,False,False
c4b518c91426fb3f,False,False,False,False
fac45f2cc521374e,True,True,True,True
daba5069c24aea7b,False,False,False,False
714d2f2da3da1553,False,False,False,False
adf510d8969cae0e,True,True,False,False
067733d617f24e6e,False,False,True,True
7b589c073e3ca268,False,False,False,False
65ac249f80ecb956,False,False,False,False
9ae77b451b50f12b,False,False,False,False
c0033cf4ec5abfdc,True,True,False,False
1266ac01b41929d3,True,True,True,True
703e77637b4141a4,True,True,True,True
e940eab2857fba80,True,True,True,True
88e992789042f2e0,True,True,True,True
faae83e441135f45,True,True,True,True
0f8720273cafa21e,True,True,True,True
a40eec066e7a37a7,False,False,False,False
f7db76e5b94da918,True,True,True,True
78323e46dee50695,True,False,False,False
7dfc71bc28c4953d,False,False,False,False
1019a8d6a6d15cc9,False,False,False,False
99f0b04081048640,False,True,False,False
3d7afbed66d82353,False,False,False,False
9810af63c016a8d4,True,False,False,False
5206b5ca39380081,False,False,False,False
7dcc11267088a4eb,False,False,False,False
004e618da2b4ea45,False,False,False,False
09d6059247392b03,False,False,False,False
c65c2fe4c8b5c9c4,True,True,False,False
c6682c90295cd91c,True,True,False,False
2e45dc917a090db0,False,False,False,False
6e75aa1fe847e00d,True,True,True,True
5ca5d0d620e0dda9,False,False,False,False
651e9703fd7854e5,True,False,True,True
f1e7652344b5da0e,True,False,True,True
ad253c756cb4c2fe,True,False,True,True
081533cd08578547,True,False,True,True
a37da07d05e66d43,False,False,False,False
19bca107fe8a05cd,False,False,False,False
3f04ca944fbbe8cc,True,True,True,True
8d3f5f5a16098f46,True,True,True,True
00067372664472f4,True,True,True,True
f0c03acb2f8528c4,False,True,False,False
e29e58a5bb8e295d,False,False,False,False
827b2a08f0b501fc,False,False,False,False
35901a49f1fa32e9,True,True,True,True
c581c85873d83070,False,False,False,False
7b92528245c83123,True,True,True,True
9f8f9b4b41e291ea,True,False,False,False
20c6bd1f23eedc82,True,False,False,False
797c6116ecbed480,True,True,True,True
69df2d854e6e55d4,True,True,True,True
9a7eb60ea7391efe,True,True,True,True
71315c2c4efb5df9,True,True,True,True
8397710ad84783f9,True,True,True,True
0a133d3d676e5355,True,False,False,False
3046df0ee6e6e9cd,False,False,False,False
60f7d11521f6871a,False,False,False,False
20d703c9c697149f,False,False,False,False
5767eaec166ef97e,False,False,False,False
571c5889b06cfe14,True,False,True,True
72b146cb06148045,True,True,True,True
1a0457d950993783,True,True,True,True
37b8936265401d61,True,True,True,True
ea44a743a07ee9e6,True,True,True,True
a6e7214ba37320cd,True,False,True,True
5518a615e0be1928,True,False,True,True
380163e7c78b1572,False,False,False,False
651ba953053252e7,True,True,True,True
0e3e781168495d1a,True,True,True,True
c8dddd154aee5ce4,True,False,True,True
e8b9d3a57cb9be78,False,False,True,True
4e479c7ad875a296,True,True,True,True
e163886e96e4e41f,True,True,True,True
81734a6f60a86062,True,False,True,True
4320e783a0134439,False,False,False,False
49e62d2b50d620eb,False,False,False,False
896f894d905ed419,True,True,True,True
5bd1eed2c2ff928d,True,False,False,False
0f15714ea6214e57,False,False,False,False
7a8284d109b17339,True,False,True,True
83e3f496a4f9838c,True,False,False,False
4fa83ac8ef890b4f,False,False,False,False
7e03d00519a7191a,True,True,True,True
bdf1ad2e27d5095d,False,False,False,False
4229ef06a067e877,False,False,False,False
b35fbbe4c1ed2199,True,True,True,True
5f4507a0a84569ca,True,True,True,True
db3f7c28178ecafb,False,True,False,False
7fda0c6b91bae560,False,False,False,False
f2191b7bc244feab,True,False,True,True
abfedb4feb4ce23f,False,False,False,False
deda432ae4afe44d,False,False,False,False
9ceb96e0372c16bd,False,False,True,True
68faab030804584e,False,True,False,False
10d84c08bd192570,True,False,True,True
d74f5fe243045cac,True,True,True,True
d47fa17bfafa980e,True,False,True,True
d90a71b995606b5a,False,False,False,False
47252f73b44eb14a,True,False,True,True
1df5bc614cd7cfe9,True,False,True,True
774f1e039d33311f,True,False,True,True
6d8ee415dfb8188b,True,False,True,True
059200331b73be59,False,False,False,False
081ac89f5ebed6f1,True,True,False,False
55013c5d8ff55f5e,True,True,False,False
824724e1c6d20fe8,False,False,True,True
269bedf0da217aa3,True,False,True,True
56ba7412d3933945,False,True,False,False
6bc78ecf5ab5e055,True,False,True,True
17955b3043bb5310,True,True,True,True
155c55a580e4bd18,False,False,False,False
d70385effce58cd3,True,True,True,True
806605275eea57c8,True,True,True,True
19ae4335cbc04581,True,True,True,True
093573507d3f5f04,False,False,False,False
b0b7c2316fcc0305,False,False,False,False
9debad5ae75ade9b,False,False,False,False
7491e847402953db,True,True,True,True
7dc811f264a311b1,True,True,True,True
6937b622ba81af08,True,True,True,True
a9358ec7ef82325d,True,True,False,False
c7229e32aec582c9,True,True,True,True
1ac607b8623531d8,True,True,True,True
172173af71710775,True,False,False,False
7940372419eefaa7,True,True,True,True
b1661808a69aba17,False,False,False,False
8935f245fc966cb3,True,True,True,True
30a9233ef28a7916,True,True,True,True
304c8c42a85c3260,True,False,True,True
faf09e4e0be059bf,True,True,True,True
0e357edb69413a63,True,True,True,True
b1bf018717da3fd4,False,False,False,False
b65d14d802ac5db5,True,False,True,True
9a07be23aad6f0f2,True,True,True,True
08d9f51ad7585bf7,True,False,True,True
430ce38a9241abbc,False,False,False,False
7d74ebae9f714d67,False,False,False,False
f999eaac712bfd37,True,False,True,True
de6ff3cba29f8a3c,True,True,True,True
a0cc3453eb50b759,True,True,True,True
2b20197cd1520772,True,True,True,True
224c71cbd6c431fc,True,False,True,True
50ad45afb43e4625,False,False,False,False
829f956ac1010888,False,False,False,False
66a913834c43d776,False,False,False,False
c6c98e02207600f2,True,True,False,False
7aaec6635d4edfe0,False,False,False,False
02c20b57065cafa0,True,False,True,True
b0d3cb328ac640a4,False,False,False,False
a76caf6e588913f7,False,False,False,False
37bcfaf6a9029602,False,False,False,False
f6f60c0802fdfbac,True,False,True,True
09c090f95a91d803,True,False,True,True
682d6c3b139fc2b6,False,False,False,False
b4520845476c3fbd,True,True,True,True
820308287bccdb30,False,False,False,False
6f61ceb9f84a3927,True,False,True,True
b932e89fcefb9721,True,True,True,True
ffac6e03d114d0f0,True,False,True,True
704882844e0dc3af,False,True,False,False
183b1f181026adbb,True,False,True,True
4ef820a8fdabf5a9,True,False,True,True
2d371af44f276108,True,False,True,True
6f33efd4d8fc88be,False,False,False,False
0c4624015733a732,True,False,True,True
20ad33eaa3038f35,True,False,True,True
5cf9cf6c2d701896,False,True,False,False
fc24e25082ed0d18,True,True,True,True
dfba2b05df7512f3,False,False,False,False
63529a8a77dcf73b,False,False,False,False
505973193aa87068,True,False,True,True
41e6dd22c4e01aa2,True,True,True,True
60ec3a47da083dc8,True,True,True,True
380f5b8c886e7f06,True,False,True,True
2597aab141098798,True,False,False,False
d4e26f63e364a726,True,False,True,True
b7f20e75ef13c452,True,True,True,True
a2da7296fbc4a6a8,True,True,True,True
7a10aef99280b1d5,False,False,False,False
6bdb1e296b6d76a8,False,False,False,False
2f40682635cdbead,False,False,False,False
680b15a2faff7ec3,False,False,False,False
5f50f726096219f7,True,False,True,True
930c304f9622bb9a,True,False,False,False
1f242a73e53672d2,True,True,False,False
9c026b6410a74de5,True,False,True,True
c3f7b234d7f89f68,False,False,False,False
892757edbd574e0c,True,True,True,True
9d3f09e9e9edce57,False,True,False,False
aafa5ee1f1668c9a,False,True,False,False
29fbdec40488fec5,True,True,True,True
5def7c5ecd6551ad,True,False,True,True
7acefc924719640d,False,False,False,False
99b82427b639f494,True,False,True,True
b1ab2ca31676535a,True,False,True,True
edc5d508abb2f182,False,False,False,False
1d02b50f9441aa98,True,False,True,True
a39e71a3f6a90193,True,True,True,True
940bfaa2e31c8365,False,False,False,False
7b57c4e7309660af,True,True,True,True
e63c988b0fbf8688,False,False,False,False
98b87d5c4ea3c718,False,False,False,False
651b079b56ad719f,False,False,False,False
6c4193eb5942ccf5,False,False,False,False
2f98d7d8db05efd2,True,False,True,True
f704746264c4cb5e,True,True,True,True
e60de7f6d386d488,True,False,True,True
9c9e6062b6b70f7b,True,True,True,True
6d1f424dedd22d9c,True,True,True,True
55c87881c51ed023,True,True,True,True
bfbce51eda6b6786,False,False,False,False
1198a118da582f4b,True,False,True,True
d5909be9027c1deb,True,True,True,True
1849f3a6aabd88a6,False,False,False,False
ea7afc583cd60147,True,False,True,True
933a04145b68c886,True,False,True,True
d79c9c4c6dcc78e4,True,True,True,True
3d6dcf1e428cc52b,True,False,True,True
aed2617d6028601c,False,False,False,False
51bcb0e223c0884c,True,False,True,True
32f47e119851cf98,True,False,True,True
f2bbcfe2f64c0eb8,False,False,False,False
a55c51fabdf186c9,True,False,True,True
32dfb76f4ee1f12b,False,False,False,False
c4c1816e872ca28c,True,False,True,True
0f246092371f4d3d,True,False,True,True
d4b61cecdb85a90e,False,False,False,False
6a1dbc861926c3ae,False,False,False,False
a36946c3b71fa218,True,False,True,True
49f66ff813636759,True,False,True,True
970825b8767f9b58,False,False,False,False
10ffa16218956514,True,False,True,True
f1e910381652c5c5,False,False,False,False
90057cd7e423e602,True,False,True,True
69e7f1d58d2ad8a5,False,True,True,True
4ce79b21f58a8885,False,False,False,False
2f61d46026ef5acb,True,False,True,True
484fd5453e86e048,True,False,True,True
61a0c6c7eee6435c,True,False,True,True
ce733574539ff060,True,True,True,True
7742cf530e36e1a5,True,False,True,True
3876eb911f8ed9aa,True,False,True,True
a2f9c16d80187105,False,False,False,False
4b07a85718206fc9,True,False,True,True
2b8a288226edfac5,True,False,False,False
6e3568fa688a3fca,True,False,True,True
4dda38ead44f0f86,True,False,True,True
a261ed4fe38c1129,True,False,False,False
c928f4e920e523ff,True,False,True,True
e9aa73a6867c4fef,False,False,False,False
da33c5189cec8de4,True,False,True,True
375c81495085c3d5,True,False,True,True
0ec0b13c4f87fc08,False,False,False,False
37c4353e04cbb1b8,True,False,True,True
208e45c3651650f9,True,False,True,True
f9789c2234c0f00f,True,False,True,True
8fae4830f9bad1fc,True,False,True,True
0fe0427af0a12131,False,True,False,False
675672c1bfb6dd73,True,False,True,True
a2f656ed0403f907,True,False,True,True
8d62bbf5a588c8d9,True,False,True,True
e3923e517fc52c91,False,True,False,False
811770141ea48e67,False,False,False,False
8a490cf9dd8fa08e,False,False,True,True
2e142b3ea83026aa,True,False,False,False
066a5a4c869b7dae,False,False,False,False
4ffea2c54c29043c,False,False,False,False
8df590d09a773eaa,False,False,False,False
5bcbbcc520231fd8,False,False,False,False
cbb2df16e81ed07f,True,False,False,False
b0d3fac9989fe1a1,False,False,False,False
1853e6e62aa856da,False,False,False,False
29420046d3c1630e,False,False,False,False
3b50904974836382,False,False,False,False
1d148cead6a621de,False,False,False,False
f18636d0cf1c73c0,False,False,True,True
d38ef139987a8340,False,False,False,False
15e47b5380b71eb2,False,False,False,False
df4e6322246963c2,True,True,False,False
7090c9d00b91804f,True,False,True,True
c4a286569a8b1cad,False,False,False,False
5d9b39658695e5f3,False,False,False,False
95ce057fb1cff82a,True,False,True,True
4dc5ac4b583149e3,False,False,False,False
e0dff155f0703622,True,False,True,True
c1e68f0d4ad0d5c2,False,True,False,False
d5ab3df826a5afc2,False,False,False,False
7acc90299cd30f1d,False,False,False,False
eb7e87e8bc38cdcd,False,False,False,False
5a87a7ae62f74728,True,False,True,True
36547ddaed69302a,True,False,True,True
e259a5038aecee2b,False,False,False,False
17f9ed69be3d6312,True,False,True,True
0c302a4e26f1e8d2,False,False,True,True
f91349c0b3213054,True,False,True,True
d20cdc778e7be736,False,False,False,False
7a2c4c4009fba822,True,False,False,False
98a0a7c826fddb58,False,False,False,False
76e5d7550c5bbe22,False,False,False,False
b670e4185fcdcd06,True,False,False,False
b5114a62487e2b33,False,False,False,False
bf067c2eef0ccb4e,False,False,False,False
b50398785c682266,True,False,True,True
a376beacb569c97d,True,False,True,True
ef76320c37719074,True,False,True,True
6326d46d08a2e358,True,False,True,True
3144042c0cce112f,True,False,True,True
56413a7b275bbfd4,False,False,False,False
2e1d3d85d2b2d1da,False,False,False,False
c02c733df6a5e7ff,True,False,True,True
d82d9f0a66914d0d,False,False,False,False
d298db003eeeba3f,False,False,False,False
f1362eb955320355,True,False,True,True
0f2e7c519ab5c4c2,False,False,False,False
c1652141d99f293a,False,False,False,False
51bb6c9f74ebb4cc,False,False,False,False
04d14a68014d24b1,True,False,True,True
6aa4b4af9374b9bc,True,False,True,True
f6a37fce23f8612e,False,True,False,False
a55e1d77af54cd16,False,True,False,False
41b5084c5a56bdbe,False,False,False,False
8183101c224e8239,False,False,False,False
00ee499d2ad3b032,False,False,False,False
92c32703903c0916,False,True,False,False
b9a1e544bbc56f2a,True,False,False,False
fac99033905a46de,False,True,False,False
659dd795a52481b7,True,False,False,False
2576cdfa8c1268f1,False,False,False,False
2ff4c501ed3222a5,True,False,True,True
759ed0342410dd29,False,False,False,False
446982eef9cc6c26,False,False,False,False
3ea3108ee53f1fc2,True,False,True,True
4721be2db64757bc,True,False,False,False
8f03103a47bf9b83,False,False,False,False
ce403791ee96843a,False,True,False,False
66d57f4ba3f1a1f1,False,False,False,False
033b6338277356e3,False,False,False,False
314e13b1fc96ffec,False,True,False,False
d9d66c938608088d,False,True,False,False
8af2a974756c1d1a,False,True,False,False
67ada8fa0579ed8b,True,False,True,True
ed31dab247d0707f,True,False,True,True
4c74a0dba6452ac4,False,False,False,False
0feab3db596d4a4f,False,False,True,True
e34d8166b136593d,False,False,False,False
1f16b30e0ce38099,False,False,True,True
4407fc5982f744c3,True,False,True,True
30e2878651b0e632,True,False,True,True
7c8cce54a7f8915c,True,False,True,True
4cec13f07250cf76,False,False,False,False
04c1282f3f48f73f,True,False,True,True
941eb4e963fd7703,False,False,False,False
e1c0d0ec8f1ab292,False,False,False,False
e2fcdd5a7260c250,False,True,False,False
f1eb82ed1be2d82c,False,False,True,True
69d0580e5789f11e,False,True,False,False
c97270919dc8b74a,False,True,False,False
65b5a7798a10326e,False,True,False,False
592aae49474b8df1,False,True,True,True
40983faad5f8368c,False,False,False,False
6a5cd259dedc141e,False,False,False,False
0467fc183971eb63,True,False,True,True
c33caf72dd275a9e,True,False,True,True
8acd0b11050019ce,False,True,False,False
d6ab0620a0bf68c1,False,True,False,False
f4f07d498e3bf566,False,False,False,False
371dadb580c5a2bc,True,False,True,True
884b48e2f6148ca4,True,False,True,True
66b809824aa50aa7,False,False,True,True
0e363aa58ad05738,True,False,True,True
a31c1eb47ad51120,True,False,True,True
626351b829e8eee6,True,False,False,False
5561c0d147241337,False,False,False,False
f438c5ba1cd6c60c,True,False,False,False
cbadecfb22d2a44a,True,False,True,True
b0bd11b1d936a4ec,True,False,True,True
4.18803E+15,False,False,False,False
8bcd08a8f30b861a,False,False,True,True
43774fc14d52a68a,False,False,False,False
109361e24a42e47c,False,False,False,False
9e4db88997bdde98,False,False,False,False
b6dc6cc5c22bbfd2,False,True,False,False
58ed15f0e1fc9568,True,False,True,True
f12674bc5012539e,True,False,True,True
d77d9ddef9f1d0d7,True,True,True,True
d6b86680d5ae1938,True,False,True,True
ca5eee1a5ec6114a,True,False,False,False
0e6d6d8f558c5c51,False,False,False,False
b992021565e91334,True,False,True,True
32613876ce48029d,False,False,False,False
362b1f30b9708c81,False,False,False,False
b4b2828d7bba94d3,True,False,True,True
2c692dfcc3ef7625,True,False,True,True
efc1e5cbda680bee,True,True,False,False
54de2332fd23e5b6,False,False,False,False
3ee9069a0d4fe641,False,False,False,False
52d9732758ac731d,False,False,False,False
7327a407c7babc1a,False,False,False,False
3dd1fb264c6a5ae6,False,False,True,True
5f85545a61292e72,True,False,True,True
8bfbf5d6bde308cb,True,False,True,True
65b179d8f4ae7785,False,False,False,False
ae358b6d48577f46,True,False,True,True
e2052c74fb074085,True,False,True,True
4f8703dbd31bd8c8,True,False,True,True
b9ab7752e632875c,True,False,True,True
b79d048fbaa71e56,False,False,False,False
d3eb99ca10b4626a,False,True,True,True
84e45d7fcdcd2d96,False,False,True,True
6018d9f42834bf95,True,False,True,True
801854f5c60a1134,False,False,True,True
ff01a51161d7b3d6,True,False,True,True
c6756c27bbdccd33,True,False,True,True
ed8c95e67947edb6,False,False,False,False
1bdee307a1f99169,False,False,False,False
6f3071d1cfc2da0a,True,True,True,True
231d97904b705629,False,False,True,True
5754bd5fff1536ff,False,False,False,False
a8b9bf8c2f53134f,True,False,True,True
fba657aee275bb17,False,True,False,False
78ba596e3ede4712,True,False,True,True
26e9b5d16c0d68ad,True,False,False,False
86585efa0075fea8,True,False,True,True
6e52eecc953d60a0,False,True,False,False
8fca132d2f961a9e,True,False,False,False
eaf215d62f9ed7c1,False,False,False,False
95b951c6055dc70c,False,False,False,False
51967d8f26834e57,False,False,False,False
3b5c753c9878edf4,False,True,False,False
64d675c5f13e74f0,True,False,False,False
354654afab23efeb,True,False,True,True
74cbe34de47fb612,True,False,True,True
bae40eb761abc459,False,False,False,False
e85b468606ffddec,False,False,False,False
0685f0898c8522c6,False,False,False,False
53fa351fad33851c,False,True,True,True
d66d1fd394d637f7,True,False,True,True
691ff7f256352e98,True,False,False,False
19ec01e32e883f45,True,False,True,True
04603ae47f0acad4,True,False,True,True
94efd4f85069239d,True,False,True,True
ea699bdc602f3634,True,False,True,True
5bdad4ca8d531fbf,True,False,False,False
633efa62a8d47cc2,True,False,True,True
fc8efa98b6fc2e54,False,False,False,False
bd67286cbb276b79,False,False,False,False
3986c3efa488c8b6,False,False,False,False
39636acb843aeb98,False,False,False,False
86bb9f6867ab54a5,True,False,False,False
df0832e517f829b8,True,False,False,False
e732b5e20e7362da,False,False,False,False
9507f3f35daedfd0,True,False,False,False
4286a3ca37ab6441,True,False,True,True
60546424db4efb92,False,False,False,False
2a4251a27991182d,False,False,False,False
e7a7e2383cd4bbdd,True,True,True,True
dc9856b519ea529c,True,False,True,True
2a0ebf8eaae0aa12,False,False,False,False
2bd0bd50cb1c299e,True,False,True,True
9fa498f2437462bc,True,False,False,False
fccafd2353a7416f,True,False,True,True
8546e7ee83b39af3,True,False,True,True
7fa871dc52cfd9e3,False,False,False,False
b730942c393b299c,False,False,False,False
84134b57579dfd12,False,False,True,True
732aa17c823f76aa,False,False,False,False
d4430f5e29549971,False,False,False,False
a281b2f5a1ebd9f8,False,False,False,False
3d3694a31381bd1d,False,False,False,False
9948d9d395baa822,True,False,True,True
20aafee385b2a42a,True,False,True,True
acb66bad81221f02,False,False,False,False
25a31a99de4e89ab,True,False,True,True
82852a8740c760dd,True,False,False,False
01fab11079e1a06f,True,False,False,False
f3f95ce25ed650a4,True,True,True,True
57c7d1a64e5b7aec,False,True,False,False
d8fe898b277f10a3,True,False,True,True
4373ab5ed2c5e791,False,False,False,False
06aad1a6aa91104f,True,False,True,True
d983d895fe4d8553,False,False,False,False
3ead0977681651c2,True,False,True,True
30f991821b99a125,False,False,False,False
ad47d0ce955dbded,False,False,True,True
222ef32b92d08f59,False,False,True,True
ce2759152693d333,True,False,True,True
09e69e1b4aaef9c4,True,True,True,True
12f804876004fb14,True,False,False,False
18bd6eb866493f17,False,False,False,False
845437e3cb3dac87,False,False,False,False
3efcb6d05ae0fa61,False,False,False,False
6fbf4d3ee3a1b9d3,True,False,True,True
fd693eb523f227d8,True,False,True,True
742b0d170ccc60d3,True,False,True,True
a78ba0ee8f40df6f,True,False,True,True
d367e4b4a41b09bd,False,False,False,False
8a25c061c4b3e71d,True,False,False,False
8197f9d0e496157e,True,True,False,False
964fffaf51acc793,False,False,False,False
99e4dda6cf236cb4,False,False,False,False
e6c6e821c3eb1345,True,False,True,True
0653a5f27570ccb6,True,False,True,True
5dea4c986b9fbd05,False,False,True,True
99573afaf5a18c0e,False,False,True,True
054e71321118dc75,True,False,True,True
cb41bdf6e0b248b8,False,False,False,False
b208c165deb2c402,False,False,False,False
58a5a0425d1aa342,True,False,True,True
fda0e8c21a366267,False,False,False,False
4f108a32acaf12bb,True,False,True,True
58e6e10a4ba70f61,False,False,False,False
c2bbc07ff5851a75,False,False,False,False
3f6922d781d6c59b,False,False,False,False
40d3358e9feeb012,False,False,False,False
9dda9a9c2aac8a59,False,True,True,True
00e598289dc9eeaa,False,True,True,True
bc7b093ff7a15c13,True,False,True,True
45e57ed0e423053a,True,False,True,True
f01ec68ad73dddf6,False,True,False,False
07cedcf37e074173,False,False,False,False
df6acb604bbbe6a1,False,False,True,True
cfefc90553142b40,False,False,False,False
d90a8f8029b6201c,False,False,True,True
2cec7df72c608c5a,False,False,False,False
a760451b76f6223b,True,True,True,True
2528a4008985f4fb,False,False,False,False
5ef5f06768add11c,False,False,False,False
4492f614e9c6e0c6,False,False,False,False
40999811e439fd4d,False,False,False,False
1304bdfadb8a7c01,False,False,False,False
a5577d48b5254e35,False,True,False,False
863e309bd540b830,False,True,False,False
bf63241e65f9e18d,True,False,True,True
d7556ce2258ce2c1,False,True,False,False
c759b0c33f53f5e1,False,True,False,False
5aa770bf274b4191,False,True,False,False
36ad96fe8adfcc1a,False,True,False,False
8f09f9780b220a85,True,True,False,False
500d0e45a291589f,False,True,False,False
877b3a3a5869b034,False,True,False,False
429de064e00a5f10,False,False,False,False
47217ee403e71ff0,False,False,False,False
28579b54a96d0044,False,True,False,False
83dce898e37e9668,False,False,False,False
99cb96e0cbe841c2,True,True,True,True
928c86c56898be5f,False,False,False,False
4597591c6a7285d3,False,False,False,False
089b242c13cdd0f4,False,False,True,True
61d634edf9bf08a7,False,True,False,False
9267a24b0bec8945,True,False,True,True
2719d3446b09605b,False,False,False,False
81ecb59b9fef5190,False,False,False,False
080ba47c4de5ee44,False,True,False,False
f1649d72d654f171,False,False,False,False
60e5837f126cb29b,False,False,True,True
957e1e9baed8f9c4,False,False,False,False
b2dc8d9fd01bcec5,False,False,False,False
52a1226fecd3fe9a,False,False,False,False
6a00178ec56031a5,False,True,False,False
3bc13714e6157c3b,True,False,True,True
152b07ad195db803,False,False,False,False
56880a6ad8fec1ec,True,True,True,True
26641607c6f730c2,False,False,False,False
fb432ca79ce0225f,False,True,False,False
9d7d33f3f854b31e,True,True,True,True
f7b6dfddcff30d70,True,True,True,True
af193ae9ae641715,True,True,True,True
c8acbabfe5751be3,True,False,True,True
7df495a6bc1e3191,False,False,False,False
f2e581b6e6dabfc9,False,False,True,True
1beda6214db1bb2c,False,False,False,False
e487708850ef8ae2,False,False,False,False
b33960f3fbfa848c,True,False,True,True
8924d838aab3a308,False,False,False,False
f02b471a72ce03d6,True,False,True,True
8f8f00c24b0af77f,True,False,True,True
3ba7386f07515a25,False,False,False,False
ff46e2ab9b6c856a,False,False,False,False
8fe311ee1c5e0524,True,False,True,True
78cece2fd540932e,False,False,False,False
a0da81fdb4715353,True,False,True,True
bf0af0d5f1bfbdec,False,False,False,False
dea9a5f097fbce13,False,False,False,False
82b2b4dd4f5909e9,True,False,False,False
88296aeb06863c34,False,True,False,False
1692d8b0ec790be1,True,False,True,True
ea1752408b5c1ffc,False,False,False,False
f079fa88f29dbd85,False,False,False,False
c62353b8f5a51daf,False,False,True,True
1aecec131752a3fc,True,False,True,True
d939a830b36bd0a8,True,False,True,True
d2735d14e3d4eeb2,False,True,False,False
7a4341261eb9461f,True,False,True,True
79a085b2488f3940,True,False,True,True
44b86c325c63cb2e,True,False,True,True
a88dda294080cadc,True,False,True,True
3b428ec3ae1fae82,False,False,False,False
f31772f0a6c1379a,False,False,False,False
9685dc37bea5f18a,True,False,False,False
7b0342239d2cbdca,False,False,False,False
105e8537d8aad699,False,False,False,False
df6b98cfad6775da,True,False,True,True
59ab1ee2676dadd7,False,False,False,False
c116e421d5cf138a,False,False,False,False
6ec4cd6bf6473968,False,False,False,False
f9fb18ec910e563d,True,False,True,True
eec2588044ed07eb,True,False,True,True
a573e9b94daf66a2,False,False,False,False
54900bb7f0c45ad7,False,False,False,False
5e36e9f1197895e2,True,False,True,True
8513bf11faf1e147,True,True,True,True
6733a277cd582583,True,False,True,True
16018bf9c7dc7510,False,False,False,False
f1ec8a3af2aea249,False,False,False,False
88583100d0bc395a,False,False,False,False
53097b0952bb45c4,True,False,True,True
48786bced8581fc4,False,False,False,False
c62ed01a799e6e4f,True,False,True,True
619d6c0cf36c37b4,True,False,True,True
b96b64cc1a27fadc,True,False,True,True
ab0f739d0fd606ee,True,False,True,True
84087ec80675ff3d,False,False,False,False
62d4c72a4f9cf522,False,True,False,False
0647673bd594e528,False,False,False,False
8c708d3b4f8e1a68,False,True,False,False
150fe545455849ec,False,False,False,False
9f4044d33d1f929d,False,True,False,False
f168357491b1fe6c,True,False,True,True
8750e7e5ecca6686,True,False,True,True
f50380720661e753,False,False,False,False
5a89cdc2a07ff11d,True,False,True,True
d304dca3f47a6585,False,False,True,True
f6a8d7580e7833a5,False,False,False,False
6b9ad6e31ea8a2ec,True,False,True,True
1e2fe25194ac5ddf,False,False,False,False
9df2b2167ff2db14,False,False,True,True
61f7cdcb59e362e7,False,False,False,False
f21b615af4c7f656,True,False,True,True
6ed6b337c0235bec,True,False,True,True
e9e861bbc5ae4c62,False,False,False,False
b4d825ea9f7e5230,True,False,True,True
1b7d937c5a883953,True,False,False,False
6e5108d91636b9f7,False,False,False,False
e2f62b481a5a48bc,True,False,True,True
b1f62a28be333bdb,False,False,False,False
914aa8afc0d0d8a0,False,False,False,False
3e67b8e48f0e5188,False,False,False,False
0fd48c689913fd0a,False,False,False,False
91dcf5fb44d92a4a,True,False,True,True
224dd32aa8b74721,True,False,True,True
1202bbe458b49c5c,False,False,False,False
f98b8839bdff45ab,True,False,True,True
5c96cf3a1aa91f74,True,False,True,True
256ee36e10818a83,True,False,False,False
1447caaccf557830,False,False,False,False
180e6a280e8e01ba,True,False,True,True
5b09fa56b9d50ad7,False,True,False,False
50a02a73c0312eff,True,False,True,True
68e279fca6d26938,True,False,True,True
bf53424e8560296f,True,False,True,True
0829a12d0ef589ec,False,False,False,False
67a2fd80aa380138,False,False,False,False
d0cee71a86eb09d1,True,False,True,True
0e249e5995caa5eb,True,False,True,True
f369740b4cd7dc50,True,False,True,True
af264f60adc9beb8,False,True,True,True
8815fab5ccde4efc,True,False,True,True
36870c282afad46a,False,True,True,True
66cf8b00af19ffc6,False,True,True,True
998c56c604b34e14,False,False,False,False
72fd0e61c5551b15,False,True,True,True
3da101839b6b5205,False,True,True,True
a0ac81cd5d9f7879,False,True,True,True
35fcc2cbd485bfa7,False,True,True,True
ea9d587860951b04,False,True,True,True
54d0dd11e6492d58,True,False,True,True
e1e72fe89cea0e0a,False,False,False,False
49af67dce376e070,True,True,True,True
e843bd1f3d0d29ee,False,True,False,False
73ffc30f3a457841,True,True,True,True
6a65fe3c682022b7,True,False,True,True
8f06f517755d7ea9,True,True,True,True
ebd9f317177ee2f0,True,True,True,True
425d9a95ad9eca66,True,False,True,True
0d1e6644050fedc8,False,False,False,False
b263efcc6f965fec,False,True,False,False
160059d14579b6a4,False,True,False,False
5b24641e2b56ada1,False,False,False,False
1f1fb2beb76c2a90,False,False,False,False
5c9d03faaad2a516,True,False,True,True
1ad1235226a4ef58,False,True,False,False
a93d56f2de46c9ff,False,False,False,False
1ead09a645eea70c,True,False,True,True
94366286617fed09,False,False,False,False
66f31a33e059c27f,True,False,True,True
46ef24795cc7731e,False,True,False,False
596004bca131514f,False,True,True,True
0c32d7cbbfd02432,False,False,False,False
10ad7a6fb553cbca,True,False,True,True
59398a309d88cb8f,False,True,False,False
319cb20e250a7fd0,True,False,True,True
7a29f64380b70966,False,False,False,False
32e8423673d0e649,False,False,False,False
580779eae23b1a9a,False,False,False,False
a30c470ed5196b90,False,True,True,True
b3a1eb99571b84f1,False,False,False,False
d9702dcd1a36dda5,False,False,False,False
5dbff034eefe974b,True,False,True,True
2ece400111b6e5f2,False,False,False,False
3579b1adaa7c0416,True,False,True,True
ee920b66409019e5,True,False,False,False
320606eb14b4d5b6,True,False,True,True
9ad12224219bfebc,False,False,False,False
0abda05abe276ab8,False,False,True,True
32f4b1ec04968806,False,False,False,False
bb7f12cf344efffb,True,False,True,True
2114ec2ee38a58e6,False,True,False,False
c814a5aa56035120,False,False,False,False
3b2a15e47791b2e4,True,False,True,True
239a131289773f15,False,True,True,True
e73de98e56a6e29e,True,True,True,True
3a9a692c1a648b5d,True,False,True,True
77696f109dfaca74,False,False,False,False
03c73588c8159f26,False,False,False,False
4aa81013b29ccadd,False,False,False,False
22ae6915152d15f4,False,False,False,False
aa97b75f64a9aa0d,False,False,False,False
3b18048d75d83351,False,True,False,False
d597f7cc4d45516d,False,False,False,False
d9c6702730215ee2,True,False,True,True
76028075b21394cb,False,True,False,False
50613d8f20f36317,True,False,False,False
101f02cdc2753ac2,False,False,True,True
bc155e1d549940bf,True,False,True,True
31cfae02f7ece442,False,True,True,True
a29901c14159fe98,True,False,True,True
cf7660307b74a542,False,True,False,False
fd85f612dc484446,True,False,True,True
58c7de23dc35cc1a,True,False,False,False
62843d15cc124871,False,False,False,False
5f29df4ae2cb8406,False,False,False,False
e0e75c264340c3ad,True,False,True,True
5a38c7d38e9e1518,False,False,False,False
144dbde484142654,False,False,False,False
251dc35cdadff92c,False,False,False,False
51f1ff6dd78ed8e1,True,False,True,True
a8081391291327b1,True,False,True,True
677aa83c4045c89b,False,False,False,False
da3e764f94747599,False,False,False,False
7fe4093884e467d7,True,False,False,False
d2e569be3f69ddc7,False,False,False,False
fc00cae90c181c5e,False,False,False,False
750b03b21cce4b91,False,True,False,False
c28f6b04f7f7fc3c,True,True,True,True
a08b3f236c51fd26,False,False,False,False
77399ce166f555de,False,False,False,False
37488c59ba6f5390,False,False,False,False
76945d576d59f3e7,False,False,False,False
a0d154134c078425,False,True,False,False
1313d13e24762de4,True,False,True,True
6189ae5f35a2c77a,False,False,False,False
b1084c9ae04edba3,False,False,False,False
9b026ac0327a5c19,True,True,True,True
fd3aaa7af92bfed2,True,False,True,True
c34183646e88d7fb,True,False,True,True
18f110a24f298264,False,False,False,False
7366439d4616c7db,False,False,False,False
94878b5fb872b95e,False,False,False,False
897068bb5c5fe6c8,True,False,False,False
8f89f62828321a36,True,False,True,True
a7744fc4d5b4ae53,False,False,False,False
e9b546d093cbe81b,False,False,False,False
71c2177fb6404a84,True,False,True,True
91f73474f2f1de48,False,False,False,False
6546b89c569ac59e,True,False,True,True
495b8a1dcb37907d,False,False,False,False
102ddf0cf0271f0c,True,False,True,True
383b9c0fe800d9be,True,True,True,True
23a3e08912cef5b3,True,False,True,True
8901799d2ab79d00,True,False,True,True
d337a1946c5910c4,False,False,False,False
792ae9652db35d5d,True,False,False,False
8bfba0d869ba42cf,True,False,True,True
d3b51b14e0a73ca4,False,False,False,False
3f754e728cfb066d,False,False,False,False
f8403a6626281f75,True,False,True,True
7f4c23a19fdd98b6,True,False,True,True
f86923cb825273c4,True,False,True,True
df00f5bcf9e330cc,True,False,True,True
3f49a9840b2155a4,True,False,True,True
8d79d62c2a4b5c93,True,False,True,True
583359ff58c8ba2c,False,False,False,False
d5e2188d001fa187,False,False,False,False
66c372d21b7718c3,False,False,True,True
d48c97c2b8242cf7,True,False,True,True
b27948eca330bb81,True,False,True,True
f57f45531f3e5663,True,False,True,True
1526d8cb3510c270,True,True,True,True
c496079998265923,True,False,True,True
ffa39ff543895603,False,False,False,False
31b58722d9b91ec6,True,False,True,True
d68bc43fa5bb9dec,True,False,True,True
b44761b6459a8ce9,True,False,True,True
32292eccafa81fe8,True,False,True,True
810073608041138a,True,False,True,True
4bc9ca2e52b113f6,True,False,True,True
052df8dcc63560c8,False,True,False,False
b237be6e88bd0766,True,False,True,True
61263f98789ca8be,False,False,True,True
73ff3198cb880ac6,True,False,True,True
34a3b148b35aa714,False,False,False,False
3d1878d2ca91f180,False,False,False,False
0ebda0f782bbb0e8,True,False,True,True
f8e8d6bb647da554,True,False,True,True
f48c06eb4cd7e136,True,False,True,True
eb386be1a11f54f9,False,True,False,False
678a039e56055029,True,False,True,True
1cf22214785a0f22,True,False,True,True
10088a82b924e17f,False,False,False,False
8163de13facf85ca,False,False,False,False
9d8a65530ad2571c,False,False,False,False
7d0a56c57dab1151,False,False,False,False
8e42ad95b1d01969,True,False,True,True
0aad5257746a651d,True,False,True,True
49b7943b46c9bdb8,False,False,False,False
484d458fc3136a1b,True,False,True,True
a5941b090438ecc4,True,False,True,True
ebd930b1285dc4f6,True,False,True,True
5db03976da65378d,True,False,True,True
bff605a14af714d3,False,False,False,False
dfe6be0c5a9d41f7,False,False,False,False
7fb7d38f1eced4b4,False,False,False,False
4884c4cd4c1561ec,False,False,False,False
397d001bed498778,True,False,False,False
59b3d9c86b0aadce,True,False,True,True
3d66f0d2432892c6,False,False,False,False
455e4412a55be778,True,False,False,False
60242631782a8a36,False,False,False,False
00cc085f61c7a055,True,False,True,True
0fa19bc28d3d72b1,False,False,False,False
66707a0377dd3122,False,False,False,False
c6879fbd9274e072,False,False,False,False
ff2b1a1fb7edf0db,True,False,True,True
0eebe4a73e5d00ec,True,False,False,False
5ca2c2142a6edccb,True,False,False,False
50f3a7b6cf19edb2,False,False,False,False
d547fa962c2ecd59,False,False,False,False
c7b8fd82f053d2ee,True,False,True,True
26fc8f6a0fd5688d,True,False,True,True
6187c9e1753f2b36,False,False,False,False
7e44d25dceb66294,True,False,True,True
d1a8cb8df63f5ced,False,False,False,False
b187ab33670c3c0a,False,False,False,False
39b0fc7af31c5aa0,False,False,False,False
8fbe2690d9c3e4a2,False,False,False,False
f1c0204cbee07a7c,True,False,False,False
d63ea0b6c476e2db,False,False,False,False
0776f45eb5cc9835,True,False,True,True
97cc584c67408e86,True,False,True,True
d7d690b737fa1e66,False,False,False,False
b07162e86df6ee8d,False,False,False,False
83d4b5e88064a5c6,False,False,False,False
eb09c3e20a3c746b,True,True,True,True
8EF5C2320951D9C7,False,False,False,False
1dab8581022694b7,False,False,False,False
50dd844986fda3ea,True,True,True,True
49dd5e5d22112d9e,True,True,True,True
4bfa275d8c89a3b2,True,True,True,True
81dadec914ee846e,False,True,False,False
b8f18baaee40bf6c,False,False,False,False
d30cf3408a6156e9,False,False,False,False
2e9f69b39c9a6444,True,True,True,True
0b1c99d56fbc8a48,False,False,False,False
f1cc3026e4b49c1a,True,True,False,False
d0ea996bb4b8c8bb,False,False,False,False
64d83a8d0453e635,False,False,False,False
7c637a5e46c4c10d,False,False,False,False
b99352c262b62e01,True,True,True,True
4908bf135a89c6b1,False,False,False,False
45b93c4fdbec066e,True,True,True,True
b79ef026cc60a278,True,True,False,False
db6c827c5cb19a52,False,False,False,False
952ca50469f5f3ca,True,True,True,True
8cc5423688bce026,True,True,False,False
0f2cc3e29129b447,True,True,True,True
cc398c4f71550fd1,False,False,False,False
4.40516E+15,False,False,False,False
fe416eb8c65f57b1,False,False,False,False
846d9354f0efec39,True,True,True,True
fd5655a1e6ca04cc,True,True,True,True
e7d0bf451b183e24,False,False,False,False
62a7c17ac8ddf6ee,True,True,True,True
dff188588ceb1a26,True,True,False,False
354073c05f02f45f,True,True,False,False
d4e9efafac5105c2,True,True,True,True
ec39586213e861bc,False,True,False,False
1b8d805946d79e06,True,True,True,True
996ba6b934752959,True,True,True,True
29e7c096af45e47b,True,True,False,False
c72e56a2d2a5f9ce,True,True,True,True
0e96e2231575a3e2,True,True,True,True
bb1465ff7a603bee,True,True,False,False
7e9a059057f6aaf1,False,False,False,False
d0625845119832c7,True,True,True,True
d1ac849bcae8f6c9,False,True,False,False
49a0e230b14dc883,False,True,False,False
74fe37df163a085f,True,False,True,True
9c48c8b805740284,False,False,True,True
71666a5ee3c58d56,True,False,True,True
9383a5d1bb4c495d,False,True,True,True
7b6789b7526b17b3,False,False,False,False
f5973b4f2b2aecf0,False,False,False,False
8a15d5a3bc12a8e2,False,False,False,False
75e36f5b4e05e25d,True,True,True,True
2e1c7efeb5c5604a,False,False,False,False
32e05e43adcd9a7e,True,False,True,True
79884f2307ebda2e,False,False,False,False
34bd3f9be15fadd1,False,False,False,False
fbzcpwpm7ixmufwv,False,False,False,False
2d8a958f6460bfbe,False,False,False,False
130bcd90d01c4db1,False,True,False,False
f24a1b57b34f113f,True,False,True,True
47a166c79f33d238,False,False,False,False
b8eadca432427b41,True,True,True,True
d6a949d9036a4c79,False,True,False,False
b419dba1be409e7e,True,False,True,True
fea8ced22eb6cae2,True,False,True,True
7d36fd8daa052ccd,True,False,True,True
599ad49561d10617,False,True,False,False
9b98cd2a278cb17d,False,False,False,False
8423cfd76ab13be7,False,False,False,False
b3944e6b3438f48f,True,True,True,True
8d0b6d5c49125517,False,False,False,False
69a95b3427def7fa,False,False,False,False
3ce44b9ddc8d6cdd,False,False,False,False
ceeb0cfca194e0c4,True,True,True,True
0ebae5f7c93ece67,False,True,False,False
938fc0690d3c056a,False,True,False,False
b421ab6ee6f5a86f,True,True,False,False
75517b4a83ae600f,False,False,False,False
e5f7ed30ed08bd43,True,True,False,False
523471725f2abe7e,True,True,True,True
37866b9889128a82,False,True,False,False
c8b0cbe90bf73466,False,True,False,False
184449a2a63c9a32,False,True,False,False
0f0712d1067367fe,False,False,False,False
de4ab97c3b72c268,False,True,False,False
bd45325af51455e9,True,True,True,True
647f6f7a8be7a0a0,False,True,False,False
679559485fa50d65,False,False,False,False
14d224a18a2a60eb,False,False,False,False
244ac6df37913f67,True,True,True,True
7a78114dc75bde92,False,False,False,False
e0c54f3ec74c655e,True,True,True,True
e2d8d6726250c907,True,True,True,True
90b0c6ba2fb88f2a,True,True,True,True
c836f12a9c91096b,True,True,False,False
50a258c4727b67df,False,False,False,False
cf9db9f3c87d5625,False,True,False,False
6de98174e4087784,False,False,False,False
04ece2795128a629,False,True,False,False
0ed43ef592510464,True,True,True,True
90c38f71d1f69cb3,False,False,False,False
4bc125673f4b1fb3,False,False,False,False
14155a1082431d14,False,False,False,False
2dcbf951994cd0bb,False,False,False,False
6811f2b72639a542,False,False,False,False
82318a0b8b0e2630,False,False,False,False
5ec1e7677f31149f,False,False,False,False
d3c1308c4a918d46,False,False,False,False
358182dfccea0df0,False,False,False,False
790343e9564a6c29,False,False,False,False
86a63e727d4b4788,False,True,False,False
9a90684bfd9ecc20,False,False,False,False
b84ca345e036791e,False,False,False,False
ea434c40ada679e0,False,False,False,False
d00041b83c597527,True,True,True,True
f29eb5f2a41add3d,False,False,False,False
7f387326f56a7ad8,False,True,False,False
78da44747d51083f,False,True,False,False
2760c9050dd2cebe,False,True,False,False
ba081648e85503a8,False,True,False,False
13ae0110fe8a43c1,False,True,False,False
3bd8e70c23cb77eb,True,False,True,True
3a5e6b99c31c397d,True,False,True,True
29480b6122ebae8d,False,False,False,False
9a00363267895a7c,True,True,True,True
c9c52e2614a96b70,False,True,False,False
527177b3d5380c1f,True,True,True,True
55b6220e2ee81117,False,True,False,False
484cf07aeaef3944,False,True,False,False
8f3d3fdbc174c598,True,True,True,True
5eb20d3ab171453c,False,False,False,False
9d956df0ee567f49,False,False,False,False
89642a51ed2c7756,False,False,False,False
3436de5da9d7fcaf,False,False,False,False
8cf2d6959ae1f19e,False,False,False,False
1b8716c6dd90ce6b,True,False,True,True
afcff06eb2bc42a9,False,False,False,False
b0ad5d4e74a2406d,True,True,False,False
2aac75fe9ac8a782,False,True,False,False
de71da3cd81288d5,False,True,False,False
a9faceb838d6f2a1,False,True,False,False
ff9263a4f02b34a7,False,True,False,False
18bd2c3a5c7e2e55,False,True,False,False
9e92abd6198e25e6,False,True,False,False
e60502463fc3a4e8,True,True,True,True
01f2d4d17daa177d,False,True,False,False
cdfa5a2b64fdfc9e,True,True,False,False
35ca88cccec0044b,False,True,False,False
a46ab35d9c510015,True,False,True,True
dcd3a02480a1077f,False,False,False,False
2ca25784ce81b26f,False,False,False,False
0441bfed8e3f98ed,True,True,True,True
0ee60ae1ef68d202,False,True,False,False
20b1770afeb2a0f9,False,True,False,False
7854b4542fd661c9,False,True,False,False
5800b73eb50a332e,True,True,True,True
1804a30b1a893c1e,True,True,True,True
87e169680953ed34,True,True,True,True
2dbfdfe20714dc9b,False,True,False,False
2c473df5a845956e,False,False,False,False
89b6b7e830b996ed,False,False,False,False
9b0ba0d823d8e640,False,True,False,False
bb726a49f3d03f93,False,True,False,False
ef54d75a633d53d1,False,True,False,False
36c1f7a14afe9766,False,True,False,False
278924761e4b8dd1,False,False,False,False
0413fcd307a7763f,False,True,False,False
677f7ac9847df581,False,True,False,False
a22801c19b912bce,False,True,False,False
90cf12a8f9654037,False,False,False,False
72fef28880adb4ce,False,True,False,False
05b8313799a74c19,False,True,False,False
5372ca7cec11fc80,False,True,False,False
dd52f4c14ca067c2,False,True,False,False
c13aa1e61ff1d7d4,False,False,False,False
be5b7f1dbf5043f4,False,True,False,False
323045c68f23ec2b,False,True,False,False
0b24108d58738f7f,False,True,False,False
95bb3429e3b3612c,False,True,False,False
5e06e109aa0ed976,False,True,False,False
39a16e0529fc7ed7,False,True,False,False
dbd74eacc7632232,False,True,False,False
f29a8eb59e1fb382,False,True,False,False
ec02838491c97322,False,False,False,False
9ce58d3d7c59775d,False,True,False,False
cee482d6e0c95ae0,False,True,False,False
b92f653a6eb0cef2,False,False,False,False
3090cd2e1473cc4e,False,False,False,False
5ad8b1ea0896de2c,True,True,True,True
16f7750e7735e50e,False,True,False,False
5253ad0a4617c88f,False,False,False,False
b4205fd2f79e38d0,True,True,True,True
7d5b7fc4fbbff387,False,False,False,False
3a1f94c746994a56,False,True,False,False
a83657d348503ac9,False,True,False,False
f325d51b8df7c065,False,False,False,False
813bf5fb6fa1fd42,True,True,False,False
4312ac1b4fc7a662,False,False,False,False
e0308237e135bf45,False,True,False,False
1d29ecd9a0986ab2,False,True,False,False
cbcfa374b6b044f2,True,True,False,False
098f36b218db8cdd,False,False,False,False
39700b173ef9ad16,False,False,False,False
abc660764e5eab68,False,True,False,False
d9d4c262747b698a,True,True,True,True
626e46d5111024c9,True,True,False,False
333bc8cea002d620,True,True,True,True
88c0b3eec3ac25e8,True,True,True,True
e440494d9324ace5,False,True,False,False
4d11a39c25854396,True,True,False,False
3343ca13d66706a8,False,False,False,False
0e0c964d2a36433e,True,True,True,True
fa48ca693b51c586,False,False,False,False
064e16a77c2272e1,False,True,False,False
5973f7259085d70e,True,False,True,True
0642db24b2eaeb32,True,True,True,True
35b23a6da9c6135a,True,True,False,False
3824ed40c32db11e,True,True,True,True
395f251d64ed378d,False,False,False,False
94011cd00df09bfa,False,False,False,False
fa29fd9c9d440cf2,True,True,True,True
571d327e2a496282,False,False,False,False
1d2219c5e5b16bd8,False,True,False,False
b307f101ed71ea9c,False,True,False,False
f74698d47b59696c,True,False,True,True
1cbed2d457898245,False,False,False,False
094b57fa6c55b781,False,False,False,False
10f60b8cf82b268d,False,False,False,False
6b37184ea0a5ca7d,True,True,True,True
f8e51b95f9d6d238,False,False,False,False
147c089d5e5a966c,False,False,False,False
9049a61e7f5dff96,False,False,False,False
d3a2f2093e450fc5,True,True,True,True
3235d203a636b9cd,False,True,False,False
0c7839d40e59a9a1,True,True,True,True
88160e54a025cb99,False,False,False,False
86ff86a385e2f3f9,False,False,False,False
fe034669cea50e0b,False,False,False,False
9d3d35da4a048b5d,False,False,False,False
cd5b4f7678b92284,True,True,True,True
8e1315951c2486c1,False,True,False,False
311d8c97e59db86c,True,True,True,True
9e6f25bff0117e56,True,True,True,True
01464cdf287017b9,False,False,False,False
22f30c3b3642409b,True,True,True,True
fd183e522b9c7988,False,False,False,False
09b4313549071b5c,False,False,False,False
e1c164929af38cd1,False,False,False,False
be25b788859223cb,False,False,False,False
104ee399ed627373,True,True,True,True
31038832490e6409,True,True,True,True
2208da119bab0d25,True,True,True,True
315735f169dd1e42,False,False,False,False
34dcb9d5a33e8f10,False,False,False,False
697285483d6c7199,True,True,True,True
eac35f3037983468,False,True,False,False
bbc9d14d0a3029a6,False,False,False,False
f4bc4095fb54397f,False,False,False,False
5601d30e4eae5c20,False,False,False,False
9bf6800ed4cc43f0,True,False,True,True
f561232d9fe8deec,False,False,False,False
b8926e3c779168ac,True,True,True,True
096b198c41f868af,False,False,False,False
f55a565d8f73febb,False,False,False,False
88f6700816070e2c,False,False,False,False
17143b7e0528ff1f,True,True,True,True
eed8bf3e8ef8e730,False,True,False,False
f4860930ec3bbf46,False,False,False,False
fdc1444d37621608,False,False,False,False
7d6c5777d94d7cdc,True,True,True,True
8b478299eb054c7a,False,False,False,False
be62b46e00d2d02d,False,True,False,False
9860458de627043c,True,True,True,True
e8e0b2516eb38bb3,False,False,False,False
c6898dabeca01aa9,False,False,False,False
55a9c73c2e5395f9,True,True,True,True
e1ee6047a078d842,False,False,False,False
7b5d562aec4a7c06,True,True,True,True
fc6da0c4c4c0ad8e,False,True,False,False
124f6adea97a4090,False,False,False,False
bf7c2e8b453c7bfa,True,True,True,True
52f1a6c276fe4b60,True,True,True,True
eee4511ba7e00c23,True,True,True,True
4794a910f4be02d6,False,False,False,False
1f3c8f0caccf006e,False,False,False,False
719f970bcbe3111a,False,False,False,False
6e846d9f99cb3385,False,False,False,False
f3ffff0a008e5270,True,True,True,True
17b361b1e1af7b00,False,True,False,False
1d899ef968840b38,True,True,True,True
c9348812f1bc6f26,False,False,False,False
68856f79ba73eade,False,False,False,False
1b28e449175340ca,False,False,False,False
f2de4ac6d7f252ae,True,True,True,True
abe0762678e9d638,True,True,True,True
60abb8813f331b03,True,True,True,True
ab11ba2ea2b6017e,False,False,False,False
4034c12755170a11,False,False,False,False
f5548a9891c0944d,True,True,True,True
1d52a1eda73552b6,True,False,True,True
4fa4f737b8b74165,True,True,False,False
2a04e15f527de096,False,False,False,False
46922334ead66761,False,False,False,False
8ff102844c5f7985,True,True,True,True
6ab321454e4476ef,False,False,False,False
053acaa707078fb5,False,False,False,False
46fb7463396b99b3,False,False,False,False
1d7b0d2d372a0c17,False,False,False,False
1f6d02a05bed1524,False,False,False,False
c0d45970085a91a8,False,False,False,False
20acbc20f5e33814,True,True,True,True
08c6725cf6439677,False,False,False,False
6e34b65162e981ee,True,False,True,True
7e4f3a662f85bde1,True,True,True,True
3f11dc96f9f9021f,False,False,False,False
ecc72259d02950d1,False,False,False,False
10e3253d44f1d3f0,False,False,False,False
44e1e5a1843b7e56,False,False,False,False
41adb08e7fd4285c,False,True,False,False
007211c5f89502b6,False,True,False,False
38858bc425cf72fc,False,True,False,False
85bdf05e5459b9b5,True,True,True,True
7a8faa7d658b472c,False,False,True,True
95881bc7e0f989bc,False,True,False,False
7c5adb0a440994c7,False,False,False,False
7682f88eec3bd187,False,False,False,False
feccd04331a98cdb,True,True,True,True
54927bcc989eb8c6,False,False,False,False
310209d7a38df101,True,True,True,True
24fd397ce7a1e779,True,False,True,True
f0ebf982c78bdd07,True,False,True,True
87003273d4938cfb,True,True,True,True
5ec72352b9e9a8e0,False,False,False,False
f9afc3cf4bb8c40c,False,False,False,False
04f8d5655853ce2f,True,True,True,True
9f3f211589a2afa0,False,False,False,False
c3b55bf45c7a528c,False,False,False,False
c204d014b5784f8a,True,True,True,True
9ed474eefbbf5401,True,True,True,True
90db7010d41943bd,False,False,False,False
1240e8f806012ffa,False,False,False,False
ca8044ab2ce0eaa2,False,False,False,False
0cde48a572625eb5,False,False,False,False
35d36d36b640b239,False,False,False,False
d690bb1aad691edc,True,True,True,True
77876510f9b947b5,True,True,True,True
f6b927c27816ad13,False,False,False,False
a9bdf56e48e65725,True,True,True,True
e963c3f75fb8fdf8,True,True,True,True
512b7d99319f91a6,False,False,False,False
bc752e5f7ca3ecb3,False,False,False,False
05de4246c157f129,False,False,False,False
57cc92d937d27812,False,False,False,False
54e3f72d276ef55a,True,False,True,True
2508154a841c6d44,True,False,True,True
b62e559f572fd2cb,False,False,False,False
dbf0f48d53a651fe,False,False,False,False
c76ecd6e0e918cda,True,True,True,True
46e7234c5a293d0f,False,False,False,False
61f112ec6450d158,False,False,False,False
aa616905e13e09be,False,False,False,False
41ed5ac4028ed2bf,True,True,True,True
650656985e05756f,False,False,False,False
c984173dea310204,False,False,False,False
fb5db2d612f7e890,False,False,False,False
6e97457620d3f817,False,False,False,False
c4481f07a1c3765d,False,False,False,False
30fbbd16b548f0cc,False,False,False,False
bf5059676c10ac0e,False,False,False,False
92a636051924dbdd,True,True,False,False
a6ba0f5146c98968,True,True,False,False
6d05bb1aa4093497,True,True,False,False
83d27cfc91488459,False,True,False,False
1fd9ea1ee5dbe335,True,False,False,False
22dc1267bc661db9,True,False,True,True
c309968e31b24e93,False,False,True,True
1a720be026608805,True,False,True,True
f674d5b5bf2402c5,True,True,True,True
f28b797052278ad3,False,True,False,False
a305757ee7cbb20f,False,False,False,False
e396a97c3001c093,False,False,False,False
5ccfefec2481be8c,False,False,False,False
b76fe8cace273d34,False,False,False,False
e4207b53419f4fed,True,True,False,False
8d551993c484abae,False,True,False,False
635d38260fd37319,False,False,False,False
d3001fda55bc5000,False,False,True,True
11cfec432836e7c0,False,True,False,False
17fa05066e341137,False,True,False,False
fc48492dd3c6a0dd,False,True,False,False
8ca2d0d6ea788cc0,True,True,True,True
edd2ddc721a1654d,False,False,False,False
820859b195e8da65,False,False,False,False
bb78fc1905b954fd,False,False,False,False
b9c4eb558d951c62,False,False,False,False
5cc1733819009625,False,False,False,False
d5731c405db1eb3d,False,False,False,False
f1d79c13b38e28b1,False,False,False,False
3025d31c89e09ead,True,True,True,True
a2337da62a794a15,False,False,False,False
d878b293116b864d,False,False,False,False
6bf23b4354648d67,False,False,False,False
ddd1d44fe7803b1b,True,True,False,False
44ab7d4f83936453,True,True,True,True
dc5dc6b60ba20c52,True,False,True,True
42e8732245cfa2d1,False,False,False,False
aed4b2765e42f66a,False,False,False,False
405414c762438def,True,False,True,True
1335557a8c5ceb63,False,False,False,False
7532c34f917eedcd,True,True,False,False
e9fbb12cd4b04588,True,True,True,True
c801b01376528bed,True,True,True,True
0d6956fae4c6c6a0,False,False,False,False
c5c04903669c00d8,True,False,True,True
f2fa8225b4005b1c,False,False,False,False
d4480364fc4ef05a,True,True,False,False
aa8f2fdedc71380a,True,False,True,True
660595497f9e2763,False,False,False,False
6f4510b8d1162922,True,False,True,True
cf79caab3f770ff9,False,False,False,False
bccdc624c47d0cea,True,False,True,True
3c57b12850f7089d,True,False,True,True
5fea17dd84f17964,False,False,False,False
5724adc58c343f78,True,False,True,True
d61af0d3831c5991,True,False,True,True
875fdc80eecfa64c,False,False,False,False
26dcd4454bbdd21d,False,False,False,False
db63c46feaab0036,False,True,False,False
72a2ef9e28544978,False,False,False,False
4bb68e5eb9f6b92d,False,False,False,False
fedcf98b006ce029,True,True,True,True
6168c156d950d343,False,False,False,False
4345a02d5c7e6b45,False,False,False,False
cd53f619627fb99a,False,False,False,False
94b8f35300074c03,False,False,False,False
d8e8b77d02c4dd72,True,True,False,False
914f1f3292cf0fd4,False,False,False,False
5a51899188a3abcf,False,False,False,False
19dc972a70d92f24,True,True,False,False
63447f7a6a1aa8fb,False,True,False,False
f5dab112d995fc0c,True,False,False,False
6cb3593d1cce15f6,False,False,False,False
0100cbca563a7a9f,True,False,True,True
ca28bbf6e666e30a,False,True,False,False
3f88707abbe79096,False,False,False,False
79249aa61301b591,False,False,False,False
0efd984ab3b94300,False,False,False,False
a8574193c3fedfe6,True,False,True,True
c7db77fb5cbbee70,False,False,False,False
3bdf3c97b8922e9a,False,False,False,False
d94e5f2814a2e394,False,False,False,False
53204be52530a037,False,False,False,False
a9bef085658a576f,False,False,False,False
d6825886585477fc,False,False,False,False
61646a7a8e2ceded,True,True,True,True
5d6df93dc0b3d8d6,True,True,True,True
27227e762c13ab45,False,False,False,False
99200339cb5832ab,True,False,True,True
7d27149fd93677e0,True,True,True,True
2e8f435073b7b5e8,False,False,False,False
89243f6e385cbeb8,False,True,False,False
429e1bd5c32421f4,False,False,False,False
e279e247e01016df,False,True,False,False
1e90c355aa1b514f,False,False,False,False
54787e2c8b9d6d0e,False,False,False,False
c16b7768ebbbb460,False,False,False,False
5240353c42ba8f66,False,False,False,False
aaf41ba659be256e,False,True,False,False
4edf84195885e3ee,True,False,True,True
eb8b8c49183c8768,True,True,True,True
3764300a0e64ace8,False,False,False,False
8ed55ffa09379235,True,True,True,True
6c50b9f5b9189759,False,False,False,False
d3ff93d9f51a7858,False,False,False,False
55fc622420eb15a1,False,False,False,False
b94514c64e2c177f,True,True,True,True
b50fc5f2867eee38,True,False,False,False
8658509fa481e165,False,False,False,False
f0a991f0530c21a8,False,False,False,False
15905dc64d2fbf81,False,True,False,False
749c8a59ca59a17e,False,False,False,False
b5138d535c460541,True,False,True,True
f28f2bd44bd9d2b4,False,False,False,False
d3304a108c3bbacd,False,False,False,False
047984e9fe7295e3,False,False,False,False
0f1cf53bc3e3c43b,True,False,True,True
2f3ba4a4d87dbda9,True,True,True,True
b68a150b963badb9,False,True,False,False
be6e09f31617f0ad,False,False,False,False
dd6d49e9002bbe92,False,True,False,False
ebd3b9b9e50a4bf2,False,True,False,False
c9670ec3427f557b,False,True,False,False
e2ce5890f00941d4,False,True,False,False
1411baaf585293fb,False,False,False,False
89fef9a13084452e,False,False,False,False
56666e66126a3688,False,False,False,False
4e171fb6e28e47a8,False,False,False,False
9513cb7ed2857fd4,False,False,False,False
4858180fd9096e21,True,False,True,True
62b06be6b786af94,False,True,False,False
811467998190619e,True,True,True,True
3737b23228b722c0,True,False,True,True
f2fecb3321ffabde,False,False,False,False
065fc44ac123b5fc,False,False,False,False
8.25916E+14,False,False,False,False
abde5197c5380f49,True,False,True,True
3eb5e658e9c8dd01,False,True,False,False
ba701df3ad34d77d,False,False,False,False
d95d9441b7424767,False,False,False,False
536b8342c0952141,True,False,True,True
3c05fe5b5d34cfa1,False,False,False,False
795812ede75650dd,False,False,False,False
392d7af59a32c3a3,False,False,False,False
a04fd7285a7eaf0d,False,False,False,False
d8b06d0421c37b4f,True,True,True,True
de8b9a749e8dad96,True,False,True,True
6421686ff4ca4b56,False,False,False,False
62e2f1d9989a3ce5,False,False,False,False
7b2e47e188a3e54c,False,False,False,False
6507a4bbfe70a0d6,False,False,False,False
d2e95b3bd62239f6,True,False,True,True
3b13d02baa801ca3,True,False,True,True
c9c0f8d2d33b8018,False,False,False,False
8b65c0fcca88933c,False,False,True,True
a290e4299361c747,True,False,True,True
1d87f34fa4e94fba,True,False,True,True
2c61c129a8e77258,True,False,True,True
f809b31c35f03039,True,True,False,False
18e309b7ebc62e33,False,True,False,False
ee854ca3884186bd,False,False,False,False
f499ddffa9e695c9,False,False,False,False
5eab0e4df6707bfc,False,False,False,False
017be34b53334799,False,False,False,False
475dd4c1b75ba743,False,True,False,False
bb923d65a0b5728c,False,False,False,False
ed1a921d905c9fe7,True,False,True,True
3ef2cb76d1d42bc1,False,False,False,False
bb66ba94d2f70dcf,False,False,False,False
7b5b4b91b87745bc,False,False,False,False
11233d469657d1d0,False,False,False,False
e7abf7148ab8856f,False,False,False,False
bb75643354a62a04,True,True,True,True
196f5a7fb44f863b,False,False,False,False
bb37e48e3ba770c4,False,True,False,False
6a5bac0c99f7e19f,False,True,False,False
874fd9ad636f237c,False,True,False,False
737c1ac6ec59b5b5,False,False,False,False
06184edd3aa936ce,True,False,True,True
42a9edd5dc083cce,True,False,True,True
4f7ba592ad9efd8c,False,False,False,False
a25eb25919655d33,False,True,False,False
1c9af2ca46f76554,True,True,True,True
cfa2b1be6057d696,False,True,False,False
6177c660e0c2aca8,False,False,False,False
42094dab516205e9,False,False,False,False
9b5759475b957d99,False,False,False,False
6e94a7a7a053a90a,True,True,True,True
6335b1b3e1b8d996,False,False,False,False
c069531887445234,False,False,False,False
57748ee9a33e7f2b,True,False,True,True
af639f76dfb57e62,False,False,False,False
548e4b7cbcf27fa1,False,False,False,False
17e45ee9737a874b,True,False,True,True
56a3c3c4fe7f0560,True,True,True,True
844c4ca41b16de7b,False,False,False,False
9151f1d0436c05e1,False,False,False,False
dc3aaa54c6f6ca4a,False,False,False,False
e4821bc62905dd9e,False,False,False,False
e83661f7210079ae,False,False,False,False
1a2ac3b46cdce566,False,False,False,False
dd63cb3a62f7331a,False,True,False,False
fcf2b725d756e98c,True,True,False,False
bd2ac9e9aac6aa12,True,False,False,False
5da46bf8163a4c68,False,False,False,False
08a8fcdeba1826d7,False,False,False,False
3746609ab0a8da7d,False,False,False,False
8e1ac47a5b4423c7,False,False,False,False
a85585cecbf95a31,True,True,False,False
b44f992cc9ce8e32,True,True,True,True
836979c797110170,True,True,True,True
637732ede666486d,True,False,False,False
8a4af925974f4a60,False,False,False,False
d9eb6a0e1774fc4e,False,True,False,False
928149e3a8248ae8,True,False,False,False
281b5b9f6b86dca9,False,False,False,False
4116fbb8006abc15,False,False,False,False
728f63ceece6dcae,False,False,False,False
8e62631a373bfa67,True,False,True,True
b80512b15761087a,False,False,False,False
b4d992004d7340e4,False,False,False,False
1a6546b4f8c07e1c,False,False,False,False
6450c5e5e3c18fce,False,True,False,False
82d9b48666c64d66,True,True,False,False
3a6fa5dd1730b2ec,True,True,True,True
2935435bbddacba1,False,True,False,False
4411d63ab8fb5f77,False,False,False,False
f3c676823c2733a9,False,False,False,False
706ef50ca1ff86a7,False,False,False,False
fbbebf0d13f74ef0,False,False,False,False
234757847d2ac5bf,True,False,True,True
02e783b614a26105,False,False,False,False
b29a00e4430558c6,False,False,False,False
509e2025c2ecba30,True,False,False,False
dc0dd24232bfc5a5,True,False,True,True
ecf596d1d6e6fb81,False,False,False,False
6b72a32d9275323d,False,False,False,False
116bf3ea05b9678b,False,False,False,False
d404510b90b7f732,False,False,False,False
7cc72527a51ee4c5,False,False,False,False
cb46ae7a5b938b86,False,False,False,False
3b0ace78df626cf4,False,False,False,False
791c61d3dbb5202f,False,False,False,False
fcbac58b8811ddd8,False,False,False,False
e946329843469a58,False,False,False,False
e1c120e4ff1abe08,True,True,True,True
fe42596149d20f35,False,False,False,False
da2e19d128913693,False,True,False,False
5ce79a72cdc8e33a,False,True,False,False
f2e821ed1b4d4cd9,False,True,False,False
ee818d853f996bad,False,True,False,False
6a9e1a225eaf97f7,False,True,False,False
adbfc77a8609c41b,False,True,False,False
b70fb8e379ff6ab6,False,False,False,False
5dd655cae48f61a7,False,True,False,False
5121193ec10932e0,True,False,True,True
0d259048b43d3070,False,False,False,False
391d14e7d7b2f6e0,False,False,False,False
4055a5f050d4e7c0,True,False,True,True
647317de5011bb66,False,False,False,False
k3x9m2qv7b8z4wtn,True,False,True,True
fed04724734b2365,False,True,False,False
96304048e3ccfdd1,False,False,False,False
6eebec3e54e6342d,False,False,False,False
62c994af85b89543,False,False,False,False
3f27f692412e24d9,True,True,False,False
4069f14908e5d6d9,False,False,False,False
1dd275369b59cb64,True,True,True,True
9798a159997fb59d,False,False,True,True
338ef02b12516e06,False,False,False,False
66baf83870b793fc,False,False,False,False
7355722d25db4de5,True,False,True,True
f360aa0f522b2f96,True,False,True,True
3a819d3a19a01619,True,False,True,True
29cc9eb00b85ba5b,False,False,False,False
c6149a22eafce317,False,False,False,False
3b9266302026b769,True,False,True,True
0ca77e1a3694b0fe,False,False,False,False
0f3371c9f6fa617e,True,False,True,True
d43be4adac67e139,False,False,False,False
e374858ffb458e6c,False,False,False,False
a8894b4c72674604,True,True,True,True
6a92833adff26980,True,True,True,True
a3ad8828e9157e40,False,False,False,False
9636540c26659a46,False,False,True,True
dfb37925990970ad,False,False,False,False
2a173de8e4ee64ab,False,False,False,False
fc885868653481e5,True,True,True,True
4a20d3bd1ceaf7ae,False,False,False,False
9f550d80ccb37b68,False,False,False,False
6ca1062cbc6d36da,True,True,True,True
56a0f0b440880b13,False,False,False,False
ba07a216101766dd,True,True,True,True
fe589a0ed3a0ddb5,False,False,False,False
044cad2c1ac0de06,False,False,False,False
36ab729cb4af4689,False,False,False,False
1d7542bdf6536bac,False,False,False,False
684c602243953d04,True,True,False,False
9804c223df4f1628,True,True,True,True
b83a1242882a3125,False,False,False,False
b52699437f7ce8cd,False,False,False,False
1b1f545246c45a45,False,False,False,False
60a0787435bbb62b,True,True,True,True
6456ae9d894727a9,True,True,True,True
b1d4f803e4d16340,True,False,True,True
451bf62c0fba39b2,True,False,True,True
8fa895be24ef9b29,False,True,False,False
b3371584d0064192,False,False,False,False
6caf82939bb2f36a,False,True,False,False
512e27f3a8d95dfc,False,False,False,False
2da87a42055f6376,False,False,False,False
e1a427b203d5ae49,True,True,True,True
c2441b577c96bb4a,False,True,False,False
3fda0818d0a26818,False,False,True,True
ac543e4d2e0dbc52,False,False,True,True
ab97be8eb3846e2f,False,False,False,False
d4247aa3370fc334,False,False,False,False
67bcf737d125335b,False,False,False,False
d89d4d920af99cb3,True,True,True,True
19f6c1ef72e10f66,False,True,False,False
fc4c3dffc3dd7c08,True,True,True,True
25768ea964b708dd,True,True,True,True
edc2db1c56958fbc,True,False,True,True
1984cdf4d110190b,True,False,True,True
be25eb70dd1af901,False,False,False,False
f786f10bd4cdfafa,False,False,False,False
2adfadc12383e057,True,True,True,True
9bafcebf65abb061,False,False,False,False
9e18cebb857315b2,True,False,True,True
7e006ab1698344fd,False,False,False,False
4139844a189421f2,False,True,False,False
b84bddb2075a9d68,False,False,False,False
3626fddb6f72e267,False,False,False,False
2507b3be32a4b7cc,False,True,False,False
93e1287344a01442,False,False,False,False
994453a27d5c8acd,True,True,True,True
11a2f61715112177,False,False,False,False
528df2a613ce9e89,False,True,False,False
3fdf071bc37ab0dd,False,False,False,False
9d83cb79820a88fd,False,False,False,False
8c5fa28da8301ab7,True,False,False,False
43e745829cd81465,True,True,False,False
af545994d9849b16,False,False,False,False
14c790e62cf37662,False,False,False,False
4c9387d40f9cc830,False,False,False,False
1553993e1a95ce61,False,True,False,False
5c30f832a6fe7898,True,False,True,True
7af38c3d4dc03bf5,False,False,False,False
5958a6c9b2342da7,False,False,False,False
cbd0ae0a80fe1056,False,False,False,False
70eef0c2376e271d,False,False,False,False
a6d4ffe0e60c3da6,True,True,True,True
712a97fb986a0435,False,True,False,False
d646643375e792ab,False,True,False,False
ba482df6e0ec3cf3,False,True,False,False
49f8a55f7a9deab6,False,False,False,False
8c702278ec23e804,True,False,True,True
5dc1225186a6ce8e,True,False,True,True
a0a2f73fb1659817,False,True,False,False
4411e0542311af05,False,False,False,False
9bf6e44b0e090856,False,False,False,False
9876c81205662e28,False,False,False,False
1fc08e52b664cfe7,True,True,True,True
1e175dbf686d264d,False,False,False,False
1c57d2ebc90c05e3,False,False,False,False
c6f0f7f8d126a5f0,False,True,False,False
f29f0dab2a5495b3,True,False,True,True
0d9cb6654fbc8d20,False,False,False,False
1b8525e2db3d5c41,True,False,True,True
eb6b43cbfd049551,True,True,True,True
e5ed376dfa6f69d3,False,False,False,False
5bd17b6dd73e9583,False,False,False,False
c7e1c065ea4ba4a0,False,False,False,False
b4a04dd4e9707831,False,False,False,False
b5e0e311677059e7,False,False,False,False
a39d0efbd3f0b728,False,True,False,False
eb25e8ed0ae41025,False,False,False,False
2e91753b049f1239,True,True,True,True
c6038256ac675815,True,True,True,True
98baccaf0fcfaa41,False,False,False,False
2856b78905681aa2,False,True,False,False
937381d84e1a79d0,False,False,False,False
95f01e47ac4f6e17,True,True,False,False
011b4478e3892af8,True,True,False,False
8f79ed17c0069709,True,True,True,True
2947976edf61755b,False,False,False,False
e10bfb7edf876e84,True,True,True,True
f6149b696a1b3752,False,False,False,False
d74ffac3cb8aa306,False,True,False,False
379d8da774c7580b,False,True,False,False
9a5626aead1b1d7f,False,False,False,False
7a54b937ffb82f5f,True,True,True,True
b9e22cdcfa8ff2ba,True,True,True,True
2c584a4c958eec98,False,False,False,False
292ad787004d7589,False,False,False,False
71bfd68c703d7390,True,True,True,True
5533fbdc01402c12,True,True,True,True
54afb123aa322a22,False,False,False,False
c4d682719b3b91d8,False,False,False,False
d06ed201429281f1,True,True,True,True
63a2de4033c32ee4,True,False,True,True
cff72733d284a155,True,False,False,False
88b6b7a3915ee881,True,True,True,True
aae79af6d4936e6e,False,False,False,False
43e583c30ed25260,False,False,False,False
0460f255996d5403,False,False,False,False
fc69565c8b3c6ff0,False,False,False,False
283aec1f57664956,False,False,False,False
8a595d4eca0ca1ab,True,True,True,True
f36d552be7cc4964,True,False,True,True
ca5ca153df86bad7,False,False,False,False
10bd840136d62883,False,False,False,False
4f18718b0e57f0ec,False,False,False,False
f643cd14bcfddde5,False,False,False,False
61bb100cfa3059a5,False,True,False,False
8859ecad9431eab8,False,False,False,False
0c33e35d6cc06622,True,False,True,True
34c1cf1d039d66e6,True,True,False,False
a240fe79460db3d4,False,True,False,False
80bf78280d60f00e,True,True,True,True
9e701804c6af5cc0,False,False,False,False
f2694588137acf4d,False,False,False,False
73e21e0b7df226b0,True,False,True,True
58a4d4b878890843,False,False,False,False
b60751b59696ee3b,False,False,False,False
04683457b74db39f,True,False,True,True
f40136e09df92fa1,False,False,False,False
9c74b228dc19726b,False,False,False,False
8128442aa4029cb1,False,False,False,False
1101c6094dcc2343,False,False,False,False
b01031dcbc8f97d2,False,False,False,False
45316885b3d3bec5,False,False,True,True
b7961fd01b5d77ef,True,False,True,True
933fe5ec7b9ba435,False,False,False,False
06fcda44ad335890,False,False,False,False
98025cb4ac8d0a95,False,False,False,False
1a1c575555ca32cd,False,False,False,False
a5347cc6a46c79d1,False,False,False,False
72db61b45b14f93a,False,False,False,False
9ea5409bc0852049,False,False,False,False
ea30983c3378e280,False,False,False,False
79afe28a4c09d4c7,False,True,False,False
fa1d35b9e3a6dae0,False,False,False,False
053a0aff78a37a79,False,False,False,False
251b1d60b8330eee,True,False,True,True
8f196ad43ca6ab72,True,True,True,True
71de52368785d1a0,False,True,False,False
9f5d0730f219b650,True,True,True,True
122011930a6aaf0b,False,False,False,False
fb8095d8b9cfd8dd,False,False,False,False
4480e650dd8fd38b,False,False,False,False
4c06a188015d3751,True,False,True,True
67cf084316be3c65,False,False,False,False
7f31eb436aa356a4,False,False,False,False
f6ec99909fdb1dd9,False,False,False,False
eff9fd3da9e7ac43,False,False,False,False
1beb555320b60361,True,False,False,False
d22ce03ed0548f10,False,False,False,False
e8072ecaa73ea369,True,True,False,False
49dfac6af450b287,False,False,False,False
def3c8375a429c4e,True,False,True,True
785b5b04042c042d,False,False,False,False
c92e360da2d0f360,True,True,True,True
e57a7b609193a1f7,False,False,False,False
886987681624dbbb,False,True,False,False
6ee6bdd732d9afa6,False,False,False,False
51fb030896d1be17,False,False,False,False
d4c0dca13b47f832,False,True,False,False
c3fa8d65cd3295a8,False,False,False,False
6ba4fb2ebf3f60b8,True,False,True,True
c98c588e178def7a,False,False,False,False
580619c66f2d3d1c,False,False,False,False
0d2357f6c7e21ec4,False,False,False,False
04873bffc5f753ac,False,False,False,False
e7b8789788fa1ea4,False,False,False,False
c9a5b49ef3e2cf24,True,True,True,True
402af051467d0f74,False,False,False,False
0b1f3551e3154211,False,False,False,False
0ad8e043176b57ae,True,False,True,True
76106a39274425db,False,False,False,False
d12e6c08a100cec9,False,False,False,False
a2599a24fd39e2bf,False,False,False,False
8d61cb7cd910e836,True,True,True,True
b33d04f2830ffa92,False,True,False,False
4b81dc3177767e58,False,False,False,False
76fa79c8e9826fae,False,False,False,False
248cac72eaad6ac6,False,False,False,False
02accbcb65ea56cb,False,False,True,True
9bb88d81f783199c,False,False,True,True
dc9d747434f2d910,False,False,False,False
999a9b7ad261b198,True,True,True,True
d4a948af78fe5a75,False,True,False,False
60792b5000819af5,False,True,False,False
7b80a493da7fc558,False,False,False,False
ee8e1491d084183e,True,True,False,False
88ee2fd16796c4a2,False,False,False,False
c42ed1475396de57,True,False,True,True
9b4da760d012d69b,True,False,True,True
a7a7f3374f22624d,True,True,True,True
f34fde3c3f6e751e,False,False,False,False
9aa479a3a5f75701,False,False,False,False
f000bf721899cb3b,False,False,False,False
b515d38a9ea7e8b5,False,False,False,False
fa6b75cf4745b15c,False,False,False,False
15a50d9c284a0971,False,False,False,False
2770e870d28dcba8,True,False,True,True
ad96f258af66c3e1,True,False,True,True
c9c2a6bdf108d8d2,False,True,False,False
e66673ef68425efd,False,True,False,False
be7841caef27eec1,True,False,True,True
8feeb7da3845ed4a,False,False,True,True
519d0328d8bbe3cf,False,False,True,True
7b62d83d72a20153,False,False,False,False
66125d27007bcc1c,False,False,False,False
2eb05cac20841148,True,False,True,True
6466c826fdb7bc09,False,False,False,False
6abebe855711b299,True,False,False,False
20245020ddaa9642,False,False,False,False
9d866436fa7de498,False,False,False,False
c0ee5e6e577c64ba,True,False,False,False
eb1fd3b0d9c693d4,False,False,False,False
f655578b9249385d,False,False,False,False
87cc2320d9b164d3,True,False,False,False
f7a3e03f97656c44,False,False,False,False
e8495b27f6f397e2,False,True,False,False
1039613e8b084740,False,False,False,False
30056d6611dee625,False,False,False,False
e47b3c54a68685d0,False,False,False,False
0222f925a01a2d26,False,False,False,False
a27caa53809c96b2,False,False,False,False
5fb7628d5686da27,True,True,True,True
27ea22023f2781e6,False,True,False,False
d94bef56355b06e4,False,False,True,True
006f652b1b896f57,False,False,True,True
05c71ebec3469e67,False,True,False,False
391b85e7734f8daa,False,True,False,False
dd69d6dfa41a70c6,True,True,True,True
63d4e58cb9caa8e1,False,False,False,False
5f855d06883bd31e,False,False,False,False
a94816e5ca6e67cd,False,False,False,False
3138b5577c844f57,False,False,False,False
66b786c1c2e0fd07,False,False,False,False
f6475b663d518ffd,False,False,False,False
ccfea4ac8495741a,False,False,False,False
499790253af210c8,False,False,False,False
2c6de5ba475a902b,False,True,False,False
3a9b418422600eeb,False,False,False,False
6a8518ada3a1199e,True,False,True,True
ab07882052e4b562,False,False,False,False
9f30c3e1572a651f,False,False,False,False
07a1cc9c246b3754,False,False,False,False
e4bdabe7ebf0f968,False,False,False,False
3d2dd261b184dfeb,True,False,True,True
59b1aecf9a35decf,True,False,False,False
524187b1757312cf,True,False,True,True
cf8e184a4b359660,False,False,True,True
263646b3a5b7735e,False,False,False,False
b63ffd7d96bbe2d9,True,False,False,False
ade038675e6c08a8,False,True,False,False
529f02d9900b3895,False,True,False,False
549dfa2d6670a6cf,False,True,False,False
468d6537ca8e7c82,False,False,True,True
9f7e576b663f333d,False,False,True,True
6b7b3ff3bb928ff4,False,False,False,False
2c9726ebb662a953,False,False,False,False
748917b453f07753,False,False,False,False
6c797fa8d638ab90,False,False,True,True
9fd542e053244b16,False,False,False,False
eb41ff40e750ce68,False,False,False,False
0927eeabc1c77198,False,False,False,False
1e10d31fcc27fdad,True,True,False,False
3d6b5cda7987bdea,False,False,False,False
7402eff9c8fd93ad,False,False,False,False
d647228fa4f4659a,False,False,False,False
26c21ad01f8674f7,False,False,False,False
b9b74363e7925ef0,False,False,False,False
08f5670d31edc2fa,False,False,False,False
f24ee8c1b08dc39f,False,False,False,False
615ddbb7f123e24e,False,False,False,False
8fde5b4ebfb8cf0f,False,False,False,False
eed072ac1311bf54,False,True,False,False
a6c7496f8aee3904,True,True,True,True
d0a519da07898373,True,False,True,True
a8fc02f9e0ab9a92,True,False,True,True
b30605e015074f26,False,True,False,False
675d7fb86666fb5d,False,True,False,False
3be324440ba92502,False,True,False,False
f9d9331904343af3,False,True,False,False
9c71c36d6b3ee0f5,False,False,True,True
ae9df19963217328,False,False,False,False
b74683096b8ff891,False,False,False,False
560de6b975e20897,False,False,False,False
f54c47fbb9c1b6ce,False,False,False,False
2c173937c1c32f33,False,False,True,True
0306f96272953f76,True,True,True,True
66e77b41422addd4,False,False,False,False
3ca8d13c595ac90f,True,True,True,True
26f964d13be03aec,False,False,False,False
6604610efb22d04c,True,False,True,True
eb0d73f07f0cf077,False,False,False,False
8f549328dd8f6822,False,False,False,False
ce6107374806559d,False,False,False,False
5209c91f873e2090,False,False,False,False
585d52b42b5d4479,False,False,False,False
f8befeab7864ffcb,False,True,False,False
453634ff5ea0d212,False,True,False,False
189f7ae85cb9536c,False,False,False,False
671c5d68faa474c1,False,False,False,False
0bd687af5d17563e,True,False,True,True
2d72c19d2bcebec5,True,True,True,True
ce7b702570cb2f85,False,True,False,False
c1da1a4571e778f6,False,False,False,False
5b344b2d91620baa,False,False,False,False
f501e5df298a5b33,True,False,True,True
c3f4d6ae6055fdd4,False,False,False,False
231c28730841334d,False,True,False,False
74bce72a8acb8c43,False,False,False,False
40a0bdfc79e201df,False,False,False,False
f93a50b7c9c87acf,True,True,True,True
0329697971d02fb2,False,True,False,False
4c6b3075686b1ce1,True,True,True,True
5a36f9a90c517213,True,False,True,True
e8face29f34c278b,True,True,True,True
e52527803eca662f,False,False,False,False
ce3c2a9dd2e31583,False,True,False,False
4366e3aa39ee726c,True,False,True,True
bd0a88da02e6eac8,False,False,True,True
d089656fc7def44d,False,False,True,True
f7e75b28ac2488ea,False,True,False,False
e13a237cb24f86db,True,True,True,True
3b0ff20d3fc48643,False,True,False,False
e2ae10e4fa96bf18,True,False,True,True
e0633e08ce66a68d,True,False,True,True
b25e456194153052,False,False,False,False
db843c11db2b7799,False,False,False,False
3ae3f69ee393e34c,False,False,False,False
c260f884222c3983,False,False,True,True
3acee5a717e00715,False,False,True,True
251a136cc72a781d,False,False,False,False
a5bb4a47b64bad74,False,True,False,False
34fd9908187e06b3,False,False,False,False
c5ee3be1a7300a55,False,True,False,False
acaeb4475da33087,False,False,False,False
205b5fe917449443,False,True,False,False
87650ffe6260b4f5,True,True,True,True
96b6d5c32d066d7f,False,True,False,False
381aae95cc958def,True,False,True,True
b23a7682de493f8f,True,False,True,True
931e05ec52190dc7,False,False,False,False
57d2b7b1aed062de,False,False,False,False
a276e7c822d2cb35,False,True,False,False
92ef631779d9860b,False,True,False,False
c6e036706ad0d9c1,False,True,False,False
851d8c4d640bd643,False,True,False,False
eb3f5a14de66e49e,False,False,False,False
3920595440b08e75,False,True,False,False
d191dc508cd5c23c,True,True,False,False
a4e091277cc3d148,False,True,False,False
ee86babefbf38572,False,True,False,False
085d24b4f33492b6,False,True,False,False
00aa2f62d1f87a94,False,True,False,False
813274dd4d14b127,True,True,True,True
9e1b425af686d835,False,False,False,False
ceea2d8bf697eca6,False,True,False,False
612f9eed847f4312,False,True,False,False
423eb2ece050d9da,False,True,False,False
695785fbdae83c3c,False,True,False,False
613ac7243847345c,True,True,True,True
5234297549b3b1f5,True,False,True,True
7d810b1e4039672d,False,False,False,False
9a69212ff7ef79d3,True,False,True,True
f58df10099bcf4d3,False,False,False,False
f5292c50803c636e,False,False,False,False
ff853d23f0f4920f,True,False,True,True
af07cdda7b9cb8dc,True,False,True,True
93fbe08c375e57fc,False,False,True,True
84813bafe92224c7,False,True,False,False
706f6f6c50cc8272,True,False,False,False
0251a86d5bd50c51,True,True,True,True
e0206aff829597f0,False,False,False,False
afa9a0528774ba84,False,False,False,False
2377629c03b4b1fd,True,True,False,False
2b46cef40406c7ae,False,False,False,False
fdba085e8f10d273,True,True,True,True
9a7d6ebfd94e0623,False,False,False,False
596384c3e14eca38,True,True,True,True
5f44cb7f53358cda,False,False,False,False
767acb18c9acecc9,True,True,True,True
f06f971c4165a2cd,False,False,False,False
87f4f213687208a2,False,False,False,False
4d66d78e227a74c3,False,True,False,False
cff6d146b0cf18eb,False,True,False,False
ce6652af2696f682,False,False,False,False
8d8beff6916141fc,False,False,False,False
59304fea8cf32e7b,True,False,True,True
ba49f535432edc04,False,True,False,False
a29d292d86743a76,False,False,False,False
5c4e0ec0c7c6ea30,False,False,False,False
93dd1426877bdc79,False,False,False,False
2222eaf67a516142,False,False,False,False
bb58ed7d8424dcf5,False,False,False,False
495f033c0a7374f2,True,False,True,True
29faf544188e25d4,False,False,False,False
e26ae34d987e3108,True,False,True,True
68277bfd128cbab4,False,False,False,False
ee03e4c592789159,False,False,False,False
dd4836671cc86fa0,True,True,True,True
8f99fdd7120d6cae,True,False,True,True
6a39f0f1783b6bc7,True,True,True,True
9a8ea7e76a27d96a,False,False,True,True
49644a6b5dae7620,True,True,True,True
8e2e3b48e8fea836,True,True,False,False
63f0211897033363,True,True,True,True
8168ccb30fba9569,True,False,True,True
0d75dcc9fb7ff341,True,True,True,True
ed9f1c53e58ac5ee,False,False,False,False
4c59dc450ef2f647,False,True,False,False
6789f2630ef11ae0,False,False,False,False
72900fed1b2b3f14,False,True,False,False
ef484d02073b4a12,True,False,True,True
8518240ee7c7f6c6,False,True,False,False
af6322940deb4466,True,True,True,True
43caabed893bf0fe,True,True,False,False
8c3b3545d7974955,False,False,False,False
f1241c4bb4c2ba18,False,False,True,True
6bdfad8486515abb,False,True,False,False
ba40a39b9ef73cc5,False,True,False,False
65cce92f5d12584c,False,False,False,False
b3053afd4833a892,False,False,False,False
a50e9b4eb4f128ae,True,False,True,True
c7b598cebf7fdd0d,False,False,False,False
be4eed74e06a2363,False,False,False,False
36f6df0bb2fb0c72,False,False,True,True
fc01c2f3acadad43,True,True,True,True
3408ea85a880edee,False,False,False,False
d723e08e5a4587f0,True,True,True,True
61482269b1bd3927,False,False,False,False
0cc56a45d118a220,True,True,False,False
cb17a175aea41afe,False,True,False,False
b2bc4add65df741c,False,False,False,False
d98c547b34aceda4,True,False,True,True
ba8b75a993177e47,True,True,True,True
f82236753ad6a17b,True,False,False,False
3f2e8e3497c7a22e,False,False,True,True
6b4f788ec083befa,False,False,False,False
5072f6f22cd9b02d,False,False,False,False
bbcc56cdff0ff4a8,True,False,True,True
d48c73c2463594c6,False,False,False,False
85cb305bdbe52c2a,False,False,False,False
52165e0d99bd1d5b,False,False,False,False
05a7196220919c93,True,False,True,True
d2cf7d9387437a5d,False,False,False,False
a7702ee098273339,True,False,True,True
2c89c2e6ea8e785f,False,True,False,False
3c16f6b945b04b65,False,False,True,True
8341d66878a0e052,True,True,True,True
7bd3ff90eec1bb0f,True,True,True,True
60c639da1fc71761,True,True,True,True
209aa0368e62ad9c,False,False,True,True
38c8e28700a5146c,False,False,True,True
4ea6e27c70bb3763,False,True,False,False
483f93edaf42256d,True,False,True,True
56b81a1c59a28bac,False,False,True,True
f4c6e4fbbc7df050,False,False,False,False
b6d3aa8dcf010e82,True,False,True,True
68a54ac613f4bc25,True,False,True,True
fb7c22897966b84d,False,False,False,False
8c84221cff0005ed,True,True,False,False
48d6f42125b9e3a4,False,False,False,False
9364a785ff330ed1,True,True,True,True
f4f72cb555d82b9d,True,True,True,True
adb568a16d9d46e5,False,False,False,False
17a24931bb21146b,True,False,True,True
aea449f73163cb36,False,False,False,False
b8412f9ecdbfea38,False,False,True,True
dfb1e11b2d9dd7a1,False,False,True,True
c343aed87bce231f,False,False,True,True
17e9565c3ee78c64,False,False,False,False
af35ec0546e755fd,False,False,False,False
cf230441c2492328,False,False,True,True
e8e13f106bb60ce5,True,False,False,False
901a607f90f77457,False,False,False,False
9dd584d2887b691e,False,False,True,True
1efe28fc9c087a9e,False,True,False,False
e593a95d662f95df,False,False,False,False
1406635e809bc3a9,False,False,False,False
411c742956029aa5,False,False,False,False
bce7a195cfb94628,True,False,False,False
d4108605732cf31c,False,False,False,False
0184592db7508540,False,False,False,False
94a6c781055e3a57,True,True,False,False
7848c3bfe58a214e,True,True,True,True
6f3d0d6fe46ee8dc,False,False,True,True
37c0aa3815265f9a,False,True,False,False
45421bad3fc610df,True,False,True,True
47b4a6fecea33fa3,True,False,True,True
d60f37c140a1dc2d,False,False,False,False
60cae2e74a37515f,False,False,False,False
f700651f7502b290,False,False,False,False
f5a2fa93d16d02bd,False,False,False,False
1549801f9989943d,False,False,False,False
c511620bcd92bb34,False,False,True,True
28764aab64549c29,False,False,False,False
a223386934e047a6,False,False,False,False
4bdb71da1aa6cedd,True,False,True,True
7c0af5ae2ae5c142,True,False,True,True
ac5e023898da52df,True,True,True,True
8f798284d451471b,False,False,False,False
00a7d908c879fd82,True,False,True,True
a81d9faf36ef7b8c,False,False,True,True
b3a37e4128b17b43,True,True,True,True
74bd3d564728dd7c,False,True,False,False
8ca58719701a7426,True,False,True,True
fd3902158c902664,False,False,False,False
c0f10b21b6c4019e,False,True,False,False
2a6aa364508bb238,True,True,True,True
8ca753ba1f417a7c,False,True,False,False
9aeefd1aa38f42f1,False,False,False,False
b90a9532a6376ff4,False,False,False,False
b47750e228146617,False,False,False,False
097a504920fbdb9f,False,False,False,False
49e71f8d1ab4da7b,False,False,False,False
ecea54bc5a741e38,False,False,True,True
82a1795667747f16,False,False,True,True
b3f301fe484eef98,False,False,True,True
597d40b1022203aa,False,True,False,False
0a705b1f7a642a55,False,False,True,True
28d75b352b4455ea,False,False,True,True
c2a4e143182ea9c1,False,False,True,True
b4f9d00b4a661add,False,False,False,False
20ee25f7d55f9a6e,False,False,True,True
b465a8f4002d11e4,False,False,False,False
760ed154333d941f,False,False,True,True
0587e6b93d7c2b4b,False,True,False,False
0a3e9b6959d6997f,True,True,False,False
f12c5e88ca55e99c,False,False,True,True
677c7be0c1bbc114,False,False,True,True
08e746a00ad75ef4,False,False,True,True
084a7dc7fc9cde87,False,False,True,True
14ed3a071cac4ba1,False,False,True,True
0e73ee5fc2e77e96,False,False,False,False
d239584b035411a9,False,False,True,True
d65e7a7b1a9b199d,True,False,False,False
a19072d698048e0e,False,True,False,False
50abd88554238b04,False,False,True,True
9ed353af369a514e,False,False,True,True
da73ae3393281529,False,False,False,False
45359ab3878fb19d,False,False,True,True
7c1b0eb17ae453e7,False,False,True,True
2b202f124d2af2b9,False,False,True,True
26eb2b31166f5a11,False,False,True,True
a6a3bacc95064650,False,False,True,True
0d633dec30de73be,False,False,True,True
789f401bcc0a3021,False,False,True,True
4d8ddf157c3a9465,False,False,True,True
51951fbd03ae5236,False,False,True,True
42ea747872859fcc,False,False,True,True
5f9d6c48c79e9c1a,False,False,True,True
970abeeadc10a544,False,False,True,True
947f1b0f71bb1f56,False,False,True,True
40801a01c7feefa7,True,True,True,True
aeb7c81b383edcde,False,False,False,False
217359e8edecade9,False,False,False,False
89a14e1dc35f48d8,False,False,False,False
92800cab812ab1f3,True,False,True,True
e09ed64a5c37caa8,False,False,False,False
bd13d3e41021b6e4,True,False,True,True
0e1ce57217b63cf5,True,True,False,False
c8007eb85a755828,True,False,True,True
60180be8ef414a74,False,False,False,False
4345d6ced61ff21b,False,False,False,False
d77709d1c4268cf1,True,True,False,False
bf821154a05ab0db,False,False,False,False
d215d06eb73bf21b,False,False,False,False
849fa42c2c52941a,True,True,True,True
6df8a155afa51bbe,False,False,True,True
2de8210570a8129f,False,True,False,False
b526b59f68901afb,False,True,False,False
2281ab3f037c46d7,False,False,False,False
558bd04b4e981600,False,True,False,False
272d840f6f8342d2,False,True,False,False
7324cdca5b9b2334,False,False,False,False
377bdf26f3670488,True,True,False,False
e7622d9f2bac1eff,False,False,False,False
de2b52260ef800c8,False,False,False,False
52ef50e0997be96b,False,False,False,False
ddf25a9e8b3b87ed,False,True,False,False
91ccfc7457bb5b33,True,True,True,True
877551e6002ceee4,True,True,True,True
a76cd4ad429f4f0f,False,False,False,False
d7e390dedf6df15b,False,True,False,False
6a0bbcb71d729091,False,False,False,False
ea14e876645a8ee3,False,False,False,False
cc6e73780a0ad462,False,False,False,False
1bb0958d9ee6a885,False,False,False,False
0b6886aa5ef55292,False,False,False,False
a9167e3156d201f7,False,False,False,False
99f56ec761d3c44b,False,True,False,False
02d1e8f02905274c,False,True,False,False
30f461a335dbf1f4,True,True,False,False
0cbf2b196b510f17,False,True,False,False
952e09bbf124dc4f,True,False,True,True
4ceb816bf5ad61f5,False,False,False,False
85c7c5b724f40b10,False,False,False,False
37db5b70847f4c97,False,False,False,False
74968961db4c6728,False,False,False,False
4d924fa8b0d070cc,False,False,False,False
4c5db88c3b2a2d39,False,False,False,False
988de2191cf4feab,False,False,False,False
fe693f40183c02f6,False,True,False,False
7bbcb9fba61dd0d5,True,True,True,True
3fa82302d2d026d8,False,False,False,False
b07955d35d228df6,False,True,False,False
35686cb122f8f61d,False,False,False,False
7a04886dd28ee0cc,True,False,True,True
33b999262188ad78,False,False,False,False
42279e826914774b,True,True,True,True
63ef5d75b98007aa,False,True,False,False
45b65d2800c747a2,True,False,True,True
473e18748a7a4719,False,False,True,True
ce0afc984318fc79,False,False,True,True
e37b0b933a215937,False,False,True,True
3a12279d24e47b4d,False,False,False,False
16b639675f48fca6,False,False,False,False
1e717a7ea2038757,False,False,False,False
f5b87dcbbf08038a,False,True,False,False
be918d8fc18e93d5,True,True,True,True
557c112892276d22,False,False,False,False
a61fd2882df255d7,True,True,True,True
e49f49ceee70fe8d,True,True,True,True
01964c8b57bbbb76,False,False,False,False
3943661112af390c,False,False,False,False
ff44e392472dd3e2,False,False,False,False
5a31af43ac289b31,False,False,False,False
d95205f4add13051,False,True,False,False
10f361121e8e1ce3,True,False,True,True
e8fe3b300fdfcbac,False,True,False,False
9ddd4988089a92e1,False,True,False,False
8043874177cc8b75,True,False,True,True
bbbb1c6ae1f56f75,False,False,False,False
c998ddd1d5fdbed3,False,False,False,False
abce1ae918d5431a,False,False,False,False
a9ad7625d3a65fcb,True,True,True,True
0fd53a9052209b03,False,True,False,False
c0458ed230c12dac,False,False,False,False
f899d9555d3eefc5,True,True,False,False
f50f8a5312407d1f,False,False,False,False
92b5f67af67d9e41,False,False,False,False
d6769cc4b953aa44,False,False,False,False
527586c363eceeb0,True,True,True,True
275f02fc1063c8f9,False,False,False,False
3a9014c4ab076380,True,True,True,True
c55c146d3c96bb33,False,False,False,False
86b58c8e7d9e001b,True,False,True,True
9140f403cf122942,False,False,False,False
338709b2e7427685,False,True,False,False
184599fee344a298,True,True,True,True
baa1e796fa93e137,False,False,False,False
1c6f9f2ddf7e1c02,False,False,False,False
5859172557f74fce,False,False,False,False
7a89d2cfb5bfe4d2,False,False,False,False
a430e06ee2512ab4,False,False,False,False
fe36f80cf891a173,False,False,False,False
d4fe69003c014d7c,False,False,False,False
3b395a798729e7cb,False,False,False,False
45aa76e792bd040b,False,False,False,False
0ce4a0dd343a92cc,False,False,False,False
d4b829157d1c65e7,False,False,False,False
89170e1ef41d214f,False,False,False,False
425d867342573d25,False,False,False,False
08e24176ddfc1352,False,False,False,False
95f7d05a66190d64,False,False,False,False
29c386c373eb2dae,False,False,False,False
cc65761f8ee6ef4a,False,False,False,False
86f90bbf62d83753,False,False,False,False
ab51c8bae5b2b51a,False,False,False,False
244486c4b291a1c0,False,False,False,False
21826444963970d2,False,False,False,False
2c9ae89b02e4c1c6,False,False,False,False
2c58fd9184df1f99,False,False,False,False
15e7faa7ee0f0e42,True,False,True,True
9c06861d8a373336,False,False,False,False
2ffe494b64b4e791,True,True,False,False
47c3859930d97a9f,False,False,True,True
a47d743845c03f48,True,False,True,True
78b0870f87a73ec6,False,False,False,False
4ba21b731ba30077,False,True,False,False
9a9dfb2573a5d5ef,False,False,False,False
23503b5241d7ded3,True,False,True,True
965fb9924a5c2002,True,False,True,True
6607ef4fcb95383f,False,False,True,True
bb7a55efb0bc7a44,False,False,False,False
c3c9a3a0da1a47fa,True,True,True,True
d03c1094e197e54b,True,True,True,True
f4d93a26f09de112,True,False,True,True
c1dcf8e7b8cee668,True,False,True,True
bc6054d39a0b8c6c,False,False,False,False
d8599dd6ad7a29b9,True,True,True,True
5a40c44e4113fd4b,True,True,True,True
78e1339782a329e1,True,False,True,True
272f6404ad0a0131,False,False,True,True
dfcf087381467887,False,False,False,False
d81912ca02a119c5,True,False,False,False
84a213f39aa3f62f,True,True,True,True
308619c74155fdbf,True,False,True,True
35d7eaa1491982c3,True,False,True,True
d1af6b876ca65c97,False,True,False,False
04ce0a626f6360ec,False,False,False,False
22bd51d968f0fb8e,False,False,False,False
4d362e5105c435a0,False,False,False,False
049cd747d24f954b,True,False,True,True
93a8e22be65f16e2,True,False,True,True
4febb44faca57ecc,True,False,True,True
cef4e114a42426fc,False,False,True,True
144a78e7ead4a30b,True,True,True,True
5ce8892277d128a2,False,False,False,False
1285ad6ca3bceca8,False,True,False,False
79da42efe627e6fd,False,False,False,False
64306c33e5670568,True,False,True,True
29a1c9979c467e17,False,True,False,False
e0df6c4251197c99,False,False,False,False
09298b001dda197a,True,True,True,True
8324cde20233856f,False,False,False,False
59a1d55b243c929f,True,False,True,True
08e8b644cf292593,True,True,False,False
c0524d7b2fbe97d1,True,True,True,True
c85aea7c401d8fbc,True,True,False,False
a0b40ce0b397074a,False,True,False,False
53aefcaca6ec67f6,False,False,False,False
0b26b0427a6425bb,True,False,False,False
44968f77bcace3d5,True,True,True,True
694f1705a58ba799,False,True,False,False
f953580f9212bb87,False,False,True,True
9abe5006c86fc342,True,True,True,True
748befa003b1f4f6,False,False,False,False
13faf2794951709e,False,False,False,False
e9a161401ebf79c6,False,False,False,False
4ceba284a85850e9,False,False,False,False
20eeb4e29bb2befa,False,False,False,False
1e559668e242cb1d,False,False,False,False
453622f641e7c860,False,False,False,False
2f5f5893ab552040,False,False,False,False
8664864dc84fb0ee,False,False,False,False
dfb7125a474e4a60,False,False,False,False
3d26ecb4895c6d91,False,False,False,False
7c1ea35221ae328b,False,False,False,False
2fe4f8e45c26ac37,False,False,False,False
5a4610850d8565c4,False,False,False,False
99dd203efbc91f2c,True,True,False,False
08037b68fafe0807,False,False,False,False
5ee57ad6d7953b03,False,False,False,False
b8967d585f02ef64,False,False,False,False
a2235b22840a10b1,False,True,False,False
eeb962c82b55476b,False,False,False,False
27f5e33ca0f3dc72,False,False,False,False
c10f87a50be30475,False,False,False,False
7c3cb078e6a886a6,False,False,False,False
b1de0ab26e80548f,False,False,False,False
b1fab783f9c66ef4,False,False,False,False
f624d4a7d6bcfcee,False,False,False,False
98390e04f1e9bd2f,True,True,True,True
0aab97bb74ec352e,True,True,True,True
c0ec3c3b879ef152,False,False,False,False
57d6dd8fa7f3a238,False,False,False,False
c1ef108e1fd2dc07,False,True,False,False
d506be88721c6817,True,True,True,True
a06d9cd9b9baccd2,True,True,False,False
f704bacd704b9f4b,False,False,False,False
9d529812c4cacec1,False,False,False,False
d1dcbfb775682b6f,False,False,False,False
bd1f47e23850b70f,True,True,True,True
45508b942b6be523,False,False,False,False
b1e0a94cec63fb5d,False,False,False,False
594e8cc3e709c570,False,False,False,False
8de2c90eb09a0c0b,True,True,True,True
d7d3053441ecc799,False,False,False,False
b769bb8fceeaf629,True,True,True,True
2a2a128e15453002,False,False,False,False
ac86d4e769cbdc03,False,False,False,False
a1a89e2acffe40c1,False,False,False,False
be777220e317494b,False,False,False,False
68fdcf5934f5e8e0,True,False,False,False
807a79cd0b7cb98b,False,False,False,False
fb9ec8d26ec5cbf8,True,True,True,True
a80933d3e9f8802e,False,False,False,False
dda90dc8b535b442,False,False,False,False
84091c4681ee2985,False,False,False,False
f121fdbaab588b11,False,False,False,False
fc9498b30291aec3,False,False,False,False
fbb7ebeea57f3d8d,False,False,False,False
492d7f0b2bcdced3,False,False,False,False
1204a62121e3dc7b,False,False,False,False
4e25a84789626929,False,False,False,False
60a751ec2dc3022c,False,False,False,False
3547c3d2e463b27b,False,False,True,True
bad69dda075f2b04,False,False,False,False
5fe5608e9d5604fb,True,False,False,False
f59151ff0cbbbab7,False,False,False,False
b8d4958ca4a6900d,False,False,False,False
ca94a317385f4731,True,False,True,True
3dc9119559b72439,True,False,True,True
57ffe3c88f4e0ead,True,False,True,True
1c981cf58375a503,True,True,True,True
74708044254f1a3b,True,True,True,True
a0571222d1bcca3f,True,False,True,True
6bbb203ba740b756,True,True,True,True
35201f5ab97618a5,True,False,True,True
f4f5e99b06a1722e,True,True,True,True
e20279704c2794d6,False,False,True,True
6c5ed4b2562559e5,False,False,False,False
53430b41530694fe,False,True,False,False
0914aef2d4b15cd8,False,False,False,False
765a47b64a09582e,True,False,True,True
babd190f054d2965,False,True,False,False
bf95eaf7bfc41e8a,True,True,False,False
55c09bb6522252f9,False,False,False,False
0e7f6e6ac858d5b9,True,False,False,False
79d754c1c53b1260,False,False,False,False
584214dce440e1c9,False,False,False,False
50da914fdaad8a82,True,False,True,True
a207552b29c473f5,False,True,False,False
7b5523ab61905f3d,True,True,True,True
1f580f162538ad48,False,True,True,True
519cebddb3cd7580,False,False,False,False
586216596c9792f2,False,False,False,False
530e66a76d4a8f62,True,True,True,True
c97dc77d9a311f57,False,False,False,False
63d5558ba4e93a18,False,False,False,False
dcc3089572e5b34e,False,False,False,False
3d05c32c24f0919c,False,False,False,False
a43a0c6d98962631,False,False,False,False
e0ff83376fc20738,False,False,False,False
3db19da29f88c172,False,False,False,False
194d911adc82cbf3,False,False,False,False
f11c208ab013f746,False,False,False,False
f0718410c13fef2f,True,True,True,True
e49e171174709239,False,False,False,False
ebe4aaa8a165decf,False,False,False,False
9dd226f4df45a22f,False,False,False,False
aafcb96fbe5ea45a,False,False,False,False
be7a442f0638445d,False,False,False,False
96d6b3caa7716926,False,False,False,False
805ce2b6a351bce4,True,True,True,True
752e22fab65046f4,False,False,True,True
821984f30fb56726,False,False,False,False
06a4ce19cd792060,False,False,False,False
7ee54b20c11a315e,False,True,False,False
0857ad7a05d4a3d0,True,False,False,False
ae8ae65f276f1d1f,False,True,False,False
ada8ea9114a7e7f0,True,True,True,True
348497426a6c252d,True,True,True,True
9d8d8c61b08642b4,False,False,False,False
d35f12c6f0dab25a,True,False,True,True
2813534ddfcf85ac,True,True,True,True
01c9706582206f82,True,True,True,True
3c03e379c32d1a02,False,False,False,False
8382ffc8747a9bac,True,False,True,True
c1b0f319093b4a81,False,True,False,False
f562f3673875f77d,True,False,True,True
814e399bea7cae3c,True,True,True,True
a63d36e483ab897d,False,False,False,False
1c97c8dc48b02841,True,True,True,True
646a34831280f05b,True,False,True,True
a2ba02f306d1beb4,False,True,False,False
d4b0769b6965e7d7,True,True,True,True
e375f8d5b12354d3,True,True,True,True
7dcac773cae52856,True,False,False,False
50c7d5c2bd5a488d,False,False,False,False
8bdb40b964208fd0,False,False,False,False
80d59f44e1241e85,False,False,False,False
f76fd44b7f320efd,True,True,True,True
feebb5779a8a84ce,False,False,False,False
953d6fd78d6ed80c,True,True,True,True
14fe44d15b906b48,True,True,True,True
396256aad9c0f8fd,False,False,False,False
73b9b88d42a20752,True,False,True,True
e6963809cca85340,False,True,False,False
a8d19be96da65330,False,False,False,False
0883192b39a7c34a,False,False,False,False
8067e4b460642ed4,False,False,False,False
dbc52d3f423bb0e4,False,True,False,False
1bae23356809cc22,True,False,True,True
c27525a7d3c5d82b,False,False,False,False
be3da01062a524bd,False,True,False,False
af4e5d853ea7dbdd,False,True,False,False
1c00439012fbf272,True,True,True,True
49a78e6cd79ef862,True,False,False,False
204a09f21ee6db44,False,False,False,False
f26adca674d12fdd,False,False,False,False
dd60bb4d7776d0eb,False,False,False,False
1ddde7eeee8b4199,False,False,False,False
1e1057e385075d95,False,False,False,False
5635ed65c787323f,True,True,True,True
80f2a7addeec4e25,False,False,False,False
9e00131fd596a2d1,True,False,True,True
f77a5bb224552ad4,False,False,True,True
fe90f598807daacd,True,True,True,True
158895e58f122993,True,True,False,False
76e42305272f0a88,True,True,True,True
1d47ab70804ecb59,False,False,False,False
cdec5dcc9136d086,True,False,False,False
5e19c57ed667b8b7,True,True,True,True
4188af248bab9e72,True,False,True,True
1e09ccbbdd4f66ca,True,False,True,True
6c8bacac9f8c243b,True,True,True,True
21d45776025b530c,False,False,True,True
70a8ae2e478a482c,False,False,False,False
6ef80ea6d20515f4,False,False,False,False
71db8bf38cee1b04,False,True,False,False
4ba97bf5f14b63cd,True,True,False,False
48f9e21ea372efdc,True,False,True,True
037162c6a15fcf9d,True,False,True,True
afd78613267c68e4,True,False,False,False
d396cba7077c3491,True,False,True,True
8dad9d4c1a17be38,True,True,True,True
c3f77d5784156fcb,True,False,True,True
9b651f26d5c46e2a,True,False,False,False
40c59f729be1b5c9,True,False,True,True
216f572e4f09574d,False,False,False,False
3372dd8f29dee66a,True,True,True,True
bbe70058b6e613b9,False,True,False,False
db8e4dee967b72c2,False,False,False,False
3d9208bc91210940,True,False,True,True
05ab9c048fa013e7,True,False,True,True
879bbb3bd5b0f5fc,False,False,False,False
cd97196719bf1a30,False,False,False,False
a79a2db657b6fb0c,False,False,False,False
2733d994e4ad5592,True,False,True,True
d2463f9e1911608d,False,False,False,False
33d158f683731cb5,False,True,False,False
f2df866285372e03,False,False,False,False
cfa42ecac231a7e3,False,True,False,False
4bad3f00492cb671,False,False,False,False
584368c41f597650,True,True,True,True
10664b04a51b8236,False,False,False,False
9ff3501142211678,False,True,False,False
42ba043296789928,True,False,False,False
a4c4c0808b70da96,True,True,False,False
0a6df93af855cd0a,True,True,True,True
31556d7698b90ed7,True,False,True,True
e558925d7d44a561,True,True,False,False
21c99f0b59f3d0a8,True,True,True,True
8b3c59b7ad106137,False,False,False,False
243cd4f5311e8604,True,False,True,True
e3172010d99ee2b0,False,False,False,False
61d6707c651ebbfb,False,False,False,False
cc8dd9487aaba413,False,True,False,False
c702146b1cf713d0,True,True,True,True
11b988f401dd0024,True,True,False,False
f5f92321ff3a0242,True,True,True,True
73afa430f77993c3,True,True,True,True
a1efa4ff951a06e9,True,True,True,True
411253485c86e09e,True,True,True,True
856178f4cf896bb4,True,False,False,False
c165b4713e4a53d5,False,False,False,False
14248164be926f74,True,True,True,True
230e4fa6708c9bf1,False,True,False,False
8c884301037c2f35,False,True,False,False
557c3a680aa7fbe8,False,False,False,False
8bfbaca33bbe588a,True,False,True,True
5b56c07c83da64f8,False,False,False,False
f96b2b0121ae1375,False,False,False,False
378d178cdb90fe97,True,True,True,True
9b1685728217786c,True,False,False,False
5cdd448bc30a478d,False,False,False,False
24c09cebaf868fc9,True,False,True,True
9e0900f2fef22701,False,False,False,False
69beedb9d554f663,False,False,False,False
bb4c5d3bf868fcd0,False,False,False,False
cc4bb65794dac6ea,False,True,False,False
e8c158cb8c90367c,True,False,True,True
23064611658f587e,False,False,False,False
e9af08d8f5bbea0f,False,False,False,False
22d847e460ec8c32,False,False,False,False
157329b2a31ef0f9,False,False,False,False
732ce84e69e23194,False,False,False,False
b2da99463aa46a66,False,False,False,False
1462bf40ecf126a9,False,False,False,False
55790a39c682742d,True,False,True,True
3e2e7aa0e06870cb,False,True,False,False
6880c7d8ece07d65,True,True,True,True
274d2c71bb885d91,True,False,True,True
7961c871ef4b06d7,False,False,False,False
7effea4696557ecc,False,False,False,False
15349d99d443f713,True,True,True,True
5b85024965cafe41,False,True,False,False
64cb8e25938ee89d,True,True,True,True
58392443f8c59530,True,False,True,True
aa05fc671ae98396,True,True,True,True
8257e8ae1a2e1187,True,True,True,True
ed7c0be8725bb401,True,False,True,True
254202e2f61c8085,True,False,False,False
fc7a49f38e84f2db,False,False,False,False
038af1ca0470f7d4,True,False,True,True
2d9bf888130ca451,False,False,False,False
85d9e039acb7a22d,False,False,False,False
6e57d21ec7edb415,True,False,True,True
7322e608afa5d668,True,True,False,False
91b30a43160dfb61,True,False,True,True
d7ca186cd8a0a542,True,False,True,True
4d482da2d8f3f29f,False,True,False,False
6ae8184a30319d55,False,True,False,False
bdbeb37ca4c347b8,True,False,True,True
2bbf1910eca698cd,True,False,True,True
cdc63235321f307e,False,True,False,False
3028301a1e7cf1f5,True,True,True,True
b94ce6d71e5292d7,True,False,True,True
320d58b4f3ee7442,True,True,False,False
76fbe8a5869a4a02,True,False,True,True
82eddf5ca142899e,False,False,False,False
3cfb711d9a62c0cf,False,False,True,True
2f4ae3886be7218c,True,True,True,True
8934ac07380d018f,False,False,False,False
0444c727b504eee4,True,False,True,True
c459422c0cee379c,False,False,False,False
8797bb794f5d872b,False,False,False,False
97de48613d1b1266,False,False,False,False
9ed1ca4597963306,False,False,False,False
76dbbe91121bad8c,False,False,False,False
fa36bbe1c56e859b,False,False,False,False
a3c2fd6db2c5f641,False,False,False,False
116a8dd0a61da30a,False,False,False,False
95c7c059d7071cbc,False,False,False,False
c49e5926f29dd57f,False,False,False,False
7e464c5877fd2762,False,True,False,False
3407745341e75b3f,False,False,False,False
1d54d364b1aaee8b,False,False,False,False
c2567e3aa179e2d4,False,False,False,False
cfc8d18fdd2c5403,False,False,False,False
7ad042cc65ae72cd,False,False,False,False
a407d954c084fc7c,True,False,True,True
d7754aaca192eac0,False,False,False,False
acaec9003ae1f8b9,True,False,False,False
1ba3cf2fe4bfbc21,True,False,True,True
2539d7904df8264f,False,False,False,False
72229e80faa6160e,False,False,False,False
a919e237fbb8b697,True,True,True,True
4797b1162db2223a,True,True,False,False
bbc51071517f8b16,False,False,False,False
3d5ba1d3e30d0d3c,False,False,False,False
7f492dae8aeb3828,False,False,False,False
4b266addde0202c7,False,False,False,False
2390de8ee1ad0886,False,False,False,False
5144c456622a41a3,False,False,False,False
04a9a6a8cdac388d,True,False,True,True
da96e74cbabf95f2,False,False,False,False
d1a6982e190a75a7,True,False,True,True
313b43331d1804ba,True,True,False,False
1bf7c65a06497c8b,True,False,False,False
a6e86639ac196c3f,False,False,False,False
343f51aa4c7e32f6,False,False,False,False
6f929c37777c4eef,False,True,False,False
74e788561a2c1c5c,True,False,True,True
df096e6fbcfadc73,False,False,False,False
1da3094ec5f8f920,False,True,False,False
a5c13bacea655597,True,False,True,True
de3beec0ac602e80,True,False,True,True
5842d30841bde58e,True,True,True,True
a5e60de4ea7cbe88,True,False,True,True
55e09d386c678c6b,True,False,True,True
e9a4161c9779575c,False,False,False,False
682031a4f33b0bc4,False,False,False,False
35eb2206f7838421,False,False,True,True
35e77d594f24abb8,False,False,False,False
9948a5722cef36e2,False,False,False,False
2817e55bfaa35d61,True,False,True,True
d7f5a1e0f33cccf0,True,False,True,True
bcc9ead89f495147,False,False,False,False
9aa806e7cffaefe5,False,False,False,False
175a4731f445e4c6,True,True,True,True
503da116d2c3706f,True,True,True,True
a98b7e5f4cf15676,True,True,True,True
0f3579cb4ccba2a7,False,False,False,False
d013443647f610a2,True,False,True,True
d9bd8c699f42c1f6,False,False,False,False
9a84b0196c659c29,False,False,False,False
24dcbe3a946e04ec,True,False,True,True
70439254556c92e0,False,False,False,False
1fbd4c1e80febf1b,True,True,True,True
caa757104dd1d034,False,False,False,False
cf843dbc46a6d3f4,False,False,False,False
be354d82094166e2,False,True,False,False
39988e16077f16d5,False,False,False,False
199603c7ee4945af,False,False,False,False
45aa6eb321f4a55d,False,False,False,False
0806bc91264a40b4,False,False,False,False
9345960cc7f738db,False,False,False,False
495db93ac2624157,False,False,False,False
071d83ce0b6c33bb,False,False,False,False
e0f2aa8aaa342fc5,False,False,False,False
d20cffd9d626ab0a,False,False,False,False
e13153375d16be41,False,False,False,False
1dedd7cd975de451,False,False,False,False
4e776c3bf6aee707,False,False,False,False
74192c81c11faf6d,False,False,False,False
dbe7b86ebfba9bd9,False,False,False,False
ca2bec972db951f0,False,False,False,False
4dcc4499e15551af,False,False,False,False
d584d327e87dacd3,False,False,False,False
815694cc9418a22f,False,False,False,False
3453b3ec235edf41,False,False,False,False
5344e2fb03cb5eb9,False,False,False,False
b91de36e78af028b,False,False,False,False
64535a77afd93a57,False,False,False,False
448e2c83e84a1d5d,False,False,False,False
0647ec25b78fc83a,False,False,False,False
27d3f3135e52f329,False,False,False,False
b44c22df2f90cd07,False,False,False,False
5c87dcc2819acd17,True,True,True,True
c2606d770b6c8039,True,True,True,True
24e02360a96ba2ae,True,True,True,True
7c36f6b7b68cacd9,True,True,False,False
6cbd4ae6b9e8c640,False,False,False,False
d75cf7dcf8b9e3b7,False,False,False,False
9f89ee79747b673f,False,True,False,False
1e60f116edc735e0,False,True,False,False
bef2dd9b4a9d77fc,False,True,False,False
cf4b199a0b3402de,False,True,False,False
127a871e373c3351,False,False,False,False
3e752f8751f8e3e2,True,True,True,True
ae9a3054d742e77c,True,True,True,True
c28f7dd5f852fc35,True,True,True,True
4e7c1257f7b4084b,False,True,False,False
bb0f88f81b536286,True,True,True,True
660a2633e220d8e2,True,True,False,False
720f05ca77e3939c,True,True,True,True
a635520670f1c28a,False,False,False,False
1f8f9b0e785cecb1,True,True,True,True
062820b9013ef613,True,True,False,False
844b2bed7212262e,True,True,True,True
0af3818871b46098,True,True,True,True
3f04c495dc9c6ff6,True,True,True,True
d2229b520afa916c,True,True,False,False
852e90111f49b295,True,False,True,True
0604f5c7122fc10e,True,False,True,True
9fc8a67cb394c996,True,True,True,True
cf650222ef941523,False,False,False,False
e01db2fed0cd5f63,False,False,False,False
8e81efdd9ad7cf49,False,False,False,False
857f67aef1099a43,False,True,False,False
c898c38d0fd8a749,False,False,False,False
80cd2d8fc46a30f1,False,False,False,False
5c30c72d4739037b,False,False,True,True
219d2b1dd02e8bb9,False,False,False,False
1560009db8cb5e42,False,False,False,False
2b7f91512beca70f,False,False,False,False
b5a839f52b1895eb,False,True,False,False
7ae53b23400861d7,False,True,False,False
3f776af2868cee5c,False,False,False,False
d612e27a872e3504,False,False,False,False
d359c51e7091dbca,False,False,False,False
99da8ccab98e2267,True,True,True,True
5d509c9493297ff0,False,False,False,False
82862c64f65bd24e,False,False,False,False
742574ff08886a64,False,False,False,False
fae0b73eae85b1b9,True,True,True,True
42c6147f1f37df83,False,False,False,False
0a135a5cf60ddbc6,False,False,False,False
039c55949c926999,False,False,False,False
23d4a39235b60794,False,False,False,False
bc9667b42e19f6fd,False,False,False,False
b35070129028eeb9,True,True,True,True
d18d8f6589d907be,False,True,False,False
e97fd7a5e73ded36,False,True,False,False
ef236d151ba25bd2,True,True,True,True
e4add575c2712aa2,False,False,False,False
649c12cc51745d70,False,True,False,False
1f25d529f7cdc267,False,False,False,False
77d6d44750887604,True,True,False,False
b216529f36041bac,False,False,False,False
a67694a4a8948315,False,False,False,False
1e082066c8cbbd53,False,True,False,False
433003f1e49ae8c3,False,False,False,False
376858266cce5857,False,True,False,False
b44c92a63b091557,False,False,False,False
b6d687be4b5434c3,True,True,False,False
64066b704493a419,True,True,True,True
eca8a93b2dbba23c,False,False,False,False
dc0cbef527a10646,False,False,False,False
dae09a24500c31a2,False,False,False,False
08282ad501f01e11,True,True,True,True
e31f77d129363d14,False,False,False,False
1df3bf3cbf622a33,False,False,False,False
92cf4b85085afa1d,False,False,False,False
7127a9cd4508dbea,False,False,False,False
cb56d415932e5a50,False,False,False,False
7fd943a90c296538,False,False,False,False
5b6b0c19343d708b,False,False,False,False
ca8b2d5f428731e3,False,False,False,False
ca760585802f38df,False,False,False,False
8a61607b48a32fbf,False,True,False,False
063a68f23cbc28f2,False,False,False,False
60b0c5e236f481e2,False,False,False,False
98a962ac471fb3ce,False,False,False,False
01a330c879d06aaf,False,False,False,False
bc97fbee52ca1a82,False,False,False,False
43afa7a30edf3607,False,False,False,False
a92cc33c5e502ed9,False,False,False,False
d1188e536c7ca242,False,False,False,False
c91e288e39886406,False,False,False,False
080543ded3c7e307,False,False,False,False
49189c4c9cef9910,False,False,False,False
d508b15993704764,False,False,False,False
df66055ba4c02277,False,False,False,False
7544be98827c24f9,False,False,False,False
8c97b36239d7f019,True,True,True,True
453d396af804d004,True,True,True,True
2cf857720cd447fe,False,False,False,False
6c21bd60c4a2a0db,True,True,True,True
8810ae3c7bb52db7,False,False,False,False
7.19805E+15,False,False,False,False
0531e14c477f4553,False,False,False,False
f68c05fdf14614d6,False,False,False,False
8463dfd4807e0dcf,False,False,False,False
3c504e1d5ba0d540,False,False,False,False
5e046f723004f4ca,False,False,False,False
0d6454342b1c88e6,False,False,False,False
95f47b86cdec7acc,False,False,False,False
c26e4268bab06785,False,False,False,False
c5f087fb2d7e1958,False,False,False,False
d71db04e48178dbd,False,False,False,False
f16a7f21359893d1,False,False,False,False
dfbcb848e058bbab,False,False,False,False
6be430d124b77c1f,False,False,False,False
e04b304cb0686e08,False,False,False,False
8ba578f5806f61f5,False,False,False,False
caa66213c9a22ea9,True,True,False,False
9019dd1e667e24e7,False,False,False,False
7ec684ad181c67ac,False,False,False,False
71b491a74bc51622,False,False,False,False
a5d5dbe2bcbfb0bd,False,False,False,False
dc5942ba41f317df,False,False,False,False
6f66246f8274db5d,False,True,False,False
4d2a66838f266412,False,False,False,False
f8126b202f87712c,False,False,False,False
bd9d2196b9afda50,False,False,False,False
193c9fcacec123e5,False,False,False,False
e48d697716135e61,False,False,False,False
ca7c9a68cc02edb4,False,False,False,False
4530444026829a23,False,False,False,False
eaf61000f48f1146,True,True,False,False
2f6977f3c82d35af,False,False,False,False
fc78aefad841a158,False,False,False,False
2f4e6da96fe0b953,False,False,False,False
16e21d6516ec1087,False,True,False,False
c3bbbd76a7912f09,False,True,False,False
dde55e0548ffb03c,False,True,False,False
1fe9fb74ffd57090,False,True,False,False
cbcd786c7414d3ae,False,True,False,False
45d5ecd3438056b7,False,True,False,False
3eb8f378743ff910,False,True,False,False
a3f286d4661ae8c0,False,True,False,False
de3664c9700b0152,False,True,False,False
ec35cc4cab301a9d,False,True,False,False
9513a287e4009dfb,False,True,False,False
fd28b0a85a9e3396,False,True,False,False
9f17a69f4b95b681,False,True,False,False
cfa05abec5bf624a,False,False,False,False
3ce302faeb45ff7e,True,True,True,True
bfe2cd3bcb74ed07,False,True,False,False
1a57a7038d17fa43,True,True,True,True
b98febf324af0951,False,True,False,False
b0716f985a2d2c17,False,False,False,False
404998f25222b9e5,False,False,False,False
85b698efaf152580,True,True,True,True
c1818b30f4c4fa7d,False,True,False,False
eac50c19c7d73917,False,False,False,False
a598c085bd7cdcd4,False,False,False,False
aaab1fb19b31654f,False,False,False,False
15ced4012e104931,False,True,False,False
247ba5c92c19bbce,False,False,False,False
9952ad77a415e985,False,False,False,False
9570fe0ed16731e5,False,False,False,False
f8b3ed8764b45f07,True,True,True,True
9ec3ac3eea7af3ed,False,False,False,False
7dc60bfec822441f,False,False,False,False
3a50cb5abb4cdb26,False,False,False,False
64b1dd0a66355655,False,False,False,False
c550c0c2998a58ec,False,False,False,False
5b3dcbe574618747,False,False,False,False
d1e229656293daa3,False,False,False,False
91f2726cf51d4880,False,False,False,False
e8f4956afbe19bd8,True,True,True,True
c96f3ed7b08d59d0,False,True,False,False
11d626bba3ab426c,False,True,False,False
83260a9796c988f6,True,False,False,False
313c15c823f34c4f,False,False,False,False
380a848a788e19f0,False,False,False,False
bc2a19ea7f025d9c,False,False,False,False
1f02d3568091a7ed,False,True,False,False
853b7865df134970,False,False,False,False
a7294154923166df,False,True,False,False
5e1e44dd28ab896f,False,False,False,False
f24b2785aecd74a8,False,False,False,False
f67c1508d3ceb4e6,False,False,False,False
c63086c2c235991d,False,False,False,False
7400e4f3d575b8e7,False,False,False,False
4e0ef50f0859ff4e,False,False,False,False
0cf7773de6b6fa1d,False,False,False,False
30ab4d67de710977,False,False,False,False
950a7620dca065c2,True,True,False,False
0e277b125865dcd0,True,True,True,True
2afdc2fa1de6d801,True,True,True,True
383284ab6efedcd8,True,True,True,True
80741b3cd01a03d9,True,True,True,True
76f4b90050b0bb9f,True,True,True,True
7ef9503df3b18088,True,True,True,True
d5007e644dcc4758,True,True,True,True
cae29ec85e4cdfeb,True,True,False,False
9b56de2824eb938a,True,True,True,True
4fd164570a633a8f,False,True,False,False
7717a1408577d54a,True,True,True,True
136c7e15eb0163fd,False,False,False,False
da2119897b23bf10,False,True,False,False
278a8565f6144c7f,True,True,True,True
431abba2df419fc0,False,False,False,False
366742e8a2f19d41,False,False,False,False
6a6032914cbd6e5c,True,True,True,True
a189e82c83e72be1,True,True,True,True
dc0e4a01dc856253,True,True,True,True
8d4e6f1595b393ad,True,True,True,True
86161cc6864b3101,True,True,True,True
19993099600fb67e,False,False,False,False
2ebb2d03dfb8db4d,True,True,True,True
5c0eb694ce26d0a5,True,True,True,True
a6dca9e5c4196dc1,False,False,False,False
abfd2851615e5683,False,False,False,False
30a210f5dd56db87,True,True,True,True
c40b5f577e353c34,False,False,False,False
2f6559323748888f,False,True,False,False
3220be00659a02ba,False,False,False,False
7b6200f5e280b168,False,False,False,False
d408021afb2c4f63,False,False,False,False
6e4a59359c8858be,True,True,True,True
d3bf4d4b68d2d55f,False,False,False,False
5e5b2c30a622f24c,True,True,True,True
81e285a1f09f7b0d,False,False,False,False
7bf44183941ebe50,False,False,False,False
47dcf4afebd915b8,False,False,False,False
77d582a44ca46739,False,True,False,False
eb5283419238c0e2,False,False,False,False
aa2612218894ce6a,False,False,False,False
597ae9339d8c016c,False,False,False,False
42251c84608ff0e3,True,True,True,True
c980b1db3b3b391b,True,True,True,True
6d7da90f0fc18d78,False,False,False,False
f061ffad951cb5f3,False,False,False,False
69bb49228315283c,False,False,False,False
bbfe1fb5c493d993,False,False,False,False
f2557a47e72b30c6,False,False,False,False
71f554bc7c1abd00,False,False,False,False
d00a33f1f8565da2,False,False,False,False
61de532164e00228,True,True,True,True
124537cbe16271b2,False,False,False,False
f6ea125cf7ddf03d,False,True,False,False
f58d3a4856a22427,False,False,False,False
44ad3b7809b51e86,True,True,True,True
081f7d5c64e0eb73,False,False,False,False
6d7b281c6d7a1f39,False,False,False,False
aae773f1a152eed5,False,False,False,False
af683d6c05cec9b1,False,False,False,False
011a735cea12c07b,True,True,True,True
7f8ec4a88784db57,False,False,False,False
46fa6200690d26bd,False,False,False,False
777e8871eb580920,False,False,False,False
d1e2c9b0cfab9e29,False,False,False,False
80d4d3201dd87516,False,False,False,False
3c0ebe8ac691a05a,True,True,True,True
518df1ff80ee4c00,False,False,False,False
18d40c69c671445a,False,False,False,False
b7fbcc00f00d2616,False,False,False,False
b7ccc56720aa70d1,False,False,False,False
5b7d923dddc2479f,False,False,False,False
b1874c4c0cc626fe,True,True,True,True
d41c09d52143e042,True,True,True,True
654bd5bb82a4c873,False,False,False,False
665c40daf45e5f5e,False,False,False,False
ce93ba9541351548,False,False,False,False
4880b3dfc4a65e77,True,True,True,True
61e952e02f65f5b2,False,False,False,False
989a952abd1a4ed3,False,False,False,False
f7651867897056e0,False,False,False,False
c8e90fd97a1d5bb5,False,False,False,False
c36645a874da86d1,False,False,False,False
113af8d530d17c32,False,False,False,False
28c068a9c4db20bf,False,True,False,False
f81d9db14d041548,True,True,False,False
b826c8c3efd36aa1,False,False,False,False
259e0c8ce8daab4f,False,False,False,False
ddf21445d1300a4e,False,False,False,False
e5b0de748a36c3b4,False,True,False,False
318cb3008e5900cb,False,False,False,False
9fef391cfee72500,False,False,False,False
be6e2bcae42d8834,True,True,False,False
27b3dc3998c72656,False,False,False,False
26f3dec94caef703,False,False,False,False
52a0b05817577c91,True,True,True,True
114b8ba04af5306f,False,True,False,False
6155ae74db06e7dc,False,False,False,False
f0d3ce952928d17d,False,False,False,False
43f70e123573cc35,False,False,False,False
e5e4436418e9860c,True,True,True,True
041b0567c073de08,True,True,True,True
77a1c6668f93a13b,False,False,True,True
676bbd490912aab5,False,False,False,False
70c4589eef30d141,False,False,False,False
d1dd6af98c5c7118,False,False,False,False
ce5cdabda82340f3,False,False,False,False
99885098ca1dbc5b,False,False,False,False
49be82d10e926355,False,False,False,False
f5546e576f9d0fa0,False,False,False,False
ca8ff7cd94eed9ac,False,False,False,False
e6c01f67ea5659ff,True,True,True,True
c8d219abf5103b6a,True,True,True,True
c7947b930bf71640,True,True,True,True
07016c898f0106c4,False,False,False,False
6b615c79a44044f0,True,True,True,True
639d2f75d3b21f91,False,False,False,False
d438ef582ff1e333,False,True,False,False
afc7c5c74e22187f,False,False,False,False
68187920bafda352,False,False,False,False
e3bfaef059591f3e,True,True,True,True
8454513ceb207c1f,False,False,False,False
1b6d17b5bfa46bfe,True,True,True,True
ce6211dbafc49426,True,True,True,True
6e31a6494f820758,False,False,False,False
bf82fde7b6d2006c,False,False,False,False
5f617d865f81d636,False,False,False,False
2fae4d1563de05a2,False,False,False,False
ffe847d447d490f8,True,True,True,True
b6bcd1e6d12bd0ae,True,True,True,True
e53fdf851e880f81,True,True,True,True
e1828a8b748e68db,False,True,False,False
4320311c5824c58c,False,False,False,False
a2f7a54be0f74be0,False,False,False,False
8dc005d1d09635be,True,True,True,True
fc9c7e8715c0ae53,False,False,False,False
8a030163d8655ff3,False,False,False,False
10dcf7004cdadcfb,False,True,False,False
272ae32663a7e349,False,True,False,False
89cd1cdb83659285,False,True,False,False
d8f3da905e0c7052,False,True,False,False
a46e4db472e1c68e,False,True,False,False
a459de0fa1f0f5b3,False,True,False,False
972dbc6821a2fe52,False,True,False,False
3756f7f665f1c2b8,False,True,False,False
9dd5e9ec9933d383,False,True,False,False
ea51e03e69127b16,False,True,False,False
143b1b68af769e1f,False,True,False,False
3994867b1f09077b,False,True,False,False
83b6497d2fcce971,False,True,False,False
1a3c170abba46e19,False,True,False,False
f100548a90368b9c,False,False,False,False
50306f06ea3aac39,False,False,False,False
7377e833d859f4db,False,False,False,False
b51241192c562a49,False,False,False,False
71c3157491de2e07,True,True,True,True
5d850a37e1187375,False,False,False,False
4faceb96e9e438ba,True,True,True,True
063aeb73cc06dabc,True,True,False,False
d903eba487b50c93,True,True,True,True
43c9f23f00bca953,False,False,False,False
3cb8ee89571866f9,False,False,False,False
dd81edc1e834485b,False,False,False,False
aec5290ce8da6051,True,False,True,True
35fc32cfbd3b726e,False,False,False,False
a650c18b02af316f,False,False,False,False
ca4a274618bff7da,False,True,False,False
5c6676e53f782a2e,False,True,False,False
46685d59543c3309,True,True,True,True
157808053bedb188,True,True,False,False
ecbadf6584ffa3a9,True,True,False,False
49d73ce399779d85,False,True,False,False
a686b3dab6598c4f,False,False,False,False
b35cf4f899288c10,False,False,False,False
44a1f22e65912c97,True,True,True,True
6365e4d5966f63c8,True,True,True,True
68eb4cb90e63233e,True,True,True,True
5ba65c3d9f61df31,True,True,True,True
ddfa024dd86dd9c3,False,False,False,False
436041c3c07948f6,True,True,True,True
2deb6bdcdd44c94c,True,True,True,True
1d597687a9ab31fa,False,False,False,False
f7bee649d425c057,True,False,True,True
b41b4d80b8b98e72,False,False,False,False
032fefcda2ec8ebd,False,False,False,False
a9863afb014c25a7,False,False,False,False
dfbe0a2fc793ced5,False,False,False,False
3ad64f359b19b53e,False,False,False,False
185b0da5d5f0794f,False,False,False,False
f4358724efb3a2a4,True,True,True,True
92548e1aae410bd3,False,False,False,False
12483c2671c33be6,False,False,False,False
7ae1ac8d8b5ec246,False,False,False,False
31f246eb76e71f38,False,False,False,False
192258d40bf6cc3f,False,False,False,False
65c5a54e9b86f1f2,False,False,False,False
3d13d30828f62a9b,False,False,False,False
72d86e737973af7b,False,False,False,False
c8a0a3becc39509b,False,True,False,False
0c81b82843d5363a,True,True,True,True
a4d4f1df98967c6d,False,False,False,False
b4d2be1829c4a67d,False,False,False,False
05b55c19fe061d03,False,False,False,False
4fc8741b2e53a3b5,False,False,False,False
075bdd97d9660c0a,False,False,False,False
d57acda9bad567d1,False,False,False,False
db88ef5f613ff963,False,False,False,False
629bf00b949a5aa7,False,False,False,False
a274998ab47bdbc9,False,False,False,False
3d32a7d0018efae1,False,False,False,False
aa9b0b7f2be22c09,False,False,False,False
bac081fb885400c6,False,False,False,False
cd6d82a9535fba21,False,False,False,False
6185bcae1a7d74cf,False,False,False,False
12f826f344a2b067,False,False,False,False
4cbc4a3c2c4aecee,False,False,False,False
e6f59f111043ef8f,False,True,False,False
f4ffebc33be9e940,False,False,False,False
60f46c43199b673e,True,True,True,True
a90c487807f6ba51,False,True,False,False
8c5794755f23b4c4,False,False,False,False
ea3ff65727b884d3,False,False,False,False
6aebe62a21c483f8,False,False,False,False
b14a36dcd5b3e648,False,False,False,False
81e18baef5f5d2f6,False,False,False,False
e0a1e880124ac4c6,False,False,False,False
ad967f59a05dfe4e,False,False,False,False
5d6b05b4f3e8ef64,False,False,False,False
9ccd9c61b4a22d2a,False,False,False,False
6dcb91340b1f9cb5,False,False,False,False
eefbbb3e9a67f62a,False,False,False,False
1965439435eb9ef8,False,False,False,False
84faa4a3994c5bcf,False,False,False,False
5c4031470322d0d5,False,False,False,False
436d2df602220710,False,False,False,False
518491aa002492d2,False,False,False,False
30d6b894d1284fdc,True,True,True,True
12b5c849acb0a14c,False,False,False,False
8a6d87c60a9ec08b,False,False,False,False
9bf3e16929a492a4,False,False,False,False
635414b14d930b8e,False,False,False,False
107c7e5bfc2d1021,True,True,True,True
4b339ec6193a6e74,False,False,False,False
fcaf7aa75173a41d,False,False,False,False
04ef63bf7172ee88,False,False,False,False
fc2f0118a32cf3de,False,False,False,False
6225d4f72fb9a129,False,True,False,False
76c10835715b4608,False,False,False,False
64c3d7a22e8a72e6,True,True,True,True
34c401b0ca442c22,False,False,False,False
f50a2628ce15f931,False,False,False,False
03755983b2d4f152,True,True,True,True
7883a871fa3edd5d,False,True,False,False
db807c3945b22fee,False,False,False,False
9bf509a928c391c6,False,False,False,False
fa1b5db106e00bc6,True,False,True,True
3f180f05742286c3,False,True,False,False
f8f00472940b0d04,False,True,False,False
c2fc31c0609a0a38,True,True,True,True
37ca2a05dda6457c,False,False,False,False
d74763ba52e28a1c,False,False,False,False
ca8f654962d87a6a,False,False,False,False
4adce619b8be6171,True,True,True,True
47820d469b743f8e,True,True,True,True
cba878adb3b4fb45,False,False,False,False
ec943be9d383c5bb,False,False,False,False
e3fb89095141e12b,True,True,True,True
b5816d1b301dcd4c,False,False,False,False
e61a3f8fd31e2ddf,False,False,False,False
ee0abe050074aceb,False,False,False,False
4ca341831d8ede28,False,False,False,False
68d04ed0c879f8e8,False,True,False,False
40f19c254cfa18eb,False,False,False,False
36ae7bdcd838d5f4,True,True,True,True
db7ecfdfcbff0f36,False,False,False,False
c1b17c65e76e1c07,False,False,False,False
2ff76a5d5b2b29f2,False,False,False,False
87e2060bcdf36d36,False,False,False,False
6a5bc29288f8c07a,True,True,True,True
7025866aa5bb37ca,True,True,True,True
a83f03a5a1fecc35,True,True,True,True
e23c652772cc4d37,True,True,True,True
4babd35b857de656,False,False,False,False
e0a02c88cb737911,False,False,False,False
97546d277de9389f,True,True,False,False
a0adf5dca0691d18,False,False,False,False
ee18aaeaf1c93f65,True,True,True,True
30d1b946aa1db251,True,True,True,True
bf73995dae352069,False,False,False,False
3cfe3835dcee0315,True,True,True,True
8ad7c085c079772f,False,False,False,False
0e49ecb64d347f6b,False,False,False,False
0ba16dcf396f10ef,False,False,False,False
c752cde04040947e,False,False,False,False
0a94dc150101116e,True,True,True,True
8d13db3ad28e7f6f,False,False,False,False
e50abcf0a0cae90a,False,False,False,False
11ba507abb33ec7c,False,True,False,False
3b3ba81274e03ba3,False,True,False,False
b61c969e01705eea,False,False,False,False
52dea83f9d3f569d,False,False,False,False
e4d0a2069c27bf7b,False,True,False,False
1d4e79feaf8d8a02,False,False,False,False
ee400b6e966fb54a,False,False,False,False
eb5dd35cb2fbc73a,False,False,False,False
71ed6989fa63e7f1,False,False,False,False
112e80b1674ccd8a,True,True,True,True
25adf4cc91eddb1a,True,True,True,True
294c47693c4e1998,True,True,True,True
964f6e6f4fe9e6aa,False,False,False,False
70d75cc1390536a2,False,False,False,False
899d8ff8281c8d1f,False,False,False,False
e38593fb0e2eca57,True,True,False,False
260a56bfd338c7be,True,True,True,True
d73a04bceef3265b,True,True,True,True
62e353bc392da123,False,False,False,False
4edcf3d8aac64345,False,False,False,False
21663e3907581468,True,True,True,True
24c4b260931a930c,False,False,False,False
fead2014ca900980,False,False,False,False
39adefac1822babb,False,True,False,False
0fe6e29a347a574d,False,False,False,False
db3b4839889c2ab0,False,False,False,False
c97c3798b37b8b02,False,False,False,False
cd669c317c5d2c9d,False,False,False,False
2b6c6588f98a744c,False,False,False,False
3ece1668df4b3165,True,True,True,True
a659ac8aacafe9bf,True,True,False,False
ae0139b8bdc1971c,True,True,True,True
a5e39b6ab1a553e7,False,False,False,False
87c2cdb51464c5d0,True,True,True,True
997cf6173fec6eee,False,False,False,False
9b290181c113f9b8,False,False,False,False
c613800a57ca9c16,True,True,True,True
24f5aa33ecd0b5bd,True,True,True,True
10f99451502e5e91,False,False,False,False
01c2b663eba23d95,True,True,True,True
110fea648f562468,False,False,False,False
6f2bd495d826e120,False,False,False,False
ae822bc2cc865a74,True,True,True,True
3537bca210a3896d,True,True,True,True
a494b6ebdac6745a,False,False,False,False
6bbab33d799a78e9,False,False,False,False
25123bffd901db5c,False,True,False,False
be73d4b4dc38d423,True,True,True,True
9c58215eb968a959,True,True,True,True
13ddbef5dde8a4d7,False,False,False,False
43d2270cd1c1d94a,False,False,False,False
0df7cc371675a2d3,False,False,False,False
220a80322065e4c6,False,False,False,False
1c338b38133833f8,False,False,False,False
b5454110b4af3fd4,True,True,True,True
f89af1f226688175,False,False,False,False
353a63337adde9ce,True,True,True,True
458c6e9e209cc8b4,False,False,False,False
1a60b441316f8f4a,False,True,False,False
ed6b68b4f3e7f192,True,True,True,True
82c3a046752ba8d1,False,False,False,False
4597f8b57cee968c,False,False,False,False
8be309336e69b04d,False,False,False,False
46f01bf5aeedb932,False,True,False,False
7be9d78255d70041,False,False,False,False
b97deca78d214f9f,False,False,False,False
584bf5a0e191823d,True,True,True,True
314ffa80dfdf1a28,False,True,False,False
7f5f29e132a607ab,True,True,True,True
bd5c86e8cd602b45,False,True,False,False
8822f4212d745ad3,False,False,False,False
9e2de68ae3321882,True,True,True,True
897e6bff97df6d41,False,False,False,False
21a98dfab507f716,False,False,False,False
b52600b4dcca9c91,False,False,False,False
8f94d8835a7a1cb3,True,True,True,True
d124eca9a22b377b,False,False,False,False
e8735df427c5ab99,False,False,False,False
882bf52948fd1c4a,False,False,False,False
f4ec8e48eb19282b,False,False,False,False
e58a1c2811bfcafd,False,False,False,False
abfff4d34e757524,True,True,True,True
8d3824ebb85f527c,True,True,True,True
f5f1ba343d9b30b8,True,True,True,True
7ae197c26e800d72,False,False,False,False
51c55ec0651197c4,True,True,True,True
fa1284f9c22b9e9b,False,False,False,False
84a7832cb55e2f58,False,False,False,False
f26f879eb24b3ee8,True,True,True,True
067693b64eb6b27c,False,True,False,False
006cf4c64925884c,True,True,True,True
1b688130d23d0d58,False,False,False,False
c4cb8531eb056ba0,False,False,False,False
14cba6b6797913f4,False,False,False,False
658ba77e62374a50,False,False,False,False
5ccf5c8e012ddd0f,True,True,True,True
5defce177b284dfe,True,True,True,True
58ddc5ec5cceda01,True,True,False,False
9faa5c75f95c2a34,False,True,False,False
1d4569187beeb11a,True,True,True,True
011d072dc86741a9,True,True,True,True
8ddb957ecf60dd0d,False,True,False,False
6252136fa04aee68,False,False,False,False
4e718e0da71df594,False,False,False,False
c4ebb4521498ff77,True,True,False,False
ccda65a276e59dbb,True,True,False,False
d13f8f4ad6ceafd8,True,True,True,True
559a5a97708c3642,True,True,True,True
c0253801bec65770,True,True,True,True
2e507c82417b1ade,False,False,False,False
500b1a30d86e870c,False,False,False,False
a351801b9e35ea1f,True,True,False,False
7c40bc8aa06531c4,False,True,False,False
33ea027558b57f7b,False,False,False,False
446d7988e65107c6,False,False,False,False
ef23f9ef3e6088b7,False,False,False,False
349a5dd9c4b3f897,True,True,True,True
b5caec983d40591b,False,True,False,False
de405c17d986d443,True,True,True,True
15e904e78accd5df,True,True,True,True
472f7d66922e32c8,False,False,False,False
66ce803dfd99119e,True,True,True,True
30a1f72aaec9f2b6,False,False,False,False
3dba8b84ff3de9b0,True,False,True,True
22b0a2663a2c2e0a,False,False,False,False
898a6199dbf74ded,False,True,False,False
6661f4e5ce1973cc,False,False,False,False
e236c7758342d429,False,False,False,False
dab6c862a25a4cde,False,True,False,False
08fcc08d5074c21c,False,False,False,False
44d1dd365219cdb4,False,False,False,False
eb6ef0d05d032d80,False,False,False,False
746594821f315531,True,True,True,True
f62e4c026ca7ad43,False,False,False,False
55ff010e7e178db5,False,False,False,False
5d323e8e21548798,False,False,False,False
bfebc253b8017e93,False,False,False,False
f34f35ea8b20d1df,False,False,False,False
9169f98ce47eb191,False,False,False,False
b53bfb8d7beffaa0,False,False,False,False
7559128645e8013e,False,False,False,False
3cd7d6fbe0f1464a,False,False,False,False
169d17ff112b4681,False,False,False,False
a22c989ee5d15e50,False,False,False,False
78c288a0d8763147,False,True,False,False
b1313d5f1b7408d2,False,False,False,False
0811fe165430fd55,False,False,False,False
c589b9a42ce71633,False,False,False,False
6485932c51929923,False,False,False,False
8153038551a62d57,False,False,False,False
b2126661b0cdcf2e,False,False,False,False
86b48d2af24ee643,False,False,False,False
ef99777f8b82829d,True,True,True,True
8f1cea8a47124180,False,False,False,False
003d429a332b5a34,False,False,False,False
5810b4daa8c4b7e7,True,True,True,True
dfd4938f8789adca,False,False,False,False
5f00c8389b97f147,False,False,False,False
44c6474b38b00f29,False,False,False,False
a8eed9ff29a02d09,False,False,False,False
0e9c0f371798d8f8,True,True,True,True
3253becffb943224,False,False,False,False
5422f05eded1690d,False,False,False,False
d1bb31193c4ba3f0,False,True,False,False
215f9709ddab270c,False,True,False,False
ed15658a3aae4ce7,False,True,False,False
cc158d644f24fed9,False,True,False,False
baa71445c9f5f627,False,False,False,False
291dc081eb362cab,False,True,False,False
2375dbcb4bdcc27d,False,True,False,False
dd0bce23aa58d9a7,False,True,False,False
6a02b468b1f2ad87,False,True,False,False
142330313018ab5e,False,True,False,False
99840859ae95cebf,False,False,False,False
1048e52f6a1bda53,True,True,True,True
f6834473345727df,False,False,False,False
7910f9427bceda87,False,False,False,False
74e57b3bce15512f,False,False,False,False
8af20440e409cecf,True,True,True,True
b83425e4f26c8b96,False,False,False,False
da78478665a7e4dc,False,False,False,False
aba21f1819c317d5,False,False,False,False
0e63395f44f0f29a,False,False,False,False
cdc528f7f2a397bc,False,True,False,False
92a38b021fd09acc,False,False,False,False
bf0d78590ea8c6cd,False,False,False,False
686c35a564095e48,False,False,False,False
5f91c8a62dddc2be,False,False,False,False
85c065c09b340760,False,False,False,False
19481f717c66cee6,False,False,False,False
fb7887ed99c49b07,True,True,True,True
f9cdcdcce98e93d2,False,False,False,False
cd996ce4a719cf97,False,False,False,False
99752eca0de36b6f,True,True,True,True
7a54638d5a34b922,False,False,False,False
a32bee45998d4329,False,False,False,False
6a81f7b4c8612322,False,True,False,False
6d690ed95cf044d6,True,True,True,True
65c06bb99945ecce,False,False,False,False
fe269f7ed20274db,True,True,True,True
7e94b8d9c500e0b7,False,False,True,True
9ab69d6f1bf924b0,False,False,True,True
0d9c27cfa9fd3de7,False,False,False,False
6e84fde07a7e87f0,False,True,False,False
7d4351fde6d84380,False,False,False,False
e205763f76313997,False,False,False,False
8edc32abb7e697e5,False,True,False,False
4a8b5bb5086d6ab7,False,False,False,False
7c5acbf852928139,False,True,False,False
41d23de8bdc7da4e,False,False,False,False
76ae6ff9b3286743,True,True,True,True
6d0fb261ea0819d9,False,False,False,False
7ef8c5d2a7fb4554,False,False,False,False
93d670f61e1ad942,False,False,False,False
ff446917b444746b,False,False,False,False
656ec7bbf462dcc8,True,True,True,True
624dada060edcd4e,True,True,True,True
aabeaf41c59042c1,False,False,False,False
89490eb41d1074bb,False,False,False,False
f355839f233f00d3,False,False,False,False
0437b47aa561ff70,False,False,False,False
8ecb9847e1994f5d,False,False,False,False
800ad1f8e1bf2542,False,False,False,False
ad58d33f51f36587,False,False,False,False
71e9453833b21ad8,True,True,True,True
1662480f87cec4aa,True,True,True,True
806d4948c0fd542e,False,False,False,False
e136883efc354e22,True,True,True,True
e2a10e703e6a2ecf,False,True,False,False
c1400f34fd7bce32,True,True,True,True
c5524cc27ce5ae98,False,False,False,False
9bedfdde45e3644b,False,True,False,False
0747a460810a6eb5,False,False,False,False
85ec6b862bb63b46,False,False,False,False
b5f9fb07435390ae,False,True,False,False
123ae23d08140952,True,True,True,True
1c39c902d28a6090,False,False,False,False
425aa6011a31f8fb,False,True,False,False
d940f389669cf06f,False,True,False,False
168aa4e11e5d47b5,True,True,True,True
c727b4f10537f459,False,False,False,False
a2fc9f309645fc2b,True,True,True,True
594c4f90b477093f,False,False,False,False
b98964c412efccca,True,True,True,True
72cb7f647e3b1751,True,True,True,True
16ceafb250eea792,False,False,False,False
1f243f5751961e6b,True,True,True,True
b7e63aad61af026b,True,True,False,False
9abeaf972f61b974,True,True,True,True
eb8b8a12e46765f0,False,False,False,False
0d9731540f5a8b15,False,False,False,False
09a8ee83fb327c26,True,True,True,True
06b7e9577d90987f,False,False,False,False
8d40f9c4d15a23fd,True,True,True,True
020cc71dfd733d3d,False,False,False,False
53aee601f0cfe890,False,True,False,False
5ad334480cac8106,False,True,False,False
b5b7da47e3af8f87,False,False,False,False
e41907265279e3de,False,False,False,False
483a0894bbafeda1,True,True,True,True
835d639ae9e3fd9b,False,True,False,False
5427f63435f89dac,False,True,False,False
d1ef7e4ad0c8f25f,False,False,False,False
1d63d22beff74a35,True,True,False,False
a5d2199132f4af70,False,False,False,False
94f3e7eb8319e307,True,True,False,False
92936b38b347e38a,True,True,True,True
1669150d0c8961ff,False,True,False,False
785e721bf53a1aa9,True,True,True,True
c1108a29ae3adbd8,True,True,True,True
c4a1f47f087202a8,False,False,False,False
4d30650436a6b1f2,False,True,False,False
9651e1ff3ad4b2d7,True,True,True,True
83a6ccb74484611a,False,False,False,False
e249e76dc578fe86,False,False,False,False
162fd38e822b5033,False,True,False,False
cc0430ddbc44f575,False,False,False,False
e41a85ffa30d8744,True,True,True,True
27a1b29bd7de178d,True,True,True,True
1dff1059790c76cc,True,True,True,True
3d8dc2bccbbe5021,True,True,True,True
cac81e03d10fa2ca,True,True,True,True
cc7dc8a738441803,True,True,True,True
9e54028d78a24f66,False,True,False,False
7ebc3bf9f1ee3560,False,True,False,False
2ca32ccb4f265c1d,False,False,False,False
7a1fff1cd351e41a,True,True,True,True
6c3f3577bf585519,False,False,False,False
90fe67c4e2dbc7c8,True,True,True,True
be8798738917ba9e,False,False,False,False
301194dee4a4d869,False,False,False,False
bf1401da4709251d,True,True,True,True
ca9bdd8f99c52969,False,False,False,False
7ba9bdc7d218186e,True,True,True,True
acf6d4475d4385de,True,True,True,True
4b864d46ee71822e,True,True,True,True
e15420f322f2501f,True,True,True,True
84f3947772a97e0c,True,True,True,True
8bad49f943172735,False,False,False,False
3b9167da5347d48c,True,True,True,True
27aaa4191e9bd646,False,False,False,False
5879876465c43e17,True,True,False,False
7cfe35afe1a91c2f,True,True,True,True
79fc5e1deaa33379,False,False,False,False
86e17905082b26b1,False,False,False,False
3639a1242d2c3bf1,False,False,False,False
736c6c6b325364c8,False,False,False,False
b4f367ccedfe6387,False,False,False,False
62aa5f3ee6e3a89d,False,True,False,False
c3a3d5a9de076ae5,False,False,False,False
22d603e02f9d13a3,False,False,False,False
f3ef32804ca68e44,False,False,False,False
2b7b73ea0f396089,False,False,False,False
c32e3691fa19a9b3,False,False,False,False
8ac70ff44b580b9a,False,False,False,False
e082a2f66f146227,False,False,False,False
5e13be35ed55d261,False,False,False,False
8ef49264f378819b,True,True,True,True
88b5df2db75c5f19,False,False,False,False
17ddfe263d82eace,False,False,False,False
3fe031af46e0e0be,False,False,False,False
6ad8d493bdb3aded,False,True,False,False
6146002b41c51f06,False,False,False,False
32e025a714e7db30,False,False,False,False
d464c8df63e42a14,False,False,False,False
6bd529db9adc673e,False,True,False,False
a34db2d770df86b5,False,False,False,False
19a0f9922335b455,False,True,False,False
5669d4e55a141ed7,False,True,False,False
7d78bb1b3bfb023b,False,False,False,False
683db5d1f4cde899,False,False,False,False
bc1b53a0db30b4a9,False,False,False,False
6c3aafc168a794f5,False,False,False,False
2e26c463a8a8bdc2,False,False,False,False
f17f8c7a067b2336,False,True,False,False
ff6e422b19d333f4,False,False,False,False
d3b5f6a59eb36cec,False,False,False,False
c28f21fb647922ab,False,False,False,False
082e4516dda222e1,False,False,False,False
e3c1d8a765c8ea84,False,False,False,False
2c6506dfbb3680a4,True,True,True,True
f45609647449d69c,False,False,False,False
f841226d49c78814,False,False,False,False
16230ccb214ba065,False,False,False,False
e1dbda4dc4015aba,False,False,False,False
3b64bd7b46490010,False,False,False,False
0b1210d6bd7abbc3,True,True,True,True
7ee3ac2fb6be6ec1,True,True,True,True
b60b63c5d9aa7d09,True,True,True,True
9d9cd2708b94520d,True,True,True,True
6e8bbf656e0d9b6b,False,True,False,False
ca3d663aed973ba1,False,False,False,False
1652194a9c536ddd,False,True,False,False
36c9b2d248fb0e26,False,False,False,False
62d743e835d864f8,True,True,True,True
b3d633da722f49b1,False,False,False,False
3a862903a5dc4934,True,True,False,False
c5d25700b32d9820,True,True,True,True
1728b299b0fcaa18,True,True,True,True
aef9144569beb2f7,False,False,False,False
d6675fa8ce7ed172,False,False,False,False
f546171f2b7f58a4,True,True,True,True
cbd35d2869d9d581,False,True,False,False
1651d5a77659ae01,False,False,False,False
aedff2f0ed875145,True,True,True,True
be8c229d2fe46df3,False,False,False,False
4b9c04cabfc9680d,False,False,False,False
b6838857cd6735e4,False,False,False,False
345ebd134bfc565e,False,False,False,False
b03a9f13c7f09d26,False,False,False,False
8ef46160df235051,False,False,False,False
26107d402a1739c2,False,True,False,False
1d8eac0af352ce6d,False,False,False,False
701a8163df086fbc,False,True,True,True
254ed86efcc24705,False,False,False,False
27338e0d163b44cd,False,False,False,False
319472ed33d88f85,False,False,False,False
d64014e0e20215fc,False,False,False,False
af1d98ade05ec72d,True,True,True,True
97f45b7b954fc0fd,False,False,False,False
a2d7824f3f76e9f8,False,False,False,False
ba0b1df276fae502,False,True,False,False
7ab5b7f0cb2cd110,True,True,True,True
61c85028c0a5a45e,False,True,False,False
05a1ec654e0c070e,False,True,False,False
a7c13faf19547b77,False,False,False,False
8a309aa42e1263cb,False,True,False,False
2ae6f92690361ee9,False,True,False,False
eb7b8aa32e7ff4c1,False,False,False,False
fe4b97fdab777a39,False,True,False,False
4d99bbed428a4186,False,True,False,False
d51969c08fc70065,False,False,False,False
32e5fd4e672f3d3a,False,True,False,False
ed97507e5bda9264,False,False,False,False
c6f83a8d459611d4,False,False,False,False
69f880fbb4e27dc5,True,True,True,True
20f346770fd636ef,False,False,False,False
13dc5f1e0736a64d,False,False,False,False
05053bb13e00fa50,False,False,False,False
9811a1eade5a6cd5,False,True,False,False
6bde8730ed850ad3,False,False,False,False
1b788a697ccef781,False,False,False,False
4a10709a68f74a0b,False,False,False,False
faac81085e9bfbd3,False,False,False,False
050cf69d9e8f20d4,False,False,False,False
e7ee677c613b3595,False,False,False,False
ebc20442096d729e,False,False,False,False
0d3a803f133f2c00,True,True,True,True
28c483db652be04d,True,True,True,True
59b23f104d249eff,False,False,False,False
f37e91219108c201,False,False,False,False
4a1b6a713e7bd6c6,True,True,True,True
fb69e5c9c2dd5661,True,True,True,True
0dd89ecbc566aec3,False,False,False,False
ad9a136bfee49c4b,True,True,True,True
6996cff9b7640684,False,False,False,False
2f8f775871e29d01,True,True,True,True
ae325f3f053fcf66,False,True,False,False
fdb36a817d91315d,False,False,False,False
5dc0ed9340e44001,False,False,False,False
eeeea1cceaf61394,False,False,False,False
dacf4bf4646fc427,False,False,False,False
31a612e682893819,False,False,False,False
6efcbe92686ad13b,False,False,False,False
aea486029171afa9,False,False,False,False
4963c82e880dc736,True,True,True,True
ff94478b2958cf1e,False,False,False,False
913974d1c5aecbe9,False,False,False,False
aefd9a0569bd36a6,False,False,False,False
f5f54d6a62e22e72,True,True,True,True
6f819174163d1ce6,False,False,False,False
3be57654a22096b6,True,True,True,True
752ac7ae1abcf427,True,True,True,True
493d6040cc117128,True,True,True,True
5ad339e466623fb5,True,True,True,True
76ad8cc49097394d,True,True,True,True
f4c9559c1ac58e1d,False,False,False,False
2c9d2ebcd2f67b39,False,True,False,False
e32a7bc3287c13fc,False,False,False,False
ec37d3c2add9a80d,True,True,True,True
35129f6a20fd627b,True,True,True,True
75cb2eaa01a0d7f3,False,False,False,False
00cb2d36f18aa2b4,False,True,False,False
85c118b3a3c7fb45,False,True,False,False
dd8a363380389db0,True,True,True,True
aa8b76798ca667b6,False,False,False,False
28fdb56308899fef,False,False,False,False
1d3cf4b37ec1c0b2,False,False,False,False
b6d67a5289f940ae,False,False,False,False
52c45e48abceaee4,False,False,False,False
87b60539e3e6b73c,False,False,False,False
f3ed65d60cd7a21d,False,False,False,False
d901fd9a2d380fd2,False,False,False,False
26dac5b5f1855060,False,True,False,False
9df1614715440b10,False,False,False,False
d029f1565353786a,False,False,False,False
98ffa4109d5d9dc1,False,False,False,False
665c6dac6e4266fd,False,False,False,False
e0893b956b7ac96f,False,False,False,False
641878321ce7b365,True,True,True,True
0c26d21e8ea521a7,False,False,False,False
1603188fb5368bd0,False,False,False,False
5726f68ed5e57531,True,True,False,False
66ad81dc3e0b5283,False,False,False,False
0ded13750fd121bd,True,True,True,True
48c4ff3bdfb169e7,True,False,True,True
e2c94811d0f65ec1,True,True,True,True
77385f233586b185,True,True,True,True
cdf381d31fd03979,False,False,False,False
13a24acc2d2cddb7,False,False,False,False
2b7fd9f37cd7ca9f,True,True,True,True
5e9caaec96819f0b,False,False,False,False
0f9bb65bc913af57,False,False,False,False
f3537b187eb4ef92,False,False,False,False
32f2c9212850a9be,False,False,False,False
867a2fe24df7c2d6,True,True,True,True
4397a3afcb50ae33,True,True,True,True
b2a37c80cfaea522,True,True,True,True
9c4dfbc490c3eaab,True,True,True,True
ae27dbc4f6b28083,False,False,False,False
a2455e27ad7490e5,False,False,False,False
95997024ce308734,False,False,False,False
e34ce4399b3154a7,False,False,False,False
76cbff742bc9886c,False,False,False,False
769088a51ef48410,False,False,False,False
52c87dc3b0d80fcf,False,False,False,False
c8fe140595152e9f,False,False,False,False
cf89bc9b05b14dae,False,False,False,False
842fd93e4b4eb107,False,False,False,False
63cf4a69579cccb3,False,True,False,False
87dfc18305a0d655,False,False,False,False
d839141935cfca27,False,False,False,False
23a624860a231f1b,True,True,True,True
42845968bc0d1818,False,True,False,False
1b70d276a8d7b3f1,False,False,False,False
079683c5d040bdf8,False,False,False,False
33a9c40b275704b9,True,True,True,True
01a5f38fc7fe9add,True,True,True,True
90619c913aee9697,False,False,False,False
5696758a131677fa,False,False,False,False
000824cab8f9e2fd,True,True,True,True
043639d107c25046,True,True,False,False
1cef8926b5254c21,False,False,False,False
ead3e4f0276d7e58,False,False,False,False
ebd4e00819ff2cb3,True,True,True,True
27c2b85b9a9bb203,True,True,True,True
71d21503c5edfe13,False,True,False,False
82e339c09b270c2b,True,False,True,True
ea9defff2633ef4a,False,True,False,False
1994a9a5bada3664,False,False,False,False
b5d302fe4d70dca3,False,False,False,False
e66693c1266b1793,True,True,True,True
5185c778df659c23,False,False,False,False
cb3a323eea2e9342,False,False,False,False
37443d5912d4ed77,False,False,False,False
13ef695892dce8ce,False,False,False,False
03f4a995f02f27da,False,False,False,False
1100e915e7f0786b,False,False,False,False
c3909760779b5f62,False,False,False,False
6bfa145417ab14fb,True,True,True,True
a21a2c237aa21b2e,True,True,True,True
a56a12221ac4e611,True,True,True,True
3347407e19ca12e3,True,True,True,True
8708bfd6aeb153a9,True,True,True,True
bdb23307647a5a80,True,True,True,True
8f76cd0d54bc2300,False,True,False,False
f977857ac9e74cd4,False,False,False,False
9e021d05cca04e33,True,True,True,True
5f7e4a240700909c,True,True,True,True
adbcf03e335aa26f,False,False,False,False
6a2d002da2b41fbb,False,False,False,False
d4473c747dd7d1bd,False,True,False,False
c71bb97fa8d8f16a,False,False,False,False
6fef232778a8e6e3,True,False,True,True
f00ca355798a3864,True,True,True,True
1ff3a10a2a8d058f,False,False,False,False
a10b5fcb98351b66,True,True,True,True
b9690f622935ed73,False,False,False,False
ede8c7b68a8d5228,False,False,False,False
4ae37a51fe791856,True,True,True,True
8e31fe7c102049cf,False,True,False,False
1e2eef6efa6a192d,False,False,False,False
701216e17a0c6a19,False,False,False,False
cfed45f0bf7ca7d2,False,False,False,False
8f16bd8d3d0f45b4,False,False,False,False
4226424dd0017c76,True,True,True,True
a7bbaaea1871596c,False,False,False,False
c2db10414bb31eb6,True,True,True,True
bd25eeb189581f0c,False,True,False,False
bf7d0187b2ff6632,False,False,False,False
1ee282f727f137da,True,False,False,False
3f1f47f7b22f61b7,False,False,False,False
0ed131e34bf33a09,False,False,True,True
1fa5ff7b99558c11,True,True,True,True
2a2a4ab94c415473,True,True,True,True
9b615c3c2e1a6874,False,False,False,False
bbcf9e9fbf113450,False,False,False,False
6bbf11b15ad28207,False,True,False,False
fb11d1806622b694,False,False,False,False
1bf586eac937fe2a,False,False,False,False
b52c1cd7d41ee097,True,False,True,True
5c262529318f622c,True,True,True,True
cd68d1c4c2499d5d,False,False,False,False
2b4a717a49bcc51b,False,False,False,False
fb55abc64f0379b7,False,False,False,False
f8b8e6a45af28e75,False,False,False,False
b13ac71bacb3fbc7,False,False,False,False
74edf77a40f2e668,False,False,False,False
78726f963be90801,False,False,True,True
0b4a86885906af4b,False,False,False,False
26305fdfde310e1b,True,True,True,True
328d9dc078eea1af,False,False,True,True
a12d449bbf82437b,False,False,False,False
073bdffd18de0f1f,False,True,False,False
acbc2a57b877c8ef,False,False,False,False
f9c53211d7d828d9,True,True,True,True
70702da64d064bf0,False,False,False,False
60a403f5aeab0e56,True,True,True,True
934ae2689ea6e5cc,False,False,False,False
f5f43cfb060bbe3d,False,True,False,False
3249d5755cee442c,True,True,True,True
2a05442e6e36df4b,False,False,False,False
ecdeaa9a424fa8fa,True,True,True,True
d27c625ebe25b311,False,False,False,False
9af721068dee16dc,True,True,False,False
9ffee1ae29b11af5,False,False,False,False
50a9874e87f92e38,False,False,False,False
613695f407e4f729,False,True,False,False
b7eb92c653ed69e0,True,True,True,True
4291b75b3ef90671,False,False,False,False
30afc9bcdad2bdbf,False,False,False,False
8352150f9bd6bcb1,False,True,False,False
534bb9f3c32a62a2,True,True,True,True
14b2163731f7569b,False,False,False,False
bc3549decf04f8b5,False,False,False,False
bc677b417dec18c7,True,True,True,True
bf567ed122e72370,False,False,False,False
766ef2f8827a10d5,False,False,False,False
6e120c3fd26699f5,False,False,False,False
c7e5211cab9795c5,True,True,True,True
4de05a3cc189840a,False,False,False,False
63f7b668535609bf,False,True,False,False
d172acd189d4e2ef,True,True,True,True
136045f7ca6bc575,False,False,False,False
1b9e0ba8d8f10050,True,True,True,True
d19e1d761cd46624,False,False,False,False
fa866c8dc6055e1b,True,True,False,False
2427dfd8af3a1e3b,False,False,False,False
1914f7ca10e4f041,False,False,False,False
1a13755395d5ae72,True,True,True,True
12a6ca9c49c6f2b9,True,True,True,True
fa8d9721c47a1f9d,False,False,True,True
078c332d4138cd06,False,False,False,False
f42946103d6370fe,False,False,False,False
f9c5179f8155c541,False,False,False,False
519f5392f971e43f,False,False,False,False
c0e812054c8795cb,False,False,False,False
fd60c9730e796b91,False,False,False,False
8b65bb2299e27861,False,False,False,False
4a281481709799b8,False,False,False,False
82095a832af31197,False,False,False,False
8ecdba0b7cd6b2e8,False,False,False,False
bb59e3b53c7147d1,False,False,False,False
5692b7eea5b4ac6c,True,True,True,True
9d38083cdeafc047,False,False,False,False
a93b5af1c06fd7b2,True,True,True,True
82be9a0ed5a39e33,False,False,False,False
14d8be3a0ce207e3,False,False,False,False
06709dd131baf5d5,False,False,False,False
7dbcd8cd42279ce6,False,False,False,False
768de5b60a7eae08,False,False,False,False
b030bc168f958256,False,False,False,False
b50edd4459a28f5d,False,False,False,False
b83434ed44d003a8,False,True,False,False
a41cebf386171074,False,True,False,False
73020d5e12d6421c,False,True,False,False
6f3c5666f6ebf3a6,False,False,False,False
fd583b63e33d5ef1,False,True,False,False
732366b19728f90c,False,True,False,False
838f57e2cd5387cc,True,True,True,True
16c5343efcf9c644,True,True,True,True
b1ac928ca3db71ab,False,False,False,False
70ce32a6d283060d,False,True,False,False
2f1140eb52200be3,False,False,False,False
5988e82317a05bce,True,True,False,False
7f5ed5c329081cdd,False,False,False,False
014a594159c63350,False,False,False,False
0340d99d9f24d01e,False,True,False,False
60f01cea3c5a7ba0,False,False,False,False
4a2a449424043a90,False,False,False,False
9003d6d0bd7454ad,False,False,False,False
475ec7f7871a5823,False,False,False,False
a771f51139abf15e,False,False,False,False
44e62698d9a8031a,False,False,False,False
9d480d217c96f8d1,False,False,False,False
6164766af6ae3058,False,False,False,False
60d2e3058a4968be,False,True,False,False
a7e0576083a2df52,False,True,False,False
56ee69806828a522,False,False,False,False
bd027cbedb02021b,True,True,True,True
2c01890a3f19591a,True,True,True,True
6556e311849046be,False,True,False,False
054fa2c8730dd3ee,False,True,False,False
08bcaadd9945b87b,False,True,False,False
eb94800e8697dec6,False,True,False,False
f1bee5d51ae6a036,False,True,False,False
6359b11f131945c9,True,True,True,True
9b76163058642599,False,False,False,False
a717ad5506ca8530,False,False,False,False
77532107c73ec38f,False,False,False,False
21f5906a4932d43f,False,False,False,False
c656fefbea5c2fa5,False,False,False,False
4aa7d8547eb58365,True,True,True,True
d9558a7aaae32b3a,False,False,False,False
28350e0ab9af6d5c,False,False,False,False
c6d87e1e2333e245,False,False,False,False
55536d3eff52bed1,False,False,False,False
acf7fdb435fcc530,False,False,False,False
b9907feee3ac6ed3,False,False,False,False
26ade0941eb9f3ce,False,False,False,False
e555b87c1b87b621,False,False,False,False
7461c32edf95216c,False,False,False,False
1609d580134f6488,False,False,False,False
dea36af08b5e7bc8,False,True,False,False
835e64172315d4de,False,False,False,False
b3cb000062c23384,False,False,False,False
855afc1699059693,True,True,True,True
0b325053f92ce0db,False,False,False,False
a163c49059d4445c,True,True,True,True
59e0a6a6194dfa35,False,False,False,False
756df9bb47b74ef1,False,False,False,False
9bedae642413262e,False,False,False,False
1e7cd5f464e78c74,False,False,False,False
61cd5d527b71cc01,False,True,False,False
7422d7035a1028cd,True,True,False,False
239479ca46f4aae3,False,False,False,False
5c4977ebe0890c79,False,False,False,False
de9ec8b896aa74e6,False,False,False,False
9b8da7f1e42f93c8,False,True,False,False
d9aa36e41b94ad17,False,False,False,False
5ee1596479f3d8aa,False,False,False,False
4ab223304184c095,False,False,False,False
4d17c5b05aea34e7,True,True,False,False
bb24b6733c5821f0,True,True,True,True
60c0dafdddcf0412,True,True,True,True
61abb32e1b9111dd,False,False,False,False
60b41ee8fd838093,False,False,False,False
16e84f803f53cfd5,False,False,False,False
de464cfb7742675a,False,False,False,False
c6ad0146d13c8313,False,False,False,False
13f1b40e352d1cbd,False,False,False,False
cdda758b4f4556cd,False,False,False,False
ad3b6900713fb0d0,False,False,False,False
0ceb17fc1dbb7d3b,False,False,False,False
1b1938e4cc645ae0,True,True,True,True
c448753f25a1762d,False,False,False,False
dfafe561a36d2dc1,False,False,False,False
ee518b151af6d1c8,False,False,False,False
bee0afdc29610c99,False,False,False,False
7baa81801e78477e,False,False,False,False
17a2ee61a9a3bbc9,False,False,False,False
1191cdaedaa1fb4f,False,False,False,False
5b384a601992cc4d,False,False,False,False
65262d868871e62a,False,True,False,False
923e4de3923742f2,True,True,False,False
8419926cf2e0144d,False,True,False,False
20b8d0eb7befba07,False,False,False,False
1a8109c9871a1c86,False,False,False,False
189c761e3e7c5fe2,False,False,False,False
a92260d0f04a3f07,False,True,False,False
68ac6a2d852d534e,False,False,False,False
6eabd86d9ba24ff8,False,True,False,False
fed63702dd58f80f,False,False,False,False
cb2f2ab33d1d9cb9,False,False,False,False
17bcf4a313685ad4,True,True,True,True
8a5af543169aceb6,False,False,False,False
758c06c96462b488,False,False,False,False
47f342bb7a020e65,False,False,False,False
e7eaae68c608a8cf,False,False,False,False
514f1b452c09ec1f,False,False,False,False
733fe13526359982,False,False,False,False
baeb00130d47fcac,False,False,False,False
98e90fe13099a54f,False,False,False,False
83ddabfcd41f9252,False,False,False,False
8f7a9b9c92ab0871,False,False,False,False
d3ddede1a2be383c,False,False,False,False
60353c210e6578d3,False,False,False,False
9ce8b848b1249163,False,True,False,False
9dcf574a9b515544,False,False,False,False
22d578e020ed7acb,False,False,False,False
7d772c5ae739a6e2,True,True,False,False
cbebb5f6fcde9bf6,False,False,False,False
0545618ca601001e,False,False,False,False
77a40ae48dbfd761,False,False,False,False
1624cc8f1df2c490,False,False,False,False
cff31a726b2d9be5,False,False,False,False
fdeeb553ecaa311e,False,False,False,False
419ea3f1e6257fbd,True,True,True,True
a6c84bf397feb4ea,False,True,False,False
a50130da5fd70644,False,False,False,False
d91c2c238bed2cfe,False,False,False,False
f7641758debbe7b0,False,False,False,False
3beed098647e2f40,False,False,False,False
ff21c65ac21ab70c,False,False,False,False
09618edffd360ea2,False,False,False,False
c93f94e631d23cba,False,False,False,False
9943396232ead288,False,False,False,False
210a453290181aa3,False,False,False,False
78cbd24d493e1a81,False,False,False,False
a9b3d680758e9b47,False,False,False,False
09530e4f2d709786,False,True,False,False
682dcd7e177dff13,True,True,True,True
e526b00fd8091c84,False,False,False,False
41d96cd830f12cc9,False,False,False,False
ca5b97618c8eb994,False,False,False,False
54ee0c371c1f6500,False,False,False,False
6af6526d908e97b9,False,True,False,False
175aa14da0a308a2,False,False,False,False
6c2794ca30bcf7ef,False,False,False,False
6afb9ba532f0520d,True,True,True,True
00581b4aea00f082,False,False,False,False
0267c7ba4c0c8f27,False,False,False,False
104125309dc7f044,True,False,True,True
63ee783d05ddc429,True,True,True,True
ab653f400e581823,False,True,False,False
cf5731285b80ee17,False,True,False,False
492ab0c4ec982646,False,False,False,False
c04e2a7facffc5dc,False,False,False,False
cb5a011359d86ea3,False,False,False,False
0fe1a1a61b21241a,True,True,True,True
9efa01697d7aa639,False,False,False,False
87e3d28e8f958e46,False,False,False,False
8d28ecee0a84a023,False,False,False,False
ee6cfd573feb19e5,False,False,False,False
8626c9155a6da2ad,False,False,False,False
3bef76912180e261,False,False,False,False
1325e88fed241db3,False,False,False,False
7bd9ff59b8782efd,False,False,False,False
fdff20e51c149e92,False,True,False,False
051e9586385a6744,False,True,False,False
0dc74121e8e767e5,False,True,False,False
9b207e81cd28cb3d,True,True,False,False
2caa6ecb341d86d9,False,True,False,False
a40a93e4fa101bff,False,False,False,False
13c2552c63fd6fbd,False,True,False,False
847452aaa490d497,False,False,False,False
9bcad35278469d1c,False,False,False,False
e6619f457a3b884a,False,False,False,False
2ab7b607e8cc868d,False,False,False,False
f7366f7e4e7510a0,False,True,False,False
0c266c2d2da63aa5,False,False,False,False
0096eb16e79076f6,False,False,False,False
7ab8e00159e9c1b9,False,False,False,False
9d02af03649257d9,False,False,False,False
d0d158afba7e7b8d,False,True,False,False
ad9f563be3127950,False,False,False,False
8d4b4d2d574e19b7,False,False,False,False
5821c73a9bcebc39,False,False,False,False
39589b0c6badd70d,False,True,False,False
a6d855c8f430e91e,False,False,False,False
ec2109244300e2bd,False,False,False,False
5aa850309f25ec4f,True,True,True,True
95dca50dfc2d491e,False,False,False,False
261066a3e8dc25b4,False,False,False,False
95ddecfedb4e5d37,False,False,False,False
3748cefb050b9413,False,False,False,False
ce920c435a6ec2a0,False,False,False,False
963ec136c2867556,False,False,False,False
ec6eb70756e99cb3,False,False,False,False
0dacdc690228af80,False,True,False,False
a377860a7408fd71,True,True,True,True
aee6e90ea9717510,False,False,False,False
280feca82ca2c3dd,False,False,False,False
6add0e34e07a6ad0,False,False,False,False
7605059090a01f50,False,True,False,False
4bc8851980a8f5ed,False,False,False,False
16a2dda27d0f84e8,False,True,False,False
dee6001a8086d2ce,False,True,False,False
829eafbc678921bc,False,False,False,False
d0844e1fe8745f3f,False,False,False,False
00ce9284e45410cb,True,True,True,True
353797edd329cff7,False,True,False,False
57a947697c7fbcde,False,True,False,False
2c7d5c2dd32d7d62,False,False,False,False
550a6134a91edc72,True,True,True,True
2483ae8eafd13f98,False,False,False,False
be5cf79663967be3,False,False,False,False
8ed64441c5468b5b,False,True,False,False
dfc1502f7b6378d7,False,True,False,False
178d1558e7f27c98,True,True,True,True
51adc10a4424d8aa,False,False,False,False
27e6ddeba156f3ae,False,False,False,False
769ceaef8a4b976e,False,False,False,False
51bf3d53eee4c5a2,False,True,False,False
3b25719daec8be4f,False,False,False,False
4e58fc2a52299c8e,False,True,False,False
4b423cce5b00cbc9,False,False,False,False
868991c4b8d5482f,False,True,False,False
10dee2bfe9db1b50,False,True,False,False
44e275ee3e2c4a06,False,True,False,False
dcbfedf49135724d,False,True,False,False
1ea5835e436f80fd,False,False,False,False
730a93b9176f7fb7,False,False,False,False
b7b744787105a94f,False,False,False,False
481a0210ff4ea151,False,False,False,False
71c996573aa665b7,False,False,False,False
02dc82f647a80bb2,False,False,False,False
f3b55583ff437a49,False,False,False,False
c39b3acf36ba189c,False,False,False,False
7d79e4910fa3b5f8,True,True,False,False
a92cd112aa039640,False,True,False,False
c30fbf8bd1de320a,False,False,False,False
a03f2826ca204d74,True,True,True,True
430ee71583edd45d,False,False,False,False
88c09bc86ce17789,True,False,False,False
be3bf07a5a7d99f5,False,True,False,False
f9c1d6e6ef7e1450,True,True,True,True
7c39efb1c89d9697,False,False,False,False
151b7dc6a9c3df42,False,False,False,False
16f63846eaf322ca,False,False,False,False
f051605e15265d05,False,False,False,False
713fe3ba98947f40,False,False,False,False
fe615f5d1ff9f6f0,False,False,False,False
6502f1da176b67d0,False,False,False,False
20544bc3d0deaa4c,False,True,False,False
258f031efcaa4229,True,True,True,True
caae3123bbcfb464,False,False,False,False
c5e780b54074a05e,False,False,False,False
e674103b0bea45ba,False,False,False,False
d5f4578c3a2fa8d9,False,True,False,False
8c0e70f5157146cd,False,False,False,False
df510b285f59c875,False,False,False,False
f6c0732af7d833cf,True,True,True,True
a66ff16812b2f3e8,False,False,False,False
15936a203b715578,False,False,False,False
ecc73a6a75e318a9,False,False,False,False
66a2b38e0012753e,False,False,False,False
4b957638af8056fe,False,False,False,False
2ab9511f040e47b5,False,False,False,False
b2c4063856a18e0c,False,False,False,False
6725b150e63be684,False,True,False,False
2e201d6ccc13b98a,False,False,False,False
6066fc15f2641f24,False,False,False,False
a2aa4ecb9c6091b6,False,False,False,False
98cf81e82469991a,False,False,False,False
a509f1b255df9e91,False,False,False,False
536cb207f9a9c380,True,True,False,False
939af24c6f0c854a,True,True,True,True
4bec66f81ddcd483,False,True,False,False
e97efad98c29bc56,False,False,False,False
215d7bbb934b9f82,False,True,False,False
63fee4ecaa3ea21e,False,False,False,False
9cdd45010c004dff,False,False,False,False
26a9decb8cf70bcf,True,True,True,True
982a192cd2921324,False,True,False,False
99ba94ffdf287020,False,False,False,False
9f059590ed48d0b0,False,False,False,False
06abc7b4b99a72fe,False,False,False,False
e762bb989d51c367,False,False,False,False
dae3af26fd65540a,False,False,False,False
fab3891ececf5901,False,False,False,False
59ff6211ae0a4960,False,False,False,False
3d6ec39a9a33fad6,False,False,False,False
54364396d5dd85ef,False,False,False,False
ff650593b0dd5189,False,False,False,False
ca9109f0e10d4b6f,False,False,True,True
72ba8409897b555c,False,False,False,False
7e03142c627dc6b5,False,True,False,False
9168fb908420d075,False,False,False,False
fd90737dc662a1f1,False,False,False,False
97a7ab1bb3658ded,False,False,False,False
543b8e63a0a67503,False,False,False,False
62cbb1fadeb5bfa7,False,False,False,False
9229766ae18e44fe,False,False,False,False
57ca378d9fac3b2b,False,True,False,False
801a6150ff590b0e,False,True,False,False
6c240586a31e4cb3,False,False,False,False
169a4efc9c515734,False,False,False,False
060605d7a53ef24d,False,False,False,False
16a2cd426417b19f,False,False,False,False
6bea158d94af5720,False,True,False,False
519e6e4a67714697,False,False,False,False
b7852ef403a0ddba,False,False,False,False
b1148e5488b489e8,True,True,True,True
11b5522cc3ca89c1,False,False,False,False
81cec80054749c60,False,False,False,False
32735360c6c32dba,False,False,False,False
1df3128dcfa5b4ba,False,False,False,False
d24cf77e474e60d7,False,False,False,False
dca0d34310a1cbbf,True,True,False,False
f9cd8be3fb029edd,False,False,False,False
b12e28bf761f53bf,False,False,False,False
24f13ed9b0b08089,False,True,False,False
fbc5c839d8964ced,False,True,False,False
426463e72324a079,False,True,False,False
e1f178974cdaf76c,False,False,False,False
5232b0a914a0f5c4,False,False,False,False
88d78effe4d18fe3,False,False,False,False
c55c5af5e6d15e6c,False,False,False,False
878f160d48be0b08,False,False,False,False
60e5ad69c83cefc9,False,False,False,False
044e5cacc29fe20b,False,False,False,False
f14f8818eb76b2e6,False,False,True,True
15510a01e09efcd5,False,False,False,False
a8ba0700ef014bba,False,False,False,False
b7267fbac7e77fd9,False,False,False,False
92ab5e29229855ac,False,False,False,False
f796c1d906c0a594,False,True,False,False
d70eafa42c89ab73,False,False,False,False
7af8e6a6f9d54cb7,False,False,False,False
4a444a2fbcc2bfc4,False,False,False,False
1e9e5de02714f075,False,False,False,False
d3485a421669fa4f,False,False,False,False
20661fa151709b35,False,False,False,False
8e1fa9061cf1f788,False,False,False,False
0f8aeec21bfc8ef4,False,False,False,False
54bf884ab41d4b1a,True,True,False,False
37f9b598516698ef,False,True,False,False
aa8bf733d809774a,False,True,False,False
290ec03c0b11dc22,False,False,False,False
0a10a743b0f3828f,False,False,False,False
c903f0c3ce8acc1e,False,False,False,False
e44a250aa9eb92e4,False,False,False,False
3f007659930ce321,True,True,False,False
34c2c813e55ccba8,True,True,True,True
3c3a72d4fa41541c,False,True,False,False
b10ad677ef6e897d,False,False,False,False
644f8abbaa3db7e3,False,False,False,False
d3a860d7bf816b0c,False,False,False,False
416eb8333bc6e0d3,False,False,False,False
aaf0f1b300b3315d,False,False,False,False
81b3743dc0228712,False,False,False,False
5bfbc08db141c8d5,False,False,False,False
9667b7f1803954d0,False,False,False,False
c8edce3a5691e346,False,False,False,False
24b75a93f2be88bb,False,False,False,False
d6090f9bfc3ff4ca,False,False,False,False
4aa7978538102cd9,False,False,False,False
15e949a45ca6f963,False,True,False,False
0d0c8571f1af3444,False,False,False,False
7d1fd582cf472543,False,False,False,False
962a3ca548532bd3,False,False,False,False
6fcdb3052d2b1fde,False,False,False,False
a6d4f6bcd35d1e83,False,False,False,False
dd468ad542b20814,False,False,False,False
db730ac8b6b33d01,False,True,False,False
7548d2aca2a6428f,False,False,False,False
7a18e426f9896482,False,False,False,False
05c8ac1316b54df1,False,False,False,False
5667b9a79260a4fd,False,False,False,False
5ccc3c608350a693,False,False,False,False
0995945caaeebc19,False,False,False,False
b0877f8969ea8ea7,False,False,False,False
d1af06e50617317f,False,False,False,False
970bd677b5c7457b,False,False,False,False
49f75c6b010e2792,False,False,False,False
a328fc2dcfb4aa06,False,False,False,False
9e3229489ad875a0,False,False,False,False
53f719a8d44dd435,False,False,False,False
52ee4d7f12278827,True,True,True,True
64819b34e1150c32,False,False,False,False
704722e0d38956fd,False,False,False,False
b95bd8587190e442,False,False,False,False
72ff5a9f6122e47b,False,False,False,False
3004609b30c74213,False,False,False,False
b3788fbfa17616b5,False,False,False,False
8f803d2b2655d5d7,False,False,False,False
246d9fe7f9e62482,False,False,False,False
c12ae7700220063f,False,False,False,False
e2525b701fc0ad35,False,False,False,False
b03a58d121412dc4,False,False,False,False
271d77d4ebec1057,False,False,False,False
c5366982b5a74dc4,False,False,False,False
fc0afd622d2e5877,False,False,False,False
05001a725bb68970,True,True,True,True
1cc9cb2414046271,False,False,False,False
250540873a201dc4,True,True,False,False
62f2d1b814cb799e,False,False,False,False
bf730d932187664b,False,False,False,False
3bec23f3e2dd45d1,False,False,False,False
6e9513a7cff94fc6,False,False,False,False
e8eccccf4f93bab8,False,True,False,False
cf37a51397f129c9,False,False,False,False
f9c6ea5508356918,False,False,False,False
7ecacd983646ecce,False,True,False,False
b5297095ca35f209,False,False,False,False
0e6885d66f5bde16,False,False,False,False
80b56da1fdc3cca6,True,False,False,False
76188449fe6ae92d,False,False,False,False
395fd97ec7e66105,False,False,False,False
7873fdfa6ab82ec7,True,True,False,False
01e0ccf3bd5a6673,False,False,False,False
27fc9ce32afa310c,False,False,False,False
bc33ac3cb37cda79,False,False,False,False
b14d371d796b8b4d,False,False,False,False
d7bf1e1a1df3dba9,False,True,False,False
a006fd210adc8bbc,False,False,False,False
0b1125824ca5b811,False,False,False,False
908db3f487062452,False,False,False,False
7c5812c19af19db4,False,False,False,False
9e7d01484811f04e,False,False,False,False
b60a4990ad767ac1,False,False,False,False
42ccf134a76b76b7,True,True,True,True
535f296e5e9c734b,False,False,False,False
f2d720c7d7c21622,False,False,False,False
c1a04a38d866a526,False,False,False,False
98b317b8abd458e3,True,True,True,True
b062f02fe4d816f5,False,False,False,False
63191c82135826bb,False,False,False,False
700415396d6a75cf,False,False,False,False
1cf5487352091c59,False,False,False,False
c9b56ce77de3dec5,False,False,False,False
9283e1ae70c416a5,False,True,False,False
454520c7516d225d,False,False,False,False
fb60c112493acb6a,False,False,False,False
9f9bf63fdad43552,False,False,False,False
9d14956a9ef6ceaa,False,False,False,False
6d95e77082829f03,True,True,True,True
0cbb27b2f1b338f5,False,False,False,False
090513583a3b6228,False,False,False,False
1c26536deb7ae258,True,True,False,False
111793f70031523c,True,True,False,False
76ad2216b060ca69,False,False,False,False
34baf139e78d9065,False,False,False,False
5c707300b63fbb64,False,False,False,False
b1e71c338d27ef8b,True,True,True,True
c3626c80e89964a4,False,False,False,False
962bf30fa35c5c44,False,False,False,False
a26435971e5819ca,False,False,False,False
cc52e258d0c66d98,False,False,False,False
920966f8e521e713,False,False,False,False
e53d4c739622d536,False,False,False,False
caf7988a296e55a6,False,False,False,False
4177889f41d67e05,False,False,False,False
fa4940a5d06f8f03,False,False,False,False
dde0be670fc35c6a,True,True,True,True
77fa68cfed0585bf,False,False,False,False
560dc3ac9b950286,False,False,False,False
868af68772574985,False,False,False,False
706ecee17119df91,False,False,False,False
dcfdc6221f972240,False,False,False,False
ef0fd083df8d1aa4,False,False,False,False
f3bafaff4a2b61a2,False,False,False,False
96741254fe7be311,False,False,False,False
9e53acc9f58a8671,False,False,False,False
ac4fc4d667945ad6,False,False,False,False
bf2bc97972dcbfe3,False,False,False,False
5e162fb6fa57147a,False,False,False,False
c0ad2573f9309830,False,False,False,False
31a19163df07ca3a,False,False,False,False
f0099e516cb39deb,False,False,False,False
5c54413bef9bec78,False,False,False,False
b9a919c487b8833e,False,False,False,False
3e167178a33e1e33,False,False,False,False
6db095b6ae9cd9cb,False,False,False,False
ec076c208bbafa3f,False,False,False,False
a0c3f8976bda3c12,False,False,False,False
d29a31448ac36272,False,False,False,False
57ddfaca8fcbce49,False,False,False,False
9c493c4b1b0f70de,False,False,False,False
dabb1cab71114073,False,False,False,False
149f1f93945ce3be,False,False,False,False
a0563baf45d4ec72,False,False,False,False
4cf4bb038ad191aa,True,True,False,False
a7858d1529591b3a,False,False,False,False
b7a56171782b9674,True,True,False,False
b5ba01a1ae4e532c,False,True,False,False
ac7a9c7c86256cb6,False,False,False,False
47a45e3790307696,False,False,False,False
f78f8dc18992a969,False,False,False,False
1fe82485d8d73f79,False,False,False,False
a16d03be4f51937b,False,False,False,False
592af2cce3919e66,True,True,True,True
b35048b93b073579,False,False,False,False
06e7bbcba5a8670d,False,False,False,False
327beed6662b4e58,False,False,False,False
b19f19fba1b90265,False,False,False,False
3eea0b7fd26f02df,False,False,False,False
df3be869f08f0d7e,False,False,False,False
a27576e6775fb84a,False,False,False,False
58197ea4a51f034a,True,True,True,True
626ace5a85fbf0a2,False,True,False,False
555d612a2e995b5c,False,True,False,False
ea98a263d6bc5845,False,False,False,False
4670c896ec50fe69,False,False,False,False
25c6aa6b36046841,False,False,False,False
427a1916d367af57,False,False,False,False
fafef0eab5979f76,False,False,False,False
8a41c9ab235949c7,False,False,False,False
30de25b901fb5ce0,False,False,False,False
03b5b914cbe55e14,False,False,False,False
8abbb0d85e4cdf2e,False,False,False,False
1e5f149ea2e8dbe6,False,False,False,False
0cbe461e43c64a1c,False,False,False,False
e217bc4d0c483185,False,False,False,False
9fe5fc1cec91198c,False,True,False,False
f74859e9f523001b,False,False,False,False
0201378df5dc5cd6,True,True,True,True
fc731ffd1c41bfa3,False,False,False,False
c4e86b5c80989aca,True,True,True,True
e02ea7ea1221c42b,True,True,True,True
7df773d0d8927caf,True,True,True,True
48ae0d2ff30070e9,False,False,False,False
9060cbe96620a4db,False,False,False,False
4e644f9357cdf255,False,False,False,False
9dc5176a47173a55,False,False,False,False
2405cdeacadb3fd3,False,False,False,False
987c4f165e29767b,False,False,False,False
8c0cdbe49c4a5222,False,False,False,False
88c1fcb465af33ad,False,False,False,False
4839d274ec014dde,True,True,False,False
b791d61800e09789,False,False,False,False
dc8ea9cfab7197e9,True,True,True,True
c63400726a4c1368,True,True,True,True
4f310c819ee6bc10,False,False,False,False
753e82df6669d992,False,False,False,False
51468658275e85be,False,True,False,False
54e06a8232a6d076,False,True,False,False
59d9bcb67b7b8135,False,True,False,False
f35785177e294a5d,False,False,False,False
c9a287109d4aa3ca,False,False,False,False
cd8a77a440a1d351,False,False,False,False
965b53d9e3a93218,False,False,False,False
c171b2a6e4ab8b32,True,True,True,True
992248a683ee1313,False,True,False,False
c037cd7784d213ec,True,True,False,False
ade30aa5972becf3,False,False,False,False
896321a4ccbdcbbb,True,True,True,True
ad6e191e345c8e50,False,False,False,False
78559815a06f3107,False,False,False,False
9a35ed99f3138222,False,False,False,False
8e72c5452c9dd1c4,False,True,False,False
186e321bcd7ae2aa,False,False,False,False
3a8e75a786fd16cb,False,False,False,False
e1f0079c934b18a3,False,False,False,False
047fc113a32e82db,False,False,False,False
b3b3f4d11678f16b,False,False,False,False
5bc2e54cdada7d7d,False,False,False,False
9c431e5f9133eabd,False,True,False,False
e48bc387ddc15a11,False,False,False,False
294de055862c6454,False,False,False,False
4bde7f1e8a61cbfb,False,False,False,False
e3428512284b3653,False,False,False,False
746407346f3357da,False,True,False,False
9e67bb112f5a4a99,False,False,False,False
b30d315d2fa40357,False,False,False,False
4cd6375742031fa1,False,False,False,False
a99015b81512e377,False,False,False,False
95a992f6f5bcc40c,True,True,True,True
45106f2485b89fdb,False,False,False,False
1ff3734945fba2e9,False,False,False,False
0adbf4bba8478521,False,False,False,False
3783acb8ded8ab49,False,False,False,False
74b90dcc913a9a3a,True,True,True,True
975671cddc70a668,False,True,False,False
976cd0077c07192c,False,False,False,False
1fc93fc96caa4db4,False,False,False,False
7142b761675fedc6,False,False,False,False
4c51db6864c440e7,False,False,False,False
a6a019e5db33cf23,False,False,False,False
b17e9471ec21ecac,False,False,False,False
b23da693258b0ab9,False,False,False,False
59e83b9a13050ea2,True,True,True,True
31c52e762b958d44,False,False,False,False
83634e9604d9211d,True,True,True,True
73a9b587d08a5e02,False,False,False,False
4b455616346c149d,True,True,True,True
3b940cbff8076fd8,False,False,False,False
5626bcf268624baf,False,False,False,False
f17f364133ed47dd,True,True,True,True
45bcec2a68fed7e8,False,False,False,False
b590cec016e6888e,False,False,False,False
d6d47e4b19c6fb6f,False,False,False,False
46e0e428f32b2bd9,False,False,False,False
89ddf2a8da6deb4b,False,True,False,False
9e3d5999d3a3b03c,False,False,False,False
af8406c8e17d2591,False,False,False,False
05276844a1bdf5c4,False,False,False,False
b5116604f35ea0a0,False,False,False,False
a7adf9febdee0c1b,False,False,False,False
dc76af7ce6476093,True,False,True,True
f32365a89dbe9516,False,False,False,False
8a883ee168ca1523,False,True,False,False
be5bebdbd807aea5,False,False,False,False
0de829e6099d75b0,False,True,False,False
be7aa6649d2436f5,False,False,False,False
e7ccf7b373c92b95,False,False,False,False
4ffd78e6b1177794,False,False,False,False
71789696eddd2e7b,False,False,False,False
1c0f8d757a141c49,False,False,False,False
06fc989f0fff3165,False,False,False,False
fbcadd8f2ccca52b,False,False,False,False
c678132c892e03c1,False,False,False,False
c70a1985ae31d663,False,False,False,False
ec8d046a1841f92b,False,False,False,False
ecaebf41c9c37759,False,False,False,False
b766fd59660bb861,False,False,False,False
ab5ee4893440ac85,False,False,False,False
a7a4e32720560173,False,False,False,False
26d3c87b17fd2384,False,False,False,False
9406bb40175fce72,False,False,False,False
c083eeb5ebadccbd,False,False,False,False
6394b7a8c5030e04,False,True,False,False
e20adbefbcbbd55f,False,True,False,False
b60186af874a28c9,True,True,False,False
144a01c4ca5af8b1,False,True,False,False
57af9bd78eec2020,False,True,False,False
65a06dd5c0a886ba,False,False,False,False
f5bd4f7aa8a94ca1,False,False,False,False
1b8a5fa7810c43bb,False,False,False,False
c595efeb4431c136,False,True,False,False
c1c6c892e6256a12,False,False,False,False
186330860016b2f5,False,False,False,False
60488b6d941289b3,True,True,True,True
e3fd06f5eac2a047,True,True,True,True
5713f898bf7b7aa8,False,False,False,False
0002e9efda3b0449,True,True,False,False
303b511a77d189e2,False,False,False,False
5a1d7d2a60804058,False,False,False,False
cc8cf5c869a4b335,False,False,False,False
3c8e578e8b298677,False,False,False,False
8eb09432222a9aae,True,True,True,True
42f9ec2e8433c419,False,False,False,False
d659bcf7c5261921,False,False,False,False
250a36ca87c4bdc6,False,False,False,False
a708296ec8f8dcce,False,True,False,False
05e1f7f2b66ada1c,False,True,False,False
3cd7a44b7be45f52,False,False,False,False
961aeb0f3d9b7fcb,False,False,False,False
8bab340b142e4ad0,False,False,False,False
9c6d7f35349c7f0e,False,False,False,False
e92dcce5b68005f1,False,False,False,False
14eed060ff6e47c1,False,False,False,False
78814756ee7fb13d,False,False,False,False
898ac2e2b500779c,False,False,False,False
810188c8c5c1b46c,True,True,True,True
6150415139e4bc39,True,True,False,False
944c4f9b2c654685,True,True,True,True
ff5fe6dc669de6fe,False,False,False,False
add985a83a4aaa34,True,True,True,True
dd1e3c01e4ba20d8,False,False,False,False
40d47e822faf67a0,False,False,False,False
c9fb01067dc33128,False,False,False,False
70add0ce4b0f928f,True,True,True,True
afa8b737de90d068,False,False,False,False
0eb1ff34b692526c,False,False,False,False
a206fe611d793cde,False,False,False,False
d8bfd2aea4ae6a39,True,True,True,True
c5389857b0fd36eb,False,False,False,False
61f11f60f68a4d8b,False,False,False,False
050984d1e2a9867e,False,True,False,False
ce29c5e71aa5264d,True,True,True,True
248e8ea3481665d4,True,True,True,True
71d82be3b5f34d3e,False,False,False,False
97c584f7196724a5,False,False,False,False
0d736b92be910145,False,False,False,False
92babc72ecffa79a,False,False,True,True
ed53e84dc592e3b0,False,False,False,False
d7e046a206ab8327,False,False,False,False
b0b6f7919a08e9bf,False,False,False,False
4ab320b35f79c6cc,True,True,True,True
75380db36b0ad777,False,False,False,False
cca442b0c943579c,True,True,True,True
9789630bec4f4041,True,True,True,True
66ecd8a3be5357e5,False,False,False,False
eba15cf868487560,False,False,False,False
eb8d8d88522d96c1,False,False,False,False
87e616e0df1b9496,False,False,False,False
e2f7a9493de5ffd3,False,False,False,False
b781910e019db825,False,False,False,False
7d4f4deae307850b,True,False,True,True
a22d4d2486ec3cc3,False,False,False,False
d38ebcf9c438a94c,False,False,False,False
5df24a754aeda273,False,False,False,False
f83017fa84e5b083,False,False,False,False
4e401e2644f48678,False,False,False,False
d941690c68ef00f3,False,False,False,False
34bc36eae0ca1104,False,False,False,False
f44076d0c848fd5f,False,False,False,False
1a8d6733eb869b88,True,True,False,False
7b21fdcea180869c,True,False,False,False
10b5e831ebebd818,False,False,False,False
ad8d2de0f14ed77b,False,False,False,False
98defa8c83c0a1c8,False,False,False,False
facd9e916342f46c,False,False,False,False
0e99053fddcf862d,False,False,False,False
5d2a4f5159ba87d7,False,True,False,False
43252c483cd49737,True,True,True,True
c6fe22737e06321f,False,False,False,False
b2da2c96559ac51b,False,False,False,False
331d0dbbf47e53b5,False,False,False,False
2ed09946510ecc13,False,False,False,False
700b5b599b44d40f,True,True,True,True
2c9a2e70ff42ca58,False,False,False,False
d5f80dffb54383cd,True,True,True,True
9fbb35f8a3ccabcb,True,True,False,False
4b5a53ad104c1d94,False,False,False,False
636751ae087397cf,False,False,False,False
3176646420a5a73c,False,False,False,False
2208ce3312d5d367,False,False,False,False
1519451f5ff7e5d0,False,False,False,False
394e2861ef199e1d,False,False,False,False
9a9ccbba291f1beb,False,False,False,False
f764d03508716cb4,False,False,False,False
33050ef6ad281989,False,True,False,False
b120a8d117ae5b17,False,False,False,False
49d3a3fa8220ec5d,False,False,False,False
9548aba3d6dea60c,False,False,False,False
c23f3af5ec8fe26d,False,False,False,False
d666e46002a68866,False,False,False,False
6a5a4814deb7aff2,False,False,False,False
ded17d7afc7234e3,False,False,False,False
24b80f45d370087d,False,False,False,False
687e192c4f7b17ac,True,True,False,False
e92b1fd98f1d20c4,False,False,False,False
42bb18abe9dcb899,False,False,False,False
5ac2742c4db2aa45,False,False,False,False
cdee04ae22e154be,False,False,False,False
c5d12211b2300a2f,False,False,False,False
6072f52f709f95d7,False,False,False,False
e9f84ba446ca3e77,False,False,False,False
461e868519075958,True,True,False,False
f164d67fec1ddd0f,True,True,True,True
766ee1bc58d4c53b,False,False,False,False
74b68e1f08c45b3c,False,False,False,False
a8688bd836f28cfc,False,False,False,False
978a3c2aa849c4fd,False,False,False,False
1359aff597eb821f,False,False,False,False
95b9e30a5892304b,False,False,False,False
4398b8457c76f82b,False,False,False,False
a9bb4c5410d5ace7,False,False,False,False
9c0589b9c08ef0c7,False,False,False,False
c5b7ce17e53ef3a8,False,False,False,False
08e15e2ca98f85be,False,False,False,False
3f62cd41b5fd4e07,False,False,False,False
d8914cdeec1ed752,False,False,False,False
d7090245161b6801,False,False,False,False
95945b2cbac09a2f,False,False,False,False
1ef54b617606f15e,False,False,False,False
dc0740fae2816a43,False,False,False,False
1d12ea7b554e00c6,False,False,False,False
e9195deba00948d4,False,True,False,False
f39424f426e737a5,False,True,False,False
e19a4500219ab943,False,True,False,False
ba2ae11ec929a946,False,False,False,False
62db13c49dd446ae,True,True,True,True
34304720bd1c21dc,False,False,False,False
1a15fcf25fc4bf1f,True,True,True,True
b7e9817d3445e4cc,False,False,False,False
f124b8cebfe353d6,False,False,False,False
322a3a132ff7d08d,False,False,False,False
0924ccbd59506ba8,False,False,False,False
114f66a2d093d53e,True,True,True,True
3ba77e15205d6d22,False,False,False,False
15aa2bc889cba65a,False,False,False,False
318367f34d46517d,False,False,True,True
17f3fce4e0125522,False,False,True,True
71339d686ddf0132,False,False,False,False
71c3f3a55768cf11,False,False,True,True
65eb86073102598d,False,False,False,False
7b806db1abd16135,False,False,False,False
9cb00ae1b7a34e1e,False,False,False,False
dd1be15e41ef5363,False,True,False,False
0de27454169a3f3d,False,False,False,False
ed1d652cf9c02ddb,False,False,False,False
6f7cd698863d4d99,False,True,False,False
72f049e875b3f52c,False,False,False,False
b34bca095aaa1cec,False,False,False,False
756315c56277bc88,False,False,False,False
7877242fb6cbeeb8,False,False,False,False
756de129ab64489a,False,True,False,False
d033ca4ed781669d,True,True,True,True
5c1e3860bf087f9d,False,True,False,False
76e9da139c170f52,False,False,False,False
2bdaad48b8396198,False,False,False,False
12c7a6d9941643da,False,True,False,False
0ed91bce61beba7d,False,False,False,False
836783820d59a7cd,False,False,False,False
38f5919d34addb71,False,True,False,False
f89feae7350e726f,False,True,False,False
acf33d881ee49353,True,True,False,False
dbf2e110c4241020,False,False,False,False
4d849e40c0980414,False,False,False,False
b2059d1b1cd9322c,True,True,True,True
32f3ec9edc523440,False,False,False,False
697dec4e8fc960ba,True,True,True,True
6d353d693b4914ba,False,False,False,False
78dc5ddfaaae6eeb,False,False,False,False
b930ba0fe288398a,True,True,True,True
8443892bebc9759b,False,False,True,True
bf33acd12ee62d4b,False,False,False,False
58e2a1e8b2ad3507,False,False,False,False
2fc3ba81f26b9412,False,False,False,False
32e4da8c6eff18b5,False,False,False,False
53f7ab543ff46eb3,False,False,False,False
e81c0832051fb678,False,False,False,False
7006af56abd16f47,False,False,False,False
6cb563a57726b078,False,False,False,False
7862e4e3b92277e4,False,True,False,False
e048b46410e26246,False,False,False,False
ee786a44904c2bb4,False,False,False,False
932504c5ca5ad486,False,False,False,False
ca4d3cc10a912d51,True,True,False,False
22d4f4ca3d6c2802,False,True,False,False
3fce3e7b73a22f97,False,False,False,False
07dd2fe05cb50583,False,False,False,False
73322e6564ff9036,False,False,False,False
c3ea5820c08e1a44,False,False,False,False
dd58a0c82f689a31,False,False,False,False
7c2ec72e40444a7b,False,False,False,False
ba51e92720493e69,True,True,True,True
0a81ea78398c877d,False,True,False,False
e39a21047d4bb8a4,False,False,False,False
378478d843378f97,True,True,True,True
be3e73531478df62,False,True,False,False
d9467e8f050d76b1,False,False,False,False
3befd8d24d886cac,False,True,False,False
f3a3c63949cf3956,False,True,False,False
1463dd9276418ace,False,False,False,False
4d6ae55ced2f75da,False,True,False,False
abbb6d37f520c638,False,False,False,False
ac47bf8429ba604a,False,False,False,False
181da3ec8322d494,False,False,False,False
4408d3246e9b718b,False,False,False,False
323c1f1aefadcd11,False,False,False,False
5675ddb6203f0bd7,True,True,False,False
b0ec86eb00b98f9c,False,False,False,False
ab0a8a83bb886a80,True,True,False,False
4dc5a551aec45971,False,True,False,False
60f72f607b2c3847,False,False,False,False
fe58d5f9d15b3934,True,True,False,False
467db2fe0672c018,True,True,False,False
490f3469cf49f930,True,True,False,False
4c9eb9b2ee83f730,False,False,False,False
a35c28ebb789f29d,False,False,False,False
5d0080c84f184c8a,True,True,False,False
46844928462c565e,False,False,False,False
88668dd06bbba770,False,False,False,False
912cc9cb2e2aaecf,False,False,False,False
65e995113d006e54,False,False,False,False
738e2c9b0be9a0b9,False,False,False,False
81bcc42f189dffc1,False,False,False,False
764a0d27003f5366,False,False,False,False
8b72dc281ac36783,False,False,False,False
40a192afca3c93fd,False,False,False,False
2e5af0dce49ad9fb,True,True,True,True
cfc4c2e4ad88f7ca,False,False,False,False
8e4576287d0c4d3e,False,False,False,False
22979b5e7b6e3724,False,True,False,False
77e5dafca5286b02,False,False,False,False
64f20734c4309a9f,False,False,False,False
22ddc728caea49ff,False,False,False,False
c019ddf8406de4a5,True,True,True,True
365cdd50191513a2,False,False,False,False
32b0ae0838abfb88,False,False,False,False
58d99b7387c612bd,False,True,False,False
95c1388eb0ac33e9,False,True,False,False
7f761e03c8688740,False,True,False,False
fd832017fa8ee929,False,True,False,False
5406098e5cd1b797,False,True,False,False
56628f1be46497f2,False,True,False,False
ef8db460d11a9158,False,True,False,False
254e3a341983043f,False,True,False,False
34027b2c7c45d8af,False,True,False,False
0af94fb5d8d6b9ac,False,True,False,False
0b02ea35cecee41f,False,True,False,False
e7c5442726eabc34,False,False,False,False
87c7e3834b5e254b,True,True,True,True
ae47161bd5d8f68c,False,False,False,False
a365b48465490847,False,False,False,False
9dd51966e2f8d06f,True,True,True,True
4b07e57806bd2eae,False,False,False,False
c82ffea5d860152e,False,True,False,False
c53e5c673b99c099,False,False,False,False
983803edbeab8473,True,True,True,True
938c389f3e3a078c,False,False,False,False
06ffae07babf2fab,False,False,False,False
6cf62c3d34d89b6a,False,False,False,False
d01e02ce63f64e9d,False,False,False,False
b3d35e5db139406f,True,True,True,True
3d2f50d99643a08a,False,False,False,False
1830ff1d0feb5f41,False,False,False,False
39a81a1f4a475dc2,False,False,False,False
9beb7ee931fd8fe5,False,False,False,False
d7d109da88b35269,False,False,False,False
9a68b1309acb1ff4,False,True,False,False
96d05a45931fad5a,False,False,False,False
201c93ecc468f6eb,False,False,False,False
5dbabb94d1953411,False,True,False,False
496dd5ecd720bc9e,False,False,False,False
91126559a3b376f4,False,True,False,False
8816c472bd7cfbd7,False,False,True,True
a563aa41cb9fb12d,False,True,False,False
72ed30863b066156,False,True,False,False
dcba8a53824c203b,False,False,False,False
758c2620432b065c,False,False,False,False
40e00bb7081e0ae6,False,False,False,False
13c9df64b75a41c5,False,False,False,False
b628abff8c402912,False,False,False,False
e591fbf68a4f449c,False,False,False,False
3be7e8cd8477132f,False,False,False,False
d09722171affeab3,False,False,False,False
24f20cd919d0a0a4,False,False,False,False
53086ceaad96371c,False,False,False,False
629f61880ab5faf0,False,False,False,False
032ab55de8f6b714,False,False,False,False
3db43898a9e7ca98,False,False,False,False
8e21e9d7b71d3aae,False,False,False,False
8e8f87abccaf49a3,False,False,False,False
c8db38035cefbd35,False,True,False,False
5f88e161ffa14351,False,False,False,False
21f1e1a5647d6c56,False,False,False,False
187e00b121080104,True,True,True,True
fec3c6178d7bc0a2,False,False,False,False
6f44838c850d3dbd,True,True,False,False
c7e1a217ee3854e7,True,True,True,True
04ff7500ab3e5618,True,True,True,True
679950ecf440acac,False,True,False,False
b434e52561396e89,False,True,False,False
492cc8e4dc91f003,False,False,False,False
6fe40c490cc7d870,False,True,False,False
92c15bdb40f5db43,False,False,False,False
d98adb03a12e7291,False,False,False,False
87b6256f5ada9c18,False,False,False,False
f3943fa92f0f4498,True,True,False,False
16f0be37dcef6448,False,False,False,False
4f22d13aff30e68f,False,True,False,False
9c11ff099f8ceb33,False,False,False,False
7d398f06b77d2255,False,False,False,False
f06fe5ef1d851c34,False,False,False,False
5506b40cfbae5cad,False,False,False,False
f9adcbb75139e001,False,False,False,False
699aa42171c2c430,False,False,False,False
a73b602924c0e2ec,False,False,False,False
858a0b2d91bdbeab,False,False,False,False
fdec911d8a27daa1,False,False,False,False
2ccd2159d346b43a,False,False,False,False
ddf3ac3978920730,False,True,False,False
eca39596d3a7458a,False,False,False,False
849251b1ddf4363a,False,False,False,False
2f005a55a372d8a6,False,False,False,False
e7d01a182a21527e,False,False,False,False
75020a4439b2b5ba,False,True,False,False
7b27f8fb866e44c7,False,True,False,False
82ae4a55dabf46ba,True,True,True,True
283e52ce7a30bddc,False,True,False,False
0c3410837c1729c7,True,False,True,True
0c41c465ee666356,True,False,True,True
bb8ca9b80157f142,False,False,False,False
bbeb804be6bcb428,False,False,False,False
348436524b1fa7d8,False,False,False,False
8fe13541771541c7,False,False,False,False
1a7f912d6a077989,False,False,False,False
a15aed6859d28bcd,False,True,False,False
ad5ed0ccae847bb4,False,False,False,False
58221514977edafb,True,True,True,True
55cf67dbd6671343,False,True,False,False
3df9149e04dc9a0e,False,True,False,False
6c15203dac320ec4,False,False,False,False
7865927ab81d749e,False,False,False,False
d01fdab3b4d4615a,False,False,False,False
017d66374ce86a8f,False,False,False,False
7c8eaea7913a2dfd,False,True,False,False
a266044b6adc9f9d,False,False,False,False
538d8341c5fe6f12,False,False,False,False
d6db10080e26a7d3,True,True,True,True
d48da4da416c474c,False,True,False,False
ff91306c1a3b8655,False,False,False,False
31d3c731848a560a,False,False,False,False
bd8d83222d5479f2,False,False,False,False
2ee883be64f1c97f,False,False,False,False
9f65690571ceba78,False,False,False,False
c04201c5de9cd49f,False,False,False,False
5f6ab6a264db374c,False,False,False,False
2386e9777fa3b1fd,False,False,False,False
14f8599519ca724a,False,True,False,False
c26a101eb173413d,False,False,False,False
b3e55514404c8485,False,True,False,False
bfb6236c2f1971ed,False,True,False,False
0bb2397ac4dda9f4,False,False,False,False
8302c8531d746ed0,False,False,False,False
a7b8301464175754,False,False,False,False
ac1ae9e7282392bc,False,True,False,False
7e93e74fe819883f,False,True,False,False
e9a0f929f5d7f0fe,False,False,False,False
1aa0cb3638ead2bd,False,False,False,False
03d5a58c6eb588cc,False,False,False,False
ca45a6443a51f1d7,False,True,False,False
9b8ae026854913f1,False,False,False,False
84ef4fd5a4b37ea3,False,False,False,False
37b942c346669137,False,False,False,False
87c22a61d5a04c72,False,False,False,False
21dceef6733195da,True,True,True,True
67604e90c5549ce0,False,False,False,False
05c58788324e06d5,False,False,False,False
d9a34e2d1db48730,False,False,False,False
6bd36c32182b0c1f,False,False,False,False
84f20951b5ef2d40,False,False,False,False
13e289b8580aba18,False,True,False,False
6052960f0d83d267,False,False,False,False
7553cfd1e9a515c8,True,True,True,True
df086967b1421366,False,False,False,False
7830665727a99591,False,True,False,False
c562dd5ced15e7ca,False,False,False,False
06aad7076f2911df,True,True,True,True
9121a5cdb87276b1,False,False,False,False
9f0cdcba05ddc1c8,False,False,False,False
51154c4c18d33200,False,False,False,False
59332d29fa2eb7ec,False,False,False,False
6f53dbe84a774fbc,False,False,False,False
456dffce298e3f46,False,False,False,False
5c69147fea09f36d,False,False,False,False
f1a3a38a5738ebe7,False,False,False,False
18de15856a923b54,False,False,False,False
5dc19573ae0c44bf,False,False,False,False
8f40afac360138d9,False,False,False,False
df79db8295f87194,False,True,False,False
2896b204e4aaa526,True,True,True,True
78a42e8cbea04058,False,True,False,False
fbba1396faf923fe,False,False,False,False
3ee427e61b5e2c29,False,False,False,False
439d0bbe2ffbd4c2,False,False,False,False
fb3abe24ca7ccbb5,False,False,False,False
f310798008870c2a,False,False,False,False
abab976469eb07be,False,False,False,False
38fa8b87e90c117c,False,False,False,False
8d73f4b30c816e74,False,False,False,False
89055604a781e3ff,False,False,False,False
8f5486532e687ed8,False,False,False,False
19b41357ffd74ca5,False,False,False,False
d28a1547d5b37359,False,True,False,False
ffb165ac234f24fd,False,True,False,False
584aa01fc4a10f81,False,False,False,False
1ff3f2203f4d4fdd,False,False,False,False
24d5af9b22e7995b,False,False,False,False
a4edc7ea3ee28b0d,False,False,False,False
e8cfd2454daff018,False,True,False,False
ab0ba43abfe58294,False,False,False,False
62193e4789ef0401,True,True,True,True
c602075638564c62,True,True,True,True
6295ca12143b560a,False,False,False,False
28c189b469c480b3,True,True,True,True
1111c5b722f77b0d,True,True,True,True
c5912b1a23c85b12,True,True,True,True
20f976caefc86a41,True,True,True,True
b3097e490e0e373f,True,True,True,True
cf19fc910cecb5d4,True,True,True,True
403bb566677bcd34,True,True,True,True
ed7add73816d6d1e,True,True,True,True
16600c0749680a7e,True,True,True,True
e6da1ee66c804581,True,True,True,True
1cf3f761454c3c09,True,True,True,True
0d746bb26e6a78c3,False,False,False,False
7fdef4e81bb9649c,False,False,False,False
9cbe9bff5d4ea97b,True,True,True,True
69a13dd1ab88a949,True,True,True,True
d334b201e9c00f38,True,True,True,True
2b5902b29bb872b2,True,True,True,True
c979bfc80aa5bffd,True,True,True,True
e94242e4d20f5faf,True,True,True,True
19e64782a478c2e0,True,True,True,True
2ae553ec56ff605d,True,True,True,True
1b28b803fa7bd38a,True,True,True,True
744a792e8257c647,True,True,False,False
17f8695a4694cacf,True,True,False,False
5e5dadf2d1d9c3a0,True,True,True,True
101bd6bf40ade2ef,True,True,True,True
223904778d15051f,True,True,True,True
d65275019c5ee069,True,True,True,True
9fb5ea58b983c8f6,True,True,True,True
2a08ebceb326abce,True,True,True,True
6430ec751ef78a30,True,True,True,True
e74fdc1de4ea1328,True,True,True,True
51da0725f1cb3827,True,True,True,True
6c8976ed066710c6,True,True,True,True
9a5c12f72041e4b3,True,True,True,True
601c42a1dbcd276c,True,True,True,True
9401a2871a985318,True,True,True,True
887b795b1b15daa9,True,True,True,True
994e22c2b3b05593,True,True,True,True
fc861800aa434395,True,True,True,True
1812cb3908989220,True,True,True,True
672ffb50ccb8cac4,True,True,True,True
7076095c5d86a43e,False,False,False,False
b53c8c918a9571a0,True,True,True,True
34d9f188097c05fe,True,True,True,True
a0d30a54250a761e,True,True,True,True
30d30dc8e746512a,True,True,True,True
47d88ccdf90f3b44,True,True,True,True
00b5cc79419d34cf,True,True,True,True
0eca27ca39060b3e,True,True,True,True
5921434a358d0330,True,True,True,True
1b6c5f3d8a411c8d,True,True,True,True
ce810328f7370842,True,True,True,True
3b3197d139d2a88b,True,True,True,True
72dc760b625e4f86,True,True,True,True
a486f6a6b5c64952,True,True,True,True
7f98719d86f3fc1c,True,True,True,True
8e1ff9a02d37bda5,True,True,True,True
bf0be0c95bea2038,True,True,True,True
7d0dbf13267e8fa4,True,True,True,True
c6e636538cfc224e,False,False,False,False
85dd523485db5560,False,False,False,False
1553500cf8dc8ce9,False,False,False,False
677522a45b2edb13,False,False,False,False
5fb438ee793668f5,False,False,False,False
058f52d4e74a8f0b,False,False,False,False
969b76d210891df4,False,False,False,False
8f60f32816e894e0,False,False,False,False
c43aa015041870fd,False,False,False,False
20da234c94c904a4,False,False,False,False
047c70bca5681224,False,False,False,False
9cccb0e2bbd49677,False,False,False,False
7990f4c58b3f8693,False,False,False,False
91fe53cca832b207,False,False,False,False
8ff9398d8f880e5b,False,False,False,False
9ce06fbfc954b1bf,False,True,False,False
b09523f20c86b001,False,False,False,False
db29804a14d57dae,False,True,False,False
3e8fd0255d68b760,False,True,False,False
6b78eb8ea135ee89,False,False,False,False
4b09b0e9e3d2e77b,False,True,False,False
24ab7c589a0b0e37,False,False,False,False
1963d684400d27a8,False,False,False,False
8381fac41e971373,False,False,False,False
19e7894dca774f5f,False,False,False,False
62d1f40d7ba67a69,False,False,False,False
63fe00f691bfca94,False,False,False,False
59f19d9e0c508718,False,False,False,False
09723ed5be628749,False,True,False,False
5a0517323f2db3b8,False,False,False,False
9716122fd326ff75,False,True,False,False
c4e6bc59165f6195,False,False,False,False
5ea7111155d6c2a7,False,False,False,False
6a4331ad894cc3cf,False,False,False,False
79b9d0b06f4ddd14,False,False,False,False
d2ee525892ded351,False,False,False,False
b97b914e09cd2ffa,False,False,False,False
dc47b3fa7ec58944,False,False,False,False
3e6db18d68ec1bba,False,False,False,False
009f9c6fd347bfbd,False,False,False,False
293b923cfc2369e8,False,True,False,False
da54e6296220c6c2,False,False,False,False
b33d262ed1cfbf34,False,False,False,False
e4d69d70aabe684d,False,False,False,False
204717ec0eb550b6,False,False,False,False
bddb0fccc396d633,False,True,False,False
daa3834125df0be7,False,False,True,True
c1dfeb90c1c5f19f,False,False,False,False
1e9058b04ce08c78,False,False,False,False
5b26af73f5594b31,True,False,False,False
b7960f6b65585955,False,False,False,False
d6392db7c6b73343,False,False,False,False
e81b9de2a945f956,True,True,True,True
08212db70cf9c792,False,True,False,False
cbf430236669a946,True,True,True,True
ef1f86465890df8b,True,True,True,True
99e0b5dd655034d2,False,False,False,False
87b0176a9efd6722,False,True,False,False
288ac940383939d0,False,True,False,False
81b513ca4bb1cd72,True,True,True,True
070fe67c905dd688,False,False,False,False
1afe0fa8e1de00c2,False,False,False,False
2b9d42a94ff53059,False,False,False,False
8ff91887e2b44b3c,False,False,False,False
5482a6fdbb4219ad,False,False,False,False
096df0ed6d1e21cd,False,True,False,False
49fe16168bbb7eec,True,True,True,True
3d5e9481ed28c99a,True,True,True,True
f88840ab802e1f58,True,False,False,False
b69a4385ecf688f2,False,False,False,False
ab0506347e794907,False,False,False,False
2a1d18a3163e1ecf,False,False,False,False
d72afc56b3d7deec,False,True,False,False
4d458f5a5287bedd,True,True,False,False
7c69a34ca89afd2d,False,False,False,False
636a64f551be07c2,True,True,False,False
e94d3937f20dda5b,True,True,False,False
348f977d98781595,True,True,False,False
3d1852d1bf455fcb,True,True,False,False
98c83811fed080aa,True,True,False,False
ac155b048745fe0c,True,True,False,False
9224e06453bf2100,True,True,False,False
77458574c3432f6a,True,True,False,False
68660fde799d2d35,True,True,False,False
e724acf4ea8bc9ed,True,True,False,False
af2d9e09f0147613,True,True,False,False
e13755b6dbda6b0d,True,True,False,False
b8e894dc1c1f0132,True,True,False,False
9f2990b088533b73,True,True,False,False
ec5f0714aa4b267e,True,True,False,False
ec25aaba84440f76,True,True,False,False
082adb833653d594,True,True,False,False
863daa70ad0f6188,True,True,False,False
0741253c27161fac,True,True,False,False
e9c1f39cec84a040,True,True,False,False
cf15940ca33e20a5,True,True,False,False
d9a69577a4c903ef,True,True,False,False
aabba858f6256b3b,True,True,False,False
79998abe24373fc5,True,True,False,False
507d322c41570dd2,True,True,False,False
986ce9de753b3c23,True,True,False,False
1b496560aff85d02,True,True,False,False
21b7b934978dc358,True,True,False,False
c0941a04aa64d608,True,True,False,False
d45afa2116400ffc,True,True,False,False
4b1b79cb3bf506f0,True,True,False,False
5bef62296371c854,True,True,False,False
81573ff7a2a80e75,True,True,False,False
716810c6cce0ee88,True,True,False,False
4f1bd9795780a671,True,True,False,False
9776ece314d49acd,True,True,False,False
6360fb6192ce9f2c,True,True,False,False
103203daf7b77f1a,True,True,False,False
a3f625e9f4559f70,True,True,False,False
a9b3d41281b22cf3,True,True,False,False
93466bed87c9a4a8,True,True,False,False
c1a7d68919897deb,True,True,False,False
e581136772ba2ded,True,True,False,False
282b0e238f1fa2c5,True,True,False,False
aaaeecbb76ab896a,True,True,False,False
e5d9100165c06ac0,True,True,False,False
6766c24c8d09fe75,True,True,False,False
549c1212f5ffcae9,True,True,False,False
7ecae1b7e4ed0536,True,True,False,False
9fc135e8a68571a6,True,True,False,False
332bd00c67782176,True,True,False,False
9f04c0b4e69bc7fd,True,True,False,False
7b4926963dd1ff71,True,True,False,False
5cdcfb01f4bd9019,True,True,False,False
c8a324da03dd28a5,True,True,False,False
0f0e506dd18d4278,True,True,False,False
a74610a72db68bc4,True,True,False,False
9681b6ca7d41bee5,True,True,False,False
9920c370ee598d92,True,True,False,False
fa8efcaeb8b8ba28,True,True,False,False
c9e22c830bd6f763,True,True,False,False
f7cc29bc300fd5e5,True,True,False,False
ad3987add3d7db71,True,True,False,False
22ea6e4f6cb5f4ea,True,True,False,False
2e020f2577afdb73,True,True,False,False
f40954891ff455c3,True,True,False,False
fddad0d4c51097eb,True,True,False,False
d0334d738e491622,True,True,False,False
4bfd092d544b25d0,True,True,False,False
d10f00300f2a8623,True,True,False,False
d963dfa19fd5d2cd,True,True,False,False
09cd06598ed64230,True,True,False,False
7d16df62ab11ca45,True,True,False,False
bb0fb9593a7a03de,True,True,False,False
fbea415bf914e141,True,True,False,False
17c4a621eaa58405,False,True,False,False
932dc1e4024a49e7,False,False,False,False
b543364684fcc488,False,False,False,False
0aa61b8996ad935b,False,False,False,False
a283477969554d18,True,True,True,True
808caac9967dfb2d,False,False,False,False
25224eab18303c68,False,False,False,False
026d9eaa14afd87e,False,False,False,False
9c386403a34efbeb,False,False,False,False
5c45c2220afa01c8,False,False,False,False
a8bec44355601566,False,False,False,False
3276f03caac545b6,False,False,False,False
69b929da5ee7d206,True,True,False,False
aa560c2196e7ee3f,False,False,False,False
b0a8c879fd875dec,False,False,False,False
883aaa79b04828c9,False,False,False,False
e3615d5a0985c5ac,False,False,False,False
40242f10754de94e,True,True,False,False
62b577b9a83554a5,False,True,False,False
63589a5379c1aee3,False,False,False,False
543a988a049d1418,True,False,True,True
5f9c4e1ee519ebcf,False,True,False,False
f399921512b61b7d,False,False,False,False
24d4d5f760c238b6,False,False,False,False
f8a984dceedfafda,False,False,False,False
b48875576b10aa37,True,True,True,True
a1c62f6ba720450c,False,False,False,False
89c29bb7d867e2a9,False,False,False,False
0b8e81e8d8ac1979,False,False,False,False
5bee613e61e24b56,False,False,False,False
c08e9583af977136,False,False,False,False
becac20b87b0c1d4,False,False,False,False
1018c41ced65633e,False,False,False,False
f11642b7b91624e0,False,True,False,False
4c817fe54d44fc1a,False,False,False,False
d053cbe1b55ea22c,False,False,False,False
16bec82c683d218a,False,False,False,False
1977e16788fce02f,False,False,False,False
2800f6d909644ecd,False,False,False,False
d299683095701913,False,False,False,False
0e7f61f4bb496503,True,True,True,True
decb77c8e0bae1c3,True,True,True,True
9ddfe4dae0533f76,False,True,False,False
2b3c6c9afd8d0f96,False,False,False,False
fa5d95dfd19ba4f4,False,False,False,False
bc1d22b7fad86e64,False,True,False,False
3763efe6ad3405af,False,False,False,False
9004d6c98e44c9d9,False,False,False,False
6adc53d32da66d0e,False,True,False,False
a0f1a7934e792d87,False,True,False,False
3c5f57669dd2fa64,False,False,False,False
7496fb35f3f2995f,False,True,False,False
065483f8e290f4e4,False,True,False,False
f9927ec7461744b9,False,True,False,False
6fefa0fc7eb32650,False,False,False,False
a4f6b46441aca688,False,True,False,False
a5c940027c2894f8,False,True,False,False
65cb2e72a9e6f620,False,True,False,False
665d84f22c2f18ad,False,True,False,False
c02d6a289315c5fd,False,True,False,False
ffb581debad38811,False,True,False,False
9ba63c68bef45901,False,True,False,False
5149292dec80ae07,False,False,False,False
6f05e627736b6239,False,True,False,False
82a0177a1bbe9e4c,False,True,False,False
51af4674065fb87e,False,False,False,False
5874712c617961f4,True,True,True,True
3fc7efe1d695ea14,False,True,False,False
5495b5c806c96068,False,False,False,False
8876037254dfeb09,False,True,False,False
21c83c538aa5da70,False,True,False,False
750e471123cbdf23,False,True,False,False
20b81bb7d14f0866,False,False,False,False
ff6aa576c51ea106,False,False,False,False
1e89d2fb540e11f4,False,False,False,False
77dbeb460918d647,False,False,False,False
93a60824c5048fc1,True,True,True,True
911136a9c50b75c0,False,False,False,False
ae36c609957f51a6,True,True,True,True
86f549670a1999e6,False,False,False,False
5df3eb425f9c9f26,False,False,False,False
40aee51bf82e41d3,True,True,True,True
050d1e000ebc9d28,False,False,False,False
322aeae21dfcee37,True,True,False,False
59ce8002f45e7446,False,True,False,False
50dcb0883b68a8c9,False,True,False,False
50a2a0642d3251e4,False,False,False,False
3ac74a6a48364cf0,False,False,False,False
305a250e1a8dea77,False,True,False,False
dc2f96dffe73469c,False,False,False,False
13d97f8bc6f978dd,False,True,False,False
21fc6fdf810c7260,False,True,False,False
2abb268bae050d18,False,False,False,False
28db6ce9bc2d8646,False,False,False,False
16c5c144ece9c4e8,True,True,True,True
d4c58798182f8153,False,False,False,False
fe56cee0a19cb6b8,True,True,True,True
13e7a12431b1027a,True,True,True,True
4cb3ad4e8ffe6c76,False,False,False,False
8aa4a08b1bab49d8,True,True,True,True
bb5cb44cc27c09d6,False,True,False,False
615cb611b1136e85,False,False,False,False
82698707c97fb537,False,True,False,False
2dd694d4efc81750,False,False,False,False
3178851d9227277f,False,False,False,False
37ac04e53f47e6c0,False,False,False,False
fe9afa24f58333a7,False,False,False,False
ce7022e4e03ce90c,False,False,False,False
168efc0e982804bc,False,False,False,False
1b65a8b133295d10,False,True,False,False
3f1b9a4b3a9a741a,False,False,False,False
5b8b4b94e5f7bc24,False,False,False,False
cad3651edcbbcb0e,False,False,False,False
aeaceb67ae245080,False,False,False,False
9e8080c24b1b45d9,False,True,False,False
9516edd08a4cc91e,False,False,False,False
4407a8ea6bd4ff79,False,False,False,False
ce94f2e14b27c549,False,False,False,False
f966fb08cae1bb42,False,True,False,False
22a73d19f238a292,False,False,False,False
34da99b0c54aa552,False,True,False,False
82f2d37ca76733d7,False,False,False,False
e755d85c5ab894fa,False,False,False,False
b97c4a1721c1b990,False,False,False,False
9450cdf5daaf1593,False,False,False,False
d9dacddfb20c8985,False,False,False,False
95c35415ad9dc5de,False,False,False,False
43cb6e1bfd97687e,False,False,False,False
d6122e528fff97f8,False,False,False,False
17dbe67e28606344,False,False,False,False
c32550c2aca2d62c,False,False,True,True
337f731acb1a4516,False,False,False,False
2851538de39df616,False,False,False,False
5f85b392b105810c,False,True,False,False
483ec1f21f9250ce,False,True,False,False
14eeea72c2308714,False,False,False,False
8142e4dc77bcb9f1,False,False,False,False
7447403bc27dd14c,True,True,True,True
614ba579865bd018,False,False,False,False
581003c70ab8397f,False,False,False,False
f145748cc6dbed30,False,True,False,False
b8b5a77caadb41e4,False,True,False,False
81b567a87f28316b,False,False,False,False
0e1deb0c738391d1,False,False,False,False
233d58c92a104f44,False,False,False,False
6c47c0ffbb5d07d2,False,False,False,False
73dc39974871c034,False,False,False,False
4cb5617955a5fe30,False,False,False,False
c7fb71e7ab976c99,False,False,False,False
920a096ddb7ffe11,True,True,False,False
b5f1d488228d0c21,False,True,False,False
3230193744b65e4c,False,False,False,False
5f58190f96f918cd,False,True,False,False
9b76186b127ea094,False,True,False,False
7de290e178d791e6,True,True,True,True
aaa6e69d362b55d9,False,False,False,False
5f0fb350c59e8fd6,False,False,False,False
db926beb46e8fb57,False,False,False,False
8f72d7d86421aba1,False,False,False,False
c02cae731ff0537f,False,False,False,False
53d9b0d244c66a80,False,True,False,False
52ec79bb042cdbc6,False,False,False,False
aee23620fa4472bb,False,False,False,False
563bd7840a820046,False,False,False,False
a6dffaa4cd039c7e,True,True,True,True
4568284ba3358415,False,False,False,False
36bd12203da1937a,False,False,False,False
7d7336c4408f2303,False,False,False,False
92a6864b9154f427,False,False,False,False
a1cedef593b7cdd4,False,False,False,False
359e093171303a67,False,True,False,False
b1ceac799d3f3460,False,False,False,False
c231b8791b804e95,False,False,False,False
816c4685a51af645,False,False,False,False
fc1af4003fa1d9e0,False,True,False,False
613bfd6045380fba,False,True,False,False
8b0b26851c278cf1,False,False,False,False
bba008c8fdd9ad43,False,False,False,False
695fee303aa647dd,False,False,False,False
e13e8123bb196e3e,False,False,False,False
b8e3a1ceea070f18,False,False,False,False
4169d08ae0c9c27b,False,False,False,False
caa61b6aca433092,False,False,False,False
cdd8277fcf177c9d,False,False,False,False
3b6b516df3f4e053,False,False,False,False
f5af73e12991aee1,True,True,False,False
8b29fb160b8f4849,False,True,False,False
611f2e5bd57cc809,False,True,False,False
2a88ba970319e67c,False,True,False,False
bc2c290f456c257e,False,True,False,False
2606e8f49cab6055,False,True,False,False
144d78802de3b070,False,True,False,False
6c46156845439354,False,False,False,False
e8c73d70dae8ff6d,False,False,False,False
9dd3ce577151ea62,False,False,True,True
95200ccbb3e2ed00,False,False,False,False
319c24b85d6f8773,True,True,True,True
62af6bb6842fbd7d,True,True,True,True
0f870c5fb2f71ed6,True,True,True,True
c6673318e378992f,True,True,True,True
e66fe2717685e710,True,True,True,True
00174019304032f3,False,True,False,False
663c4e7674e471b8,False,True,False,False
e47da1cfc493707e,True,False,False,False
5dfd39d7b159dc9b,False,True,False,False
c37f594859f1569b,False,False,False,False
9caf82355611da39,False,False,False,False
4f11221ab9e7cf8a,False,False,False,False
d695013fc1218bec,False,False,False,False
f1aa4326765e605f,False,False,False,False
2cba461cd59f4859,False,False,False,False
315b95c2e4d2ed65,True,True,True,True
3921ca92e1e2d363,False,False,False,False
ab60d845f5c1f171,False,False,False,False
979669ceeb11184c,False,True,False,False
55f39d1d3cd2fb2d,False,True,False,False
3ed0e22a806cfb6c,False,False,False,False
0a7765836e417414,False,False,False,False
2738f2360967c184,False,False,False,False
a45ce38114bf9dde,False,False,False,False
faf215dd8fb3859e,False,False,False,False
6991e2c933071360,False,False,False,False
896b1b7c29922d93,False,True,False,False
62aefe34f7e88ccc,True,True,True,True
875c008b04201bb8,False,True,False,False
43ff30c20c08f07a,False,False,False,False
43abf0194a31c299,True,True,True,True
8340119dcfde18eb,False,True,False,False
1c3fdd5dd8c5a4d6,False,True,False,False
820287883c68c424,False,True,False,False
f5613c05360656b2,False,False,False,False
e6f1df22c25767ab,False,False,False,False
a5958ccc9c13a7dd,False,False,False,False
64923015ffa25103,False,False,False,False
8c901640a30911f1,True,True,True,True
0d90c62a113259e3,False,False,False,False
94176e90f661ad51,False,False,False,False
71cbf6d3b8e9244e,False,True,False,False
7d13275ff8079960,False,False,False,False
f97c3f670f6a91cb,False,True,False,False
9a488edead62c28f,False,True,False,False
0b48a05bd4bf6727,False,False,False,False
0073d46e43b727af,False,False,False,False
99ebd938594d2fa5,True,True,True,True
ee625fbfaab90ea5,False,False,False,False
5557cc3f6af22a85,False,False,False,False
0829befece3571e3,False,False,False,False
9dc07f4c39d24c75,False,False,False,False
54d742913dbb24e5,False,False,False,False
d7d59c74d9806d61,False,False,False,False
c8860f1cb8700d48,False,False,False,False
ef55ce7e1d126a8b,False,False,False,False
561ec1e8757c052d,False,False,False,False
75044e1bed0fa698,False,False,False,False
3025975ec81e2f36,False,False,False,False
a00deb440367fae0,False,False,False,False
d06039e238bd4bd4,True,True,True,True
44fad7d94c473a3c,True,True,True,True
b3d158ae4b98da5c,True,True,True,True
09e80455887f7653,True,True,True,True
69fb07a8add6a057,True,True,True,True
a4f4ce45504fe819,True,True,True,True
08a21c8ba13c7998,True,True,True,True
3bdf289e53e5f39f,True,True,True,True
5e899d5829fb46d3,True,True,True,True
28e5148fb95a3c89,True,True,False,False
0b0d6df7d2837613,False,False,False,False
641a4cece6de30b5,False,False,False,False
0076c0ba57b4c5e8,True,True,True,True
4e08ce73039e72b6,True,True,True,True
c2683ae5feb88271,False,False,False,False
3cade5cffc9183be,False,False,False,False
01772da2b960aad2,True,True,True,True
0a2f040f104db8b1,False,False,False,False
6549dc7d2141af8f,False,True,False,False
1780f4fe62df0981,False,False,False,False
1879010034022a44,False,False,False,False
59a06756595c1e65,False,False,False,False
d445318ec933e7c4,False,False,False,False
d338441cc03a3779,False,False,False,False
579b599fa0e6162f,False,False,False,False
a161cb68b9989d8e,True,True,True,True
affe168403162f96,False,False,False,False
fd47d67a11dc8d71,False,True,False,False
c288de5cd8c05734,False,False,False,False
f79c28b017c06ce8,False,False,False,False
a2baf98f20d51072,True,True,True,True
4d30c08108d8c653,True,True,True,True
e72808236e9c7dc3,False,False,False,False
601c7ea32af7837c,False,False,False,False
3edf9e1943c51f19,False,True,False,False
42ba91a65c103e0e,False,False,False,False
a12f80429ca87d8b,False,True,False,False
e397b185bc6e3818,False,False,False,False
c4c083c5e916574f,False,False,False,False
483241198c67c4e4,False,False,False,False
945ad00806a35235,False,True,False,False
f45b2636898a859a,True,True,True,True
3f315b9eed32c938,False,False,False,False
c7f696c84e8570d7,True,True,True,True
801c123157ff3072,False,False,False,False
e809d9cb702c335c,False,False,False,False
f1919d1cf0e90a38,False,True,False,False
4f5d9d9bea53a534,False,True,False,False
dac335ef545c32e4,False,False,False,False
08991afe1b1d27b7,False,False,False,False
034afcdb33ca12d4,False,False,False,False
fbbdc869f1fbb319,False,False,False,False
abcdf914f5dc1eda,False,False,False,False
4ab3752211051a30,False,False,False,False
42ee9f237770aa2a,False,False,False,False
8bd1806efb8a0ee7,False,False,False,False
6b99e6078a01998a,False,False,False,False
fa3b7e9accd24ed5,False,False,False,False
97b713be2012197f,True,False,True,True
e44d8991fcb9b4d1,False,True,False,False
86a8ddfc4dc730c7,False,False,False,False
bc0d24ddc9979e8b,True,True,False,False
1559b4d88d157337,False,False,False,False
6e667d9c7fb05be0,True,False,False,False
d609beabde78f43b,False,False,False,False
b687a19e005a49da,True,True,True,True
7b576cd3adf80b3f,False,False,False,False
e2dd10bf0c0f4200,False,True,False,False
91d9fb6b937472ba,False,False,False,False
79dc616cc71c0e77,False,False,False,False
09df2c870777954d,False,False,False,False
76f381abb0534dec,False,False,False,False
81db842bdfff3a3d,False,True,False,False
8cb69fbcf50daca7,False,True,False,False
5ee99de3c01a19f4,False,True,False,False
11e3e9876c4dd05a,False,True,False,False
1fdc193f6644af7c,False,True,False,False
650c8ec97391b69d,False,True,False,False
c340725621bf2249,False,True,False,False
2030fd1c034e780b,False,True,False,False
e40951d48b9c35df,False,True,False,False
608e25a130fbcf18,False,True,False,False
cb596de3ca63c83a,False,True,False,False
73e5153c0882b3ab,False,True,False,False
2051aa391d75f3af,False,False,False,False
f095f03ff1e18a41,False,False,False,False
aad997e9ba9af9de,False,True,False,False
beeee6b73fe87b4d,False,True,False,False
bf35922313142b2d,False,False,False,False
a69464050a7c42bc,False,False,False,False
98c7a79319e99e48,False,True,False,False
97d9dda3af40ae61,False,False,False,False
00c360dae433c463,False,True,False,False
db27267f4b746898,False,True,False,False
13d31c0e9e561a7c,False,True,False,False
8264ae356e94bea4,False,True,False,False
437cc2bdcba6a7b0,False,True,False,False
905e8f757f31fb7f,False,True,False,False
48fdc5dd20c3dc67,False,True,False,False
c4899c863cab2d7d,False,True,False,False
d9b2ea63332223dd,False,False,False,False
bc0e92bf78b1a74e,False,True,False,False
81367c9775610515,False,False,False,False
99e16f67cf955127,False,False,False,False
2ef68c1c06c424db,False,False,False,False
28be6baf98cf923d,False,True,False,False
046750ff67622d41,False,True,False,False
31e2b58a8686f015,False,False,False,False
f3b86aa3f8cba2be,False,True,False,False
4080eac299077a95,False,True,False,False
ff0cd9bcc3e68166,False,True,False,False
f3753ee6a3cfc187,False,True,False,False
9671d30ee303991d,False,True,False,False
7c89ed251ffe803b,False,False,False,False
2743440482b9fa6f,False,True,False,False
57d624832a0a6bf4,False,False,False,False
119cc88c7eb4578d,False,False,False,False
4e6d8f9ff2c21c7e,False,False,False,False
207f7f406f7fef83,False,False,False,False
6c1906da7179e3bb,False,False,False,False
0b6f05bda4ef7deb,False,False,False,False
62b98d1e7520cdf5,False,True,False,False
d31634d589131954,False,False,False,False
12e542b025276428,False,False,False,False
1e00d4a48f94ea8e,False,True,False,False
d67825c47686f619,False,True,False,False
fcac50a335272bcd,False,True,False,False
f2dbc938ac22d64f,False,False,False,False
9ad874595d9969e8,False,False,False,False
5d43313e83c27910,False,False,False,False
ff7da34a86a00893,False,True,False,False
eb0828b6152c7c9c,False,False,False,False
47a21ce2f53b80da,False,True,False,False
60cbbf22d362347e,False,False,False,False
6733a2b0e97ad6c2,False,False,False,False
658139c35e9143a4,True,True,False,False
cc2d7a1644e8d769,False,True,False,False
269c0ed969a66087,False,True,False,False
dbcf0b9addc8d3fb,False,False,False,False
e7560d4f22e8973e,False,True,False,False
3e7487d260692446,False,True,False,False
594876f30b80c515,False,False,False,False
6fc8082c4211b10e,False,False,False,False
cb9b5126aa0432af,False,True,False,False
21f07afab3f6bedc,False,False,False,False
914105526375fcfe,False,True,False,False
8c673135df86336c,False,False,False,False
61704f5ee3105fcf,False,False,False,False
81fd329749cb68e1,False,True,False,False
440a884ad3835032,False,True,False,False
dfbf9688a6880d3f,False,True,False,False
02114fe7c99009b4,False,True,False,False
cf286e2fc1e82f51,False,True,False,False
b7baf145b6029872,False,True,False,False
6ff17f65a64b9bc7,False,True,False,False
d247b87af0199742,False,True,False,False
b61b4720fc804995,False,True,False,False
d9a98a993803b050,False,True,False,False
0409420f152d59b6,False,True,False,False
c243cb24e60663ce,False,True,False,False
8c165d62a7ce1f6f,False,True,False,False
eafaa55f86cbfb6f,False,True,False,False
ca39a17956399b0a,False,True,False,False
be7baeebec959bf1,False,True,False,False
a54578684619d33b,False,True,False,False
5397b9ff8161e127,False,True,False,False
0d751038cea3a67a,False,True,False,False
3c15ac10f53b88f9,False,True,False,False
4935fd0a632074dd,False,True,False,False
b14f22fd2ebc24e6,False,True,False,False
cfa8176748fd81a5,False,True,False,False
70d9f5f37c3333ce,False,True,False,False
2b3560e27841dcba,False,True,False,False
4b39a29c7fcdefd2,False,True,False,False
8d0d80933ea269f0,False,True,False,False
a7d597b3381cf66d,False,True,False,False
be5b3213875998ef,False,True,False,False
380b5f4e8490010b,False,True,False,False
de600ee6f66dbd7b,False,True,False,False
992bea29cbfce231,False,True,False,False
85e54db3320884fe,False,True,False,False
c8d59ddb24eb1d35,False,True,False,False
f188e44242d7fdbc,False,True,False,False
9af4fbfa60f226ec,False,True,False,False
6847ef5a546f2fd8,False,True,False,False
b2da04fdbb6994f8,False,True,False,False
a7549febd0db38b2,False,True,False,False
7095b8a3025a640a,False,True,False,False
45f43919f10273b6,False,True,False,False
c3da9c85e07595ea,False,True,False,False
e5096676f5dfd54e,False,True,False,False
f5f0833e753ba057,False,True,False,False
98b9118801e85290,False,True,False,False
f71deb129c1a0c00,False,True,False,False
d928d1fb28912368,False,True,False,False
7fce742e3a6e086e,False,False,False,False
980551418259e640,False,False,False,False
c660bb2d61a925a1,False,False,False,False
692bb80fd1443608,False,False,False,False
514b37285458f0f1,False,False,False,False
6bf66fe938d368ae,False,False,False,False
4884efa5eb858611,False,True,False,False
350625020250df47,False,False,False,False
04f701cf7a0cfd00,False,False,False,False
219e3c7ca8502619,False,False,False,False
e531ada47b4bb878,False,True,False,False
c34d46e548a1c9eb,False,False,False,False
7e0b509aea02e692,False,True,False,False
29e3e0e6541b3e94,False,False,False,False
8ae5f6c3da93a5ef,True,True,False,False
ef163d24748e865f,False,False,False,False
6029ef1bd900dad7,False,False,False,False
3087dfcc15a0ea83,False,True,False,False
1f58bcd4633fee12,False,False,False,False
69ef0a29f78e47ff,False,False,False,False
fd46d1aeeb6b49a2,False,True,False,False
d0e1cb48ba692519,False,True,False,False
78b7a08200a4b71a,False,True,False,False
1504f0c86f195535,False,False,False,False
f01ca7d22261a137,False,True,False,False
fea19ef417d92670,False,False,False,False
325ba0d7dc248db1,False,False,False,False
dc3d0c11a5e0db57,False,True,False,False
a490f0bc019a68fd,False,False,False,False
f19dc188d70c9ea0,False,False,False,False
c69068cb803db6fa,False,False,False,False
fde72518a9b7d8f4,False,False,False,False
059f32be988dc416,False,False,False,False
a7598524716ea8a6,False,False,False,False
ecd336f9bdf9259e,False,False,False,False
b865cf077b6c940e,False,False,False,False
1e56af9c068598f5,False,False,False,False
301105a35442d059,False,False,False,False
59f8f2a33ac4b401,False,False,False,False
3473db00893cb1da,False,False,False,False
b06458e8e70b59bc,False,False,False,False
2dfbac6846d828f8,False,False,False,False
6c033d70486ee305,False,True,False,False
cdb7f811e16dff79,False,False,False,False
0aeffe7de2789885,False,False,False,False
5b2afa840bb259f0,False,False,False,False
24261f669ba44882,False,True,False,False
0b2d97ebd9cbca87,False,False,False,False
fc501767071278aa,False,False,False,False
2b00506c80a51a9c,False,False,False,False
ce29a1043ebbe278,False,False,False,False
e0fc3a35b926bc2c,False,False,False,False
f701f78679f3f5ab,False,False,False,False
2b093a8273fb40d2,False,False,False,False
980a2451b2216d66,True,True,False,False
3ce48c09e8065dbd,True,True,False,False
936d205e0e4a463b,False,False,False,False
a96fe3f678a314f3,True,True,True,True
70b8e23589b4e582,False,False,False,False
dea686f6ae3a0cd3,False,True,False,False
7af638253b54e327,False,False,False,False
81a062283acbd9a8,False,True,False,False
764ad7d9f4d27c15,False,False,False,False
5b47be1feecd2184,False,False,False,False
0ce838d8c0f415c2,False,False,False,False
e9d2e1f5fc046228,False,False,False,False
5ac41a09637e6a27,False,True,False,False
eb91f3e66532a289,False,False,False,False
10639f7671391fd2,False,False,False,False
251882aeb753f480,False,False,False,False
76576a4493a741af,False,False,False,False
8cc294a5d5383868,False,False,False,False
3bf7436c4a800119,False,False,False,False
d18ffc6dc2504c68,False,False,False,False
89a6c3eac5b89676,False,False,False,False
c883a9d8ac3bb609,False,False,False,False
13eeac4e6b81d627,False,False,False,False
8416d844c3588487,False,True,False,False
da4a2599b19b3639,False,True,False,False
737166f4a6c20682,False,False,False,False
686f416f9d231f34,False,False,False,False
2c8177418c652e4a,False,False,False,False
c6b2f4e23953f9af,False,False,False,False
0a8a4058365539f0,False,False,False,False
6bf31a4e8348bf92,False,False,False,False
dc341f75d1c8a53c,False,False,False,False
2ea4517f1997b9e7,False,False,False,False
0ebe8d5dd79d511b,False,False,False,False
bf809dcf25d157ee,False,False,False,False
1dd2dba84189a250,False,True,False,False
1ca557ade47818a1,False,False,False,False
23746c114d4a0759,False,False,False,False
a2015091b7ffaf3a,False,False,False,False
3f7f4dc7aa7b7fd0,False,False,False,False
41dbad7b8670078f,False,False,False,False
deb3605bda25f3f4,False,True,False,False
b5b24e749ccc3441,False,False,False,False
dd5972c20b88d16d,False,True,False,False
2abe3071b7b1e464,False,False,False,False
029fea41ffd955bd,False,False,False,False
36e64a7007276568,False,False,False,False
661876b9e82af6c3,False,False,False,False
10dda6dbdd942b6f,False,False,False,False
ab46bae9d8a9d1b0,False,False,False,False
277efbd333918e4e,False,False,False,False
16ac419c6282fa8c,False,False,False,False
c5dcf0ae76d12a40,False,False,False,False
702c88a3f3ebd892,False,False,False,False
6843b364dd9235ae,False,False,False,False
70a1b86bdac39f8d,False,False,False,False
cd8f8ca924eacddd,False,False,False,False
c858299e5dfd765c,False,False,False,False
eb73f802a4588cbf,False,False,False,False
5a8bd93c7de3295e,False,False,False,False
1017affd0abf63ba,False,False,False,False
4944704d55c2c77d,False,False,False,False
e4f8c3e99f107961,False,False,False,False
366620b49e93bcb1,False,False,False,False
b462e69c2eeb4dac,False,False,False,False
86b674a7ecdfd8dd,False,False,False,False
961a5b03db02feaf,False,False,False,False
1f95812b9f82dd88,False,False,False,False
bcd84e1a63c7b80f,False,False,False,False
daca5c5e71b34869,False,False,False,False
aba01cc08f0bb87c,False,False,False,False
0253e5f715670d01,False,False,False,False
c18ebe5422ed88ae,False,False,False,False
2a7561117a20c6e3,False,True,False,False
f067184415c995df,False,False,False,False
e9129f880151f289,False,True,False,False
86a4665975b3da5b,False,True,False,False
11bdc0430a813194,False,True,False,False
22c5503895b801e8,False,True,False,False
a835b0da7c0d0e54,False,True,False,False
81f809f7dcc72c85,False,False,False,False
407d1f7af7e87c8f,False,False,False,False
8ffb9eb6c9e919b1,False,False,False,False
6a9c2a551cd3820c,False,False,False,False
4c6b01c524cb6a49,False,False,False,False
ab4b35edd82976c8,False,False,False,False
9e5629af7400d070,False,False,False,False
81cd07099623e0fd,False,False,False,False
7164075d511bd6a6,False,False,False,False
928b100689fa8d28,False,False,False,False
7585876df1245933,False,True,False,False
5a66ace12bc3a6d9,False,True,False,False
e0edc13f55fcb1d5,False,True,False,False
5785ad71363fb726,False,True,False,False
f8bdc25e88f6028b,False,True,False,False
0c49351c2c54bc54,False,True,False,False
fe4900a4c8e4f224,False,False,False,False
27e750c1c543a641,False,True,False,False
15c3b26086274b6a,False,True,False,False
ada6858575f8cedd,True,True,True,True
63b3c40d52f9d12d,False,False,False,False
e5596314e5f0ef32,False,False,False,False
acf73c2c75c82ea4,False,True,False,False
368e95b088363fa3,False,False,False,False
8c8b46dea3045a52,True,True,False,False
72179cbd77c61ae1,False,False,False,False
20ba820ed57cb664,False,False,False,False
334df24bdfc508e4,False,False,False,False
2957a48a8407952e,False,False,False,False
86750c42fd00d669,False,False,False,False
a9fd6f268e773ce5,False,False,False,False
1009172486b95960,False,False,False,False
bfdeb612aa6f49d6,False,False,False,False
6aebb913d2acda61,False,False,False,False
306c20515b4133ea,False,False,False,False
1ea5447e6f5db9fc,False,False,False,False
f0fe509fc4274bd1,False,True,False,False
3787c826c508f8cd,False,False,False,False
28042f4dcabee525,False,False,False,False
4e77bda6107b8949,False,False,False,False
66f5ea534fa8add2,False,True,False,False
46415aec12a51c9c,False,True,False,False
af65e8cd2c2745e3,False,True,False,False
7420cad0dc429485,False,True,False,False
9c6c5fc6b1424e38,False,True,False,False
4a90d497d04a3f64,False,True,False,False
1f12868d7e23ca6a,False,False,False,False
169674da3b806b3d,False,True,False,False
657edf6753c03420,False,False,False,False
08e4126d486a8b9f,False,False,False,False
c2fcddde1140e6f6,False,True,False,False
a9978319730c0768,False,True,False,False
4f74de5159f5b464,False,True,False,False
63879470cd66cc83,False,True,False,False
231f1606b033c70c,False,True,False,False
6c53bf313e9ca4d0,False,True,False,False
03c8cc2f667d1fd7,False,True,False,False
0b34979d9daabc4b,False,True,False,False
a629ed18fe47f89e,False,True,False,False
6bb8e7a7ac1d11bb,False,True,False,False
98a9a60543f7a3c3,False,True,False,False
bb7b11ad4311314f,False,True,False,False
b35590c2134c4c28,False,True,False,False
d8815385ba80937d,False,True,False,False
94bd89270437b1cb,False,True,False,False
58cbbc87b6311e7c,False,True,False,False
3b7f752056ce33d9,False,True,False,False
09bf323c4b557541,False,True,False,False
6.91923E+15,False,True,False,False
1c687f3d7d1a74ec,False,True,False,False
dd4171720f9b08e2,False,True,False,False
594c82e88306b3c1,False,True,False,False
c1174eb57a8ea040,False,True,False,False
7371485b53dac811,False,True,False,False
543f870799dda5c0,False,True,False,False
e21cff5540c25a98,False,True,False,False
93b06c1134bb9076,False,True,False,False
eeec4c577771e6ff,False,True,False,False
f8434ebf52aeefbe,False,False,False,False
72ea1174e67b0938,False,True,False,False
bad66023f22ff131,False,False,False,False
968f4dd414f55cac,False,False,False,False
6a40b0a4c1611d68,False,False,False,False
f8098a4b06c4d820,False,False,False,False
993dada4e8358a2d,False,True,False,False
7a27d128a1f54fd5,False,True,False,False
00e9fc03f4265865,False,True,False,False
38f5a98a7525a043,False,True,False,False
20513e21c19cd0b1,False,True,False,False
f0c8ec31cfff5006,False,True,False,False
de0676aa00a0cdd9,False,False,False,False
a5d9b77eb673dda1,False,False,False,False
be7d22c252cf9135,False,False,False,False
ec5d197aa3b77a19,False,True,False,False
573b8a4b9c98654b,False,False,False,False
b175986f72451126,False,False,False,False
57314272f7de4cc6,False,False,False,False
aa6f8d29023936d6,False,False,False,False
d6300f7062563c03,False,True,False,False
6b9ce38f936849d6,False,False,False,False
8cfdb60d2d4595de,False,False,False,False
7f70330c05e47e92,False,False,False,False
cd010d6b425cf76e,False,False,False,False
2aba0a26a7d407b5,False,False,False,False
793906d4e557a163,False,True,False,False
0e6dad18338f8c9b,False,False,False,False
cac0fc46b3c8f61a,False,False,False,False
316187da031ce482,False,True,False,False
f83c9d76b31d710d,False,True,False,False
4f1d4d5af8829a1c,False,False,False,False
106b6b8d0a2dad3c,True,False,True,True
4c65b99e023cf43a,False,True,False,False
1ed375e60da0b3d1,False,False,False,False
846c80cb2809615a,False,False,False,False
ca66409dea173356,False,False,False,False
c95eb489758fbbcf,False,False,False,False
e72352f6b599cf0d,False,True,False,False
442fd877d1d5f94a,False,False,False,False
5eaa5d4f632aa4ad,False,True,False,False
5c392e92d26e3478,False,True,False,False
269e526632266957,False,True,False,False
189d2f5951a9697b,False,True,False,False
2221378f5739f4d4,False,True,False,False
1efe0e6615ed41e5,False,True,False,False
31d6c46505613004,False,True,False,False
6b887abae52ac701,False,True,False,False
9875570018868aa7,False,True,False,False
3ec79a486507c9a6,False,False,False,False
9fc7b1de61029cb7,False,False,False,False
1714e4d37abf8261,False,False,False,False
4a5493337ffc7896,False,True,False,False
28199e678b986a4b,False,False,False,False
d881d042eb57c48c,False,False,False,False
70965a0237ee7c8a,False,False,False,False
6e4497df9eef3e5b,False,False,False,False
421e78600e961c32,False,False,False,False
beaf651929b9ad76,False,False,False,False
53ea5596dff57186,False,False,False,False
5953596ea6706d53,False,True,False,False
3ac7a1c203e6456f,False,True,False,False
d26ba3b0fe3c770f,False,False,False,False
b2b44043b3c9c67d,False,False,False,False
01d84df2f8e65595,False,True,False,False
aec647f95dcaa145,False,False,False,False
7edc61323b5c5ea8,True,True,True,True
13638315c5ba17fd,False,False,False,False
4bdebdb2b21677e7,False,False,False,False
6850f653462fa745,False,False,False,False
e0d3594fc912674e,False,False,False,False
2b885684468feb4e,False,False,False,False
c7fa8883d7cdbd07,False,False,False,False
6c70974815171f4f,False,False,False,False
07f18ed639310a86,False,False,False,False
7f2003a2ce6ff26f,True,True,False,False
fcd253292449daa8,False,False,False,False
2431028ce32a1ade,False,False,False,False
96e62e562238f053,False,False,False,False
dbc5c6d2ad785e9f,False,False,False,False
f9764b3de75b457b,False,True,False,False
4b393407caf58720,False,True,False,False
5624d9ac41590db0,True,True,True,True
5a156001c119c3b0,False,True,False,False
6a6a210d2c84b689,False,False,False,False
5f9b444c44d78187,False,False,False,False
a6cc9a26755480fe,False,False,False,False
f160766f5ea33239,False,False,False,False
eb5f5db209e8b5a1,False,False,False,False
35f27140c0c83756,False,False,False,False
fa39c359a78063d9,False,True,False,False
642a6535ef7c8e62,False,False,False,False
9cab87bb938841b8,False,False,False,False
eeefab285f89e562,False,False,False,False
be1ca7c0d572d9fe,False,False,False,False
8034ba0a625880b7,False,True,False,False
ce28387a90ea413a,False,False,False,False
75baa4dd2c12f782,False,False,False,False
f1696f147c485651,False,True,False,False
c4c7bccb5f4521d7,False,False,False,False
bbfc6aa5f4e90233,False,False,False,False
13b742d3b79fdf86,False,False,False,False
02a62b68a1d202f9,False,True,False,False
3e17d25853280582,False,True,False,False
e071e190055916b8,False,True,False,False
0af65adfb8538dc0,False,False,False,False
5c2fd9fa7be87ec6,False,True,False,False
180d01693260b57c,False,False,False,False
6534fdc527eb47dc,False,False,False,False
2d9f34d5177c25df,False,True,False,False
674abc25e44b8bbe,False,True,False,False
64e03c29eb7f4c52,False,True,False,False
022ff4235cf74af4,False,True,False,False
41288a8efd6998c5,False,False,False,False
9c9c971894fea4e9,False,False,False,False
e194e16eb3f9d44f,False,False,False,False
6357ec41ecab81e5,False,False,False,False
5e8f0aa36fe1e7be,False,False,False,False
0278a76036af8f8f,False,True,False,False
8a4d5606e030cb39,False,False,False,False
57e2a659366bd42f,False,False,False,False
2b2514dd6cba2de9,False,False,False,False
61aec035f2d469a5,False,False,False,False
f3ff923e3f97c85f,False,False,False,False
acf1124c0d105103,False,False,False,False
6df47e5a53ede987,False,False,False,False
973b7d7034eff10d,False,False,False,False
814e881481890b42,False,False,False,False
2e29cb6be9b5b7f5,False,False,False,False
c8b6c226c22825a2,False,False,False,False
157168e93a972546,False,False,False,False
ca95da78ee157897,False,False,False,False
bb8c95ce68a7b19e,False,False,False,False
b5b4c6cf51411dc6,False,True,False,False
e861e94bf621c648,False,True,False,False
e512bae4fbe3e534,False,True,False,False
72668a4132d8bffe,False,True,False,False
4d814aa3c0b244ce,False,True,False,False
293d76eb7b875c64,False,False,False,False
a1bf495266ee2104,False,False,False,False
5d319d1a5a125a81,False,False,False,False
9ded6ca5565ace22,False,False,False,False
986bca090172be43,False,False,False,False
084e7cc2892cef66,False,False,False,False
54a01f14b248874b,False,True,False,False
76debbff8c23bca5,False,True,False,False
fefe5b4cda46c0fb,False,True,False,False
1d60876ad22ad070,False,True,False,False
2edfc19068a83bf9,False,True,False,False
acf87c1227581b9c,False,True,False,False
ce62c5047987be8a,False,False,False,False
22a18885b017349e,False,False,False,False
9014cd8d3aa567fd,False,False,False,False
dda83da6a0dc2081,False,False,False,False
3640979aa1cf3bf0,False,True,False,False
22c3bf575b367581,False,True,False,False
d18117d36af6fcef,False,True,False,False
54bba374cdf8c04f,False,False,False,False
7d5bfcff5e52f0bc,False,True,False,False
db6ba017a8f6a658,False,False,False,False
779b14b82c7a533e,False,False,False,False
490cb57a403f34ba,False,False,False,False
4db5a2909863227b,False,False,False,False
fdf6274b81ae1e63,False,False,False,False
50d5d9fa1beb4ce5,False,False,False,False
91a5d9e4addf8486,False,False,False,False
ff225776672f02c5,False,False,False,False
e19259a164ece5cb,True,False,False,False
39c516de444d8bfa,False,False,False,False
d58896464337df3f,False,False,False,False
97a0ffbb8db5f638,False,False,False,False
ae213986f3c1fa5e,False,False,False,False
9dc9747c229cd39a,False,False,False,False
d438cbdcd41afff9,False,False,False,False
6ea4f51de2e17fc5,False,False,False,False
cb9879607709ffe9,False,False,False,False
8ec6dc72d16b952f,False,True,False,False
912ac4260e32f704,False,False,False,False
a85f7342dc8e8c95,False,True,False,False
48e5246cf345de92,False,True,False,False
4d02b3b8e3eb044b,False,True,False,False
83789dd5791c8f52,False,True,False,False
f8dd3e89297b1341,False,False,False,False
c46b3cd8742c8b14,False,True,False,False
8078d2f33711556f,False,False,False,False
90244d0b48bbf7e6,False,False,False,False
0b3d0560951ae396,False,False,False,False
c1da7d571814b8f1,False,False,False,False
fda94517b456af50,False,False,False,False
0b610e7010131a28,False,False,False,False
d3b12289b1a80fac,False,True,False,False
ffedb48748167e37,False,False,False,False
bcf87fb1085e1333,False,False,False,False
7ff33307922fe8fd,False,True,False,False
d69ba7b11b339243,False,True,False,False
0e8f64df30656458,False,False,False,False
5b89284cbeb543e1,False,True,False,False
90487ed2b34ff789,False,False,False,False
5bdc04cef5f3c967,False,False,False,False
3ad19700cfaddb70,False,True,False,False
8b1c84c4244bc89a,False,False,False,False
22f2580ecb79a8eb,False,False,False,False
a983b23b40055baa,False,False,False,False
75faa86c6d8324db,False,True,False,False
c8e01d5764074da5,False,False,False,False
1b60fc923d5a409e,False,True,False,False
4b9d1d997e1ca5c4,False,False,False,False
1c1c9d2eb8faface,False,True,False,False
a40774d6f66ac4ca,False,True,False,False
2.84154E+15,False,True,False,False
053406a58a21d5a6,False,True,False,False
2ced8a45924d31b8,False,True,False,False
ce9fdcd2774cc8ec,False,False,False,False
da6328a0b996dd93,False,True,False,False
9ad3541a8f262888,False,False,False,False
b353d4f87db74fd4,False,False,False,False
c25d1ea976a4c46a,False,True,False,False
3fac3631a0e8b900,False,False,False,False
218ab7435b5c3037,False,True,False,False
67706a5723520feb,False,False,False,False
72d0119031598d7f,False,True,False,False
ceefd012220d7160,False,False,False,False
57eaee00c81c2699,False,False,False,False
1af22309bc6c7951,False,True,False,False
5bbb6badd7599994,False,True,False,False
7cf7eb517cfb2e61,False,True,False,False
d169f9a2850e4f43,False,True,False,False
7ad5a4446b228b52,False,True,False,False
ee678f01c11ff9da,False,True,False,False
5acb3db99272dab2,False,True,False,False
1a1222ba1f9509c7,False,True,False,False
a8b5723302275228,False,True,False,False
bc10843f473b5b79,False,True,False,False
702fdf52ec30ecd2,False,True,False,False
406e7b6a04184ef8,False,False,False,False
f8194aa809a70110,False,False,False,False
bb1bb1bf8af7f258,False,False,False,False
089313cc632aa12c,False,True,False,False
7151a344c9ec6d61,False,False,False,False
8a026a1c9a46373f,False,True,False,False
c4a278ae876ddefa,False,True,False,False
6ad27d57ac20ff38,False,False,False,False
0b3e4f7440832ec9,False,False,False,False
813050285d60dc90,False,True,False,False
e9d1b04d9a6a4939,False,False,False,False
0357753b4d4d9ec2,False,False,False,False
679ea616a84606af,False,False,False,False
f8cb19e79fe4ff2e,False,False,False,False
bc6eb624cca7e332,False,False,False,False
a58133ef3eaba7a1,False,False,False,False
2733cd9bf58d7f3a,False,False,False,False
5eb80551bcc98c1e,False,True,False,False
477eb290be4c10db,False,False,False,False
4d337d063a50a058,False,False,False,False
bdee376b9198e8e9,False,True,False,False
b714bc155abf5a03,False,True,False,False
1f56c3e510f3c5af,False,True,False,False
a3e0d506335bf88e,False,False,False,False
f940ee276cb89c0d,False,True,False,False
4c33954cb08482ea,False,False,False,False
a243e85702a35c0d,False,False,False,False
22a8ffcfbd0a1954,False,False,False,False
b52bae3c37231fc9,False,True,False,False
c0e25db2ffc72812,False,True,False,False
2c9273cad1f8b396,False,True,False,False
2b005d0e388a24e1,False,True,False,False
29ada49db28b4fe4,False,True,False,False
48d801ba44d38c70,False,True,False,False
2ff97c5a35a36ea1,False,True,False,False
188a2379c2ba5f4c,False,True,False,False
15dc3c46fcca72f6,False,True,False,False
a311df4736d5fb29,False,True,False,False
27c69fc53c15bcd6,False,True,False,False
505a3defb8199dec,False,True,False,False
8180c89de957d955,False,True,False,False
3a803aab4ab128ba,False,True,False,False
9749d932a25adda0,False,True,False,False
616ddc3fae11f030,False,True,False,False
6c5b5d529d912afd,False,True,False,False
9f69c62eb29d1acf,False,False,False,False
4ae1d76d8e3ccdc9,True,False,False,False
869bcddfa091f375,False,True,False,False
9b98e869813180b9,False,False,False,False
bcacf34135710d02,False,True,False,False
8efa0fbf45383c7d,False,False,False,False
18f4e090b3c53fda,False,True,False,False
a4b9407e7166732c,False,False,False,False
a079556f8552650e,False,False,False,False
8a91715b02cc0984,False,False,False,False
8d23ee95076bbaaf,False,False,False,False
e8aba7be7df1dbdb,False,False,False,False
cef232233ad1ead1,False,True,False,False
7b54cf955722d511,False,True,False,False
155e6ba5415f0dbc,False,False,False,False
1211c3bef632585a,False,False,False,False
6ac801e246c6f534,False,True,False,False
69dc37ed663a20ac,False,False,False,False
149ed806d5daa9ba,False,True,False,False
91b1ff0fb49289f6,False,False,False,False
f1fcbc9ef5052ddd,False,False,False,False
0d025f3899571953,False,False,False,False
56830c69a0de88b9,False,False,False,False
f3d1e5a1fd3ea586,False,False,False,False
6f2fe813f5261809,False,False,False,False
c669f4476f244cce,False,False,False,False
8eb2955a35b9fd42,False,False,False,False
40d069c2c39387f0,False,False,False,False
c717cda79bf16a9a,False,False,False,False
1d170689bf6e3308,False,True,False,False
44710dc4935656c3,False,True,False,False
84f8e7288cf7f713,False,True,False,False
a8ca6ebd48e1cbc0,False,False,False,False
d1cd0774a464e28c,False,False,False,False
1236faeb7116d2b5,False,False,False,False
41a93efddc713067,False,False,False,False
a798069918e3235a,False,False,False,False
2053f64b4c1855c9,False,False,False,False
bfdee0dab59a655b,False,True,False,False
64092d35a640b408,False,False,False,False
c08fa4dd3ebab11b,False,True,False,False
ad2132bf3cbedf4e,False,True,False,False
7c679aa9ddba8924,False,True,False,False
0b8b5ec81d130065,False,True,False,False
a87171d359ba3492,False,True,False,False
6ae9ca3cd24e5d95,False,False,False,False
daba6a2329f41d63,False,False,False,False
e3840806e66edfa8,False,False,False,False
cbe0fa7d9c559e8f,False,False,False,False
c13ce64d49c6be82,False,False,False,False
fa1924bacd4f3ab6,False,False,False,False
af1f00c5238bfceb,False,False,False,False
f5b4a4a7e3a90758,False,False,False,False
a70c371b38322f16,False,True,False,False
7beaf6c392fd0390,False,False,False,False
350a9c5457fdc06e,False,True,False,False
fe8a159eddb30aef,False,False,False,False
1058b66151d8e27d,False,False,False,False
a8410eceb17ebe8e,False,False,False,False
aaeb11e9b4ac6e7e,False,False,False,False
7fb05cefcf8c8c3d,False,False,False,False
4204a8d3445ab7f0,False,False,False,False
3893da6b88ac1c13,False,False,False,False
c07072fae9727aca,False,False,False,False
35d2474fef34092e,False,False,False,False
27a239b6b5cbeeb7,False,True,False,False
df21dbed43ddc162,False,True,False,False
dc5e7e4640ef115d,False,True,False,False
1ed21bb8437d7cd6,False,True,False,False
50d88979889add64,False,True,False,False
e46e53c5ab930711,False,False,False,False
e8b3cc21bde808bd,False,True,False,False
8ee81ec4b76cebf1,False,True,False,False
b4c46b5297364b12,False,True,False,False
09660e5d64c78345,False,False,False,False
339a24fcaac432bc,False,True,False,False
8e7dfaaea12dc1ef,False,True,False,False
cdf0e94f35a02689,False,True,False,False
c6fe6bb9cdc8c5b3,False,True,False,False
d88e5d6f5a0225b8,False,True,False,False
aac7d03c3a0045bf,False,False,False,False
3179ff643f906ff1,False,False,False,False
2.53638E+15,False,False,False,False
be1641cb6cd78f4d,False,False,False,False
8b85e4d97228ae0e,False,False,False,False
9b10136ad5d08145,False,False,False,False
8ec88a5481f099bc,False,False,False,False
9d3f0455a2811c0a,False,False,False,False
787b79dbf2d7d076,False,False,False,False
e0b51c02ddb1ab5e,False,False,False,False
8af51073320b9c88,False,False,False,False
834d168413436122,False,False,False,False
21b7fd47afa3c794,False,False,False,False
9c37254a2c973b48,False,False,False,False
8ec85dee1f5bb7ce,False,False,False,False
1c39530179d6b28d,False,False,False,False
b9b58f159fde9ca7,False,False,False,False
81a4e1ef755d8f7e,False,True,False,False
21f24f6caf00aef9,False,True,False,False
32fcdbac788b4081,False,False,False,False
761f8412a6f19dc2,False,True,False,False
8b00c33f98d018f8,False,False,False,False
5a863f2ba0b964f9,False,True,False,False
6fb2eb398cffc83d,False,True,False,False
dd212b0e09ae81cd,False,False,False,False
8ea3fda1e580c812,False,True,False,False
636aa291d0ce898e,False,True,False,False
8d41ef31b05abec0,False,False,False,False
95a4045e561ee197,False,True,False,False
26eb05c8f44919d1,False,False,False,False
82b835c24d5f9d98,False,False,False,False
305ecb4c65f59d4a,False,False,False,False
239d3c4b020c088a,False,False,False,False
5f935b4c239ab48d,False,False,False,False
088239731eb2dc06,False,False,False,False
c9fd541f831998ec,False,False,False,False
074a169de8080a19,False,False,False,False
7dc751d2d53ff53e,False,False,False,False
0f63a8d49fb9f015,False,False,False,False
2852718c48ae096f,False,False,False,False
343468e90b305a4d,False,False,False,False
8cc061edf00a0ff2,False,False,False,False
aa8e933c0c797b9b,False,True,False,False
53419974ab111f04,False,True,False,False
06b7501cbaa2afb4,False,True,False,False
1546ded42f803635,False,False,False,False
dc2cc9de47cb0510,False,False,False,False
3194b957bce7f3d7,False,True,False,False
dd1e957fb263be2c,False,False,False,False
75dd0a420d653e29,False,True,False,False
23a5db6b035969d6,False,True,False,False
1d5827e299545fc9,False,False,False,False
c4441e9fa6323fd1,False,False,False,False
113e418a53b92285,False,False,False,False
8f81205e94932a18,False,True,False,False
1f9a33149eefccaf,False,False,False,False
2daa6c02d75f24eb,False,False,False,False
c66fa378206730ef,False,False,False,False
31eec46c1b35ae9a,False,False,False,False
9bdf8c3bb80f7ecc,False,True,False,False
d0a5171c4e85e4c8,False,False,False,False
9f4c05620cbb073f,False,False,False,False
533b4d597052488e,False,True,False,False
9218f807f39bbea5,False,True,False,False
a98965a3c1489f11,False,False,False,False
2a4a1535b7481e43,False,True,False,False
8fa78667fd4eb90e,False,True,False,False
e4d0cf7612bd0b4f,False,True,False,False
529d79a09516575f,False,True,False,False
5511ca583869cbb6,False,False,False,False
30aaf293e6a60d20,False,True,False,False
9ebce9b0dc471b64,False,False,False,False
ceba43bf33797aff,False,False,False,False
6dacee097d7ec567,False,False,False,False
3cdd75f3e8670870,False,False,False,False
bdb08d67097843a9,False,False,False,False
db9aa3ba640ed50d,False,False,False,False
ebd7143d6a1c967f,False,False,False,False
aaf0f15696fe914c,False,False,False,False
292d7e5ffae2de7a,False,True,False,False
05b5c31766f33991,False,False,False,False
ef4e09eec75fd3ea,False,False,False,False
0f84b4c42271f6ec,False,False,False,False
426a0b1c2be312ce,False,False,False,False
6ec01d026e0fb88e,False,False,False,False
b156c460ef4714e8,False,False,False,False
03763acc256ab161,False,False,False,False
c4b5a54427ad2384,False,False,False,False
00b4e1c0f5148eb5,False,False,False,False
bcc727e7c5026bfa,False,True,False,False
7da63dd0fd0a92ad,False,False,False,False
57c29f8623415b43,False,True,False,False
842fd27064f3bf86,False,False,False,False
79cd5f19d9833b2b,False,False,False,False
dd9dc28ed3e0c5b0,False,False,False,False
a01e46bc960fa929,False,False,False,False
942c7850ed9bbdb2,False,True,False,False
0dbdf7784b37b056,False,True,False,False
4dc066bdac9b6045,False,True,False,False
d23d92dfebcbe8ee,False,True,False,False
0f2f7ee39810604b,False,True,False,False
e5b683b1e5d97745,False,True,False,False
86f3665ca38923c7,False,True,False,False
86885f19241855d3,False,True,False,False
a9fa1e50a6771255,False,True,False,False
60a320c3b7c780e4,False,True,False,False
5ef788229de886e5,False,True,False,False
09aa27302c40c726,False,True,False,False
37d68b3cb8f6e4cf,False,False,False,False
4ebce2041fdc6c16,False,False,False,False
8f7bca8aee6a14ec,False,False,False,False
493a4575498677ce,False,False,False,False
636e4a1bd97000cb,False,False,False,False
ad09da7bbdb43e03,False,False,False,False
9931203fa16b1f31,False,True,False,False
25edc6557ff1d19d,False,False,False,False
e76381a88885608b,False,False,False,False
e0173ac4aae1f0ca,False,True,False,False
c0a799db0d72da17,False,False,False,False
9465d96341aacf74,False,False,False,False
8d9c67eed9bca648,True,True,False,False
02a7e8b0fb13831f,False,False,False,False
87594ff1b9512401,False,False,False,False
1213d75083d6dfef,False,True,False,False
8f87bf0719bc9974,False,False,False,False
c644431cbad141b3,False,False,False,False
7ec40879f5431b14,False,False,False,False
22911cf0a8f71719,False,True,False,False
0e2826977a748100,False,False,False,False
3d3f6f20da0453b3,False,True,False,False
17bdcd9e5d679e46,False,False,False,False
bef45f99239f5f6d,False,False,False,False
f2555b91f8864555,False,False,True,True
b64da0d1e14bb55a,False,False,False,False
22452f5d00130f55,False,False,False,False
0def07802d95736d,False,False,False,False
36729bc5224b6b76,False,False,False,False
a6a1cfbdb8ae02db,False,False,False,False
d9fac750e26584ff,False,True,False,False
11655e1baafe70ea,False,True,False,False
e59c9901dd457656,False,True,False,False
aef20cde219e3a76,False,True,False,False
27c86651600eb9e4,False,False,False,False
c9970e83ec15eeb6,False,False,False,False
e865a46c4d85bbb1,False,False,False,False
c5a3d5fa37b6c29d,False,False,False,False
e1436063f32bf75e,False,True,False,False
17def5f95a6e35c1,False,False,False,False
bd71dec63af3d8e3,False,False,False,False
d7b2cef908fc02a9,False,False,False,False
5db8f4d4c0784f89,False,False,False,False
a3c92ef6f4aa6ad4,False,False,False,False
fe3c58da6dfcf18b,False,False,False,False
568df5c8e43e34ac,False,False,False,False
22a5a9e912c0821c,False,True,False,False
a9286d5a7cf310c9,False,True,False,False
4596d197322c0214,False,True,False,False
25c8054bec4a4821,False,True,False,False
58add255fd438999,False,False,False,False
bd98f0b927a5d52c,False,False,False,False
214f0b51807741bf,False,False,False,False
37473d8953a1126f,False,False,False,False
0f326c75a6eb9411,False,False,False,False
da815168e0144e1b,False,False,False,False
49ee192076505e9f,False,False,False,False
ed6ee73b33bab97d,False,True,False,False
dcdc7fb2e6daf14e,False,False,False,False
cac952aa115f5d9e,False,True,False,False
75c88e14c1b0e492,False,False,False,False
ef96940ee23b321a,False,True,False,False
e2d3328bbf64bd9d,False,False,False,False
28b98194f697f5f0,False,False,False,False
da16eb5e1c65e313,False,False,False,False
ff968a52d91d6d50,False,True,False,False
0f6cf728b84a3c06,False,False,False,False
1ca9b4167c44ce24,False,False,False,False
48615bc7c4335d5e,False,False,False,False
6673bf129c24afa3,False,True,False,False
21d8744181a76134,False,False,False,False
b817f9a0534d8d90,False,False,False,False
c44ecc10b1a1b5fa,False,True,False,False
165293b9f1950672,False,True,False,False
7422bedde9b4e56c,False,False,False,False
041226200055fff9,False,False,False,False
da19e325cf1e6a48,False,False,False,False
ba9a13593b0b70e3,False,False,False,False
369d47204fac167f,True,True,False,False
75140ab3eec9ab39,False,False,False,False
1d983f92f0fd6a74,False,False,False,False
28a4c4d01f7314db,False,False,False,False
f847ea1348baa911,False,False,False,False
7738f0e915704b3c,False,False,False,False
d56e651a91ff5e4f,False,True,False,False
f03b87a299370adc,False,False,False,False
f76e024453087728,False,False,False,False
a1f30931849c1180,False,False,False,False
1c78e9d9452ccf16,False,False,False,False
7c72effbeb600da5,False,False,False,False
4bb4b953fc679ebf,False,False,False,False
63a385d53a723290,False,False,False,False
0799e97a6563447c,False,False,False,False
07abadddb05cf348,False,False,False,False
8b6ee45717f56562,False,False,False,False
5ae4d7aae4d75a3b,False,False,False,False
a956222d7a02bcef,False,False,False,False
6a7420e1f5f29872,False,False,False,False
83693dac3c0a0279,False,True,False,False
4ffa681da90d4c19,False,False,False,False
20035ee5b8adb47e,False,True,False,False
7d1405b2105381a5,False,True,False,False
1c9af284b0941206,False,True,False,False
5afab86e6605afe6,False,True,False,False
30aaeff2310d912c,False,True,False,False
793401f60074440b,False,True,False,False
6f8dec7f2d4ba960,False,True,False,False
31ca24384afa7188,False,True,False,False
2f0f9495a0b8ccc6,False,False,False,False
a7a26fe08dded85a,False,False,False,False
534dac6e20a36fe5,False,False,False,False
2abec1b6c5390574,False,False,False,False
4c54f65d2251d2f6,False,False,False,False
3f853b42ca0e77ab,False,False,False,False
d31a374aff41d0cf,False,False,False,False
717a9da3bf845171,True,True,False,False
e088be15bfdb458f,False,False,False,False
6f30e05cad0410fd,False,False,False,False
5cbeb510dbc3eb7f,False,True,False,False
7d9c21c626573898,False,True,False,False
dc8c3784833494f7,False,False,False,False
f662fcfe74fe5e9b,False,False,False,False
8b4aa04a16ce91c5,False,False,False,False
9bcc71e8f3e06b02,False,False,False,False
ad78da46c413740a,False,False,False,False
20a5e1f5dd2d6418,False,False,False,False
39c71a885bfa299a,False,False,False,False
20ca900472863ee5,False,False,False,False
0da733171cad6994,False,False,False,False
e823790750ac8597,False,False,False,False
1698e78c56d74580,False,False,False,False
297aade7d0d56b2b,False,False,False,False
db4c1a6fae3f75ca,False,False,False,False
fa5738ab7106d0a1,False,False,False,False
71252df47fd9a191,False,False,False,False
f339c4b1aed90bbf,False,False,False,False
c122bf44f031713d,False,False,False,False
48c2d64656737120,False,False,False,False
442a1a782ce66238,False,False,False,False
960b93d85bf85721,False,False,False,False
13d66fcb59959cc8,False,False,False,False
7c03a74745aff6cb,False,False,False,False
93b8e40a50e8047f,False,True,False,False
a202c708dac11e77,False,True,False,False
f72704243e5c164c,False,True,False,False
d51f2ab0909c899e,False,False,False,False
a6a9892de7fe64dd,False,True,False,False
b380a793ab3ff425,False,True,False,False
66f601182e4aede3,False,False,False,False
669d3552839acafb,False,True,False,False
f50fecd98d271508,False,True,False,False
c0b6caa17300b7ae,False,True,False,False
a37676812cd13566,False,True,False,False
8dd43234cc9940c3,True,True,False,False
cf3a03b30ec45563,False,True,False,False
727c85d0ceb786e2,False,False,False,False
3a587077f70945ea,False,False,False,False
6a63f7db8d493870,False,False,False,False
eab3ba5bc5b77687,False,False,False,False
8b06e4260ed5e5d7,False,False,False,False
43d16c6a677aa02c,False,False,False,False
ae7bff664580b1cc,False,False,False,False
9dc474796265dfe3,False,False,False,False
38cd0d3b333f7d40,False,False,False,False
522dbb3a89b29a7c,False,False,False,False
b865e7e620107403,False,True,False,False
b7b401abc36715f2,False,False,False,False
a2aca202d3b47504,False,True,False,False
5841c868e98bcf50,False,False,False,False
fbd42201aa941f54,False,False,False,False
a54f75ba6f1afbee,False,False,False,False
da8bff724d1d326e,False,False,False,False
068af49670ae69d6,False,False,False,False
0fe2d4e4c7fcca9a,False,False,False,False
56e7e3082236312b,False,False,False,False
c845c4ae0abe428f,False,True,False,False
e8de4edb6a118ae0,False,False,False,False
99cf06dbbee7328f,False,False,False,False
69cb8290346d601d,False,False,False,False
5b0f7d59dd42c03d,False,False,False,False
bd9afab2f8111b67,False,False,False,False
f1a032bb9b2a3df4,False,False,False,False
b64713267fe55337,False,False,False,False
6b3b989a022eca5b,False,True,False,False
e5d9e1328da4922a,False,False,False,False
a88dfb9a6cf113d6,False,False,False,False
3f0261c276a0574a,False,False,False,False
12a912d49fcbaa8e,False,False,False,False
16bbc67f790180dd,False,False,False,False
a2d99491a42f317e,False,False,False,False
5ee36111a67e0d0e,True,True,True,True
1a72397f3e4145a2,False,True,False,False
4265fced843450cc,False,True,False,False
0f94451d0aced7a4,True,True,True,True
e11423528e708ca0,False,False,False,False
e99917795fe50a0d,False,True,False,False
a9879573de25f3fc,False,False,False,False
f30e62ccedb08336,False,True,False,False
5a18eeaff1e45100,False,True,False,False
ff7fc7d79d339406,True,True,False,False
25ba4d393cf35880,False,True,False,False
ee23d645f9449812,True,True,False,False
a0de0cf855b00869,False,True,False,False
57214ac0ad857be9,False,False,False,False
950db725fd56c186,False,False,False,False
9eb0b19e495f53f7,False,False,False,False
089db4d996be5241,False,False,False,False
b3d8c452ad2ed932,True,True,False,False
f054cea548e6d65d,False,False,False,False
9d79043c40bac902,False,False,False,False
90ed2edd797a3d3b,False,True,False,False
337a7e8298270ea1,False,False,False,False
38b2e84f5716a8cd,False,False,False,False
4ae7d29ebb1b4a78,False,False,False,False
0d0ae190f5850138,False,False,False,False
4d4370d809bd27aa,False,False,False,False
e5cd6ebb5ff8762d,False,True,False,False
8322ef36e58426fd,False,True,False,False
59eadff1b7066753,False,False,False,False
0a8b24aa17baf671,False,True,False,False
8ca34fc566b300f0,False,False,False,False
3ce422db09aec0e9,False,False,False,False
9a0ed0c1892e6733,False,False,False,False
7544b65d32c42f32,False,False,False,False
6e615b2ad753d8c0,False,False,False,False
9c292b07d7839fd4,False,True,False,False
583794088d4e38f3,False,False,False,False
3e8a2558e16b6a91,False,True,False,False
8de235c675a99012,False,False,False,False
a87d80811e0895f4,False,False,False,False
966fb70e95eed94c,False,False,False,False
11452b689d57d489,False,True,False,False
a707be2d642ca08f,False,False,False,False
81c9bb5fe2e1bfc1,False,False,False,False
ea7aeda226816076,False,False,False,False
ad21fb6a0d58a446,False,False,False,False
1b1fc2afb30c43cf,True,True,False,False
d1ef8a3e826a3080,False,False,False,False
23dc2bd47292d6f0,False,True,False,False
7e1f83a6a4d3c912,False,True,False,False
a2dc83095d93c4b2,False,True,False,False
306350f7d4f7e8a4,False,True,False,False
00897d9703c6c01f,False,False,False,False
1af1a3386403f657,False,True,False,False
24a5ece841a2f93e,False,True,False,False
a60287a0a8e7fc3a,False,False,False,False
820329784a88db41,False,False,False,False
04860f7e0c6ec6ce,False,False,False,False
15172fa4918d2f24,False,False,False,False
45fefb30030bbc77,False,False,False,False
221a2e6b3298ee5b,False,False,False,False
b69d8fefeccf0fb0,False,False,False,False
14591e861bdd75f7,False,False,False,False
eb702c547da881c8,False,False,False,False
893042ba666da638,False,False,False,False
0c5ec1c06c5caee7,False,True,False,False
71eb236a2b067909,False,True,False,False
a94a1fc08bbf10ec,False,True,False,False
406b0453293a2864,False,False,False,False
8a5fead04ce6d327,False,True,False,False
868115e44805598f,False,True,False,False
bd4116dc68d9dcfe,False,False,False,False
729d4a153d9546c4,False,False,False,False
e4179eb1011c54fb,False,False,False,False
1ccdc3538eda9899,False,True,False,False
3cb843d5815005b8,False,False,False,False
afffc07e302eddb7,False,False,False,False
b723730bf7bd601d,False,True,False,False
73826dcb06e9f280,False,True,False,False
ef13fe01b071edea,False,False,False,False
7415a01d9294cd42,False,False,False,False
f7c692ab7f3c2c80,False,False,False,False
63a17fe69d3a2271,False,False,False,False
22c2df1591756d24,False,False,False,False
05fec5fdc0d5a568,False,True,False,False
71b44677771c981e,False,True,False,False
6e77e4daced8c6cd,False,False,False,False
4c373487c7b790fe,False,True,False,False
99269ced841176a0,False,False,False,False
0765679b7968ad98,False,True,False,False
dd0202cf91f64f9c,False,False,False,False
f46fccdc0fefabe3,False,False,False,False
7dca1b135a6f8c6a,False,False,False,False
5561be17519194fc,False,False,False,False
be42c35b650e3ebb,False,False,False,False
43e6be0e3783d232,False,False,False,False
8b5bb9234f63d198,False,True,False,False
8a26dcf50cf742eb,False,True,False,False
7503cdaeaa922e82,False,False,False,False
5fef4f78ac31079c,False,True,False,False
c463e65b4ad2f1e6,False,False,False,False
c89784f734452a10,False,True,False,False
28c9cf7110aa2112,False,False,False,False
469db1eea1ff88b9,False,True,False,False
bef28dd0bc540d1e,False,False,False,False
7d557ce2c7c1a591,False,False,False,False
9e933bda8ee1f1f1,False,False,False,False
a3e36dec8d5a9689,False,True,False,False
27567a952c865726,False,False,False,False
aa38101f5645525a,False,True,False,False
b09afbae2bc146f9,False,True,False,False
42bb0fcdf1d3df34,False,False,False,False
7336d12d76042490,False,True,False,False
c2c6fd0f4210203f,False,True,False,False
aecb46587decde3b,False,True,False,False
881facc26f63e238,False,True,False,False
ce762c1de316c31e,False,False,False,False
255436d7bae10066,False,False,False,False
fa688c5f65c6294e,False,False,False,False
192cb0eaa7310189,False,True,False,False
3ed27a67ee7f1369,False,True,False,False
725cdab3be7c96af,False,False,False,False
5232e46b79263d25,False,True,False,False
6851f1937c69b0e2,False,False,False,False
73ec32db11215deb,False,False,False,False
9aba65b350c8d2e8,False,False,False,False
84cf4ecec3b0beb1,False,False,False,False
c31854c323da6ed0,False,True,False,False
36f5a2c3649626f2,False,False,False,False
ac9d9331d889b5bf,False,False,False,False
5f96b561ad225d07,False,False,False,False
1c12f6e450e9ecb2,False,False,False,False
6a713ae9540df83c,False,True,False,False
f5761854b1cb46d8,False,False,False,False
cbfe218dce8df1a9,False,False,False,False
49f4420b20ae18a3,False,True,False,False
a551aa5d97d58d20,False,True,False,False
b75b3dafd82f5bbc,False,True,False,False
90436a3f130c5682,False,True,False,False
6bbabb3c89501650,False,True,False,False
a0457418631d6a00,False,False,False,False
b7081c603aa5f515,False,True,False,False
bba3d49c37cabab4,False,False,False,False
a1000317a2031255,False,False,False,False
e1a75164a125ac9e,False,True,False,False
a1d84e425636e01b,False,True,False,False
41e64c0a7f2292c7,False,True,False,False
de6f677373e6e28a,False,False,True,True
1afa271383eb8fc2,False,False,False,False
768143e8f9696124,False,True,False,False
ef1292b5d1210468,False,True,False,False
6872b8b3700c573d,False,True,False,False
8e2bc405f66a7c9a,False,True,False,False
9825c6b463b946ea,False,True,False,False
9565bdb9183ae5da,False,False,False,False
683d08605f7eb8c3,False,False,False,False
0bef3fad6aba082a,False,True,False,False
bc74c21d3738c583,False,True,False,False
7e076d37e10f0ba4,False,True,False,False
bf71a0734a2a2caf,False,False,False,False
faf928b94762ff59,False,True,False,False
061c7a65f2cc6c71,False,False,False,False
77200e1fe9afe67c,False,False,False,False
39b485fb49faf3d6,False,True,False,False
ed1b6f1434a5a764,False,False,False,False
a64d2388ec87bc4e,False,False,False,False
28e901a1d575f169,False,True,False,False
0fb4fa77a06838f9,False,False,False,False
c16e90b71dc95230,False,False,False,False
3dc869cb4a4f33b9,False,True,False,False
3908608db77f9292,False,True,False,False
c9d106d89aebcfb3,False,True,False,False
b278b34ddcc530fc,False,True,False,False
877c7d8f2de5bef8,False,True,False,False
3ea434137a34df72,False,True,False,False
6ce88044e31f00b0,False,False,False,False
d405f7e578c9120d,False,False,False,False
ea91ac63c27d5d00,False,True,False,False
96c11f432b7b9152,False,False,False,False
3bb2c066e6e46d5a,False,False,False,False
8d8d36ace682c964,False,True,False,False
6f6319c1176ede93,False,False,False,False
7a752dcb73a3767f,False,False,False,False
a1e70fcc36b5fd82,False,False,False,False
74f5c3388fff4722,False,False,False,False
f7b64de03002a03d,False,True,False,False
7640e981a72087f4,False,True,False,False
a745a591aeebe545,False,True,False,False
85debe4310081bc5,False,True,False,False
8e6779a2ea4aac1b,False,True,False,False
971ee80c9b555137,False,False,False,False
0a8f23cbbf3107a2,False,True,False,False
aeb016aace6da6f0,False,False,False,False
5d192fe65a59ff89,False,True,False,False
3ed53121076cb236,False,True,False,False
f8a5cde64c9cc184,False,True,False,False
df26c41e7b1cad55,False,True,False,False
0da2b1908db1a39d,False,True,False,False
aaebcac927739fdd,False,False,False,False
b1469df0e4598a32,False,False,False,False
f2fea83bfa49a3f9,False,False,False,False
febe031c2fb7a3fa,False,False,False,False
d151f7d96dbdad92,False,False,False,False
0b6f68a94b150ab5,False,False,False,False
5afaadd2657ed8b4,False,False,False,False
8e3e339b369316e3,False,False,False,False
8bced4b13c2d8607,False,False,False,False
4e4456ab33cfa26c,False,False,False,False
40156a71da09699e,False,False,False,False
9a6d5c880f50e9fa,False,True,False,False
6dff3b3cef40b3f5,False,False,False,False
e04ca36a4010a4a7,False,True,False,False
2d8245a40b47b4ff,False,True,False,False
5ab772362bfc1365,False,False,False,False
257294e53a67e1be,False,False,False,False
a5eeaba1c6156e8b,False,False,False,False
5c757dd5a2782e03,False,True,False,False
2a8296cbe58203a7,False,False,False,False
8459f408832dabc6,False,False,False,False
3bcda1129a8260ef,False,True,False,False
e295997870fb90e8,False,True,False,False
c7ec5b466a206a9b,False,True,False,False
03a1a674ecfa59ad,False,False,False,False
ab7f3d232ff0fbe1,False,True,False,False
0e0a3f4f67a7d9ca,False,False,False,False
686149d3be750da3,False,True,False,False
7cc92e9ed903890f,False,True,False,False
02b1faec2d4dca0a,False,False,False,False
3934c73bb79ceb89,False,True,False,False
923850306dac09b4,False,False,False,False
db5ac3bad2433a73,False,False,False,False
7699ed48b1844dab,False,True,False,False
4c50eb0be8fc852c,False,False,False,False
f569caf9217cf15e,False,True,False,False
361ec8727e03ea07,False,True,False,False
7bb1e0758165b9af,False,True,False,False
f178dce85d0d26bd,False,False,False,False
de353649fae0448f,False,False,False,False
8f886c53ae931d26,False,False,False,False
a7bc588be2b01942,False,True,False,False
f2e3bf3f20eb4e57,False,True,False,False
1644a56012b27913,False,False,False,False
eab616faa652266e,False,False,False,False
f622573bc806a448,False,False,False,False
9af05d25f5b1ad7e,False,False,False,False
506dc660370a0af4,False,False,False,False
6cc159d642268c37,False,True,False,False
dfd56128bb5c1fa7,False,True,False,False
396f04aafb5685f0,False,True,False,False
4623d83c2b606d16,False,False,False,False
91a17a5acb7fa2fb,False,False,False,False
66ad78293cf98735,False,False,False,False
311b4eecb8641a2f,False,False,False,False
6873b9a66cb59641,False,False,False,False
0494d5d64d9327de,False,True,False,False
15eb0c0ddd8b27c5,False,False,False,False
50004cec497e3d2b,False,True,False,False
b05c910ac91f95da,False,True,False,False
79693c0d38eed8de,False,False,False,False
a3a42d08cea5c724,True,True,False,False
6688d2e040ab78f0,False,False,False,False
55029fbd07ad3842,False,False,False,False
2c0603efa7d7541b,False,False,False,False
38000095064365b0,False,False,False,False
e13350eea30dacba,False,False,False,False
1147a5bf27ee80f6,False,False,False,False
95e20f62bbabad60,False,False,False,False
fbad6b3379de0366,False,False,False,False
102640e396749751,False,False,False,False
b0f4f5a749025fc5,False,False,False,False
c8186802f77f4e47,False,False,False,False
2ae209f512ead387,False,False,False,False
8e3f3c162986a295,False,False,False,False
83b7819e5dad1752,False,False,False,False
6da0e51d7ecbd552,False,False,False,False
38f6a5a0cfc62630,False,True,False,False
7048ccf60c3ba9e4,False,True,False,False
590af33a428266e2,False,True,False,False
ae4ca433c19bee38,False,True,False,False
a5f487ae8f3a7b7d,False,True,False,False
a14a217bac9bc2e1,False,False,False,False
d08f6054c39f4746,False,True,False,False
f978a118f8f10e31,False,False,False,False
5cd691ddc6ee6417,False,True,False,False
d155344320819e82,True,True,False,False
53baeb60d8027274,False,False,False,False
671eff38d2299df1,False,False,False,False
eb0a228f2ae112ce,False,True,False,False
4f99341af3d892b9,False,True,False,False
dd6b40e8397c661f,False,True,False,False
2cfd29c79b68fa74,False,True,False,False
483e9538caa326dd,False,False,False,False
9ebd6df47927e955,False,False,False,False
977aa445d74134a0,False,False,False,False
5078366e1c191ca7,False,False,False,False
bc33488c7ffe402f,False,False,False,False
c0694ccd7bf5a782,False,False,True,True
ea0977ea38a6fd39,False,False,False,False
6d0a4274c2f61df3,False,False,False,False
703255b18a9d1c54,False,False,False,False
b98facab4e04161f,False,False,False,False
bd751bae66c0d8cb,False,False,False,False
6add79a137259204,False,False,False,False
e8b8c9c8153f68d1,False,False,False,False
f0aaf78fbd9d742c,False,False,False,False
19cba5f9120773a0,False,False,False,False
2b4f25dbcb9857b4,False,False,False,False
d8321bcc62821bb2,False,False,False,False
571fc255f31561cb,False,True,False,False
c678ada6eedcc14e,False,False,False,False
8fcdd0f3d1eaf626,False,False,False,False
a87d9ccf4525f4d6,False,False,True,True
e6f2a6127260ffac,False,True,False,False
98e530787a483cce,False,False,False,False
7a91e4921a0ce43b,False,False,False,False
2b6302a8a15dcbe3,False,False,False,False
35ead9ce9b7612f5,False,True,False,False
9c6e98a8d80a17d8,False,False,False,False
968e372287c83595,False,True,False,False
c60a60a9dd46a6ea,False,False,False,False
d63c9768873f755e,False,False,False,False
a21cc1337f668183,False,True,False,False
1a1fb396450f49d8,False,True,False,False
49fc2f18b3548cb9,False,False,False,False
0d5a26d84044cc66,False,False,False,False
d2c0b1677cf8f55c,False,True,False,False
ae9e3e029fab5d58,False,True,False,False
06462b798294d578,False,False,False,False
dae2254da7e2f55b,False,False,False,False
483b2b646fd94911,False,False,False,False
e323275fe3dabf02,False,False,False,False
2c68df52ee3b9f10,False,False,False,False
fd99008e69ca20b6,False,False,False,False
4a25d1912de3e6d2,False,True,False,False
9ebdc3472de8d5ba,False,False,False,False
09c69c06d5d49ced,False,False,False,False
c6ba496f5baf9601,False,False,False,False
356f11725000ae4d,False,False,False,False
9afe0cae56197a06,False,False,False,False
b0273b3bc460aa98,False,False,False,False
84cfb645a9958be3,False,False,False,False
d3e982a3e0b454d8,False,False,False,False
8e72a94a5a027249,False,False,False,False
4090cfef4bbc5ecd,False,False,False,False
0b61806dbc557ee8,False,False,False,False
8bec3cb9eaa57cd5,False,False,False,False
dbd94ac9d845f1b9,False,True,False,False
fb76b6eb769d6e0c,False,False,False,False
08172bd89ae3d38a,False,True,False,False
9b8eb07f40a6fb69,False,True,False,False
915fd68708f27675,False,True,False,False
cf3431d501514a2e,False,True,False,False
f8fc216d7135c5fe,False,False,False,False
cfc27559740de8a8,False,True,False,False
ac97fa13d6b2d9e9,False,True,False,False
4f95c85d9b59f0fa,False,True,False,False
9c840467ddc884e0,False,False,False,False
0fa65f96bfbc0727,False,False,False,False
d3f3d7fe54af0984,False,True,False,False
011d860948a844a7,False,True,False,False
da9a5d2136776240,False,False,False,False
bc62985e6c93d126,False,True,False,False
fd5912148c6cf7c4,False,False,False,False
aeb36fd58778ab52,False,True,False,False
9b27ddd8757f1054,False,True,False,False
d027b5cc6e39a30c,False,False,False,False
d7c54fbbcefd62de,False,True,False,False
a6faa8ddd745e3ed,False,False,False,False
6370be22d04784ea,False,False,False,False
c129ef26d6b04308,False,True,False,False
e06856d950958a21,False,True,False,False
d7a75661c7515314,True,True,False,False
f0147ce5a4898b43,False,True,False,False
c518de07a9728678,False,True,False,False
98dfd1e3a39bf6b6,False,False,False,False
c1d2b5163dd23f2d,False,True,False,False
975be6bc15f5dc9c,False,True,False,False
d77066dc57a13f29,False,True,False,False
3ad71cd49e3278c7,False,True,False,False
e088c4f33fddb15b,False,True,False,False
d2ddfa18cfcfe729,False,True,False,False
0d57f75270a864cc,False,False,False,False
a73314d077f83cb7,False,False,False,False
18deb358ee68a075,False,True,False,False
a379f2badd5a5c9a,False,False,False,False
bd53f16401e265e8,False,False,False,False
ab623c321fb749ef,False,False,False,False
84f6b2a4287f73bc,False,False,False,False
7d8eb68417d57e11,False,True,False,False
9d7fe2584f4f88d4,False,False,False,False
2c7a168802e7e190,False,True,False,False
c89b66376f3070b6,False,True,False,False
b09e388598ed8839,False,True,False,False
f13ebd83c68cc122,False,False,False,False
8d830b51baad3579,False,False,False,False
eb34133a797ad224,False,False,False,False
a14f8414881b2824,False,True,False,False
65c4a67ce034db54,False,False,False,False
66f4b3117cecf89e,False,False,False,False
6e5a4b2c09a5e08d,False,False,False,False
a806de9080e51008,False,True,False,False
5f19f030d16fdb4e,False,True,False,False
b779ac22e01355dd,False,False,False,False
ca132b2813138d2e,False,False,False,False
b3ae50c78b5246b1,False,True,False,False
92ecd6fc3b3e192a,False,False,False,False
213b8513928619e1,False,False,False,False
b5ec3d2b5cfd86c5,False,False,False,False
a7a98df6ee6c795b,False,False,False,False
19ade18568e0c145,False,False,False,False
c498b51656dedc34,False,True,False,False
d31def3dde1b5275,False,False,False,False
22e0e6da0213b569,False,True,False,False
0c4ec39d3f503319,False,True,False,False
772b3dba36234b64,False,False,False,False
8d32c62b22602789,False,False,False,False
4fee8e231258ff8d,False,True,False,False
1d94ece5aa6d57d5,False,False,False,False
c847051eac7c88e0,False,False,False,False
7a6f667fd5d386c8,False,True,False,False
c5f58fa995877970,False,False,False,False
ed5cc36bd72e2ea5,False,False,False,False
7b2a24e5691f1eb7,False,True,False,False
8dd8696744864e46,False,True,False,False
c229856403ebd816,False,False,False,False
ba3e14330d331386,False,True,False,False
d0d476d305770d99,False,False,False,False
d392c7fbceee01d0,False,False,False,False
6955ae533a00779f,False,True,False,False
9c581df6fe5ec882,False,False,False,False
a27795f5af138fb5,False,True,False,False
32fee479c2644ff5,False,False,False,False
86a1c4ba741e99b0,False,False,False,False
6c36a781ec474a62,False,False,False,False
006616fd3b89d6fd,False,False,False,False
ad1036431405a55d,False,True,False,False
327db7d48a8a476f,False,True,False,False
fe8d61f9ba9ad59a,False,True,False,False
47ab2966319dadb9,False,True,False,False
de9568657d14286d,False,False,False,False
4f26ab756503fcf1,False,True,False,False
8a0a1e77f9e2be6e,False,False,False,False
419b253b356e1a04,False,False,False,False
a633bd1cdb6e29a6,False,False,False,False
99b4abc98f29b801,False,False,False,False
d9813a37779bbb38,False,True,False,False
f6f0ee408aad1232,False,False,False,False
f1057c235bad34c6,False,False,False,False
08aa54508724a69b,False,False,False,False
3691174af1bf326c,False,True,False,False
d192dae2da205d8c,False,False,False,False
b176d10c5844da34,False,True,False,False
9a73f0bff71f057f,False,False,False,False
d3b4ff70cc435ccb,False,False,False,False
420fc5fed85f89bd,False,False,False,False
37fbc6934546d3ca,False,False,False,False
98c598cbb7855336,False,False,False,False
9666239926bf3ec0,False,False,False,False
f5714f49930aefc0,False,True,False,False
a356f9211eb1c9e5,False,False,False,False
dcef6acfd3baf8fd,False,True,False,False
541075d6c226e2fa,False,False,False,False
99450ca10bc9645e,False,True,False,False
509e56695a016eae,False,True,False,False
9b79bdf841974d67,False,False,False,False
7c1670e4fa993ad4,False,False,False,False
b1bcd4eecf555734,False,False,False,False
b044704853a1c755,False,True,False,False
d614dbf210f1437a,False,False,False,False
b59106a03df84675,False,False,False,False
6cf74bf109fb78d0,True,True,False,False
670a83a7e950c7fb,False,False,False,False
a87195fd38631e52,False,False,False,False
8f26826be2be1a0d,False,False,False,False
d282a66cc88fa10b,False,False,False,False
4fd23eae69839b2e,False,False,False,False
649f14c0fd38146e,False,False,False,False
c786e72aab5694ab,False,False,False,False
7367f09a029020bf,False,False,False,False
9d17b62e294a8822,False,False,False,False
bf64dd2637620a73,False,False,False,False
fdf36f51cc96e64b,False,False,False,False
eeb5d776bce53524,False,False,False,False
f520fb7439499f0d,False,False,False,False
7f804362dac01e6d,False,False,False,False
62aef6c28b2bce8d,False,False,False,False
659c533b24bcc5dd,False,False,False,False
d387e6f7a6423ad4,False,False,False,False
ecb546264e4cfdf1,False,False,False,False
e899375a96d4c4e0,False,False,False,False
73d043c1f346a5ea,False,False,False,False
0147fab3a8583994,False,False,False,False
56631a40b69690a1,False,False,False,False
d3c9705a6b2dcf76,False,False,False,False
af8ad491c6a9f01c,False,False,False,False
766a2cc988d19d0b,False,False,False,False
fa27b6094b40e13f,False,False,False,False
d039f2db2dcd9853,False,False,False,False
06f46fbd27dbb32a,False,False,False,False
9c2dce8c27e6daf2,False,True,False,False
100147348e05afd9,False,True,False,False
6ae283045c046aec,False,False,False,False
7be0ad021bdedfec,False,False,False,False
f76112df0770ffcc,False,False,False,False
ad05fd57198189a5,False,False,False,False
a583050210b01669,False,False,False,False
82d0a069f9d974ec,False,False,False,False
23aa6cc7d667da81,False,True,False,False
fe588cb2d31dd6a0,False,True,False,False
958563f552da064c,False,True,False,False
ae274582b757cd0e,False,False,False,False
e2d973b5c428c9a8,False,True,False,False
c386975935d5e1c8,False,False,False,False
df67d1d11a72d889,False,False,False,False
15c1e87b00f8a0fe,False,False,False,False
99b3c8e8ac1cea4c,False,False,False,False
bacfc3350196e220,False,True,False,False
91677f74d868107d,False,True,False,False
9b88b77a39d37551,False,False,False,False
557ffdf255624e84,False,True,False,False
6d34976cc38c0b29,False,True,False,False
3ea4a9890eca27db,False,True,False,False
dc42affa1229fecf,False,False,False,False
e13ce7163fafda98,False,False,False,False
0aee1929185338d8,False,False,False,False
d3c4b99e6f50c538,False,True,False,False
4577626a6af0a743,False,True,False,False
66b0c3f97bf63bd7,False,False,False,False
ce3417c8cc3225f4,False,False,False,False
c6ee96026f7d1784,False,False,False,False
a78074c75f7d159e,False,False,True,True
012735f0fce0c6ba,False,False,False,False
09c003475cb0dab5,False,False,False,False
b7ea50c526e75feb,False,False,False,False
422167d2354140e9,False,False,False,False
1cbc12da0f7f0df7,False,False,False,False
efefa9a50e2afd6e,True,True,False,False
c6d02a60f0febf92,False,True,True,True
7b57b82197d65cec,False,False,False,False
56ee79a973116779,False,True,False,False
0d6627f6db11bc07,False,False,False,False
164338c0c71e3274,False,True,False,False
5cbf81f4a5e4b7a4,False,False,False,False
ca0a088ac891481d,False,False,False,False
8c71da94614d419b,False,False,False,False
244490bcc28a1a79,False,True,False,False
dab02aa3e50694b2,False,False,False,False
dc2837f91522df04,False,True,False,False
8d61f89766298ecd,False,True,False,False
0929adf0bc20430d,False,True,False,False
c4786770e1a5c25d,False,False,False,False
114b956244e1056d,False,True,False,False
137adcff84d93087,False,True,False,False
8400760970ac335d,False,True,False,False
a9f2ac69181137aa,False,True,False,False
8e2b37cb4728fdea,False,True,False,False
d2b07ddbe86867d0,False,False,False,False
8e3eac3554b87d5e,False,False,False,False
4544921ca644ad60,False,True,False,False
dbe074ccad94002a,False,True,False,False
32ab9aaa7e28be4f,False,True,False,False
dd49f4f15a094460,False,True,False,False
301b7424e3d4598e,False,False,False,False
54b0e960d16f8187,False,True,False,False
7a13003e7926f115,False,False,False,False
6f49a51edba23907,False,False,False,False
10b1e23c4ad79181,False,True,False,False
1b600b0e4033ee2f,False,False,False,False
016ea2a5f441458b,False,False,False,False
a60e248879e3920c,False,False,True,True
9877b898b7a15af9,False,False,False,False
e83bd950edf9172f,False,False,False,False
96067aa0ad594afe,False,False,False,False
5329990b7775e4ba,False,False,False,False
34ccbf7d6db68603,False,False,False,False
7f40692c88eb192b,False,False,False,False
21ba842c6c26917d,False,False,False,False
9838302f653cdad4,False,False,False,False
7b70844d7a0caec4,False,True,False,False
150ffe55fc741303,False,False,False,False
b97e9bbce7958874,False,False,False,False
daa8abcb84cb09f0,False,False,False,False
61987d65ce58b3e8,False,False,False,False
5bcca07258c46963,False,False,False,False
88322cba849a53ae,False,False,False,False
aaf92d4863ccf1b5,False,False,False,False
deedd63d3efd60fb,False,False,False,False
045b51fcc5d640d4,False,True,False,False
15ba26486cf765e1,False,False,False,False
ed6ca46e4e8db38e,False,False,False,False
4f5b91c6aaa0c8d7,False,False,True,True
a7342baef111f919,False,False,False,False
48660f9393129beb,False,False,False,False
ebca2786b4654d35,False,True,False,False
710f8917d0ffc99c,False,True,False,False
2a5d6b9838dc9212,False,True,False,False
7dc929c713e9329e,False,False,False,False
eeb8ad95e2c553dc,False,True,False,False
b7da228be8eedc08,False,False,False,False
9dec26398446f3d8,False,False,False,False
52f679608423e732,False,False,False,False
81e2ebae49956a83,False,False,False,False
734636ee62971709,False,False,False,False
8b064fdfa3f413f4,False,False,False,False
ca8998b6b36013fe,False,True,False,False
3215026b3af21a13,False,False,False,False
e62043a3b3da5ced,False,True,False,False
2f110e7c69cbc962,False,False,False,False
396c3ec29e8d5242,False,True,False,False
bcca27511a1e0e65,False,True,False,False
584bd4ee37e66fe7,False,False,False,False
36ef060a11820dc7,False,False,False,False
2a9ff483a40e144f,False,False,False,False
2c89eb5baa418226,False,True,False,False
9ce8d4d335a8096c,False,False,False,False
96bc1616056686ce,False,False,False,False
c6f152fc85e9a372,False,True,False,False
04dbad5eaaed3e73,False,True,False,False
2f37d859628c46c4,False,False,False,False
a22d7bea46e48474,False,False,False,False
bbd6e4398c3f2178,False,False,False,False
151e5109b2fab91f,False,False,False,False
60211bc6ff5a90ba,False,True,False,False
e47d74193bf70a7b,False,False,False,False
dd2e0c878b317e58,False,False,False,False
076243a1ac1b7155,False,False,False,False
4eedb2194c22ee83,False,False,False,False
0c6f1a184d9586c2,False,False,False,False
12fb070fe61561bf,False,False,False,False
6bf235116ed8fa31,False,False,False,False
dc7dabd54a7b3c7d,False,False,False,False
1ceba6dc856c2e5b,False,False,False,False
4549f690a26379e8,False,False,False,False
1179c6ceeda1f390,False,True,False,False
cd5cff8f151ce4d0,False,True,False,False
91f0bf6e0b2f9f16,False,False,False,False
b9cc6acbb31b1c7c,False,True,False,False
ef18099bcec389af,False,True,False,False
f240b1f762b43e85,False,True,False,False
bd15fda3483cacdc,False,True,False,False
f23335eea3e91e3d,False,False,False,False
2ebf5efd0c42db94,False,False,False,False
e011cb0192b57dea,False,False,False,False
8de1cfde4801761d,False,False,False,False
0c95ec71a7312b9f,False,True,False,False
fc544d63c8ba82eb,False,False,False,False
02576cb7c278ec32,False,False,False,False
e7d721185418de96,False,False,False,False
ab9074ccdea8964b,False,True,False,False
055ec32bc23764d5,False,True,False,False
e8f5dd986e90bcb1,False,True,False,False
63a7ff14a006bac4,False,False,False,False
bc8c418a173cc6f4,False,False,False,False
206b439999d7e1f5,False,False,False,False
22256222f7e24e4a,False,False,False,False
0761d6202b9cb2b0,False,True,False,False
557f14833e3cf27a,False,False,False,False
d0a3997489cc05f1,False,False,False,False
374864143cf3c5e5,False,False,False,False
ad3a1f208f7f64c2,False,True,False,False
9753b0e64808ed4e,False,True,False,False
3426dfe1c7d372f5,False,False,False,False
45ed67dbfb319327,False,False,False,False
732215feab53a21f,False,False,False,False
8266812c7d1f5919,False,False,False,False
1308761e7434f064,False,True,False,False
db8e3567308a7b89,False,True,False,False
e8509873a83a2bf9,False,True,False,False
05b4b35d0884be44,False,False,False,False
f7af7d7c4cdd7dbc,False,False,False,False
d1d0aa1386fa9250,False,False,False,False
ad73f4880c97f100,False,False,False,False
6b73d7ec03ae0941,False,False,False,False
dc584eeca4234797,False,False,False,False
4a51a9948beca38d,False,True,False,False
d9faefb577d7de3f,False,True,False,False
fac5564f8d804795,False,False,False,False
bb6444971d85c8c7,False,False,False,False
84c1b17c8b6a0ff9,False,True,False,False
3ce521421356ede3,False,True,False,False
787ce1914dbe6887,False,True,False,False
a1550253f60d5efb,False,False,False,False
658889eaa9eac3b2,False,False,False,False
84953bfa49eefb09,False,False,False,False
10317eec248be33c,False,False,False,False
481b070433d85b12,False,False,False,False
400986c39185fba1,False,False,False,False
d8bb3804bbdec6d2,False,False,False,False
a0aa9f57bb7a78cc,False,False,False,False
838c9ede360b13d5,False,False,False,False
397e40add6aca4de,False,False,False,False
3d323bdbc79d748c,False,True,False,False
75673a2871223312,False,False,False,False
70f86698ae1ced50,False,False,False,False
443814112fa7ca00,False,False,False,False
ac30463c85439815,False,True,False,False
f6bd1debd241ce4e,False,False,False,False
17fcca9a6c3a23f5,False,False,False,False
24b9fe02ce6972ea,False,False,False,False
15a2b9a20ae310ca,False,True,False,False
938a01e2cf71cb61,False,False,False,False
82a4dd5ecbf3902f,False,False,False,False
82349d69e9b5b83f,False,False,False,False
cd0d84e11215047e,False,False,False,False
b91c918ab658934b,False,False,False,False
00d684421479f3ac,False,False,False,False
2513774669721dcc,False,True,False,False
1e6f0896943e21fa,False,False,False,False
26999ca0d6c99f92,False,False,False,False
ba35607103b70b6d,False,False,False,False
12e538d331ac77fd,False,True,False,False
41e0b5ed1884ac16,False,True,False,False
11c3033196907dcd,False,True,False,False
ab046bdd708f1238,False,True,False,False
9aee59e136ee86e3,False,False,False,False
2fdb9f8cfeb5de1f,False,False,False,False
4e748bae720f49aa,False,False,False,False
bdd382833dae2153,False,True,False,False
a69d43e8e23af559,False,False,False,False
ff69bc0706334698,False,True,False,False
9c38a00c70e809fe,False,True,False,False
b5a7f976fed0cf4c,False,False,False,False
0ef5658a5396efa5,False,True,False,False
e640c2db629b867c,False,False,False,False
7c34f20cbd3cf9cd,False,False,False,False
93c36c418c2e635a,False,False,False,False
7fd760cc69902dd7,False,False,False,False
1f190d71e536f3ab,False,False,False,False
e55fe2661c15b7d0,False,True,False,False
bd6aa5c6edcd558c,False,False,False,False
f57b18b83fcaddd7,True,False,False,False
8257c1d3695b5c96,False,False,False,False
5ef051adcf82be3d,False,False,False,False
a8c39dae4873d562,False,False,False,False
e5624a747af23925,False,False,False,False
fd12b0892dd26285,False,True,False,False
d40b797047b41ab7,False,False,False,False
7821c40fa72738bd,False,False,False,False
5f54f01f98924a53,False,False,False,False
1d417a42b9a9bd1a,False,False,False,False
6d806b15f05e2232,False,False,False,False
aa9ba01f97280f4d,False,False,False,False
384f7a7a2b6aad26,False,False,False,False
b219ff9b0b14b808,False,True,False,False
5fd5fc2504c86980,False,False,False,False
772adfc8a3626c99,False,False,False,False
4b850ff01fbcfc1d,False,True,False,False
86c783e79e02d604,False,False,False,False
ee7ee8eaa06c02f5,False,True,False,False
360ac8b473eba628,False,True,False,False
fdcf7168fb671455,False,False,False,False
bee5cdefa7983af8,False,False,False,False
94756be51e593e5c,True,False,False,False
87be13852fe0810e,True,False,False,False
64468a680996d349,False,True,False,False
3fdd19f516c5ff54,True,False,False,False
5b3f066897df980d,True,False,False,False
388d4b5bcde833f1,True,False,False,False
358e47301f4e2255,True,False,False,False
cd03250ba66c2584,False,False,False,False
07734ab0351d6afc,False,False,False,False
69f714aed5598bf3,False,False,False,False
1cec4a7930215626,False,False,False,False
ad83fb3f92fc5974,False,False,False,False
e93b94ba3727fa36,True,False,False,False
ffab3c8774234498,False,False,False,False
f96bd17b50061266,False,True,False,False
25b271ded9433e75,False,True,False,False
794a117f9f1b8020,False,True,False,False
9ad54c2cf158a8ba,False,False,False,False
4acac526d1598ae0,False,True,False,False
b5b5df6af641c3c0,False,False,False,False
bb23e2fd08569eed,False,False,False,False
e6a930aaf0763388,False,False,False,False
b07bd60a93192ad6,False,False,False,False
bb4dc4d9b9020f71,False,False,False,False
b418ce7717d75c85,False,True,False,False
a11308dba92ce4f0,False,False,False,False
ea53562d48657890,False,True,False,False
4b0e32d85d3d226d,False,False,False,False
4787324a3dd4511e,False,True,False,False
3cd51fa16d256157,False,False,False,False
9e6584280cae99f5,False,False,False,False
be657e0800de2286,False,False,False,False
606f2b1c43e9bd78,False,False,False,False
d00c175102fa43ba,False,False,False,False
f3013fe2a27cb4a8,False,True,False,False
bfef4109cb6fdcb8,False,True,False,False
6fb948c4e7aed13d,False,True,False,False
c48418d6eaedc33f,False,True,False,False
9f83416afa15c1ac,False,False,False,False
37bfd2fd02e7183c,False,True,False,False
c43943bb28989479,False,False,False,False
90c0bab4dca70e11,False,True,False,False
354cd02ac5f7fb13,False,True,False,False
ca921814d31d6988,False,True,False,False
1626480a490aee8d,False,True,False,False
9cc6a436ab6d67ae,False,True,False,False
da8e9c0e28f01a44,False,True,False,False
45a09d8bea2e0c37,False,True,False,False
91141d9a1aab9b84,False,True,False,False
040800b9a584d0a3,False,True,False,False
e0b324bd6348fc9c,False,True,False,False
8ba7bfc5c8f559fc,False,False,False,False
a1466764304eddd4,False,False,False,False
3ba0b2f6bac650b1,False,True,False,False
24e3498b809947f7,False,False,False,False
487e5c6c39cb8e6a,False,False,False,False
d1ff23fa5a733965,False,False,False,False
e161d1eff546cc03,False,False,False,False
62fb4e567880927a,False,False,False,False
68d906677c8087ab,False,False,False,False
f66ad2a432670f49,False,True,False,False
937b84378992a6b5,False,False,False,False
ad3bf9dffc94ca34,False,False,False,False
b2ee2474907230f3,False,False,False,False
ce57f1bb2656645c,False,False,False,False
a08621f4b1280fcc,False,False,False,False
019c7fe8aed7b257,False,True,False,False
cf9812ed59ced961,False,False,False,False
febcbabdbfdc0b76,False,True,False,False
48eebdd6cfa38b7f,False,True,False,False
904335a7ae92e107,False,False,False,False
6cabb9ca99d00746,False,False,False,False
2ebe6ff49b62957e,False,False,False,False
25baeca0c1f1d06d,False,False,False,False
04fc44bce70a15d9,False,False,False,False
ddc686a5d8cdf528,False,False,False,False
99b90180e9fdf918,False,True,False,False
38d238b3c0a9557e,False,False,False,False
c80f901d9b518938,False,True,True,True
ea606974323685b0,False,True,False,False
6f4636014dfcb698,False,False,False,False
1c111b619608598d,False,False,False,False
da927a9afd4121ac,False,True,True,True
0f408a283cca92ce,False,True,True,True
f0508018ff8d058d,False,False,False,False
c1064ce533d7183a,False,False,False,False
b262cc4d5de7e66f,False,False,False,False
a882c3eea8429ba2,False,False,False,False
5b72ca563e3b9fae,False,False,False,False
ed10c3eb26bbee17,False,False,False,False
fdffd00a600d3f88,False,False,False,False
0b448adbe721515b,False,True,True,True
8d5621f635978563,False,False,False,False
73d844384cc11a50,False,False,False,False
30a1091f5b5ebdd4,False,True,False,False
2ff7e51ec15eae25,False,True,False,False
71ffdabed568e30a,False,True,False,False
1fa3a435089b4713,False,False,False,False
ca60ae3931af0c3d,False,False,True,True
545b745c7aa0aee8,False,False,False,False
f8ff3ea21c78eae8,False,False,False,False
05c273bc5713556d,False,False,False,False
42959d6637b32cee,False,False,False,False
5cc3d0a3f6bfea92,False,False,False,False
433092e0c3a4d99c,False,True,True,True
833b6db9f4876f81,False,False,False,False
28cd7b4a9f690f7e,False,False,False,False
6ce30d144ac0b142,False,False,False,False
dc6293706d90877a,False,False,False,False
9c554656ad0710e1,False,True,False,False
f66b81bfa204409a,False,False,False,False
87ce5542bbb55d6f,False,False,False,False
16ceff4976d68d18,False,False,False,False
1594c601cf097e39,False,False,False,False
3211a3ded96b7423,False,True,False,False
44ba363936782837,False,False,False,False
35f9e4a618885553,False,False,False,False
c27892edf244eab0,False,False,False,False
c7f02518c7571ca5,False,False,False,False
519df00488d52f73,False,True,False,False
cc5753ee7c8f44d6,False,True,False,False
b8ad6e1b56f12bd0,False,False,False,False
56a774ce7f103456,False,False,False,False
c4084f9da1d0d01e,False,False,False,False
a41072d66d31ba1c,False,True,False,False
079c6adc5dae97db,False,False,False,False
b800b0ef4f112965,False,False,False,False
e790e7fec9084ee3,False,False,False,False
ece9f42734425427,False,False,False,False
d590fcdc79365edb,False,False,True,True
5230bd669374046f,False,True,False,False
34942f8a8ce7e6ad,False,True,False,False
41887eeee9275c4d,False,True,False,False
7fc57d514f992822,False,False,False,False
b352edbb321f23fd,False,True,False,False
36bc85e1df3800c3,False,True,False,False
a1f4026aaf906857,False,True,False,False
041175b92145919d,False,True,False,False
d3f9ef4f4621ad06,False,False,False,False
6c8792e6ad58ee46,False,True,False,False
fa6b2288907f1cea,False,False,False,False
bc6b2411f4091325,False,False,False,False
d4a6f3bb2f28e845,False,True,False,False
67c649766aede493,False,False,False,False
536cf8ce4bb3c4ce,False,False,False,False
97e21d33b89c46b3,False,False,False,False
029083deb332543d,False,False,False,False
1fd5c029e84d732a,False,False,False,False
6ac35ad9ce44e985,False,False,False,False
82ea87f2c2e1339f,False,False,False,False
1098178e999df2db,False,False,False,False
8e709edf625661ae,False,True,False,False
1b7827c14641d879,False,True,False,False
ee72a09fd08d055a,False,False,False,False
f91dce58276b2f8e,False,False,False,False
2d5e900dfd43e7bc,False,True,False,False
b9c4c61f3715dcc4,False,True,False,False
516edf1d6276e70c,False,True,False,False
feacebef607ec236,False,False,False,False
4d20cc57525e3921,False,False,False,False
79d323a853797b56,False,True,False,False
71df2875c9cbb292,False,True,False,False
60a728eae3bd6f1e,False,True,False,False
5eb07ecb3c961542,False,False,False,False
f7adf5684aa5a55f,True,True,False,False
3e86887343022705,False,False,False,False
9748fcc998190ec0,False,True,False,False
93175e7d83badc26,False,False,True,True
ded07031bf668eef,False,False,False,False
a3e69e04ac4c2e2d,False,False,False,False
78a3675242eee2fd,False,False,False,False
14c566fc96214f54,False,True,True,True
8b1c46f7ded9dcc8,False,False,False,False
00058aca86316361,False,True,False,False
7af6565908dc0755,False,False,False,False
2ec05fc731efff6a,False,False,False,False
ff5a5325d6bd350f,False,False,False,False
c59d1cbb1860e86a,False,True,False,False
b84407f525b8a8cb,False,True,False,False
cda9e0c1eaad80a2,False,False,False,False
d0a9b56a72fa5775,False,False,False,False
754f348b4669a303,False,False,False,False
e863b8dbde1c57a4,False,False,False,False
4c856abf5eed7556,False,False,False,False
f70d23711313213d,True,True,False,False
d7246646f4702eb4,True,True,False,False
cc5717d36e8a73eb,False,True,False,False
0c50bd1035fa18ec,False,False,False,False
64c2057d7436dd83,False,False,False,False
202d81192c04ce52,False,True,False,False
e5cd42e23543f865,False,True,False,False
f4d107f5073faf60,False,True,False,False
7fbc13bd2293a1c4,False,True,False,False
764424d078c5b0a6,False,True,False,False
b0d849380f862b8e,False,False,False,False
fca4470950ed97da,False,False,False,False
310a2d31214ace20,False,True,False,False
5fcedfed38a9ed75,False,False,False,False
1e42457db87f4d0b,False,True,False,False
a7d87a069e2c1524,False,False,False,False
f8cb6e50126d4998,False,True,False,False
4cef3ed0b612a914,False,True,False,False
64481f44f3094e57,False,False,False,False
c20bd87e012f25f4,False,False,False,False
58a397b922611d46,True,True,False,False
faab36e4fad76328,False,False,False,False
164297d69e87d659,False,True,False,False
627db6d42eef0c1f,False,False,False,False
3f2e6af2dd5c4193,False,False,False,False
1e33980de2dada6f,False,False,False,False
b0a588830b37afa7,False,True,False,False
5faccf65584bafcf,False,False,True,True
eac496c4c2230ab6,False,False,True,True
dc12b4ff6f596b2c,False,False,False,False
1311b860c5e8d166,False,True,False,False
d3d17652b22a2cc2,False,True,False,False
dc6b5f7a5fc04a2a,False,False,False,False
1f72c2eb8ab303e4,False,False,False,False
ecac8b3e60a2f72f,False,False,False,False
3bbe0695e2d019f3,False,True,False,False
6100014f6ca84b3d,False,False,False,False
3a94b8cf6dde1f66,False,True,False,False
6eb9381090e64eb5,False,True,False,False
128ad0dc650499fa,False,True,False,False
79fa7d3ff14f2e1c,False,True,False,False
df05de81c82f0f37,False,False,False,False
5e60d304e9a1ba74,False,True,False,False
bf7a7af20eeb296e,False,True,False,False
8815d521bdcf7a52,False,True,False,False
9fb05008cd7721e7,False,True,False,False
1389e2776dea37ba,False,True,False,False
cd362799eb135152,False,False,False,False
4368740142d043a7,False,True,False,False
0e75f5a77fe02e43,False,False,False,False
06f1349d3738afcf,False,False,False,False
9690e16247e03209,False,True,False,False
c62dded89628b0bf,False,False,False,False
1a8bd2d4c07d213c,False,True,False,False
8088a15c8ed5acc4,False,True,False,False
c37fffe9643c0807,False,False,False,False
d13fc3247f4cdf73,False,False,False,False
91ca868cca9622df,False,True,False,False
ac8309343d1619dd,False,True,False,False
05b062e6e3d67e7e,False,False,False,False
742737e0be789cf1,False,False,False,False
1cdda8608d81b16d,False,True,False,False
75461edd8a88b7e6,False,False,False,False
96958edb3e49bff8,False,False,False,False
f5dab08ea70d10d7,False,True,False,False
cab43d956a13da96,False,True,False,False
17bbee8b997fe0fc,False,True,False,False
f50cd73302ca6b17,False,True,False,False
2bded7a6d5e7d6d4,False,False,False,False
e1dd81da1f6d3a67,False,True,False,False
2c470e54622da9a6,False,False,False,False
e14d6a563ca50169,False,True,False,False
6645aca76cb83649,False,True,False,False
416754517c51bb5f,False,True,False,False
d14123039c06d0e5,False,True,False,False
c01bf67caadc98c5,False,True,False,False
fe0aa6473cf8e788,False,True,False,False
4fe7dcb63e455044,False,True,False,False
4df21ba269bb4fc9,False,True,False,False
7c56c469593d3f7f,False,True,False,False
3ad9b96e2972e495,False,True,False,False
e85eb01d25ac8a1b,False,True,False,False
d7aef044f381fb27,False,False,False,False
467a1b3ddb73cd29,False,True,False,False
15990c26ce209558,False,True,False,False
967c92f836e90630,False,True,False,False
3bbaff69a61c8a44,False,True,False,False
fa5aad7d08e246ba,False,True,False,False
62acc1ac6e80b728,False,True,False,False
fe7b2fd7c4b09e8f,False,False,False,False
70ab6b62895b12f7,False,False,False,False
1610f97a3c61fb74,False,False,False,False
71b7a8ae5b5e9f5f,False,True,False,False
746e282b187844b9,False,False,False,False
5ebd2458b3058bd8,False,False,False,False
c8482e2d2216d7a4,False,False,False,False
bf0344b8c02f9b4f,False,True,False,False
d118e152e28e352c,False,True,False,False
f4c56847ff5ae76a,False,False,False,False
51d2d381b04a8917,False,True,False,False
de3960af0f5a82aa,False,True,False,False
5294ae50e79c6008,False,False,False,False
37e75f22d0e75f4d,False,True,False,False
117f86828012d22d,False,True,False,False
1ec2f777aa22c77f,False,True,False,False
a75bf7689c90c5d5,False,False,False,False
cb9e113149a1f5a5,False,True,False,False
feec950ff1c3416a,False,False,False,False
5a8e31edabf1e03c,False,True,False,False
ce0f0eaf7166dfcb,False,True,False,False
9a375fe097db7bd9,False,True,False,False
2be7d3b46defe772,False,False,False,False
8fd5c6b5eda44cdc,False,True,False,False
09f38af706e7beda,False,False,False,False
98504b09072946b3,False,False,False,False
dedcbf306174ff2d,False,True,False,False
a88a4e5463526b03,False,False,False,False
311eec3442f50041,False,False,False,False
98f2fe654de002e9,False,False,False,False
2aa2ef042460fbba,False,True,False,False
b047f3f91273a486,False,False,False,False
884bf33a3f048833,False,True,False,False
bc93c9a68d1edd73,False,True,False,False
5d0b8cfe51f1ddb1,False,True,False,False
97695ae691196d74,False,False,False,False
fbcef4ce517e64de,False,False,False,False
b1c433e3938c5448,False,False,False,False
27d292a336279ebe,False,False,False,False
99394c91e7407901,False,False,False,False
3722459375612f98,False,True,False,False
b22907325a028aa4,False,False,False,False
817c6ca4b434c1ac,False,False,False,False
9552aa314bd1f0dd,False,False,False,False
a214f05c3e8bfa0a,False,False,False,False
2398447c7480cffd,False,False,False,False
6e4e1298ceb177af,False,True,False,False
36dd985b3af801b5,False,True,False,False
6c99ea3c0029707b,False,False,False,False
6cb1197f4099b27e,False,True,False,False
71cacdfcb6ddb007,False,True,False,False
f05ee751e92fca2a,False,False,False,False
8b2976020b51ab00,False,False,False,False
0f314709f6a68656,False,False,False,False
1125c775c8edb7a9,False,True,False,False
075e48641f9fa231,False,True,False,False
2a4df0d477113349,False,True,False,False
39c2b71d9b14c510,True,False,False,False
35f1da5548e66e4c,False,False,False,False
bb6bbe910e37bbf6,False,False,False,False
0a4b8ccabede4b76,False,False,False,False
c654e4a02a860727,False,True,False,False
f5e72d0274452379,False,True,False,False
5c52b1665bc24233,False,True,False,False
1cfb8a5395419562,False,False,False,False
d3191453f656d736,False,True,False,False
b8e2bed468676dbe,False,False,False,False
af52b35159acfa04,False,False,False,False
51f8acaedf45bbd1,False,True,False,False
a72bd03b0b4cc9c9,False,True,False,False
d92febef87134973,False,False,False,False
2cdbdec039b5cc2f,False,False,False,False
d2f619a94e830f7a,False,False,False,False
182e9d15c3d5da2c,False,False,False,False
8da805adac3625b4,False,False,False,False
c6a598af627071a9,False,True,False,False
d4c120063cf54f2d,False,False,False,False
843ea73e3231b2c8,False,False,False,False
b6b2ef63fdd9792a,False,False,False,False
458c35d71fcb8103,False,True,False,False
e14b207a68308488,False,False,False,False
a5790cecc85ca6fb,False,False,False,False
b1e0786613c7b8d7,False,False,False,False
5c9605b9d2d392e4,False,True,False,False
bd43b6f45f43e990,False,True,False,False
49aab2197cbb5f4a,False,True,False,False
b25d0d72570f0acf,False,False,False,False
55036966af31ae1a,False,False,False,False
204e8439ddd8d2bc,False,False,False,False
33360a84f1d88f08,False,False,False,False
b603de25ad5faf51,False,True,False,False
a4ffcbbf008aa8cc,False,False,False,False
d12cbaf0d238a273,False,False,False,False
6356ff181a67721c,False,False,False,False
cd6eb42011163bae,False,True,False,False
9fee96668b8df8d4,False,True,False,False
3c780e8ebc839c4c,False,True,False,False
7c95df2405dcd262,False,True,False,False
875679a1722c2e9a,False,True,False,False
5f3c348d571b34e1,False,True,False,False
60671f83d08c5e2b,False,False,False,False
78011c7933b73974,False,False,False,False
eabaccfd9f403ba5,False,True,False,False
09c78aef49c8957f,False,True,False,False
8d8cbe0bab9ca4b7,False,False,False,False
c4f6dab8ebb6ec32,False,True,False,False
4bdd8d3d458f2cba,False,True,False,False
d56625d63ccc4422,False,True,False,False
f12be8d6540a346e,False,False,False,False
60704a5fc16599ff,False,True,False,False
57e9e8ab5fcd632e,False,False,False,False
047a31dcdf071666,False,False,False,False
5c829742c764b6b1,False,False,False,False
7840d49c33002279,False,False,False,False
833863509c7bc8c9,False,False,False,False
7fca8172c231dae6,True,True,False,False
b343d7f2a4a12bd7,False,False,False,False
68e43bad75b31bbb,False,True,False,False
570212f0cab7b641,False,False,False,False
04574788ee636fe5,False,True,False,False
cf9bdc065210e3c3,False,True,False,False
e6f10ce74cec9dca,False,True,False,False
3c1af0769c4486a4,False,False,False,False
b4125a3225e0f7aa,False,True,False,False
595d817ab9815f5d,False,False,False,False
c957fdb1f218503e,False,False,False,False
b9bbdafe64918a57,False,False,False,False
fac1a37b1776545f,False,False,False,False
bf894d48500a8941,False,True,False,False
02bbc332422baf37,False,True,False,False
d8788a0c6236ce7f,False,False,False,False
1bbd24ee070300b7,False,False,False,False
78ebedfc85a6a17c,False,True,False,False
e79fbdd8a7c2653e,False,True,True,True
c51b0477cc49a421,False,False,False,False
50036e5047d8cf10,False,False,False,False
7413d4d78b4c882b,False,False,False,False
97b63102fda86ab6,False,False,False,False
728947be50991bce,False,False,False,False
81761c586d02db79,False,False,False,False
3eecac2f298a7d91,False,False,False,False
e0e9cbcc6e4e0338,False,True,False,False
208229ac32164cbc,False,False,False,False
82441a9022b3c9aa,False,True,False,False
d26c9076706c78bc,False,True,False,False
f05fdabbc145a290,False,True,False,False
22cf2b8d844b227b,False,True,False,False
6ca6cf75d44b6e3c,False,True,False,False
82ff7daa6aa16324,False,True,False,False
0483005f1ecd785e,False,False,False,False
711bfe3d86e81232,False,True,False,False
7deb93a8ef656b50,False,False,False,False
cfef06ecdbe14973,False,False,False,False
e8b2c0cd174903a6,False,False,False,False
2b47ee08e18be451,False,False,False,False
144f78e0a07b547e,False,True,False,False
13561e2a1bf0c3b4,False,False,False,False
8c470e2bb164beef,False,False,False,False
2772c86463348aa7,False,False,False,False
942b4e4597df6ab9,False,False,False,False
7e5ed3f76a70db21,False,True,False,False
f913a3c729d50c61,False,False,False,False
62efcc269f5ff3e7,False,False,False,False
6578f5505982bc5b,False,True,False,False
9894cecb8a120c7c,False,False,False,False
07e56a3d9e72e35d,False,True,False,False
f05bafeaee63a49c,False,False,False,False
17f648b744da19a0,False,False,False,False
a7434ec0a8eac864,False,False,False,False
0c6e7d31b84f3096,False,False,False,False
b795c71a1cbaeef4,False,False,False,False
d59b542d7d6b6ad2,False,False,False,False
355d01e769b2ff87,False,False,False,False
fd80685909d97d48,False,False,False,False
e80ba50c5d06dbf9,False,False,False,False
698abbcd5fa60cd1,False,False,False,False
f307b97dea0cf436,False,False,False,False
f527b22e9a675cbf,False,False,False,False
e40d30ff13486ecd,False,False,False,False
b5558f85db5ac5b9,False,True,False,False
df89a9e5cf4b85f3,False,True,False,False
06470105603e5210,False,True,False,False
459a5d1860e1c7b3,False,True,False,False
4244201130175adb,False,False,False,False
3b7ef47d630ccbc4,False,False,False,False
0515d0acb723dc43,False,False,False,False
d861834f7fe628e6,False,False,False,False
451a1317b33e6874,False,True,False,False
60c43b8ef0ed4910,False,True,False,False
c9280c5eea13aecd,False,True,False,False
876e3228d05fbb5b,False,True,False,False
604291100b416921,False,True,False,False
7e2ce295cdd16184,False,True,False,False
820dcd35acd7671b,False,False,False,False
aef80185757a2def,False,True,False,False
e73bc26382a87068,False,True,False,False
f64ba2a469e60d5a,False,False,False,False
dea760c72ded238d,False,True,False,False
ecf4db82d4d397ba,False,False,False,False
c99b46869dba53a6,False,False,False,False
52017707785c4332,False,True,False,False
040a55840f4107f1,False,True,False,False
008a59674de43150,False,True,False,False
05eb17480d1a9a08,True,True,False,False
5fc1396786dea62a,False,False,False,False
ab2a62f4d730c092,False,True,False,False
f111aef4ced111ad,False,False,False,False
e2fa420876baaf3c,False,False,False,False
10a3a6b6de2052c6,False,True,False,False
20028e4883d60f37,False,False,False,False
c8d7bf3a0f0a0d86,False,True,False,False
107431fe0d8096f1,False,False,False,False
fd6e79daffb0b490,False,True,False,False
f0447ca8970e5037,False,True,False,False
05e203d87f5a086a,False,False,False,False
737e2414b0083541,False,True,False,False
659dd8fd5348e70e,False,False,False,False
7136e63237294f84,False,True,False,False
5f1e2354e7fe1af1,False,False,False,False
b4db6816b51b584d,False,False,False,False
a805b7b33ebbcc99,False,False,False,False
93e7c1168c223ea1,False,False,False,False
e93191f1884172cb,False,True,False,False
87cdff886d5d1031,False,True,False,False
cb17a7bb2c3a2289,False,False,False,False
b295628dc1eaf4e2,False,True,False,False
89b68278558ec42e,False,True,False,False
711c06638a817365,False,True,False,False
bcd44ee9b24bd5e5,False,True,False,False
9f51184a30058d54,False,False,False,False
7ade9c019cd40d6d,False,False,False,False
3e8e90dd39c1951a,True,True,False,False
5fd4e8683b3bdd28,False,False,False,False
c9c538ff6e0d9ec4,False,True,False,False
b405b57184b1ad91,False,False,False,False
1553addc450ba801,False,False,False,False
7743a213eda9c933,False,True,False,False
3ee3df51e535a80c,False,True,False,False
3da288c7c840b9fc,False,False,False,False
3c2e79c06c62e0d2,False,True,False,False
854b72adac34d215,False,False,False,False
29de69aee2862f57,False,False,False,False
4c3b1506a788132b,False,True,False,False
d65333c0fd8e5564,False,False,False,False
f46392ca819868e4,False,False,False,False
7855bd0f8be0d51d,False,True,False,False
08c366124c18b433,False,True,False,False
43ed355793dfc2cd,False,True,False,False
41d42065a1707115,False,True,False,False
5024c0539c5753d0,False,False,False,False
63c4e9367f748f5a,False,False,False,False
8ed342609ea7a521,False,False,False,False
7f5afa38d82f70c7,False,False,False,False
9b397716d1140be7,False,False,False,False
6f7ef6029ac453f3,False,True,False,False
179305debc36f399,False,True,False,False
e937cb21fb0155f6,False,False,False,False
d22c983540651bce,False,False,False,False
b685dac48a8057ae,False,True,False,False
da4e8c0884a40d39,False,False,False,False
4e716ff4458c6f9e,False,True,True,True
accf9ccbc6287d66,False,True,False,False
37e96b8f0c2ce8ca,False,False,False,False
c6828297bc9aac86,False,False,True,True
423b7ea3a2ac3396,False,False,False,False
a59b5c2114cbd6d7,False,False,False,False
34e34c61cf03b1e7,False,False,False,False
b91c4a13d00bc120,False,False,False,False
3d0eaaac8d1d0128,False,False,False,False
807af42881024f01,False,False,False,False
7e5bf588837171e7,False,False,False,False
798d243a0112e169,False,False,False,False
af314d9c25919e49,False,False,False,False
d37641a72e78562d,False,False,False,False
ed5e5f966100f1b0,False,True,False,False
7cad5a23688bdd6b,True,True,True,True
aa85981a4d7bbc18,False,False,False,False
0300580af5e9ab8b,False,True,False,False
5cc8c1294f98842e,False,False,False,False
d2a4094c00a7ef20,False,False,False,False
c61174dd489cc0a0,False,True,False,False
ada756fe094942ad,False,True,False,False
e4e84bf7686b80f5,False,True,False,False
e7f89b6053c0c57a,False,True,False,False
2914364202f37762,False,True,False,False
f6e7cbfb539e98b7,False,False,False,False
e1ef76e81baabadc,False,True,False,False
f600c49ea323f9f0,False,False,False,False
b8651d4d3c681206,False,True,False,False
e27b9f14fb1b92b4,False,False,False,False
3a52161e35a08ea0,False,True,False,False
bf93033148a466cb,False,True,False,False
3c64ae43d699f949,False,False,False,False
b00ee88a9d2ab933,False,False,False,False
05a2251c85707580,False,True,False,False
03a2f82efbca7bd8,False,False,False,False
51de7a6f8a84858e,False,True,False,False
8c5e7bc0c84cdffb,False,True,False,False
38c0c29902a3ed04,False,False,False,False
5b7908d285d2c28a,False,False,False,False
422fe8b3adf7e8af,False,False,False,False
9c102687afe1efc9,False,False,False,False
6c4748e621f40786,False,True,False,False
85c4cfe046eddc9b,False,True,False,False
f2019e8b2ba452f3,False,True,False,False
0a28e8aee437968b,False,True,False,False
95967c2e3b6cff24,False,True,False,False
06131416eaf6fa1d,False,False,False,False
6e61c271c6adc1cd,False,True,False,False
2813f649130ee3ac,False,False,False,False
9c2cfdbaaab73780,False,True,False,False
8f80aa4966ec50e1,False,True,False,False
b0fd742860464bfc,False,True,False,False
14dc84ca6a44c145,False,True,False,False
7238ce487b748e04,False,False,False,False
5e4a887e898ce76f,False,False,False,False
7f01a9f94efc2ac1,False,False,False,False
30cafd89b274c88a,False,False,False,False
0d5eda48eee60e38,False,False,False,False
7a09cc87eb4b9ef7,False,False,False,False
b74d1ff33ee0a1c0,False,False,False,False
d6006b80c46a43db,False,False,False,False
8cc4224d934612ba,False,True,False,False
b343e33bb2bc6944,False,False,False,False
445496fa5419875f,False,False,False,False
529074d2ef362542,False,True,False,False
b58f2e718b212c97,False,False,False,False
954331b872c08116,False,True,False,False
df270e1ea62b9d38,False,False,False,False
7b47d05fbd4c26be,False,True,False,False
e1d61101802c8490,False,False,False,False
a1b97d47c1d59772,False,False,False,False
cc9e02f56e0c737b,False,False,False,False
d8bf66f42f0e5408,False,True,False,False
9d5164978e1a86fc,False,True,False,False
8dc37e6b511ccd65,False,False,False,False
459733780ce77e35,False,True,False,False
f0b469f82c97b607,False,False,False,False
a560f11dba4b509d,False,True,False,False
2b1f119a58e8d733,False,True,False,False
412a8a2674ae04a7,False,False,False,False
2c993f8fe38d8ffa,False,False,False,False
9f3ca4c32b7ef821,False,True,False,False
8139a43a3fc3b8c5,False,False,False,False
07b2cbeeecd4e11b,False,True,False,False
c0db6a0f40c603e4,False,False,False,False
7babf58c07b56912,False,False,False,False
7d3649d43e6b1fd0,False,False,False,False
d104b295d54b17a9,False,False,False,False
eefbbb48cfc4a3b0,False,False,False,False
6dc4c9822a775d59,False,True,False,False
52572d7717648805,False,True,False,False
319dbf1330b8c584,False,False,False,False
5dd3ed696f89008a,False,False,False,False
6b436012b5b5f504,False,False,False,False
1f971bf819389290,False,False,False,False
f637d734ed6b7016,False,False,False,False
88a3d8cdbc615f63,False,False,False,False
c5aaa8fc99dc5b4c,False,False,False,False
2ebb3f8bf502a2a5,False,False,False,False
38bc58f9ce5dd886,False,False,False,False
e5cafdeec693027e,False,False,False,False
c36d9c3c05911a6f,False,False,False,False
88ed4446a07f9b14,False,True,False,False
5c50abbf0049bc8a,False,False,False,False
204844c1e51a4fef,False,True,False,False
49f1240bd478eda3,False,False,False,False
2cd3d7f92f0a23ef,False,False,False,False
bab9b5a1929df267,False,False,False,False
816c06f1ff88dd3d,False,True,False,False
bc998b6181a5a4aa,False,False,False,False
6576adad6cf8d94d,False,False,False,False
c4fedc39baa29d5c,False,True,False,False
4f99aa333554a365,False,False,False,False
9328f8f48140c588,False,False,False,False
0c416574a35168f6,False,True,False,False
ec0194f37b3bb202,False,False,False,False
364e2da514270f98,False,False,False,False
09f06060c9ba0953,False,False,False,False
176c1534ac14be4c,False,False,False,False
4d8cb0dca9697948,False,False,False,False
8bedaf7c6e7ba249,False,True,False,False
f296db6a1b32cbb3,False,False,False,False
17de741fd81a0adf,False,False,False,False
a83a8f3c6cc9a062,False,False,False,False
3f5470f7089fff57,False,True,False,False
8864253f4f7ccf42,False,False,False,False
b1a2323cb0b5c776,False,True,False,False
ea06a6bae8f95b75,False,True,False,False
7885f9b77bdb9cad,False,True,False,False
9380971a23c1eefb,False,True,False,False
d0a6603ecb21da6f,False,True,False,False
da629c485fbd050c,False,True,False,False
0d8abd5482fddce6,False,True,False,False
0991398a506e7029,False,True,False,False
7331c6ab27af2274,False,True,False,False
e4a27262c4edef6f,False,True,False,False
7f43e545442f6c21,False,True,False,False
b6b349b04a7808e7,False,True,False,False
ca3cd0e791329f22,False,False,False,False
5a1d936e8a52541e,False,False,False,False
ccf12277d0d0f70e,False,True,False,False
827ad935929a2f43,False,True,False,False
113c6ad2b6e837b0,False,False,False,False
be5a11dd6c0c6c8a,False,True,False,False
4b3a4d10393d9068,False,True,False,False
269bc8a1f79af806,False,False,False,False
5f94407e263536ab,False,False,False,False
8a881758599ea9e2,False,False,False,False
db026d113e2f54cd,False,True,False,False
befaf7e40d1f2739,False,True,False,False
7f0eabc1a027d85d,False,True,False,False
b3a12359b1b6b620,False,True,False,False
6eaa8cb6b6dc0194,False,True,False,False
e5e9ecc17bde32fa,False,False,False,False
8b33e3ead069dcef,False,False,False,False
5121a023efc8f42f,False,False,False,False
ee967f9412893ca3,False,False,False,False
bf7a5794590c1c93,False,False,False,False
0851399a0462bcb5,False,False,False,False
c429dc53aa3f2666,False,False,False,False
8f57b0566dda7c77,False,False,False,False
2db7da5170ced481,False,True,False,False
dae96c0c16442450,False,False,False,False
6b0796917dcb27b0,False,False,False,False
b3e92e921cb7d123,False,False,False,False
1aa3a134e8a1f32b,False,False,False,False
e788ffac009605ce,False,False,False,False
2.51789E+15,False,False,False,False
d2dc2751775a2d31,False,False,False,False
ec852d184a08d00e,False,False,False,False
edf47ba4edec10ef,False,False,False,False
2d56fed299b962b7,False,False,False,False
11a7a57a6b720a04,False,True,False,False
3aab5fad206b01aa,False,False,False,False
092af890e16f43e3,False,True,False,False
b22f0f7447b5efaa,False,False,False,False
9c32158b8633c2c7,False,False,False,False
0ff93f524d9090db,False,False,False,False
d57e4d49cc45a751,False,False,False,False
0de8de10389bc249,False,False,False,False
badc434182e4b109,False,False,False,False
a9c6c700fe0bd96e,False,False,False,False
14ea370f2f06b589,False,False,False,False
d2b8816ea36f005a,False,False,False,False
fbcfc49c1f300160,False,True,False,False
3b218a69a3e118a1,False,False,False,False
94fb06ecfa21dfca,False,True,False,False
e345631f9623f33d,False,False,False,False
cd867d26e4c240a9,False,False,False,False
4c2bcbc96e5aa766,False,False,False,False
ca159187e8ffa9eb,False,True,False,False
73241bd55ff171d5,False,False,False,False
325d869b9c87959c,False,True,False,False
c190690249715a35,False,False,False,False
10d133321f88a5e8,False,False,False,False
1467e1f689d87dea,False,False,False,False
413ad23f2fddde21,False,True,False,False
d375a72d6afa2042,False,False,False,False
01b9156fb9ba6c7a,False,False,False,False
2463f6a4d7424062,False,True,False,False
d43959e97ec98ab6,False,False,False,False
dd46f9b17d78f913,False,False,False,False
09db3fe4b75b1c2b,False,False,False,False
cecf53db08a8a924,False,False,False,False
b838479b12937c76,False,False,False,False
7f2efda21b49e27f,False,True,False,False
f2f2e658c24ae502,False,False,False,False
77b2e7af48545db0,False,True,False,False
c1cc802e2d59b204,False,False,False,False
73bf5921c49f4a70,False,False,False,False
54d561f540d959e0,False,False,False,False
5dd91ec377824690,False,False,False,False
e7f1b091df7ad300,False,False,False,False
c1ddd0322c865772,False,False,False,False
57c41d7b42b03d51,False,False,False,False
a11d2b9f4c17b4d0,False,False,False,False
d9e2a46acc8cad2e,False,False,False,False
3299a564bec9c475,False,False,False,False
a5779f3c0cb57bdf,False,False,False,False
8c1ab644fc7c2fb2,False,False,False,False
0079622517f37b91,False,False,False,False
f024212551e542ff,False,False,False,False
5da817aba421a5b1,False,False,False,False
b95635e63acb810a,False,True,False,False
80a4f2b352ca65a6,False,False,False,False
c3fab654a3c2131a,False,True,False,False
164c30f562668516,False,False,False,False
c5eee73dc06651c4,False,False,False,False
9dd8ac2ca8cb0e4a,False,False,False,False
60cff03c4b1400eb,False,False,False,False
4534eff70e4d3bf4,False,False,False,False
8718e0f8e7207d6d,True,True,True,True
36750b3b366c89e2,False,True,False,False
7e5e6a7e43b79368,False,True,False,False
90fe2f8654b54e08,False,True,False,False
a9565f855017e4a9,False,True,False,False
0b7417f4d2b143fe,False,False,False,False
6ae23fbf66e9b5e4,False,False,False,False
f899be798193ac86,False,True,False,False
eadba9cb63f2b3a9,False,False,False,False
db4ffcb3a2ea58dc,False,True,False,False
5a65c62a8046882f,False,True,False,False
eb17a5165420d419,False,False,False,False
0d91edf5edf3547d,False,False,False,False
d1c78a451afc026e,False,False,False,False
8288a9c129c50556,False,False,False,False
d6f9265184a0637e,False,False,False,False
f2334c3ffbbb007e,False,False,False,False
8a93ce66efae3c3c,False,True,False,False
a1361038ae9a3601,False,False,False,False
d069494eeedc7514,False,False,False,False
5975800438bdcfa5,False,False,False,False
0e4c344e0e278c95,False,False,False,False
4ed4c032920fa78e,False,False,False,False
c4a5fc7d8c64f7cd,False,False,False,False
044e0e16f43bab37,False,False,False,False
f387eade32b4665a,False,False,False,False
eae8526c32cfaa60,False,False,False,False
2d30c1e466880f23,False,False,False,False
68b42a9863634411,False,False,False,False
143766781bf31810,False,False,False,False
d8f38244244d76b9,False,False,False,False
f33da5aa6a297df6,False,True,False,False
b36477f14de4f054,False,False,False,False
085d3cbca20bf972,False,False,False,False
92f2ca3ba99061af,False,False,False,False
914547c431d9bc55,False,True,False,False
636c0ab692096abd,False,True,False,False
4b7599ef9b00eada,False,True,False,False
8ea67317a4169e68,False,False,False,False
91ff31c7840c2aad,False,False,False,False
920b73873d05fd48,False,False,False,False
e9fd831ef6f82cad,False,False,False,False
60c8d96a76f15fe7,False,False,False,False
2c2eab20fcecfd3b,False,True,False,False
a74f4f7bd39583d8,False,True,False,False
53e98a3f2be3ed77,False,True,False,False
2f54f416233d01da,False,True,False,False
b8ade00055bf02eb,False,False,False,False
28719d839cf0e323,False,True,False,False
79f58d0462ce62a9,False,False,False,False
7fc8e4ccac44c24a,False,False,False,False
9c5afc164ff4ab76,False,False,False,False
df4b7854ebdd4547,False,True,False,False
af3b073a26ea5ec5,False,True,False,False
40c0993f443a308d,False,True,False,False
4217b5ea33d51f46,False,True,False,False
a61fc7fd0ad72e4e,False,True,False,False
745a071f20ef11d0,False,True,False,False
d6c9ca9e8f8b295b,False,False,False,False
43a6c58daa4e37fd,False,False,False,False
ba88fc3732a516e7,False,True,False,False
b94fb866ad0ca30c,False,True,False,False
fad9976ca76d5ded,False,False,False,False
36472e470ea67bb2,False,False,False,False
11d8677a4f26d240,False,False,False,False
9f4908d3e572a34c,False,False,False,False
05bf7a3e38032357,False,True,True,True
a4aa86f19252bd8c,False,False,False,False
3ebfd7eab559f96b,False,False,False,False
996fb4b67d762051,False,False,False,False
69180110862d453d,False,False,False,False
f15b8f7bef5b31ca,False,False,False,False
934fb1336b042649,False,False,False,False
8a5f657f80b42e6d,False,False,False,False
a4a0e14dc800b502,False,True,False,False
a465a669c800a5d0,True,False,False,False
140abe1bf9b363bf,False,False,False,False
ef9be6b0d311d2ae,False,False,False,False
e7e9fb4e6ca96ee0,False,False,False,False
26027dcb14747cbf,False,False,False,False
db6a192ffe45781c,False,False,False,False
d1ad29036432236c,False,False,False,False
d29d3ea7c7c12978,False,False,False,False
9136d3e5bb347171,False,True,False,False
b2c3eec5b7633625,False,False,False,False
