source_key,is_ransomware,is_data_breach,is_availability_disruption,is_ransomware_keyword_derived
Acros Sport GmbH,True,False,False,False
Ashtech Infotech,True,False,False,False
Réseau Radiologique Romand,True,False,False,False
Zojirushi,True,False,False,False
Greenwoods Dental Centre,True,False,False,False
Desysweb,True,False,False,False
PennEastern Architects,True,False,False,False
cmswpc.com,True,False,False,False
autorisk.org,True,False,False,False
earthsystems.com.au earthsystemseurope.com,True,False,False,False
egnyte.com,True,False,False,False
Trellix (McAfee & FireEye),True,False,False,False
K & E Distributing,True,False,False,False
Accessoires Outillage Ltee,True,False,False,False
EMA Engineering & Consulting,True,False,False,False
Stuf Storage,True,False,False,False
Soprolux,True,False,False,False
Rehab Clinics Group Ltd,True,False,False,False
Sylvania,True,False,False,False
Norcal Training Center,True,False,False,False
rjrgleanergroup.com,True,False,False,False
de.yangming.com,True,False,False,False
anser-coding.com,True,False,False,False
rhactushotel.com,True,False,False,False
Elia Law Firm,True,False,False,False
Jacobs Doland Beer,True,False,False,False
Grau GmbH,True,False,False,False
pvdd.ca,True,False,False,False
datasavior.com,True,False,False,False
kbtoys.com.au,True,False,False,False
alge-stop.dk,True,False,False,False
smp.cat,True,False,False,False
gingerichtrucking.com,True,False,False,False
jmige.com,True,False,False,False
Farella Braun + Martel LLP Information,True,False,False,False
Sandberg Phoenix Information,True,False,False,False
id-s.de,True,False,False,False
mbk-gmbh.de,True,False,False,False
ettp.be,True,False,False,False
studioubertazzi.it,True,False,False,False
globalmerchservices.com,True,False,False,False
soavegel.it,True,False,False,False
Inox Market Service SpA,True,False,False,False
BMTP,True,False,False,False
Laclinic-Montreux,True,False,False,False
Complastex.com,True,False,False,False
Houk Air Conditioning,True,False,False,False
Panal Seguros S.A.,True,False,False,False
Time-Cap Labs,True,False,False,False
Clinical Registry Solutions,True,False,False,False
SDK Environmental,True,False,False,False
Nrt India,True,False,False,False
Da Guan Technology,True,False,False,False
Riggotts,True,False,False,False
IPE,True,False,False,False
Gator Cases,True,False,False,False
DATAMATIC,True,False,False,False
C2O Architects,True,False,False,False
FMS,True,False,False,False
Clark Fixture Technologies,True,False,False,False
Manhattan Fire Safety Corp,True,False,False,False
Worralls,True,False,False,False
Mundo Amtae,True,False,False,False
Asphalt Specialists,True,False,False,False
Le Maire de QUIBERON,True,False,False,False
Aerodiagnostics,True,False,False,False
Moorman Harting,True,False,False,False
ABI and Ideal Tape,True,False,False,False
Heinrich Kopp,True,False,False,False
Nostrum,True,False,False,False
MIMS,True,False,False,False
IT Management,True,False,False,False
Colegio Notre Dame Campinas,True,False,False,False
Beaconhouse School System,True,False,False,False
Heatherwood Golf Club,True,False,False,False
ACFA Regionale de Calgary,True,False,False,False
Fabritius,True,False,False,False
Forsheda Stlverktyg,True,False,False,False
Magisterial Service,True,False,False,False
Kınık Gross,True,False,False,False
Arcelik,True,False,False,False
Media Consulting,True,False,False,False
Keretapi Tanah,True,False,False,False
Triquim,True,False,False,False
Engineered Advantage,True,False,False,False
The Modern Flour Mill,True,False,False,False
East,True,False,False,False
Millennium Partners,True,False,False,False
Ontario Physiotherapy Association,True,False,False,False
Levante Living,True,False,False,False
Kasapreko,True,False,False,False
Marutake,True,False,False,False
Mediaplex,True,False,False,False
Diviso Grupo Financiero,True,False,False,False
La Kaffa International,True,False,False,False
Farmers Association of Iceland,True,False,False,False
WOHA,True,False,False,False
ttt.vn TTT Corporation,True,False,False,False
Ropers Majeski,True,False,False,False
Scales and Associates Inc,True,False,False,False
Sysco,True,False,False,False
Elken Sdn Bhd,True,False,False,False
Bandeirante Supermercados,True,False,False,False
Strategic Imports,True,False,False,False
Magnolia (Israel),True,False,False,False
Trimble Inc / Gerrard Inc,True,False,False,False
Atencio Engineering,True,False,False,False
SIT Group / Robusta,True,False,False,False
Desert Christian Schools (DCS),True,False,False,False
CourtSmart,True,False,False,False
Hathcock (Personal),True,False,False,False
ActionAid / TACOSA,True,False,False,False
Palmers Relocations,True,False,False,False
Académie de Montpellier / CSJM,True,False,False,False
Colegio María Inmaculada (CMI),True,False,False,False
CEAGESP / Netfeirasp,True,False,False,False
Raycolighting,True,False,False,False
ovextech.com,True,False,False,False
Cazh.id,True,False,False,False
Positiwise Infotech Pvt,True,False,False,False
Celeris Networks,True,False,False,False
Bay State Land Services,True,False,False,False
Unre3d,True,False,False,False
Maximum Mold,True,False,False,False
Punch & Associates Investment Management,True,False,False,False
Pipestone,True,False,False,False
GRANDHOME,True,False,False,False
Ahorramas,True,False,False,False
EXPEDITOR,True,False,False,False
brittanyresidential.com,True,False,False,False
Adelante Soluciones Financieras (Addi.com),True,False,False,False
Erla Technologies SAS,True,False,False,False
Entire list of affected schools by Instructure breach,True,False,False,False
sanver.com.mx,True,False,False,False
childplace.org,True,False,False,False
foodsmart.com.do,True,False,False,False
Studio Marchi - Studio Professionale Associato,True,False,False,False
Thompson Builders Corporation,True,False,False,False
hokuyo2006.co.jp,True,False,False,False
bootstransport.ca,True,False,False,False
dahlgrenscement.se,True,False,False,False
maiadouro.pt,True,False,False,False
zonaovest.to.it,True,False,False,False
fital-treppenlifte.de,True,False,False,False
Seagate Capital Construction,True,False,False,False
Morning Star Tours,True,False,False,False
Law Office of Steven R Smith,True,False,False,False
Foxstone Financial,True,False,False,False
Lexus,True,False,False,False
Rizzuto Law Firm,True,False,False,False
General Hardware,True,False,False,False
Cushman & Wakefield,True,False,False,False
vacaero.com,True,False,False,False
www.cswindustrials.com,True,False,False,False
Lonestar Truck Group & Tag Truck Center,True,False,False,False
Standard Bank Group,True,False,False,False
Johnson & Johnson Innovative Medicine,True,False,False,False
Luna Group,True,False,False,False
City of Sandstone,True,False,False,False
ROYAL M HOTEL BY GEWAN FUJAIRAH LLC,True,False,False,False
Cult Wines,True,False,False,False
https://www.wilkemgroup.com/,True,False,False,False
"Instructure Holdings, Inc. (Canva LMS, instructure.com)",True,False,False,False
emtco.com,True,False,False,False
it-freitag.de,True,False,False,False
manateeair.com,True,False,False,False
Cushman & Wakefield Inc.,True,False,False,False
Fiserv,True,False,False,False
or-technology.com,True,False,False,False
FANASA.COM,True,False,False,False
cgcsa.co.za,True,False,False,False
Photonic,True,False,False,False
Armstrong George Cohen Will Ophthalmology,True,False,False,False
LSM Lee,True,False,False,False
Star Precision,True,False,False,False
Standard-Examiner,True,False,False,False
North Star Signs,True,False,False,False
"Beyond Measure & Associates, Inc.",True,False,False,False
JG Stewart Construction,True,False,False,False
Cytek Biosciences,True,False,False,False
Zampell,True,False,False,False
medical-park,True,False,False,False
Minidoka Memorial Hospital,True,False,False,False
Grupo EBD,True,False,False,False
Shenzhen Gongjin Electronics,True,False,False,False
Compass Housing Alliance,True,False,False,False
Tuopu,True,False,False,False
arc-reins.com + fidelityunited.ae,True,False,False,False
A**** F***** Plas****,True,False,False,False
Site Design Group,True,False,False,False
Symcor,True,False,False,False
TSYS,True,False,False,False
Epiq Global,True,False,False,False
northshoreenv.com,True,False,False,False
energyaction.com.au,True,False,False,False
hpk.hamburg,True,False,False,False
INJURYLAWYERS.COM,True,False,False,False
INTEGRALIFE.COM,True,False,False,False
bomuhospital.org,True,False,False,False
Avnet,True,False,False,False
Lena Health,True,False,False,False
Woundtech,True,False,False,False
youX / Drive IQ,True,False,False,False
LexisNexis,True,False,False,False
MCO,True,False,False,False
ReFocus AI,True,False,False,False
Hatica,True,False,False,False
Analog Gold / Prospector,True,False,False,False
Nordstern Technologies,True,False,False,False
ParkEngage,True,False,False,False
Saleskido,True,False,False,False
Interzero,True,False,False,False
IMEVI,True,False,False,False
Raptor Supplies,True,False,False,False
Rotary Club,True,False,False,False
JOT,True,False,False,False
BookBlock,True,False,False,False
Crank Communications,True,False,False,False
CrediElite,True,False,False,False
Fashinza,True,False,False,False
Accurate Nursing Services,True,False,False,False
Filter to A**** F***** Plas****,True,False,False,False
wyomingcountyny.gov,True,False,False,False
sequoiadental.com,True,False,False,False
townofnorwell.net,True,False,False,False
curedentalbeltontx.com,True,False,False,False
austinplasticandreconstructivesurgery.com,True,False,False,False
hsjlawyers.com,True,False,False,False
bun.nl,True,False,False,False
aceforwarding.com,True,False,False,False
ic-controls.com,True,False,False,False
Peyton Law Firm,True,False,False,False
Ceywater Consultants,True,False,False,False
Medical PAY,True,False,False,False
orekait.com,True,False,False,False
gursoygrup.com.tr,True,False,False,False
irestal.com,True,False,False,False
ritta.co.th,True,False,False,False
Winona County,True,False,False,False
"Roger D. Mason II, P.A.",True,False,False,False
Kinsmen TeleMiracle,True,False,False,False
Mesquite Plumbing Inc.,True,False,False,False
Fox Broermann Pediatric Dentistry of Tulsa,True,False,False,False
flbgroup.com,True,False,False,False
kisnet.co.jp,True,False,False,False
nwlr.ca,True,False,False,False
liteline.com,True,False,False,False
westonconsulting.com,True,False,False,False
exceldor.ca,True,False,False,False
soundinsurance.ca,True,False,False,False
endeavourautomotive.co.uk,True,False,False,False
eworldme.com,True,False,False,False
bridgeway-consulting.co.uk,True,False,False,False
The Country Club of Darien,True,False,False,False
Colorado Dental Wellness Center,True,False,False,False
PROMOSFERA S.R.l.,True,False,False,False
KINAS SOLICITORS,True,False,False,False
Paramount Health Services & Insurance TPA Pvt. Ltd,True,False,False,False
The company MST (Sanko Makina and ASKO Holding),True,False,False,False
E-CON Packaging Private Limited,True,False,False,False
Heng An Standard Life Insurance,True,False,False,False
Carrera Casting Corp.,True,False,False,False
Bohmler Einrichtungshaus GmbH,True,False,False,False
"TOWERPOINT WEALTH, LLC",True,False,False,False
Follett Software LLC,True,False,False,False
McKay,True,False,False,False
Silfab Solar,True,False,False,False
SMTA Sherwood Mutual Telephone Association,True,False,False,False
MES Hybrid Document Systems,True,False,False,False
The Switch Enterprises,True,False,False,False
See's Candies,True,False,False,False
Jayeff Construction,True,False,False,False
Zinkan & Barker Development,True,False,False,False
Apothebeauty,True,False,False,False
Progressive Oral Surgery & Implantology,True,False,False,False
Liberty Mutual Insurance,True,False,False,False
weiss-pm.de,True,False,False,False
Bimtrazer,True,False,False,False
ATF Aerospace,True,False,False,False
Abazia SpA,True,False,False,False
Reschio,True,False,False,False
Philex Mining,True,False,False,False
Jgb,True,False,False,False
Morae,True,False,False,False
Arban & Carosi,True,False,False,False
Caunton Engineering,True,False,False,False
V. FRAAS,True,False,False,False
Bespoke Home Interior Design Group,True,False,False,False
Vortex Companies,True,False,False,False
Telia Norge AS,True,False,False,False
Prater Engineering Associates,True,False,False,False
ESENTIA Energy Systems,True,False,False,False
Del Monte Foods,True,False,False,False
I****G,True,False,False,False
O****C,True,False,False,False
UFP Technologies,True,False,False,False
G****s,True,False,False,False
E****b,True,False,False,False
Aero-Coating,True,False,False,False
Peachtree Group,True,False,False,False
Ash & Lacy Holdings,True,False,False,False
Maderas del Alto Urgel,True,False,False,False
Eyemart Express,True,False,False,False
Sofinter S.p.a,True,False,False,False
Grant Production Testing Services,True,False,False,False
Kichler Lighting,True,False,False,False
Powell Electronics,True,False,False,False
Central National Gottesman,True,False,False,False
Florida East Coast Railway,True,False,False,False
Blanchard,True,False,False,False
Grace Design Studios,True,False,False,False
TESSCO,True,False,False,False
Englewood Lab,True,False,False,False
Lc Industries,True,False,False,False
SCS Engineers,True,False,False,False
Epcon Communities,True,False,False,False
Data Exchange Corporation,True,False,False,False
SunSource,True,False,False,False
A****y,True,False,False,False
H****o,True,False,False,False
F****p,True,False,False,False
S****p,True,False,False,False
H****l,True,False,False,False
N****a,True,False,False,False
Color Communications LLC,True,False,False,False
Iowa Spring Manufacturing & Sales,True,False,False,False
Karl Chevrolet,True,False,False,False
Bentley Capital Ventures,True,False,False,False
Eduporium,True,False,False,False
Probity Contracting Group,True,False,False,False
Metro-ILA Funds,True,False,False,False
Edenshaw Developments,True,False,False,False
Antica Sartoria,True,False,False,False
PROM (Peakside Ros Outlet Management),True,False,False,False
zsiclife.co.zm,True,False,False,False
Advanta Genetics LLC,True,False,False,False
Baresque Group,True,False,False,False
Cheval Blanc Randheli,True,False,False,False
"Law Offices of Michael A. Freedman, P.A. (maflaw.com)",True,False,False,False
Atlas Metal Industries Inc,True,False,False,False
"Costa Solutions, LLC",True,False,False,False
"Bayou Title, Inc.",True,False,False,False
defcon5italy.com,True,False,False,False
planetsport.ma,True,False,False,False
pricon.com.ph,True,False,False,False
instapack.es,True,False,False,False
stllc.org,True,False,False,False
dmschweiz.ch,True,False,False,False
anvilarts.org.uk,True,False,False,False
primeproperties.com.au,True,False,False,False
airdriephysio.com,True,False,False,False
rainforestclean.com,True,False,False,False
rotak.it,True,False,False,False
osoftec.com,True,False,False,False
boxtopia.co.uk,True,False,False,False
https://www.fulcrumre.com/,True,False,False,False
nbd3pl.com,True,False,False,False
Indonesia's Customs Analytics Platform,True,False,False,False
cadencepetroleum.com,True,False,False,False
Nephrology Associates,True,False,False,False
Silicon Alley,True,False,False,False
KarmaData,True,False,False,False
Mediaworks Kft,True,False,False,False
Construction Sciences,True,False,False,False
TYLin International Group - Taiwan Branch,True,False,False,False
Basch & Keegan,True,False,False,False
"Floyd Skeren Manukian Langevin, LLP",True,False,False,False
moser-spiel.at,True,False,False,False
Intikom,True,False,False,False
Carma Packaging,True,False,False,False
DIME Distribuidora,True,False,False,False
www.durable-tech.com,True,False,False,False
"Vimeo, Inc.",True,False,False,False
Super AI,True,False,False,False
Birtcher Anderson & Davis,True,False,False,False
Leone Film Group SpA,True,False,False,False
Cybersecurity Vendor,True,False,False,False
Lifeline PCS,True,False,False,False
sumacinc.com,True,False,False,False
"Floyd Skeren Manukian Langevin, LLP Information",True,False,False,False
trifecta.com,True,False,False,False
credio.eu,True,False,False,False
servicepower.com,True,False,False,False
bigalsfoodservice.co.uk,True,False,False,False
gannons.co.uk,True,False,False,False
pindrophearing.co.uk,True,False,False,False
talonsolutions.co.uk,True,False,False,False
northernsafety.com,True,False,False,False
legilog.fr,True,False,False,False
scopeset.de,True,False,False,False
trinitesolutions.com,True,False,False,False
baldinger-ag.ch,True,False,False,False
lamaisonducitron.com,True,False,False,False
protectasecurity.pe,True,False,False,False
netromsoftware.ro,True,False,False,False
sella.eng.br,True,False,False,False
polleninformation.at,True,False,False,False
sansirostadium.com,True,False,False,False
siapenet.gov.br,True,False,False,False
certifiedinfosec.com,True,False,False,False
aliorbank.pl,True,False,False,False
bms.com,True,False,False,False
minerasancristobal.com,True,False,False,False
prixet.com,True,False,False,False
hl.co.uk,True,False,False,False
compensatii.gov.md,True,False,False,False
mahidol.ac.th,True,False,False,False
corahperu.org,True,False,False,False
amtaar.com,True,False,False,False
banak.com,True,False,False,False
bankasia-bd.com,True,False,False,False
bg.ac.rs,True,False,False,False
novoair-bd.com,True,False,False,False
seit.cl,True,False,False,False
gedco.ps,True,False,False,False
haca.ma,True,False,False,False
shj.ae,True,False,False,False
moccae.gov.ae,True,False,False,False
vanheyghenstaal.be,True,False,False,False
isosl.be,True,False,False,False
doghairinc.com,True,False,False,False
dpwh.gov.ph,True,False,False,False
iam.ma,True,False,False,False
ires.ma,True,False,False,False
2m.ma,True,False,False,False
centrum.sk,True,False,False,False
asunim.co,True,False,False,False
egov.sc,True,False,False,False
phb.com,True,False,False,False
whessoe.com.my,True,False,False,False
olpro.com.my,True,False,False,False
ifmis.go.ke,True,False,False,False
algosaibi-gtb.com,True,False,False,False
alx-pc.com,True,False,False,False
arrawdah.org.sa,True,False,False,False
cofaco.com,True,False,False,False
dunav.com,True,False,False,False
grupo-principal.com,True,False,False,False
jgpetrucci.com,True,False,False,False
medikaplaza.com,True,False,False,False
providentgh.com,True,False,False,False
Promotion AB,True,False,False,False
Casale Del Giglio,True,False,False,False
Stelia North America,True,False,False,False
Raich Sp. z o.o.,True,False,False,False
TokyoHosoKogyo Corporation,True,False,False,False
P**g**s***e O*al S**g**y & I**la**ol**y,True,False,False,False
J**es **l*o,True,False,False,False
St Stephens International,True,False,False,False
BELFOR,True,False,False,False
Selex - Gruppo Commerciale,True,False,False,False
ibswebsite.com,True,False,False,False
delonhampton.com,True,False,False,False
aotco.com,True,False,False,False
wmsopko.com,True,False,False,False
andrewtjohnson.com,True,False,False,False
fatbrands.com,True,False,False,False
mopec.com,True,False,False,False
avalonflooring.com,True,False,False,False
gelatissimo.com.au,True,False,False,False
rosehillgardens.com,True,False,False,False
massdevelopment.com,True,False,False,False
Rural Municipality of Gimli,True,False,False,False
RT Software,True,False,False,False
Istarpal,True,False,False,False
Exclusive Networks,True,False,False,False
Longwood Engineering Company,True,False,False,False
A & A Building Material,True,False,False,False
Inspira,True,False,False,False
Narteks Tekstil A.S,True,False,False,False
MTCI,True,False,False,False
reddycardiology.com,True,False,False,False
Synmosa Biopharma,True,False,False,False
EEC Group,True,False,False,False
Coralina,True,False,False,False
Lawson Software,True,False,False,False
Suzhou Yike Kejian,True,False,False,False
studiopiu.net,True,False,False,False
murni.co.id,True,False,False,False
bardehle.com,True,False,False,False
erstransportes.com.br,True,False,False,False
bladex.com,True,False,False,False
heinrichs-logistic.de,True,False,False,False
merlo.de,True,False,False,False
CHECKMARX,True,False,False,False
Apple Film Group,True,False,False,False
Chase Cooper Limited (RiskLogix Solutions),True,False,False,False
Dreyfuss Williams & Associates CO LPA,True,False,False,False
Marlborough Partners,True,False,False,False
Buckley Powder,True,False,False,False
Cahbo Produkter,True,False,False,False
Leistritz Turbine Technology,True,False,False,False
KEMBA Indianapolis Credit Union,True,False,False,False
SanCor,True,False,False,False
First County FCU,True,False,False,False
Chelten House,True,False,False,False
Woodfields Consultants,True,False,False,False
Travel Expert,True,False,False,False
Mid Florida Dermatology & Plastic Surgery,True,False,False,False
Swansea Ambulance Corps,True,False,False,False
The **u***y C*** o* **r**n,True,False,False,False
Malaysian NPK Fertilizer Sdn. Bhd,True,False,False,False
krauseundco,True,False,False,False
Point Four EPoS Solutions,True,False,False,False
Denso,True,False,False,False
Marc Cain,True,False,False,False
Progressive Propane,True,False,False,False
Priests for Life,True,False,False,False
Flipo Group,True,False,False,False
Grupo ABC,True,False,False,False
METO Systems,True,False,False,False
tlctrialteam.com,True,False,False,False
Rockville Fuel & Feed,True,False,False,False
Star Energy Geothermal Salak,True,False,False,False
Dorotea Sweden,True,False,False,False
Lessard Dental,True,False,False,False
"Udemy, Inc. (udemy.com)",True,False,False,False
"ADT, Inc. (adt.com)",True,False,False,False
Chartwell Law,True,False,False,False
Mother's Market & Kitchen,True,False,False,False
B to B Visions,True,False,False,False
Manulife Wealth,True,False,False,False
The FAFS,True,False,False,False
Clearview Intelligence,True,False,False,False
"City of Napoleon, Ohio",True,False,False,False
Peroni Sosa Tellechea Burt & Narvaja,True,False,False,False
meditron.com.ve,True,False,False,False
b3-bruck.at,True,False,False,False
caravaningcity.com,True,False,False,False
Alkegen,True,False,False,False
1st Solution CTC,True,False,False,False
Gumpp Kunststoffe,True,False,False,False
Virginia Health Services,True,False,False,False
Kementerian Pertanian,True,False,False,False
Sea Telecom Br,True,False,False,False
Precision Coating,True,False,False,False
Integer Holdings,True,False,False,False
Peru LNG (Hunt LNG Operating Company),True,False,False,False
Aptim,True,False,False,False
SmartSystems,True,False,False,False
Champion Homes,True,False,False,False
Euro Creations,True,False,False,False
Uniview Technologies,True,False,False,False
Tractial,True,False,False,False
Marnell Financial Services,True,False,False,False
trugreen.com,True,False,False,False
teamster773.org,True,False,False,False
Jackson Lewis,True,False,False,False
Gregory Jewellers,True,False,False,False
alexandergroup.com,True,False,False,False
krwlawyers.com,True,False,False,False
INCYTE,True,False,False,False
S4K Entertainment,True,False,False,False
Kubiak Melton & Associates,True,False,False,False
Equatorial Coca-Cola Bottling,True,False,False,False
PremCom,True,False,False,False
The Galliher Law Firm,True,False,False,False
Primius Law Firm,True,False,False,False
"Rutan & Tucker, LLP",True,False,False,False
"K2 Electric, Inc",True,False,False,False
Industrial Carrocera Arbuciense,True,False,False,False
Kolin Turkey,True,False,False,False
Sea Air International Forwarders,True,False,False,False
Synergy Engineering,True,False,False,False
"Jiangsu Zenergy Battery Technologies Group Co., Ltd.",True,False,False,False
Heartland Steel Products,True,False,False,False
Huonker GmbH,True,False,False,False
PTS Office Systems,True,False,False,False
STERIMED,True,False,False,False
Safety Engineering Laboratories,True,False,False,False
Ferguson Timar,True,False,False,False
Salimetrics,True,False,False,False
Alva Manufacturing,True,False,False,False
ruskcountywi.us,True,False,False,False
Avitrans,True,False,False,False
MAC Construction & Excavating,True,False,False,False
GGI,True,False,False,False
Arctic Home Living,True,False,False,False
CHARLES CONSEIL COORDINATION (3CCC),True,False,False,False
Champion Homes,True,False,False,False
Roman Catholic Archdiocese of St John,True,False,False,False
"Samuel I. White, PC",True,False,False,False
ViaQuest,True,False,False,False
polycorp.com,True,False,False,False
Nordenta (a daughter company of LIFCO),True,False,False,False
rheem,True,False,False,False
SIG.biz,True,False,False,False
Commscope,True,False,False,False
Playmates Toys,True,False,False,False
Engie,True,False,False,False
Hoeren Gartencenter GmbH,True,False,False,False
B&e Juice,True,False,False,False
ATKINSON RITSON SOLICITORS LIMITED,True,False,False,False
SafeRain,True,False,False,False
JOH Investments Limited,True,False,False,False
SEL (Safety Engineering Laboratory),True,False,False,False
City'Pro,True,False,False,False
GUEGUEN Avocats,True,False,False,False
The Go Solution,True,False,False,False
imbriefamilylaw.com,True,False,False,False
Cooperativa de Hospitales de Antioquia - COHAN,True,False,False,False
Jesin Group,True,False,False,False
Integra Architecture,True,False,False,False
Better House,True,False,False,False
Al Sulaiti Law Firm,True,False,False,False
Nutrabio,True,False,False,False
Umiles Group,True,False,False,False
Complete Aircraft Group,True,False,False,False
Tokoparts,True,False,False,False
Citizens Bank,True,False,False,False
Frost Bank,True,False,False,False
Aman Resorts (aman.com),True,False,False,False
The Canada Life Assurance Company (canadalife.com),True,False,False,False
Pitney Bowes Inc. (pb.com),True,False,False,False
"7-Eleven, Inc. (7-eleven.com)",True,False,False,False
Carnival Corporation & plc (carnivalcorp.com),True,False,False,False
Zara (zara.com),True,False,False,False
Alert 360 Opco Inc. (alert360.com),True,False,False,False
Friktimporten Stockholm,True,False,False,False
Sgt,True,False,False,False
SYSTHERM INFO,True,False,False,False
Cosmo Group,True,False,False,False
Sunspray Food,True,False,False,False
Americo Advogados,True,False,False,False
CH Express,True,False,False,False
Casa Andina,True,False,False,False
Jati Tinggi,True,False,False,False
Greenpharma,True,False,False,False
Disk Precision,True,False,False,False
IC Partners,True,False,False,False
Marchesi di Barolo,True,False,False,False
El Ordeno,True,False,False,False
Bmtp,True,False,False,False
Laboratório Santa Luzia,True,False,False,False
Jumbo Transport,True,False,False,False
Philip Lee,True,False,False,False
Jean Cultural,True,False,False,False
Suma Sklep,True,False,False,False
Anderlues,True,False,False,False
Teleos Systems,True,False,False,False
The Marton Agency,True,False,False,False
The Great Cookie,True,False,False,False
Nanometrics,True,False,False,False
Henley,True,False,False,False
ASTM Group,True,False,False,False
HS Technology Group,True,False,False,False
Securitevolfeu,True,False,False,False
Altpro,True,False,False,False
McCuaig and associates Engineering,True,False,False,False
Evict them for me,True,False,False,False
S***s*a A**ul***e C***s,True,False,False,False
rhode-hv.de,True,False,False,False
Winnitex (Americas) Limited,True,False,False,False
SOGO Auction,True,False,False,False
Mag. Fünder Hausverwaltungs GmbH,True,False,False,False
Strata Republic,True,False,False,False
alupco.com,True,False,False,False
***,True,False,False,False
Millennium Dental Technologies,True,False,False,False
bbalawgroup.com,True,False,False,False
firstcambodia.com.kh,True,False,False,False
cheeky.com.ar,True,False,False,False
abfall-kreis-kassel.de,True,False,False,False
genealogysa.org.au,True,False,False,False
lynxprecast.co.uk,True,False,False,False
thruwayplumbingservice.com,True,False,False,False
favellefavco.com,True,False,False,False
st-bernards.bham.sch.uk,True,False,False,False
GoTip,True,False,False,False
HBX Group,True,False,False,False
putzbaer.berlin,True,False,False,False
Fagen Friedman & Fulfrost LLP,True,False,False,False
treelawoffice.com,True,False,False,False
bgcsnv.org,True,False,False,False
medicalnetworks CJ GmbH & Co. KG,True,False,False,False
Qatar Biomedical Research Institute (QBRI),True,False,False,False
Law Offices of JamesC Shields,True,False,False,False
Pharmathek,True,False,False,False
R Roese Contracting,True,False,False,False
Franziskusschule Wilhelmshaven,True,False,False,False
Marino Food Products Pvt,True,False,False,False
Sunlight Express Airways,True,False,False,False
orientalweavers.com,True,False,False,False
TFE Group,True,False,False,False
Empower Group,True,False,False,False
Biotehnos,True,False,False,False
Harris Beach Murtha,True,False,False,False
FriendlyCare Pharmacy,True,False,False,False
Clearwater Marine Aquarium,True,False,False,False
Uniwersytet Warszawski,True,False,False,False
"S&PGLOBAL, LiteLLM/Trivy campaign (TeamPCP)",True,False,False,False
"guesty, LITELLM/TRIVY CAMPAIGN (TEAMPCP)",True,False,False,False
Limkon,True,False,False,False
The Epoch Times,True,False,False,False
Truckload Carriers Association,True,False,False,False
Gruppo ICM SPA,True,False,False,False
UOM University,True,False,False,False
Vluznet,True,False,False,False
Epoch Times,True,False,False,False
Superintendency of territorial planning,True,False,False,False
GL Steel,True,False,False,False
Wayne Brothers Construction,True,False,False,False
Questivity,True,False,False,False
Millenium Packaging,True,False,False,False
Kemenpppa,True,False,False,False
Rogiken / institute of Science Tokyo,True,False,False,False
La Maison Bleue France,True,False,False,False
Sampol,True,False,False,False
Astreya,True,False,False,False
Cognizant,True,False,False,False
CIR Realty,True,False,False,False
INDESMALLA,True,False,False,False
Fletcher Chrysler Products,True,False,False,False
VOLTERRIES,True,False,False,False
Curtis Design Group,True,False,False,False
McCOR,True,False,False,False
bela - pharm,True,False,False,False
Flash Charm INC - (IDERA),True,False,False,False
LACROIX,True,False,False,False
Hacked 0APT,True,False,False,False
Gastroenterology & Hepatology of CNY,True,False,False,False
Stonehenge,True,False,False,False
D-Troy Logistics,True,False,False,False
Apply Capnor,True,False,False,False
coastappliances.com,True,False,False,False
itc-group.com,True,False,False,False
CSA SpA,True,False,False,False
La Tuilerie,True,False,False,False
asesoriauriel.com,True,False,False,False
unipest.co.th,True,False,False,False
palladium.gen.tr,True,False,False,False
secran.com.br,True,False,False,False
Some 0APT false claims,True,False,False,False
breslinbuilders.com,True,False,False,False
tulsachamber.com,True,False,False,False
ServiceMaster Clean services,True,False,False,False
BK Tomorrow,True,False,False,False
milliondollarbabyco.com,True,False,False,False
graphicinfo.com,True,False,False,False
gtlcompany.com,True,False,False,False
tremcar.com,True,False,False,False
imadesign.com,True,False,False,False
advprograms.com,True,False,False,False
novafp.com,True,False,False,False
ppiplastics.com,True,False,False,False
je-nyc.com,True,False,False,False
R L Larson Excavating,True,False,False,False
WEDA ROBOTICS,True,False,False,False
fastindustria.com.br,True,False,False,False
sportvision.ba,True,False,False,False
townoforangeva.gov,True,False,False,False
gas.mercedes-benz.com.eg,True,False,False,False
abuhatim.com,True,False,False,False
milanocavi.com,True,False,False,False
zsfh.cz,True,False,False,False
contrar.it,True,False,False,False
awvgrazerfeld.at,True,False,False,False
douglasstruckbodies.com,True,False,False,False
mesto-jemnice.cz,True,False,False,False
meyzietp.com,True,False,False,False
pegasussrl.com,True,False,False,False
villa-romane.fr,True,False,False,False
vitropor.pt,True,False,False,False
vitexpharma.com,True,False,False,False
seleniaravenna.it,True,False,False,False
aplast.ro,True,False,False,False
shunhinggroup.com,True,False,False,False
earthprotect.co.jp,True,False,False,False
wibeats.it,True,False,False,False
comunidadandina.org,True,False,False,False
fondonorma.org.ve,True,False,False,False
cegasa.com,True,False,False,False
nucleodediagnostico.mx,True,False,False,False
marti.do,True,False,False,False
decaturdiagnosticlab.net,True,False,False,False
PsychPlus,True,False,False,False
UK Electronics,True,False,False,False
Intra,True,False,False,False
GEM Terminal,True,False,False,False
Brand Collective,True,False,False,False
Cleor,True,False,False,False
Harlem Stage,True,False,False,False
International Maritime Hospita,True,False,False,False
Double C Farm,True,False,False,False
BRC Biotechnology,True,False,False,False
NSOFT,True,False,False,False
Verzinkerei Rentrop,True,False,False,False
Hangzhou Industrial,True,False,False,False
Caja De Seguro Social,True,False,False,False
******.***,True,False,False,False
Asaniverko,True,False,False,False
Ultimate Metals,True,False,False,False
JM Bozeman Enterprises,True,False,False,False
Indigo Group,True,False,False,False
Richmond Plywood Corporation Limited,True,False,False,False
Mike Brandner Law,True,False,False,False
GRUPO RONDA,True,False,False,False
IPARBILBAO ABOGADOS - ROCA JUNYENT,True,False,False,False
cwwcontractors.com,True,False,False,False
Jersey Fabrication Group LLC,True,False,False,False
Gauthier Tissus,True,False,False,False
CNAOC,True,False,False,False
FILAIR,True,False,False,False
Beaver Engineering,True,False,False,False
ClientSolution EFO Service Srl Logitech Srl Safety,True,False,False,False
Servetto Srl,True,False,False,False
International Assistance Sdn,True,False,False,False
The Seacare Hotel,True,False,False,False
Pullen Moving,True,False,False,False
Colorado Pulmonary Intensivists,True,False,False,False
sentrydynamics.com,True,False,False,False
Colonial Presbyterian Church,True,False,False,False
Herth+Buss,True,False,False,False
Després Mécanique Mobile,True,False,False,False
J Brand,True,False,False,False
PGDIS.PAPETIQUE PRO,True,False,False,False
Alternativa de Moda SAS,True,False,False,False
Frutcola Olmué,True,False,False,False
Basalt Dentistry,True,False,False,False
Tax Prep and More,True,False,False,False
T..t Ste..ius & Ho.i.ter LLP,True,False,False,False
DeMera DeMera Cameron,True,False,False,False
edtg.com,True,False,False,False
Travel of America,True,False,False,False
Lift,True,False,False,False
rudolf-med.com,True,False,False,False
Transaction Packing Inc,True,False,False,False
www.sistemigestioneintegrata.eu,True,False,False,False
K Subsea Group,True,False,False,False
bdac.com.au,True,False,False,False
Affordable Oil,True,False,False,False
Helzberg,True,False,False,False
Ralph Lauren,True,False,False,False
Carters,True,False,False,False
dencom.co.nz,True,False,False,False
Straten & Kollegen,True,False,False,False
Rockstar Games,True,False,False,False
"Abrigo, Inc.",True,False,False,False
"Marcus & Millichap, Inc.",True,False,False,False
Kemper Corporation,True,False,False,False
"Ryan, LLC.",True,False,False,False
"McGraw Hill, Inc. (mheducation.com)",True,False,False,False
National Railroad Passenger Corporation (amtrak.com),True,False,False,False
Mytheresa,True,False,False,False
mastercom.com.au,True,False,False,False
morgancountyga.gov,True,False,False,False
Sahara Air Products,True,False,False,False
conrepsa.ro,True,False,False,False
www.campbell.edu,True,False,False,False
Hofland,True,False,False,False
Chalmers & Kubeck,True,False,False,False
A Roettgers,True,False,False,False
Nan Liu Enterprises,True,False,False,False
SAAM Towage,True,False,False,False
Autogalerie Heister,True,False,False,False
Sonn Law Group,True,False,False,False
TIS,True,False,False,False
Guerin Glass,True,False,False,False
"HIGASHIYAMA INDUSTRIES Co.,Ltd.",True,False,False,False
Peuker & Alexander,True,False,False,False
Sadtek,True,False,False,False
wright-ryan.com,True,False,False,False
T..t Ste..ius & Ho..ter LLP,True,False,False,False
Turbo International,True,False,False,False
Arkansas Oral & Maxillofacial Surgeons,True,False,False,False
Colonial Presbyterian Church,True,False,False,False
Netgain Networks,True,False,False,False
Alvi Associates,True,False,False,False
martek co ltd.,True,False,False,False
Goulston & Storrs,True,False,False,False
Kannarr Eye Care,True,False,False,False
megasurf.co.za,True,False,False,False
"Cox, Castle & Nicholson LLP",True,False,False,False
South Florida Injury Centers,True,False,False,False
Siegel Lewitter Malkani,True,False,False,False
Family Psychological Associates,True,False,False,False
"Powell, Powell & Powell, P.A.",True,False,False,False
"The McLamb Group, Inc",True,False,False,False
United Medical Doctors,True,False,False,False
oncologica,True,False,False,False
Seidor,True,False,False,False
Debene S.A. | Página Principal,True,False,False,False
ImageMaster,True,False,False,False
MN Health Insurance Network,True,False,False,False
Shingle & Gibb Automation,True,False,False,False
Sehlmann Fensterbau,True,False,False,False
Newman & Marquez,True,False,False,False
Signature Healthcare,True,False,False,False
*W* **L LLC,True,False,False,False
Scholle IPN,True,False,False,False
Balfour Beatty,True,False,False,False
KEB,True,False,False,False
Correios,True,False,False,False
EasTech,True,False,False,False
Idera -,True,False,False,False
irmler.org,True,False,False,False
inatech.com,True,False,False,False
nepgroup.com,True,False,False,False
aviwest.com,True,False,False,False
ACNHealthcare,True,False,False,False
Sajet Products,True,False,False,False
StrongLink,True,False,False,False
Network Technology Services of New Jersey,True,False,False,False
rxm.com.au,True,False,False,False
JBS Brazil - Sample uploaded,True,False,False,False
Marlborough Partners - 1 TB data,True,False,False,False
Scholle IPN - 1.7 TB Data,True,False,False,False
Idera - 1.5 TB data,True,False,False,False
Mabetex Group,True,False,False,False
Frontier Financial Group,True,False,False,False
El Ezh Building Contracting LLC,True,False,False,False
"Thai Petroleum & Trading Co., Ltd.",True,False,False,False
Grupo PyD,True,False,False,False
Ipiranga Contábil,True,False,False,False
NeoDerm,True,False,False,False
INCARFE S.L.,True,False,False,False
Eric Davis Dental,True,False,False,False
"Ventilaciones Nerual, S.L.",True,False,False,False
Envy Recycling,True,False,False,False
VINTAGE HOMESTEAD GmbHy,True,False,False,False
Diamond,True,False,False,False
ASPShips,True,False,False,False
triotech.com.sg,True,False,False,False
bkksky.com,True,False,False,False
"KUKJE PHARM CO.,LTD",True,False,False,False
Kawasaki Motors Philippines Corporation,True,False,False,False
joycity,True,False,False,False
Paid Victim CCD233FEE92FFA2D,True,False,False,False
Paid Victim A98A624456DA525F,True,False,False,False
Paid Victim D3C1388C1B73BCA2,True,False,False,False
Aichi Electric,True,False,False,False
Tapon Corona,True,False,False,False
Test Rite,True,False,False,False
Ravands Plastech,True,False,False,False
Gesvalt,True,False,False,False
DYSA,True,False,False,False
Synergy France,True,False,False,False
Metropolitan Pediatrics,True,False,False,False
Burning Rock Biotech,True,False,False,False
Thai Rung Union Car,True,False,False,False
Structures Stucco,True,False,False,False
Thai Special Gas,True,False,False,False
ACE Consulting Engineers,True,False,False,False
Optima Servicios Financieros,True,False,False,False
Hospital del Sur,True,False,False,False
Ciarus,True,False,False,False
Mahyco Pvt,True,False,False,False
Innovision Holdings,True,False,False,False
Win Academy,True,False,False,False
DGS,True,False,False,False
EMCO Holding,True,False,False,False
Adaptavist Group LTD,True,False,False,False
Gerald Zisser GmbH,True,False,False,False
Deaconess Health System,True,False,False,False
El Wastani Petroleum Company (WASCO),True,False,False,False
St. Joseph County,True,False,False,False
PSK WIND’s Defense Networks Fall to Handala Hack,True,False,False,False
Passover Wiped Clean: 22TB of Data Gone from 14 Companies,True,False,False,False
Publication of Photos and Personal Details of IranWire’s Traitorous Members,True,False,False,False
50 Senior Unit 9900 Officers Exposed,True,False,False,False
Handala Hack Strikes 27 Companies for Minab’s Innocents,True,False,False,False
Raz Zimmt’s Chats Leaked to the World,True,False,False,False
Exposing Israel’s Drone Queen: The Fall of Colonel Haimovich,True,False,False,False
www.bnc.com.ve,True,False,False,False
pacificwestinjury.com,True,False,False,False
Noble Inc.,True,False,False,False
www.smithdollar.com,True,False,False,False
CMD Outsourcing Solutions,True,False,False,False
Research & Planning Consultants,True,False,False,False
AnchorsGordon,True,False,False,False
Bit-Wizards,True,False,False,False
Star Fuels,True,False,False,False
Accent Dental Center,True,False,False,False
fraper.com,True,False,False,False
School Health,True,False,False,False
Adrian Jules,True,False,False,False
ARC Dialysis LLC,True,False,False,False
Cabinet d’Étude en Sécurité Pyrotechnique,True,False,False,False
Brooklands of Mornington,True,False,False,False
academyhealth.org,True,False,False,False
Crystal Point,True,False,False,False
Morphosis,True,False,False,False
Aqua-Serv© Engineers,True,False,False,False
Sa**** A** Products,True,False,False,False
Gauthier Connectique,True,False,False,False
AKM Consulting Engineers,True,False,False,False
Operinter,True,False,False,False
Muller Technology,True,False,False,False
Pacific Building Solutions (PBS),True,False,False,False
International Business Solution de México,True,False,False,False
Aculab,True,False,False,False
Tesla Systems,True,False,False,False
CCCKeito.edu.hk,True,False,False,False
Carmelo Candy Inc,True,False,False,False
C***n** **tu*e *n S**ur*** P**ot**hn**u*,True,False,False,False
M&K Foam Koło,True,False,False,False
Pemerintah Kabupaten Bojonegoro,True,False,False,False
Innovision Holdings,True,False,False,False
AXCERA.IO,True,False,False,False
ASTRAZENECA CORP,True,False,False,False
VirtaHealth,True,False,False,False
AIRCOS,True,False,False,False
Zanzi,True,False,False,False
Das Labor,True,False,False,False
GCA Professional,True,False,False,False
GCA Group,True,False,False,False
St Fabian,True,False,False,False
Gaposa,True,False,False,False
alloha.com,True,False,False,False
Far East Fame,True,False,False,False
Medici Group,True,False,False,False
Terminal 21,True,False,False,False
UCPS,True,False,False,False
Dreamtoy,True,False,False,False
Zamek Namest,True,False,False,False
Equity Life,True,False,False,False
jrk.com,True,False,False,False
**********.com,True,False,False,False
Barnes Solicitors LLP,True,False,False,False
Sokolin,True,False,False,False
Siam Okamura International Co,True,False,False,False
G Plants,True,False,False,False
AUG Pharma,True,False,False,False
Vietnam Fortress Tools JSC,True,False,False,False
EMCO Electric International,True,False,False,False
Shine Aviation,True,False,False,False
lkc.ac.bw,True,False,False,False
Kopran,True,False,False,False
Community Connections,True,False,False,False
Advanced Vehicle Assemblies,True,False,False,False
coronapa.com,True,False,False,False
Infonet Media d.o.o.,True,False,False,False
BJ Grupo,True,False,False,False
kramer-nsc.at,True,False,False,False
whiskey.co.jp,True,False,False,False
Jordan India Fertilizer Company,True,False,False,False
Harman Fitness,True,False,False,False
Nippon Medical School Musashi Kosugi Hospital,True,False,False,False
Shiraume Hospital,True,False,False,False
GEG Telecomunicazioni,True,False,False,False
Seoyon E-Hwa Summit,True,False,False,False
BERGE-BAU GmbH & Co. KG,True,False,False,False
Bo.. and Br..e,True,False,False,False
Community College of Beaver County,True,False,False,False
Westamerica Communications,True,False,False,False
Charles River Insurance,True,False,False,False
Woodland Trade,True,False,False,False
"American Vintage Home, Briggs Plumbing Products, Genco Manufacturing, American Vintage Hom...",True,False,False,False
Southeastern Conference of Seventh-day Adventists,True,False,False,False
Dubosson Frères SA,True,False,False,False
Siena Construction,True,False,False,False
PARS AR-GE,True,False,False,False
"Neptune Mechanical, Inc.",True,False,False,False
TTAF Defense,True,False,False,False
Association OCACIA,True,False,False,False
S***a V**a***s,True,False,False,False
roodtrucking.com,True,False,False,False
Berning & Söhne GmbH,True,False,False,False
Piet Vijverberg,True,False,False,False
artmotion.net,True,False,False,False
asseco-ce.com,True,False,False,False
Asmar Schor & McKenna,True,False,False,False
United Finance Egypt,True,False,False,False
Tscherne Consulting Steuerberatung GmbH,True,False,False,False
Faulkner County Sheriff's Office,True,False,False,False
Wolf Technology Group,True,False,False,False
VLawyers,True,False,False,False
project1631.com,True,False,False,False
*****d **d**** ****o**,True,False,False,False
RAKS Sp. z o.o. b Leaked,True,False,False,False
PC SOFT FRANCE - Leaked,True,False,False,False
Serap,True,False,False,False
National Aerospace Fasteners,True,False,False,False
The Center for Hearing & Speech,True,False,False,False
singita.com,True,False,False,False
cesimaging.com,True,False,False,False
jbrand.co.uk,True,False,False,False
acmealliance.com,True,False,False,False
northstarmetal.com,True,False,False,False
kleankanteen.com,True,False,False,False
bunch.ca,True,False,False,False
sutex.com,True,False,False,False
Katcon Global,True,False,False,False
"Industrias Guerra, S.A.",True,False,False,False
fhw-neukoelln.de,True,False,False,False
greenwayfence.com,True,False,False,False
congoleum.com,True,False,False,False
atpkg.com,True,False,False,False
The GMP Group ( Premier Singapore Recruitment Firm with Global Reach ),True,False,False,False
irpea.it,True,False,False,False
Ph..s,True,False,False,False
Neurologic Associates Of Central Brevard,True,False,False,False
CHEK News,True,False,False,False
jursaconsulting,True,False,False,False
Die Linke,True,False,False,False
Fountain,True,False,False,False
Elara Engineering,True,False,False,False
Lincoln Property LLC,True,False,False,False
blossmangas.com,True,False,False,False
Builtrite,True,False,False,False
Plunkett Cooney,True,False,False,False
State Road and Tollway Authority,True,False,False,False
Swagelok,True,False,False,False
Starr Insurance,True,False,False,False
AMBAU Personalservice,True,False,False,False
Alamo Heights School District,True,False,False,False
SAYEGH,True,False,False,False
First Trinity Financial,True,False,False,False
"Tange , Mann & Garza",True,False,False,False
Alliance Roofing,True,False,False,False
"Cisco Systems, Inc. (cisco.com)",True,False,False,False
Publishers Clearing House,True,False,False,False
Notre-Dame du Grandchamp,True,False,False,False
Ghazi Brothers,True,False,False,False
The GMP Group,True,False,False,False
S**n* *o**tr***io*,True,False,False,False
P**S****E,True,False,False,False
"*ep***e M***a*i***, Inc.",True,False,False,False
T*** Defense,True,False,False,False
A****ia**on O*A**A,True,False,False,False
Nissan,True,False,False,False
Service Star Freightways,True,False,False,False
Seeing Machines,True,False,False,False
SERAM SpA,True,False,False,False
Catalyst Learning Company,True,False,False,False
B&R Sheet Metal,True,False,False,False
Raphael Ortho,True,False,False,False
Green Giftz,True,False,False,False
HMI Elements,True,False,False,False
MC-Rx,True,False,False,False
"Modern Advanced Print Solutions (MAPS, Inc.)",True,False,False,False
Secure Health,True,False,False,False
Xiamen Tungsten Co. (XTC),True,False,False,False
San Felipe Del Rio CISD School,True,False,False,False
delapazlaw.com,True,False,False,False
submissionfinance.com,True,False,False,False
Cox Design & Metal Fabrication,True,False,False,False
Dean Supply,True,False,False,False
Excel Healthcare Receivable Management &Consulting,True,False,False,False
IranWire,True,False,False,False
https://www.lagoonpark.com/,True,False,False,False
MerchNOW,True,False,False,False
Chickasaw Holding,True,False,False,False
Q-Lab,True,False,False,False
Parque Eólico Toabré,True,False,False,False
"Hallmark Cards, Inc. & Hallmark Plus",True,False,False,False
"CERUMO Co., Ltd",True,False,False,False
Beltran & Garcia Financial Investment SLU,True,False,False,False
"JT-ATFP, LLC",True,False,False,False
*d**n*** V**i*l* **s**b***s,True,False,False,False
PT Brantas Abipraya,True,False,False,False
domingogarcia.com,True,False,False,False
millersteelelaw.com,True,False,False,False
Straight Line Logistics,True,False,False,False
PC SOFT FRANCE - Leaked data,True,False,False,False
Net Solace,True,False,False,False
Posiflex,True,False,False,False
Dronena,True,False,False,False
Siveco,True,False,False,False
Northcroft,True,False,False,False
Silver Peak,True,False,False,False
Buffalo Neuroimaging Analysis Center,True,False,False,False
Nashua,True,False,False,False
Studiosus Reisen Munchen,True,False,False,False
Jones Haber Law,True,False,False,False
barrypgoldberg.com,True,False,False,False
Jones Day,True,False,False,False
Brokk,True,False,False,False
Colorado Construction,True,False,False,False
Lucky Look,True,False,False,False
Weber Kracht & Chellew,True,False,False,False
Specflue,True,False,False,False
Kivells,True,False,False,False
Dock Pros,True,False,False,False
Ampex Data Systems,True,False,False,False
Valley Plating Inc,True,False,False,False
Witt UK Group,True,False,False,False
Propertyfinder / PropSpace CRM - In aucitioin place your bids now !!!,True,False,False,False
Efficy - 43gb leaked,True,False,False,False
Verimatrix - 43gb Leaked,True,False,False,False
Parkway Reality Group,True,False,False,False
NKAR Travels & Tours,True,False,False,False
SBCTANZANIA,True,False,False,False
Dow,True,False,False,False
Wm Erath & Son,True,False,False,False
Richard J. Hackerman P.A.,True,False,False,False
Wyatt Insurance Agency,True,False,False,False
"Office Peeps, Nappie's Food Service, Janome America, IT-Supporten, A-1 Pools.",True,False,False,False
Summit Tax Advisory,True,False,False,False
Miles Electric,True,False,False,False
Motleys Asset Disposition Group,True,False,False,False
iliad.fr,True,False,False,False
Blantyre Capital,True,False,False,False
GYF,True,False,False,False
"North Country Business Products Breached: 2,680 POS Terminals Disabled Nationwide",True,False,False,False
4 Terabytes Wiped—Good Food Store Shut Down After Major Cyberattack,True,False,False,False
"Listen Closely, Gallant: Handala’s Eyes and Ears Are Everywhere",True,False,False,False
AIGHEALTHCARE.IN,True,False,False,False
CLOUD.CLEARWAYGROUP.COM,True,False,False,False
giunti.it,True,False,False,False
emp.id,True,False,False,False
atrium.com,True,False,False,False
formula50.it,True,False,False,False
paolidental.org,True,False,False,False
cti-bat.fr,True,False,False,False
praxis-oberhof.ch,True,False,False,False
thaihua.com,True,False,False,False
landsteiner.net,True,False,False,False
barberopietro.it,True,False,False,False
hb-technik.at,True,False,False,False
tanufwater.com,True,False,False,False
elmwoodhomecare.com,True,False,False,False
pkmsteel.com,True,False,False,False
al-alawi.com,True,False,False,False
index-precast.com,True,False,False,False
ikron.org,True,False,False,False
webster-schools.org,True,False,False,False
societaitalianaalimenti.it,True,False,False,False
audiconcontadores.com.br,True,False,False,False
limpebras.com.br,True,False,False,False
commerfrutta.com,True,False,False,False
facsrl.net,True,False,False,False
alcornschools.org,True,False,False,False
frasierlaw.com,True,False,False,False
cognitivehealthit.com,True,False,False,False
bassignanicave.it,True,False,False,False
toncandigital.com,True,False,False,False
ssskwt.com,True,False,False,False
roamingnetworks.rs,True,False,False,False
manchester.com.mx,True,False,False,False
glop.mx,True,False,False,False
flamagasindia.com,True,False,False,False
charliebears.com.au,True,False,False,False
rovinj-rovigno.hr,True,False,False,False
breastcare.com,True,False,False,False
jean.com.tw,True,False,False,False
sidercentersas.com,True,False,False,False
sesi.org.br,True,False,False,False
senai.br,True,False,False,False
fiepe.org.br,True,False,False,False
luetz-binder.de,True,False,False,False
gov.krd,True,False,False,False
ombudsman.gov.ws,True,False,False,False
nandrin.be,True,False,False,False
isoledilcappotti.it,True,False,False,False
"Conveyors, Inc.",True,False,False,False
knewin.com,True,False,False,False
VX Case,True,False,False,False
Alliance Select Foods International,True,False,False,False
Greenology Products,True,False,False,False
Doctor.com,True,False,False,False
Ming Hwei Energy,True,False,False,False
D**o*s** Fr**e* *A,True,False,False,False
polsat.pl,True,False,False,False
lacor.es,True,False,False,False
kyoceradocumentsolutions.eu,True,False,False,False
kob.com,True,False,False,False
S***h***t*** **n**r***e of **v***h-**y A***n***ts,True,False,False,False
European Commission (*.europa.eu),True,False,False,False
OTNet,True,False,False,False
Florida Therapy Services,True,False,False,False
IBB Institut für Bildung und Beratung,True,False,False,False
TR Construya,True,False,False,False
Q2 Artificial Lift Services,True,False,False,False
Don-Nan,True,False,False,False
*h**i **o**e**,True,False,False,False
*H* G** **O**,True,False,False,False
Genobank,True,False,False,False
terix.com,True,False,False,False
A A Al Moosa Enterprises (ARENCO Group),True,False,False,False
kdmpop.com,True,False,False,False
meridenct.gov,True,False,False,False
Sheraton Hotel,True,False,False,False
CIM,True,False,False,False
Leighton,True,False,False,False
Orient Petroleum,True,False,False,False
Fondation Boghossian,True,False,False,False
GeoMechanics Technologies,True,False,False,False
Edward Beiner,True,False,False,False
Axiomatic Technologies Corporation,True,False,False,False
Quality Carton and Converting,True,False,False,False
Sheladia Associates,True,False,False,False
ITWAL,True,False,False,False
Kerjaya Prospek Group,True,False,False,False
ACR1.COM Commercial Roofing,True,False,False,False
BHS Bau,True,False,False,False
Kash Patel current director of the FBI,True,False,False,False
Frontier Technologies,True,False,False,False
Schlam Stone & Dolan LLP,True,False,False,False
Scalian,True,False,False,False
STS Travel,True,False,False,False
Groupe Courtois Automobiles,True,False,False,False
ActionPower,True,False,False,False
A*v**c** *e**c** ***em**i**,True,False,False,False
BreachForums version 5,True,False,False,False
carlysle.net,True,False,False,False
jaxa.jp,True,False,False,False
njpcs.org,True,False,False,False
Durable Superior Casters,True,False,False,False
Netalia,True,False,False,False
ludlums.com,True,False,False,False
TPIS Industrial Services,True,False,False,False
Sacor,True,False,False,False
Kaemmerlen Solutions,True,False,False,False
Louise Medical Center,True,False,False,False
Bedrosians Tile & Stone,True,False,False,False
Transgas,True,False,False,False
Washoe Tribe,True,False,False,False
Maderas Del Noroeste,True,False,False,False
Voltamper,True,False,False,False
Arnaud,True,False,False,False
www.davidhelfandlaw.com,True,False,False,False
ETFSA,True,False,False,False
"Living in green, s. r. o.",True,False,False,False
Mac Interiors,True,False,False,False
Goodwill,True,False,False,False
LP Kolding,True,False,False,False
Monmouth University,True,False,False,False
ssp-ce.de,True,False,False,False
kalimaresort.com,True,False,False,False
pridesol.com,True,False,False,False
Noi Hotels,True,False,False,False
Lockheed Martin Employees Given 48 Hours to Respond: A Tight Deadline Looms,True,False,False,False
C..er CPA,True,False,False,False
"ZenBusiness, Inc.",True,False,False,False
esprinet.com,True,False,False,False
pulpdent.com,True,False,False,False
glenmarkpharma.com,True,False,False,False
Anbogen Therapeutics Inc.,True,False,False,False
Eastex Environmental Laboratory,True,False,False,False
"J***T*P, **C",True,False,False,False
*n**g** T***a**ut*** **c,True,False,False,False
HLF Heizung-Sanitär GmbH,True,False,False,False
Propaganda Chief and Former Mossad Deputy Exposed by Handala Hack,True,False,False,False
Official Statement by Handala Group in Response to Threats from the US and Its Allies,True,False,False,False
Architect of Warfare Exposed: Eran Ortal’s Hidden Strategies Now Public,True,False,False,False
The Slightest Aggression: Enemy Infrastructure Reduced to Ashes,True,False,False,False
Behind the Curtain: Full Details of Shin Bet’s Iran Desk Officers Released,True,False,False,False
$50M Reward For Trump & Netanyahu,True,False,False,False
From Hunter to Hunted: Mossad’s Former Chief Falls into the Trap,True,False,False,False
Vancompare Insurance,True,False,False,False
PWNA Plains,True,False,False,False
"Berkadia Commercial Mortgage, LLC. (berkadia.com)",True,False,False,False
cerboniservices.com,True,False,False,False
jenningsk12.org,True,False,False,False
Aroostook Mental Health Services,True,False,False,False
Retail Centenario,True,False,False,False
All Real Estate Title Solutions,True,False,False,False
Roxiticus Golf Club,True,False,False,False
Pinnacle,True,False,False,False
Ascent Asset Group,True,False,False,False
Capital Wholesale Drug,True,False,False,False
Block Engineering,True,False,False,False
Window & Door Design Center of Florida,True,False,False,False
"Concord Components, Wefapress, Environment Masters, FairmontHot Springs Resort,Road Americ...",True,False,False,False
Mooers Immigration,True,False,False,False
M3 Group,True,False,False,False
French Engineering,True,False,False,False
Gustavo Preston,True,False,False,False
The Russell's Law Firm,True,False,False,False
Estudio O'Farrell,True,False,False,False
Kiswire,True,False,False,False
iGLS,True,False,False,False
Marborges Agroindustria,True,False,False,False
Groupe SFPI,True,False,False,False
Atlas Ocean Voyages,True,False,False,False
Rioja Motor,True,False,False,False
Nafco,True,False,False,False
CONCEPTNET,True,False,False,False
Mantra Softech Pvt,True,False,False,False
Marion Military Institute,True,False,False,False
Delta Ducon Engenharia,True,False,False,False
Grupo Tawa,True,False,False,False
Omikenshi,True,False,False,False
Distritech,True,False,False,False
Schmiede,True,False,False,False
Autitransa,True,False,False,False
Dixon Electrical Systems & Contracting,True,False,False,False
*o**e-*a** du ***n*c****,True,False,False,False
*L* **i**n*-**n**** GmbH,True,False,False,False
**l**a* & ***c** **n*n**** I**e*t**** *L*,True,False,False,False
JDV Products,True,False,False,False
"Ameriprise Financial, Inc.",True,False,False,False
"Infinite Campus, Inc.",True,False,False,False
Southern Commercial Real Estate,True,False,False,False
Southwire,True,False,False,False
pellenc.com,True,False,False,False
nPower Technologies,True,False,False,False
Elite Limousine Plus,True,False,False,False
J E Culp Transport,True,False,False,False
Phelps Dunbar,True,False,False,False
Marc Dorcel,True,False,False,False
Cannavative Group,True,False,False,False
SAS CAP ESTEL HOTEL,True,False,False,False
Semenya Furumele Consulting Engineers,True,False,False,False
**o**d* *h**a*y ***v***s,True,False,False,False
HOPPECKE Singapore,True,False,False,False
PTT Philippines,True,False,False,False
SATS Sports Club Sweden,True,False,False,False
O**e*,True,False,False,False
Grupo Coril,True,False,False,False
Muffett,True,False,False,False
hikvision.com,True,False,False,False
irco.com,True,False,False,False
Millerfoto,True,False,False,False
"Nanxun Enterprise Co., Ltd.",True,False,False,False
IASMOS,True,False,False,False
"Fidanque Hermanos e Hijos, S.A",True,False,False,False
**V**C** *E**C** ***EM**I**,True,False,False,False
MEDICUS SHUPPAN,True,False,False,False
Rajagiri Hospital,True,False,False,False
Micro Leasing,True,False,False,False
Groupe Caddac,True,False,False,False
Elundini,True,False,False,False
Resch Maschinenbau,True,False,False,False
WAL Consultant,True,False,False,False
TS Lines Philippines,True,False,False,False
Edifice Design + Architecture,True,False,False,False
The Farese Group,True,False,False,False
smythco.com,True,False,False,False
AGENCAVI SRL,True,False,False,False
sopower.com,True,False,False,False
liverpoolphil.com,True,False,False,False
centreconcrete.com,True,False,False,False
theunlimited.co.za,True,False,False,False
wardencc.com,True,False,False,False
odayequipment.com,True,False,False,False
INP Schweiz,True,False,False,False
Savvy Hawk,True,False,False,False
Madesmart,True,False,False,False
VirtualExpo Group,True,False,False,False
Motorpal,True,False,False,False
bdtronic,True,False,False,False
Oriska Insurance,True,False,False,False
Winmate Inc.,True,False,False,False
Matthews Real Estate Investment Services,True,False,False,False
City of Los Angeles (LA),True,False,False,False
Finance of America Companies Inc.,True,False,False,False
Town of Blacksburg,True,False,False,False
Pearce Services,True,False,False,False
"TSN Co., Ltd.",True,False,False,False
Legacy Health LLC,True,False,False,False
GD France,True,False,False,False
Berkadia Commercial Mortgage LLC,True,False,False,False
BITS Business Information Technology Solutions,True,False,False,False
Mercedes-Benz of Arlington,True,False,False,False
Lucky Innovative Manufacturing Corporation,True,False,False,False
Notaría 89,True,False,False,False
G* *r**c*,True,False,False,False
Accolend,True,False,False,False
Tecnocad Group,True,False,False,False
vatractor.com,True,False,False,False
Angus-Young Associates,True,False,False,False
ENENSYS Technologies,True,False,False,False
The Decorative Paving,True,False,False,False
Career Adventures,True,False,False,False
Health Management Systems,True,False,False,False
MicroChem,True,False,False,False
Cerio,True,False,False,False
Enviaseo ESP,True,False,False,False
airports.com.na,True,False,False,False
PC SOFT FRANCE,True,False,False,False
Onyx Graphics,True,False,False,False
Tecnocap Group,True,False,False,False
Verimatrix,True,False,False,False
Ariston,True,False,False,False
Petra Industries,True,False,False,False
Bonheure,True,False,False,False
Elgi Electric & Industries,True,False,False,False
Amerinational Management Services (AMS),True,False,False,False
gasteiger.design,True,False,False,False
Construction Equipment Parts,True,False,False,False
Delta Manufacturing,True,False,False,False
Dynex/Rivett,True,False,False,False
Flexform,True,False,False,False
HARTMANN BAU,True,False,False,False
Conrad Capital Management,True,False,False,False
loopcap.com,True,False,False,False
Valley Family Health Care,True,False,False,False
BTX Global Logistics,True,False,False,False
hollu Systemhygiene,True,False,False,False
Arca Service,True,False,False,False
Rainbow Technology,True,False,False,False
Reflex Angelo,True,False,False,False
Elite Flower,True,False,False,False
Jacobs & Sons,True,False,False,False
Sievert Electric Service and Sales,True,False,False,False
Productos La Aguadillana,True,False,False,False
L H Lacy,True,False,False,False
Affinity Designs,True,False,False,False
Texollini,True,False,False,False
Pyrénées,True,False,False,False
Vexin Normand,True,False,False,False
GPAINNOVA,True,False,False,False
2LG Prod,True,False,False,False
Excellentiam,True,False,False,False
Economia,True,False,False,False
Martyr Ali Larijani,True,False,False,False
Summa Energy,True,False,False,False
Interpack Northwest,True,False,False,False
Wood Smith Henning & Berman LLP,True,False,False,False
Fannin CAD,True,False,False,False
hospitalvetdiadema24h.com.br,True,False,False,False
palram.com,True,False,False,False
***** ***** & ******,True,False,False,False
brookercg.com,True,False,False,False
tiefenbachergroup.com,True,False,False,False
briwaycarriers.com,True,False,False,False
mattandsteve.com,True,False,False,False
thenavigatorcompany.com,True,False,False,False
Eco Sound Builders,True,False,False,False
McAfee Tool & Die,True,False,False,False
Teco,True,False,False,False
Knight's Site Services,True,False,False,False
Gsolutionz,True,False,False,False
**ste* **vi**n***t** **b**a****,True,False,False,False
Shwapno,True,False,False,False
Vahid Offline Members,True,False,False,False
**l** ****** ****** C***,True,False,False,False
bestgraphics.net,True,False,False,False
Solutions Extreme Technology,True,False,False,False
Who is VahidOnline?,True,False,False,False
"Mossad’s Secret Treasury Exposed: 50,000 Confidential Emails Leaked",True,False,False,False
G* *r**n*e,True,False,False,False
S*m**y* **ru**l* ***s**t**g **gi****r*,True,False,False,False
Noll and Tam Architects,True,False,False,False
Von Weise Associates,True,False,False,False
Folet & Rivoire,True,False,False,False
mcquaidinjurylaw.com,True,False,False,False
Singleton Schreiber,True,False,False,False
PINNACLE TAX INC,True,False,False,False
frazercenter.org,True,False,False,False
MCC Economics,True,False,False,False
Tax & Accounting Plus,True,False,False,False
Steve Quick Jeweler,True,False,False,False
Broadway National,True,False,False,False
Mingat Location,True,False,False,False
Caribbean Medical Center,True,False,False,False
"Pilana Group, TRITCON",True,False,False,False
Centro de Especialidades,True,False,False,False
Cortporation Colina,True,False,False,False
Kabelovna Kabex,True,False,False,False
Payap University,True,False,False,False
Canal Capital,True,False,False,False
Chase Asia,True,False,False,False
BCN Medical,True,False,False,False
Ruhnau Clarke,True,False,False,False
Stryker Hit by Unprecedented 12-Petabyte Data Wipe,True,False,False,False
"Shock for Israeli Intelligence: 100,000 Classified Emails of Mossad’s Ex-Deputy Director S...",True,False,False,False
Biogel,True,False,False,False
Salag,True,False,False,False
Executive Aviation,True,False,False,False
Evaluate a Norstella company,True,False,False,False
Laura Gilinski,True,False,False,False
Royal Bahrain Hospital,True,False,False,False
"Aura Group, Inc. (aura.com)",True,False,False,False
Private University,True,False,False,False
ATG - New samples added,True,False,False,False
ILLUMINA - Data uploaded,True,False,False,False
Dolby Laboratories - Sample,True,False,False,False
Augenomics,True,False,False,False
nChroma Bio,True,False,False,False
Geno Bank,True,False,False,False
Neochromosome,True,False,False,False
Novogene,True,False,False,False
J.T. Pack of Foods,True,False,False,False
Grid Fine Finishes,True,False,False,False
Alcoholes Finos Dominicanos,True,False,False,False
In.Sa.Cor,True,False,False,False
Easy Servizi,True,False,False,False
Thai Solar Energy Public,True,False,False,False
United Limsun International Trading,True,False,False,False
Tyler Media,True,False,False,False
Río Grande (Puerto Rico),True,False,False,False
westport.com,True,False,False,False
indrub.com,True,False,False,False
CFTC Metallurgie,True,False,False,False
Trinity Catholic High School,True,False,False,False
Communicate UK,True,False,False,False
No Place to Hide: Senior Navy Officers’ Identities Now Public,True,False,False,False
Duffy's Sports Grill,True,False,False,False
Mid-America Export Experts,True,False,False,False
meena health,True,False,False,False
NextCapitalTrust,True,False,False,False
S** *A* ***E* **T*L,True,False,False,False
www.integer.net,True,False,False,False
Tamir Hayman,True,False,False,False
KLA Laboratories,True,False,False,False
Alarmco,True,False,False,False
**n*a**t** **o*p,True,False,False,False
FMRS Health Systems,True,False,False,False
Stokes,True,False,False,False
Wills Point Chevrolet,True,False,False,False
Millard Manufacturing,True,False,False,False
Hebrew University of Jerusalem,True,False,False,False
Irec Sas,True,False,False,False
phoenixlabs.com,True,False,False,False
RMZ Oilfield Engineering,True,False,False,False
Keller Polska,True,False,False,False
Africa Insurance,True,False,False,False
Einstein Technology,True,False,False,False
St Fabian Catholic,True,False,False,False
ControlGMC,True,False,False,False
Syed Professional Services,True,False,False,False
Bioptik Technology,True,False,False,False
TDS Construction,True,False,False,False
Silvon Software,True,False,False,False
Circle Floors,True,False,False,False
Eagle Industrial Equipment,True,False,False,False
flad.com,True,False,False,False
Porsche Zentrum Fulda,True,False,False,False
Financial Brokerage,True,False,False,False
Extreme Trailers,True,False,False,False
Giaroli S.A.S,True,False,False,False
I**M**,True,False,False,False
Mh Soluciones,True,False,False,False
Raz Zimmt (head of the Iran Desk at Israeli security institutes),True,False,False,False
England Hockey,True,False,False,False
AbelZeta,True,False,False,False
NIXVAL IT Infrastructure,True,False,False,False
"Aura Group, Inc",True,False,False,False
Arimex Importadora,True,False,False,False
Fortress Systems,True,False,False,False
Advanced Rehabilitation Technology,True,False,False,False
Taylor County Property Appraiser Office,True,False,False,False
Stryker Corporation,True,False,False,False
Verifone,True,False,False,False
Canada Goose,True,False,False,False
Lacoste,True,False,False,False
Staples,True,False,False,False
E-Fci,True,False,False,False
JJR Engineering & Fabrication,True,False,False,False
seclore.com,True,False,False,False
"Alef Realty, LLC",True,False,False,False
D3 Embedded,True,False,False,False
Special Shapes Refractory,True,False,False,False
Powers HVAC,True,False,False,False
Jadtec Security Services,True,False,False,False
Omega Optical,True,False,False,False
Big Brothers Big Sisters,True,False,False,False
Tecnoedil S.A. Constructora,True,False,False,False
CFTC Métallurgie,True,False,False,False
thethibeauxfirm.com,True,False,False,False
Kentucky Injury,True,False,False,False
ubm.hu,True,False,False,False
Priderock Capital Partners,True,False,False,False
Robinson Nursery,True,False,False,False
Murray's Cheese,True,False,False,False
Peak Toolworks,True,False,False,False
Curtiembre Austral S.R.L.,True,False,False,False
Yuma Sun,True,False,False,False
Composition Systems,True,False,False,False
Retamar,True,False,False,False
UMBERG TREUHAND AG,True,False,False,False
[Redacted] Takedown Notice #2054,True,False,False,False
Elliott-Lewis,True,False,False,False
JBS Brazil - We have 3TB of your data - Pics added,True,False,False,False
Docaret,True,False,False,False
shlomo bit,True,False,False,False
L. S. King and Associates,True,False,False,False
Institute of Social Security - Paraguay,True,False,False,False
csi-ri.com,True,False,False,False
Paass Logistik,True,False,False,False
Exhibit Network,True,False,False,False
maa-architects.com,True,False,False,False
tazzetti.com,True,False,False,False
netCOMPONENTS,True,False,False,False
LHT Holdings Limited,True,False,False,False
Teknopres_TR,True,False,False,False
Advanced Animations,True,False,False,False
A-Fast Tile & Coping,True,False,False,False
RetireRight Financial Planning,True,False,False,False
Salford City College,True,False,False,False
Root Security,True,False,False,False
A J Taylor Electrical,True,False,False,False
Taylor County Property Appraiser's Office,True,False,False,False
First Priority Group,True,False,False,False
Estra Automotive,True,False,False,False
Invaccs software technologies pvt ltd,True,False,False,False
Full Access: Jerusalem’s Security Cameras in Handala’s Hands,True,False,False,False
Unprecedented Disclosure of 50 Senior Israeli Air Force Officers’ Information,True,False,False,False
Wagon Mound Public Schools,True,False,False,False
CFGI Management (cfgi.com),True,False,False,False
Vertex Inc.,True,False,False,False
Salesforce Aura Campaign,True,False,False,False
RWB Consulting Engineers,True,False,False,False
altaortho.com,True,False,False,False
tupeloeye.com,True,False,False,False
arbd.com,True,False,False,False
"Comprehensive Orthopaedics and Musculoskeletal Care, LLC",True,False,False,False
eDevice,True,False,False,False
Nenplas,True,False,False,False
Kpropha,True,False,False,False
Sodimatel Fasteners,True,False,False,False
Cosmesia,True,False,False,False
Grupo San Jacinto,True,False,False,False
Pleiad Investment Advisors (Singapore brach),True,False,False,False
McKenna Pro,True,False,False,False
Serviceplan Group (Korea branch),True,False,False,False
Infinity Systems,True,False,False,False
Serrano Industries,True,False,False,False
Helen Kaminski,True,False,False,False
Byard F Brogan,True,False,False,False
Facilities USA,True,False,False,False
Southern Concrete Construction,True,False,False,False
T**n*e**l S.A. C***t**c***a,True,False,False,False
C*T* M**al***g*e,True,False,False,False
T****r ****t* P**p***y ***r***e*** **f**e,True,False,False,False
nch.com,True,False,False,False
Woodfines,True,False,False,False
Colliers International Idaho,True,False,False,False
WEDGE,True,False,False,False
Fiberglass Hawaii,True,False,False,False
Peninsular Electric Distributors,True,False,False,False
Hauri AG Staffelbach,True,False,False,False
Contact Handala,True,False,False,False
Israeli Weather Stations Crippled,True,False,False,False
Sagent Pharmaceuticals,True,False,False,False
Jerusalem Water Supply Facilities,True,False,False,False
Brothers Produce,True,False,False,False
Dielco,True,False,False,False
Geotec Surveys,True,False,False,False
Artemedica,True,False,False,False
Kuzco Lighting,True,False,False,False
Stalwart Development Group LLC,True,False,False,False
crescentenergyco.com,True,False,False,False
Sileno Companies Inc,True,False,False,False
Griswold Controls,True,False,False,False
NADAP,True,False,False,False
City of Hart,True,False,False,False
Brighton Eye,True,False,False,False
"Cornerstone Financial Advisors, INC",True,False,False,False
Sanders Legal Group,True,False,False,False
OneSource Medical Group,True,False,False,False
Sierra Management Group,True,False,False,False
Handala New Telegram,True,False,False,False
Johnson Vollmerhausen & Gates,True,False,False,False
Netwerk NV,True,False,False,False
Eeyou Communications Network,True,False,False,False
AFDL,True,False,False,False
Ladue Family Dental,True,False,False,False
CPG Documentation,True,False,False,False
Northern Family Farms,True,False,False,False
"MAGNETA LOGISTICS, UAB",True,False,False,False
11th Street Veterinary Hospital,True,False,False,False
City of Huntington,True,False,False,False
thallos AG,True,False,False,False
T a Solberg,True,False,False,False
Don E Bower,True,False,False,False
Design To Print,True,False,False,False
Select Tool,True,False,False,False
DFW Aero Mechanix,True,False,False,False
Garland Williams & Associates,True,False,False,False
IDF in Farsi,True,False,False,False
nelsonworldwide.com,True,False,False,False
Nephrology Associates,True,False,False,False
Malia Group,True,False,False,False
LAF Hotel Aree,True,False,False,False
Gerleinco,True,False,False,False
smileteam.com.au,True,False,False,False
Waterloo Information Systems,True,False,False,False
Orange Madagascar,True,False,False,False
ASB Saarland,True,False,False,False
Albany Pumps,True,False,False,False
H & L Systems,True,False,False,False
Suchthilfe direkt Essen gGmbH,True,False,False,False
Hyundai Elevator,True,False,False,False
Graham County Electric Cooperative,True,False,False,False
Sanzer Hasidic community,True,False,False,False
B** *r*t**r* *i* **s***s of ***te** *i**o**i,True,False,False,False
"R&C Fence, Inc.",True,False,False,False
The Delventhal Company,True,False,False,False
Advanced Rehabilitation Technology (ART),True,False,False,False
Verdugo Tool & Engineering,True,False,False,False
WAG Funktion Design,True,False,False,False
Siwax Specialties Group,True,False,False,False
North Central HIDTA,True,False,False,False
A C Scott Electric,True,False,False,False
ICS Electrical Services,True,False,False,False
C.A. LINDMAN Inc.,True,False,False,False
INTERACT TECHNOLOGY SOLUTIONS,True,False,False,False
Edgar Agents,True,False,False,False
salfordcc.ac.uk,True,False,False,False
pacepacific.com,True,False,False,False
Transsion,True,False,False,False
"CFGI Management, LLC.",True,False,False,False
Pathstone.com,True,False,False,False
MyFair,True,False,False,False
MedicalGPT,True,False,False,False
yurdriversnetwork,True,False,False,False
northstaria.com,True,False,False,False
parkerlipman.com,True,False,False,False
Nopa Industriearmaturen,True,False,False,False
Cheongdam OracleClinic,True,False,False,False
ELC Security Products,True,False,False,False
A Lococo Wholesale,True,False,False,False
Abutriek,True,False,False,False
Tennessee Valley Electric Cooperative,True,False,False,False
Atlas Insurances Ltd,True,False,False,False
Applied Products,True,False,False,False
Donjon,True,False,False,False
Ecofit,True,False,False,False
Schaltbau,True,False,False,False
"K & S Company, Inc",True,False,False,False
JBS Brazil - We have 3TB of your data,True,False,False,False
Trionex,True,False,False,False
DesignSourceCT,True,False,False,False
CTI & Coordinators,True,False,False,False
**a****t ***el*****t Gr*up L**,True,False,False,False
Rowad Modern Engineering,True,False,False,False
Jameson Pepple Cantu PLLC,True,False,False,False
KLEIN IBERICA SA,True,False,False,False
N*X*** ** I**r****c****,True,False,False,False
piglerautomation.com,True,False,False,False
Israel Institute for National Security Studies (INSS),True,False,False,False
Environmental Air,True,False,False,False
saturnmachine.net,True,False,False,False
Tenteks Tente,True,False,False,False
Öztekin Group,True,False,False,False
Communitymosaic.co.uk,True,False,False,False
Eos Technology srl,True,False,False,False
CJL Engineering,True,False,False,False
AHMED MUBARAK DEBT COLLECTION,True,False,False,False
Pantomath Group,True,False,False,False
brockmaninjurylawyer.com,True,False,False,False
lawofficesoferichershler.com,True,False,False,False
hopkins-law.com,True,False,False,False
napolinlaw.com,True,False,False,False
bclawoffices.com,True,False,False,False
Reynolds DeMarco & Boland,True,False,False,False
MarketGraphics Research Group,True,False,False,False
Huffman Insurance Agency,True,False,False,False
Business Automation Specialists of Minnesota,True,False,False,False
HTH Companies,True,False,False,False
Nicholas & Tangeman,True,False,False,False
Primus,True,False,False,False
Comtec 2000,True,False,False,False
Reanthong Partcenter,True,False,False,False
"The City of Hesperia, CA",True,False,False,False
BK Group,True,False,False,False
Outsourcia,True,False,False,False
Golden Clay Industries Sdn Bhd,True,False,False,False
ATS Group,True,False,False,False
Vision Aero,True,False,False,False
cwpa.com,True,False,False,False
Lincoln Green Brewing,True,False,False,False
NEW GENERATION MEDIA,True,False,False,False
Bravo Electro Components,True,False,False,False
ICAFe Companies,True,False,False,False
Dr. Pizzoglio,True,False,False,False
Klevorn,True,False,False,False
AKOL LAW,True,False,False,False
K**I* I***I*A *A,True,False,False,False
Verlat Energy,True,False,False,False
Napolin Law Firm,True,False,False,False
Law Offices of Mark E. Lewis & Associates,True,False,False,False
importservices.co.uk,True,False,False,False
Brockman Injury Lawyer,True,False,False,False
Hersher Law,True,False,False,False
Hopkins Law,True,False,False,False
Lawrence Journal - World,True,False,False,False
Minogue Associates,True,False,False,False
ripobec.com,True,False,False,False
Aluthea Group,True,False,False,False
Luro,True,False,False,False
Viviany,True,False,False,False
Franz-Sales-Haus.de,True,False,False,False
Gericke,True,False,False,False
Conklin Office Furniture,True,False,False,False
JBC Computers,True,False,False,False
Equine Canada,True,False,False,False
GapVax,True,False,False,False
Katz Kantor Stonestreet & Buckner,True,False,False,False
www.chrishudsonlaw.com,True,False,False,False
ukimportservices.com,True,False,False,False
Aramco,True,False,False,False
"Camelot Electronics Technology Co., Ltd.",True,False,False,False
CHS Villach,True,False,False,False
Belmont Plastic Surgery,True,False,False,False
maisonlaw.com,True,False,False,False
Encompass,True,False,False,False
Les Oliviers,True,False,False,False
Union Laitiere de la Meuse,True,False,False,False
Demanor,True,False,False,False
Aaronson Rappaport Feinstein & Deutsch,True,False,False,False
Dallas Regional Chamber,True,False,False,False
ShopBot Tools,True,False,False,False
Navicore Solutions,True,False,False,False
Professional Retail Outlet Services,True,False,False,False
"S&R Compression, LLC",True,False,False,False
Emanuelson-Podas,True,False,False,False
ELO Digital Office,True,False,False,False
Promotion Management Center,True,False,False,False
Sterling Industries,True,False,False,False
Raw Seafoods,True,False,False,False
FUJIFILM Speciality Ink Systems,True,False,False,False
Lewis Drug,True,False,False,False
HomeSite Services,True,False,False,False
Revival Animal Health,True,False,False,False
AJ Networks,True,False,False,False
Integral Analytics,True,False,False,False
IOTA HOTEL TBILISI,True,False,False,False
Andal Law Group,True,False,False,False
"Woflow, Inc.",True,False,False,False
Sharjah National Oil Corporation,True,False,False,False
Bartram Trail Surveying,True,False,False,False
Bayshore Ford Truck Sales,True,False,False,False
Lundeen Consulting,True,False,False,False
Fusion Superplex,True,False,False,False
IDH Entertainment,True,False,False,False
Phoenix Systems,True,False,False,False
Gordon/Clifford Realty,True,False,False,False
Cabka,True,False,False,False
The Kuker Group,True,False,False,False
LRA Constructors,True,False,False,False
Cobblestone Creek Country Club,True,False,False,False
Project Consulting Services,True,False,False,False
Go Professional Cases,True,False,False,False
WCC Technologies Group,True,False,False,False
Favaro Lavezzo Gill Caretti,True,False,False,False
mcfirm.com,True,False,False,False
Soreco,True,False,False,False
Akkök Holding,True,False,False,False
https://www.precisioncoating.com/,True,False,False,False
Bain Oil Company,True,False,False,False
SIMETRI Inc,True,False,False,False
"Martin, Cukjati & Tom, LLP",True,False,False,False
Israel Opportunity Energy,True,False,False,False
TIW Group,True,False,False,False
Southold Town Senior ServicesSouthold Police Department,True,False,False,False
Grupo D'arc,True,False,False,False
fgv.br,True,False,False,False
AkzoNobel,True,False,False,False
http://ramet-trom.co.il/,True,False,False,False
City of Seal Beach and Seal Beach Police Department,True,False,False,False
denmark.k12.wi.us,True,False,False,False
abramssales.com,True,False,False,False
lke-group.com,True,False,False,False
Afezo,True,False,False,False
Ricopia,True,False,False,False
All India Minerals,True,False,False,False
Labtician Ophthalmics,True,False,False,False
Special Shapes Refractory,True,False,False,False
LISI Group,True,False,False,False
Enterprise Network Group of Indiana,True,False,False,False
yaomazi.com,True,False,False,False
omaxauto.com,True,False,False,False
brassuco.com.br,True,False,False,False
diesel-electric.co.za,True,False,False,False
Riach Gese Jacobs,True,False,False,False
Traffic Tech,True,False,False,False
PLUS Malaysia Berhad,True,False,False,False
Eiffage,True,False,False,False
OSAC Aero,True,False,False,False
Salesfloor,True,False,False,False
Adidas,True,False,False,False
Loozap,True,False,False,False
Lacoste,True,False,False,False
DreamUp,True,False,False,False
Lille University,True,False,False,False
FR Ministry of Agriculture,True,False,False,False
Eni Energy,True,False,False,False
https://www.hegelmann.com,True,False,False,False
USHA International Limited,True,False,False,False
DAINTY CLOUD INC,True,False,False,False
Pro-Plastics,True,False,False,False
North Andover Country Club,True,False,False,False
Schmuck Welt,True,False,False,False
Unibros Shipping,True,False,False,False
Hicare.net Inc,True,False,False,False
www.pyramisgroup.com,True,False,False,False
PriceTable,True,False,False,False
hicare,True,False,False,False
[Suspended] #2036,True,False,False,False
Whipflip,True,False,False,False
Aegis Project Controls,True,False,False,False
Skibiel Law,True,False,False,False
J.R. Martin & Associates,True,False,False,False
SK-Telecom - Data reuploaded,True,False,False,False
jdaas,True,False,False,False
Casas del Mediterraneo,True,False,False,False
keliweb,True,False,False,False
UD Trucks,True,False,False,False
Insight Hospital and Medical Center Chicago,True,False,False,False
Rockwood Retirement Communities,True,False,False,False
Plaza Home Mortgage,True,False,False,False
US.MAD DOG CONSTRUCTION,True,False,False,False
Two River Group Holdings LLC,True,False,False,False
Nations Financial Group Inc,True,False,False,False
HEMIC - Hawaii Employers' Mutual Insurance Co,True,False,False,False
Gemsen,True,False,False,False
Hrp Hitesh Cpa,True,False,False,False
Grand Hotel,True,False,False,False
Sejlstrup,True,False,False,False
Thg,True,False,False,False
Fundao Para,True,False,False,False
Land and Lakes,True,False,False,False
Straive,True,False,False,False
Golden GBC,True,False,False,False
Ace Ethanol,True,False,False,False
Unisoft Communications,True,False,False,False
Neinver,True,False,False,False
Accelerated Services,True,False,False,False
Ching Feng Home Fashions,True,False,False,False
Triumph International,True,False,False,False
Com-Tec,True,False,False,False
American Beauty School,True,False,False,False
Lymphedema Therapy Specialists,True,False,False,False
"Law Offices Taenzer & Ettenson, P.C. (tesalaw.com)",True,False,False,False
Empresa de Transportes Via Pajuçara Ltda.,True,False,False,False
Audexia group,True,False,False,False
SURTECHINC,True,False,False,False
"Pathstone Family Office, LLC",True,False,False,False
Tract Consulting,True,False,False,False
Ripple Neuro,True,False,False,False
https://daricon.com/ (military US/CA/NATO),True,False,False,False
Landmark Rehab Group,True,False,False,False
BT Services,True,False,False,False
Integrity Building,True,False,False,False
https://daricon.com/,True,False,False,False
Zabun,True,False,False,False
Sando Tech,True,False,False,False
ACFA,True,False,False,False
Amata,True,False,False,False
Universidade Federal de Sergipe,True,False,False,False
Evolutive Systems,True,False,False,False
Alpha Consult,True,False,False,False
ntic.com,True,False,False,False
Physicians Clinic of Iowa,True,False,False,False
Malaysia Airlines,True,False,False,False
**d* **r *e*s,True,False,False,False
*i***q** **r**n*s * H**o*,True,False,False,False
Thrash Commercial Contractors,True,False,False,False
WE Fitness,True,False,False,False
APRO Asian Protection Pte Ltd,True,False,False,False
"JA AKITA KITA LIFE SERVICE, K.K",True,False,False,False
"Carlo J. Martina, P.C.",True,False,False,False
The Odom Firm,True,False,False,False
Salvatori Group of Companies,True,False,False,False
thinlinetech.com,True,False,False,False
milespartnership.com,True,False,False,False
Envirogen Technologies,True,False,False,False
Al Arif Contracting Co. (L.L.C),True,False,False,False
martec.it,True,False,False,False
Sus Insumos S.A.S,True,False,False,False
Del Rey,True,False,False,False
Zaner Group,True,False,False,False
111,True,False,False,False
Jones Haber,True,False,False,False
The Siskiyou Telephone,True,False,False,False
SATO,True,False,False,False
REDACTED,True,False,False,False
Advanced Connection Corporation,True,False,False,False
OCEANIST ENGINEERING,True,False,False,False
UMSA,True,False,False,False
Boutique Harley-Davidson,True,False,False,False
Silvestres,True,False,False,False
Nathalin Group,True,False,False,False
Clalit: Israel’s Largest Healthcare Organization Falls to Cyber Resistance,True,False,False,False
OFFICINE FRATELLI AMADORI snc,True,False,False,False
"Vera, spool. s.r.o.",True,False,False,False
Tricolor Holdings,True,False,False,False
Birmingham Museum of Art,True,False,False,False
primaria ungheni,True,False,False,False
Symeta,True,False,False,False
Triumph Group,True,False,False,False
Insight Hospital &amp; Medical Center Chicago,True,False,False,False
Auvo,True,False,False,False
Grupo VerdeAzul,True,False,False,False
Was Madeiras,True,False,False,False
Mutualista Imbabura,True,False,False,False
EnerTec,True,False,False,False
ApexHospitals,True,False,False,False
MB Contabilidade,True,False,False,False
s***om****x,True,False,False,False
a*f***a,True,False,False,False
****360.com,True,False,False,False
***wire,True,False,False,False
for******a****ng,True,False,False,False
pay***,True,False,False,False
Pappytech,True,False,False,False
A large bank in Asia,True,False,False,False
Westwing Home & Living,True,False,False,False
Boltech,True,False,False,False
Ruamjai,True,False,False,False
MUST Informatique,True,False,False,False
OKJ Group,True,False,False,False
Smartbytes,True,False,False,False
Industrias Iberia,True,False,False,False
El IBR,True,False,False,False
Dos,True,False,False,False
Global Trust Advisors,True,False,False,False
Wachendorff,True,False,False,False
Hudson Awning,True,False,False,False
Middlesex Transporters,True,False,False,False
"Sungwoo Co., Ltd",True,False,False,False
SAIC Motor Corporation,True,False,False,False
"AJU Pharm Co., Ltd",True,False,False,False
Microforum,True,False,False,False
Dalet,True,False,False,False
Aptean,True,False,False,False
CognitiveTPG,True,False,False,False
Huber,True,False,False,False
Westiform Germany,True,False,False,False
Nebraska Hearing,True,False,False,False
Regal Building Materials Ltd.,True,False,False,False
Employer Solutions Group,True,False,False,False
University of Pennsylvania,True,False,False,False
Harvard University,True,False,False,False
"Figure Technology Solutions, Inc.",True,False,False,False
Canada Goose,True,False,False,False
"CarGurus, Inc.",True,False,False,False
Mercer Advisors,True,False,False,False
Beacon Pointe Advisors,True,False,False,False
Odido NL & Ben.nl,True,False,False,False
suffolkva.us,True,False,False,False
****el-p*****.de,True,False,False,False
Induherzig SAS,True,False,False,False
PoindexterHill,True,False,False,False
Envelex Thailand,True,False,False,False
Jac Vandenberg,True,False,False,False
Silver Lake Medical Center,True,False,False,False
acwapower.com \ https://www.larsentoubro.com/,True,False,False,False
"Orrick, Herrington & Sutcliffe",True,False,False,False
test,True,False,False,False
Rocky Mountain Care,True,False,False,False
Zelenkofske Axelrod,True,False,False,False
Spire Payments,True,False,False,False
GENERON,True,False,False,False
Rivages Du Monde,True,False,False,False
Accuick,True,False,False,False
TWU Local 100,True,False,False,False
Plan-IT Office Solutions,True,False,False,False
FAMILY EYECARE LLC,True,False,False,False
The City of Cocoa,True,False,False,False
primepak.com,True,False,False,False
Zip24 - ShipOx,True,False,False,False
FindNear,True,False,False,False
tektreeinc.com,True,False,False,False
hiringsteps.com,True,False,False,False
Biaodianyun Group Ltd,True,False,False,False
fcc-inc.com,True,False,False,False
vilati.com,True,False,False,False
utc.com.kw,True,False,False,False
mengseng.com,True,False,False,False
maxusacorp.com,True,False,False,False
lasevillanita.com,True,False,False,False
dmxm.com,True,False,False,False
yfynqygs.com,True,False,False,False
czkingdee.com,True,False,False,False
humsnlr.com,True,False,False,False
crystalcoastpm.com,True,False,False,False
xpressnebs.com,True,False,False,False
wjnklaw.com,True,False,False,False
smilescare.com,True,False,False,False
moa.gov.eg,True,False,False,False
associated.org,True,False,False,False
wilhelmsen.com,True,False,False,False
davila.cl,True,False,False,False
Rohner,True,False,False,False
Rainier Clinical Research Center,True,False,False,False
Atlantic Design Engineers,True,False,False,False
Faulkner+Locke,True,False,False,False
Hendrick Construction,True,False,False,False
Young & Associates Consulting Engineers,True,False,False,False
[Redacted] Ticket #2021,True,False,False,False
Gulfstream Services,True,False,False,False
Chemical Computing Group,True,False,False,False
Cumberland International Trucks,True,False,False,False
AllChem Industries,True,False,False,False
North Woodlands Medical Centre,True,False,False,False
Okanogan County Vets,True,False,False,False
Tactis,True,False,False,False
Maintenance & Project Engineering,True,False,False,False
Complete Thermal Svc,True,False,False,False
CYMOT,True,False,False,False
US Trading,True,False,False,False
True Value,True,False,False,False
Pollo Cibao,True,False,False,False
Sasin Colleges & Universities,True,False,False,False
Line Up Korea,True,False,False,False
Seac,True,False,False,False
Qingtian Express Co.,True,False,False,False
Garuda Indonesia Airlines,True,False,False,False
Grupo Progresso,True,False,False,False
Sawafi,True,False,False,False
HUGS Insurance,True,False,False,False
Perfumeria Pigmento,True,False,False,False
Bluefish Dental & Orthodontics,True,False,False,False
Grupo Tomza,True,False,False,False
WTSmedia,True,False,False,False
Esperance Metaland,True,False,False,False
TESTCOMPANY,True,False,False,False
onlinedivorcetexas.com,True,False,False,False
Micaforce Technology,True,False,False,False
LaBaguette,True,False,False,False
Altalingua,True,False,False,False
McFarlane Agencies,True,False,False,False
"Madison Services, Inc.",True,False,False,False
Stera Chemicals,True,False,False,False
Keylogistics Chile,True,False,False,False
Fabcon,True,False,False,False
The Cherokee Group,True,False,False,False
polymedicure.com,True,False,False,False
Pearl Institute for Clinical Research LLC,True,False,False,False
www.shora.ma,True,False,False,False
ABAR S.p.A.,True,False,False,False
Gentegra,True,False,False,False
Graymatter,True,False,False,False
Universal Mailing Service,True,False,False,False
Iblesoft,True,False,False,False
The Corradino Group,True,False,False,False
Saltech Systems,True,False,False,False
Electriduct,True,False,False,False
Mayfair Hotels & Resorts,True,False,False,False
Marwood,True,False,False,False
Sika Technology,True,False,False,False
Paisley Products of Canada,True,False,False,False
Kirbor Homes,True,False,False,False
Tropic Tool & Mold,True,False,False,False
Arizona Lighting Sales,True,False,False,False
Indianapolis Car Exchange,True,False,False,False
Oklahoma Auto Exchange,True,False,False,False
Auto Auction of New England,True,False,False,False
Spring Brook Country Club,True,False,False,False
fivestates.com,True,False,False,False
cepezed.nl,True,False,False,False
Telecare,True,False,False,False
Kroll International,True,False,False,False
TCPN Inc,True,False,False,False
Fico Ferragens Indústria e Comércio Ltda,True,False,False,False
RS Development LLC,True,False,False,False
Ausgewählt Vertriebs GmbH,True,False,False,False
Kensington HPP,True,False,False,False
MD Charts,True,False,False,False
The General in the Shadows: Sapir’s Commander Exposed,True,False,False,False
Dinnebiergruppe.de,True,False,False,False
secure.ae,True,False,False,False
Willow Construction,True,False,False,False
Graneles de Chile,True,False,False,False
aircotedivoire.com,True,False,False,False
Valgo SA,True,False,False,False
University of Mannheim,True,False,False,False
CCR Solutions,True,False,False,False
American Piping & Boiler Co,True,False,False,False
[Internal database pack 4] Warren County Sheriff’s Office,True,False,False,False
O.Berk,True,False,False,False
KFZ Sauter GmbH Co. KG,True,False,False,False
Elgon Cosmetic,True,False,False,False
AdMark Asia Group,True,False,False,False
Application Solution Providers,True,False,False,False
A&A Global Industries,True,False,False,False
Cargo Largo,True,False,False,False
"DeWalch Technologies, Inc",True,False,False,False
Cedar Grove Warehouse,True,False,False,False
femar.it,True,False,False,False
真言宗智山派 成就院,True,False,False,False
First 4 Recruitment,True,False,False,False
"Daniel L Kaler, DDS, PC",True,False,False,False
Diversified Supply Inc.,True,False,False,False
IFL Group,True,False,False,False
Cheyenne & Arapaho Tribes,True,False,False,False
Wilson Workflow Solutions,True,False,False,False
Midwest Wheel,True,False,False,False
Saiful Bouquet,True,False,False,False
Community Health Action of Staten Island (A part of Sun River Health),True,False,False,False
Stockton Cardiology Medical Group,True,False,False,False
Community Management Associates,True,False,False,False
Robeck Fluid Power,True,False,False,False
"Fong Ilagan, LLP",True,False,False,False
OfficeWorks,True,False,False,False
Miller Johnson Jones Antonisse & White,True,False,False,False
Adelphi,True,False,False,False
"Marshall & Stevens, Valuescope",True,False,False,False
sodic.com,True,False,False,False
Almacenes Distribuidores de la Frontera,True,False,False,False
Brm,True,False,False,False
gbaco.com,True,False,False,False
powersmiller.com,True,False,False,False
Marshal Renee Construction,True,False,False,False
Castle Group,True,False,False,False
structuredassetservices.com,True,False,False,False
Wagner Metal Concept,True,False,False,False
Kymco,True,False,False,False
Atlas Air: MUSE INSECURE,True,False,False,False
Hiwassee Builder Supply,True,False,False,False
farbank.com (flywatertravel),True,False,False,False
Nebraska Health Imaging,True,False,False,False
Orain.io,True,False,False,False
PT Ikapharmindo Putramas,True,False,False,False
Mold Tech,True,False,False,False
Efficy,True,False,False,False
Thames Valley Chamber of Commerce,True,False,False,False
Modoc Medical Center,True,False,False,False
Darma Henwa,True,False,False,False
Sitran MG,True,False,False,False
Casartigiani,True,False,False,False
Abbott Media Productions,True,False,False,False
Yew Tree Dairy,True,False,False,False
Williams Brothers Construction,True,False,False,False
Marshall & Stevens,True,False,False,False
hh2home.com,True,False,False,False
faswealthpartners.com,True,False,False,False
iSMA CONTROLLI,True,False,False,False
adelphi.uk.com,True,False,False,False
traceenv.com,True,False,False,False
mapsweb.com,True,False,False,False
wiproferretto.com,True,False,False,False
Icat Food SpA,True,False,False,False
Charm Diamond Centres,True,False,False,False
Hagen Rosskopf,True,False,False,False
ACS Accountancy,True,False,False,False
Ondine Biomedical,True,False,False,False
*m**i**n ***i*g & *o**e* Co,True,False,False,False
OEC Bretagne,True,False,False,False
"Nang Kuang Pharmaceutical Co., Ltd.",True,False,False,False
Branagh,True,False,False,False
La Rioja Alta,True,False,False,False
Comdat Datasystems,True,False,False,False
CROSS JEANS Zakrt,True,False,False,False
"BITS ""Business Information Technology Solutions""",True,False,False,False
Intsika Yethu Municipality Government,True,False,False,False
Global Group,True,False,False,False
Copamarina Beach Resort,True,False,False,False
Oceania Gas Chemicals & Related Products,True,False,False,False
Bigso,True,False,False,False
Bitgo,True,False,False,False
"*e**a*c, F**t**i, *il**o",True,False,False,False
*F* *a**e* G**H & Co. *G,True,False,False,False
**ci**n* *us*i** LLC,True,False,False,False
Adirondack Networks,True,False,False,False
"C**U*O Co., Ltd",True,False,False,False
Z*e***d M**ti*,True,False,False,False
A.T.I di Zuinisi srl,True,False,False,False
"PERLITE, S.L.U",True,False,False,False
S.Y.L Pastilhas e Sapatas de Freios,True,False,False,False
A** L** Office,True,False,False,False
*e**l I*s***u*e f*r Clinical Research LLC,True,False,False,False
Abrahamsom Center,True,False,False,False
Master Handlers,True,False,False,False
RIECO Industries Limited,True,False,False,False
"Makimura Co., Ltd.",True,False,False,False
UniTurn Kft.,True,False,False,False
HO** RIL** LLP,True,False,False,False
**ls*n W**k*l*w So**ti**s,True,False,False,False
*it**a*e *ut**ot**e Ltd,True,False,False,False
Balloons Everywhere,True,False,False,False
South Hays Fire Department,True,False,False,False
Comune di Battipaglia,True,False,False,False
Grandview Family Medicine,True,False,False,False
MESA Products,True,False,False,False
Northeast Pharmacy Service,True,False,False,False
cs.at,True,False,False,False
hanover-ma.gov,True,False,False,False
sands.mu,True,False,False,False
cmcconstruct.com,True,False,False,False
renovagy.com,True,False,False,False
aeromedsocaustralasia.org,True,False,False,False
isesa.cl,True,False,False,False
sosltda.com,True,False,False,False
sevenstarsgracebay.com,True,False,False,False
DAD.CO.TH,True,False,False,False
THEMORTGAGEFIRM.COM,True,False,False,False
FISHWINDOWCLEANING.COM,True,False,False,False
SOLUTIONSINSAFETY.COM,True,False,False,False
BOYDEN.COM,True,False,False,False
CFDT.FR,True,False,False,False
SPOHNASSOCIATES.COM,True,False,False,False
GARNERGROUP.NET,True,False,False,False
THEPERPETUAL.COM,True,False,False,False
AIGBUSINESS.COM,True,False,False,False
HYDEPARKUMC.ORG,True,False,False,False
GIACARE.COM,True,False,False,False
GIASPACE.COM,True,False,False,False
ONESUPPORT.COM,True,False,False,False
HUDSONSUSTAINABLE.COM,True,False,False,False
GOKALLIT.COM,True,False,False,False
CHEHARDY.COM,True,False,False,False
RBDCONSTRUCTION.COM,True,False,False,False
BROADREACHRETAIL.COM,True,False,False,False
BE09.FR,True,False,False,False
SMITHIPSERVICES.COM,True,False,False,False
PROACTIVEMEDICAL.COM,True,False,False,False
ITARCHITECHS.COM,True,False,False,False
HUDSONEXECUTIVE.COM,True,False,False,False
ANSTECHINC.COM,True,False,False,False
JC Resorts,True,False,False,False
Buff Law,True,False,False,False
Robbins Parking Service Ltd,True,False,False,False
Betesan,True,False,False,False
Copier Careers,True,False,False,False
The Syverson Group,True,False,False,False
MAIRIE DE FUMEL,True,False,False,False
SPIR STAR Asia,True,False,False,False
Shining Labels,True,False,False,False
Yem Chio Co,True,False,False,False
Archaeological Institute of America,True,False,False,False
CHASI (A part of Sun River Health),True,False,False,False
Heartland Title Services,True,False,False,False
UCG Associates,True,False,False,False
Unified Engineering,True,False,False,False
HMA,True,False,False,False
Lusamerica Foods,True,False,False,False
White Beach Hotel,True,False,False,False
Futue Bath,True,False,False,False
LSA International,True,False,False,False
Gruppo Avanti,True,False,False,False
Carrera Casting,True,False,False,False
Ardene Holdings,True,False,False,False
Michael L Larson,True,False,False,False
Yash Highvoltage Insulators Pvt,True,False,False,False
City of New Castle,True,False,False,False
Nile Air Information,True,False,False,False
Smart Glass,True,False,False,False
The Marena Group,True,False,False,False
Elite Screens Inc.,True,False,False,False
Siem Srl,True,False,False,False
Samkwang,True,False,False,False
Autostrad Rent a Car,True,False,False,False
Empire Express,True,False,False,False
Seagrass Boutique Hospitality Group,True,False,False,False
Halcyon Technologies,True,False,False,False
Yelete Group Inc,True,False,False,False
Emirates National Group,True,False,False,False
Midwestern Oil & Gas,True,False,False,False
rswater.ae,True,False,False,False
Mep Technologies,True,False,False,False
Pathway Reads and Data Analysis,True,False,False,False
Stanley Autenrieth Auction Group,True,False,False,False
A1 Capital,True,False,False,False
Phoenix Art Museum,True,False,False,False
lohmann-tapes.com,True,False,False,False
Anchor Computer Systems,True,False,False,False
Derbez,True,False,False,False
Campbell Rappold & Yurasits,True,False,False,False
Conectados Chile S.A.,True,False,False,False
Sakata Seed America,True,False,False,False
Segue Manufacturing Services,True,False,False,False
Ducasse Comercial Ltda,True,False,False,False
auxhomeservices.com,True,False,False,False
atchadwick.net,True,False,False,False
excavationtourigny.ca,True,False,False,False
Atlantic Refinishing & Restoration,True,False,False,False
Law Office of COX & SANCHEZ,True,False,False,False
Andringa Law,True,False,False,False
WCT Holdings Berhad,True,False,False,False
Erg Otoyol,True,False,False,False
Thammasat University,True,False,False,False
"Ghana Bauxite Energy, Utilities & Waste",True,False,False,False
Clark Foam Products,True,False,False,False
www.hfplanners.com,True,False,False,False
"R.J. Zavoral & Sons, Inc.",True,False,False,False
Altak,True,False,False,False
Catalanatto & Barnes,True,False,False,False
Makivik,True,False,False,False
On-Point Defense Technologies,True,False,False,False
Northbridge,True,False,False,False
Tsunami Tsolutions,True,False,False,False
COIT,True,False,False,False
Aviam Corporate Housing,True,False,False,False
Tower Insurance Services,True,False,False,False
Topkin & Partlow,True,False,False,False
falconmgt.com,True,False,False,False
Hood River Dental,True,False,False,False
WVPCA,True,False,False,False
SPEC,True,False,False,False
FUSION HILL,True,False,False,False
John O's Foods,True,False,False,False
[Redacted],True,False,False,False
Andringa Law,True,False,False,False
Cox & Sanchez,True,False,False,False
Lindenhurst Fire Department,True,False,False,False
Mississippi Market,True,False,False,False
ZeroEnergy Design,True,False,False,False
PowerON Services,True,False,False,False
Castles Technology UK & Ireland,True,False,False,False
Mt Barker Co-Operative,True,False,False,False
BCS ProSoft,True,False,False,False
PCCA,True,False,False,False
The Sundher Group,True,False,False,False
Venesco,True,False,False,False
Snyder Diamonds,True,False,False,False
Halcyontek,True,False,False,False
Milwaukee Forge,True,False,False,False
Become Affiliate,True,False,False,False
Affiliate,True,False,False,False
Beasley & Gilkison,True,False,False,False
Smartply Europe,True,False,False,False
Instituto Nacional de Derechos Humanos,True,False,False,False
UniFil,True,False,False,False
NFT Technology,True,False,False,False
Museu do Caramulo,True,False,False,False
Agis Civil Engineering Construction,True,False,False,False
Fgf Colleges & Universities,True,False,False,False
Texcomp,True,False,False,False
PrintForm,True,False,False,False
Junta Local de Conciliación y Arbitraje,True,False,False,False
PT. Mitra Antar Tangguh,True,False,False,False
C4 (Carroll County Cannabis Co.,True,False,False,False
moultriesheriff.com,True,False,False,False
Sanoviv Medical Institute,True,False,False,False
Anabuki Kosan,True,False,False,False
Area Limpia,True,False,False,False
Pavlus Travel,True,False,False,False
Core Supply,True,False,False,False
Langley Twigg Law | Part 2,True,False,False,False
tuftco,True,False,False,False
Barrett Financial Group,True,False,False,False
Tech Environmental,True,False,False,False
uniquegas,True,False,False,False
Augusta Housing Authority,True,False,False,False
iQ NetSolutions,True,False,False,False
horizonmedia.com,True,False,False,False
Hospital Sao Jose do Avai (HSJA),True,False,False,False
Body By Fisher,True,False,False,False
Gradient Wind Engineering,True,False,False,False
RPS Consulting,True,False,False,False
"Putnam Precision, Inc.",True,False,False,False
Getly,True,False,False,False
Rutherford Investment Company,True,False,False,False
KlearNow.AI,True,False,False,False
AB Data,True,False,False,False
San Diego Eye Bank,True,False,False,False
Voyages Robin,True,False,False,False
rea Limpia,True,False,False,False
Abel Schillinger,True,False,False,False
atadler.com.sg,True,False,False,False
kres.cz,True,False,False,False
groupepiche.ca,True,False,False,False
granmanor.org,True,False,False,False
zeroenergy.com,True,False,False,False
poweron.com,True,False,False,False
castlestechemea.com,True,False,False,False
abdata.com,True,False,False,False
voyages-robin.com,True,False,False,False
Municipio de Chihuahua,True,False,False,False
Advanced Healthcare Professionals,True,False,False,False
Integrated Fresh Solutions,True,False,False,False
Gruel Mills Nims Pylman,True,False,False,False
Carlyle Senior Care of Florence,True,False,False,False
Internal Medicine of Milford,True,False,False,False
Rella Associates,True,False,False,False
Flint Hills Dialysis,True,False,False,False
Southern Illinois Dermatology,True,False,False,False
"Parts Life, Inc",True,False,False,False
DeVal LCS,True,False,False,False
SchureMed,True,False,False,False
Optimum Health Institute,True,False,False,False
Anatomic Clinical Laboratory Associates,True,False,False,False
Dunn and Dunn,True,False,False,False
Tri-Cities Gastroenterology,True,False,False,False
Enviro-Hub Holdings,True,False,False,False
Chiarottino,True,False,False,False
MNKASSOCIATES.COM,True,False,False,False
VIPPLLC.COM,True,False,False,False
TRJLTD.CO.UK,True,False,False,False
STRATEGICOBJECTIVES.COM,True,False,False,False
IDEALWELDERS.COM,True,False,False,False
CROWDEDISLAND.COM,True,False,False,False
DUKOSI.COM,True,False,False,False
CONWEST.COM,True,False,False,False
NGATTORNEYS.COM,True,False,False,False
LABINF.IT,True,False,False,False
AUGUSTEA.COM,True,False,False,False
MEDIAWORLD.COM.HK,True,False,False,False
WARDHAVENCAPITAL.COM,True,False,False,False
LONGHORNORGANICS.COM,True,False,False,False
DCSNORWAY.COM,True,False,False,False
SHACKELFORD.LAW,True,False,False,False
SERVE-CLOUD.COM,True,False,False,False
MARK-FINN.CO.UK,True,False,False,False
EMEG.CO.UK,True,False,False,False
LOGICALMICRO.COM,True,False,False,False
HODERO HOLDINGS LTD,True,False,False,False
NVHG.COM,True,False,False,False
WHEELOCKST.COM,True,False,False,False
DESKTOPG.COM,True,False,False,False
CMHHELI.COM,True,False,False,False
COWANS.ORG,True,False,False,False
HTHELI.COM,True,False,False,False
GRANITEPOINTE.CA,True,False,False,False
SMTLAWYERS.CA,True,False,False,False
CLOUDDATAWORKS.CA,True,False,False,False
SENSIBLESOLUTIONS.CA,True,False,False,False
KVHELI.WORDPRESS.COM,True,False,False,False
WHOLEIT.COM.AU,True,False,False,False
SKYEEXCAVATIONS.COM.AU,True,False,False,False
ROBERTSDESIGNS.COM.AU,True,False,False,False
Y-ARCHITECTURE.STUDIO,True,False,False,False
VENTNOR.COM.AU,True,False,False,False
RMWGROUP.COM.AU,True,False,False,False
PODIATRYWA.COM.AU,True,False,False,False
MRAGROUP.COM.AU,True,False,False,False
THEHALEROAD.COM.AU,True,False,False,False
ETTOAUSTRALIA.COM,True,False,False,False
NEXTPHAZE.COM.AU,True,False,False,False
KLMEQUITIES.COM,True,False,False,False
NYASPHALT.COM,True,False,False,False
KRIEGMANANDSMITH.COM,True,False,False,False
ISLANDOUTPOST.COM,True,False,False,False
GALEINTL.COM,True,False,False,False
CENTINELA.COM.BR,True,False,False,False
MCKEEGROUP.NET,True,False,False,False
ESCALI.COM,True,False,False,False
COBU-ARCH.COM,True,False,False,False
ARKTLA.ORG,True,False,False,False
M-B.LAW,True,False,False,False
bardahl.com.mx,True,False,False,False
latinoseguros.com.mx,True,False,False,False
autoservizilocatelli.it,True,False,False,False
gruposelpe.com.br,True,False,False,False
guarnera.com.br,True,False,False,False
kenta.com.br,True,False,False,False
grupoferrosider.com.br,True,False,False,False
PARIS & MARSEILLE,True,False,False,False
Carlton Scale,True,False,False,False
De Gruyter Brill,True,False,False,False
ESS Metron,True,False,False,False
Ilderton Contracting,True,False,False,False
Bloom's Bus Lines,True,False,False,False
RAL Companies,True,False,False,False
KaiserAir,True,False,False,False
Open Retail,True,False,False,False
AMR PEMCO,True,False,False,False
Atlas Air,True,False,False,False
A*******,True,False,False,False
CPQ Ingenieros,True,False,False,False
Hafa,True,False,False,False
Novetex Textiles,True,False,False,False
Wells Fargo,True,False,False,False
L'Aeroclub,True,False,False,False
Accountnet,True,False,False,False
Associated Endocrinologists,True,False,False,False
Parente Fireworks,True,False,False,False
Infinite Tiers Group,True,False,False,False
Silvi SRL,True,False,False,False
Marina Home Interiors,True,False,False,False
Nishiyama Seisakusho,True,False,False,False
BAM - Brand Art Media,True,False,False,False
Gady Family,True,False,False,False
Dome Partners,True,False,False,False
Chonburi Provincial Administration,True,False,False,False
Torus,True,False,False,False
PLUS Malaysia Berhad,True,False,False,False
EXIM Bank,True,False,False,False
Ankara-İzmir,True,False,False,False
Trace,True,False,False,False
Far East,True,False,False,False
Logility,True,False,False,False
TriPartum,True,False,False,False
Peerson Audio,True,False,False,False
TMPartner,True,False,False,False
"Advent Aircraft Systems, Inc.",True,False,False,False
Esposito Bros. Construction Ltd,True,False,False,False
Penn Fencing,True,False,False,False
Leading Edge Speciali,True,False,False,False
La Fabrica,True,False,False,False
Platinum Drywall Inc,True,False,False,False
Heavy Motions Inc,True,False,False,False
https://www.platinumdrywall.com/,True,False,False,False
Wayco Inc,True,False,False,False
Exco,True,False,False,False
InfoMontreal,True,False,False,False
Western Slope Iron & Supply,True,False,False,False
Reilly Foam Corp,True,False,False,False
Yulkok Ltd,True,False,False,False
[Internal database pack 2] Warren County Sheriff’s Office,True,False,False,False
Farsound Aviation,True,False,False,False
United Hospital Supply,True,False,False,False
LumioDental,True,False,False,False
Perpetuuiti,True,False,False,False
"University of Applied Sciences,Worms",True,False,False,False
Conpet S.A. (COTE.RO),True,False,False,False
AOT Japan,True,False,False,False
brooklyn group,True,False,False,False
megasilver.com.tw,True,False,False,False
ISTS,True,False,False,False
CBH Homes,True,False,False,False
Woodfield,True,False,False,False
[Redacted] Ticket #1989,True,False,False,False
Karl Geuther,True,False,False,False
Richey Tax Solutions,True,False,False,False
Kopas Cosmetics,True,False,False,False
D'Onofrio General Contractors,True,False,False,False
www.trisa.ch,True,False,False,False
Royal Wine Corp,True,False,False,False
efulfillment Service,True,False,False,False
Thin Red Line,True,False,False,False
"[Apple Data, Additional evidence (Apple Watch) pack-2]Luxshare Precision Industry Co. Ltd.",True,False,False,False
MB Distribution,True,False,False,False
RENAFAN,True,False,False,False
Chèvre & Rutsch & Herren Notariatsbüro,True,False,False,False
ChainPower Technology,True,False,False,False
JOSE COMBALIA SA,True,False,False,False
Lakeside Union School District,True,False,False,False
RC Collecting,True,False,False,False
GC Dental,True,False,False,False
Crystal Coast Pain Management,True,False,False,False
peterboroughpublichealth.ca,True,False,False,False
Interplan,True,False,False,False
Western New York Energy,True,False,False,False
Forella Group,True,False,False,False
"Jingchang Enterprise Co., Ltd",True,False,False,False
PTI,True,False,False,False
Drake Precision Dental Laboratory,True,False,False,False
Medasa,True,False,False,False
"Law Offices of Thomas J Skinner, IV",True,False,False,False
Travelmarket,True,False,False,False
Rosenblum Schwartz &Fry,True,False,False,False
****ne*i***pe.de,True,False,False,False
Blystone & Bailey,True,False,False,False
H-Behbehani Brothers WLL,True,False,False,False
ENCOMPASS-INC,True,False,False,False
Family Health Center,True,False,False,False
Medinah School District 11,True,False,False,False
Muebles Dico,True,False,False,False
ChokChey Finance,True,False,False,False
Erickson Thorpe & Swainston,True,False,False,False
www.pucobre.cl,True,False,False,False
JST Power Equipment,True,False,False,False
Elabs,True,False,False,False
Workers Health & Safety Centre,True,False,False,False
Range Cooperatives,True,False,False,False
The Hechtman Group,True,False,False,False
KOUEI,True,False,False,False
Zurflüh-Feller,True,False,False,False
Ferretti Construction,True,False,False,False
Exterior Worlds,True,False,False,False
Kilograph,True,False,False,False
Jcm Agricola,True,False,False,False
INGUS,True,False,False,False
Sprokkit,True,False,False,False
Stephenson Ziegenhorn & Bernard,True,False,False,False
Best Attorneys,True,False,False,False
Polycom,True,False,False,False
Iron Mountain,True,False,False,False
*****,True,False,False,False
Shinwa Co Ltd,True,False,False,False
Hosowaka Micron Group,True,False,False,False
T & M Electric LLC,True,False,False,False
Deatak,True,False,False,False
Stellium,True,False,False,False
Acu Trans Solutions LLC,True,False,False,False
SIGMA Processing Group,True,False,False,False
Foamtec International,True,False,False,False
Odyssey Academy,True,False,False,False
Mullinax Ford,True,False,False,False
SoCal ROC,True,False,False,False
Hawk Law Group,True,False,False,False
Handsome Manufacturing,True,False,False,False
Nobel Hygiene Pvt,True,False,False,False
Bar S Services,True,False,False,False
NAI Plotkin,True,False,False,False
Transaction Packing,True,False,False,False
Hallauer Law Firm,True,False,False,False
Neuviz,True,False,False,False
CigamSoftware,True,False,False,False
Pellenc,True,False,False,False
Dolby Laboratories,True,False,False,False
Wieson Technologies,True,False,False,False
all Data,True,False,False,False
Beacon Mutual Insurance,True,False,False,False
Lawsoft,True,False,False,False
Hydrometrics,True,False,False,False
Röben Tonbaustoffe GmbH,True,False,False,False
Abatix,True,False,False,False
woodwardoralsurgery.com,True,False,False,False
We will be back soon,True,False,False,False
wjnklaw.com,True,False,False,False
casamedica.com.gt,True,False,False,False
Fulcrum Construction,True,False,False,False
MBC,True,False,False,False
Cooperativa de Hostelería de Navarra,True,False,False,False
Trace,True,False,False,False
Esperance Communications,True,False,False,False
Northeast IndustrialManufacturing,True,False,False,False
Littlefield Companies,True,False,False,False
Rich Sport Public,True,False,False,False
Bryant Consultants,True,False,False,False
[Internal database pack 1] Warren County Sheriff’s Office,True,False,False,False
Rocky Mountain Associated Physicians,True,False,False,False
Atlantic National Trust,True,False,False,False
shorelinenyc.com,True,False,False,False
www.roschvisionary.com,True,False,False,False
Tulsa International Airport,True,False,False,False
PK PINHÃO & KOIFFMAN ATTORNEYS AT LAW,True,False,False,False
DIEHL & CELLA ADVOGADOS ASSOCIADOS,True,False,False,False
Ruskin College,True,False,False,False
NGC Software,True,False,False,False
anomatic.com,True,False,False,False
Urban Edge Architecture,True,False,False,False
Crosslists Data,True,False,False,False
"Bantry Bespoke Joinery, Murnane & O'Shea",True,False,False,False
"iGlobal Services, Medenet",True,False,False,False
Easypak,True,False,False,False
BrandingBusiness,True,False,False,False
b2motorsport.co.il,True,False,False,False
Moontown,True,False,False,False
Keil Erdbau,True,False,False,False
Melton Machine & Control,True,False,False,False
MG Oil,True,False,False,False
Hillmann Consulting,True,False,False,False
MACT Health Board,True,False,False,False
SUNSETWORLDRESORTS,True,False,False,False
Community Property Management,True,False,False,False
consultaegis.com,True,False,False,False
zallc.org,True,False,False,False
RAKS Sp. z o.o.,True,False,False,False
Clatronic International,True,False,False,False
Pacific Airlines,True,False,False,False
[Weapons License] Warren County Sheriff’s Office,True,False,False,False
distinctive-systems.com,True,False,False,False
LeMatic,True,False,False,False
Tahkout Group,True,False,False,False
Bumble Inc.,True,False,False,False
Philippine Savings Bank (Metrobank Group),True,False,False,False
InfoCom,True,False,False,False
Valbifrut,True,False,False,False
Chu & Yang Dental,True,False,False,False
KRÜSS,True,False,False,False
Service Broadcasting Group,True,False,False,False
NessCampbell,True,False,False,False
CMA Flooring & Design,True,False,False,False
***vandenberg.com,True,False,False,False
**ps.net,True,False,False,False
Family Partnerships of Central Florida,True,False,False,False
tiw-group.com,True,False,False,False
z*l*c.o*g,True,False,False,False
DataBank,True,False,False,False
JLK Rosenberger,True,False,False,False
LGBTQ Center Orange county,True,False,False,False
DeRenzis & Associates,True,False,False,False
Impressico Business Solutions,True,False,False,False
Affordable Housing Management Overview Metrics,True,False,False,False
Active Green + Ross,True,False,False,False
JP Research,True,False,False,False
FIAMPACK,True,False,False,False
anagnosdoor.com,True,False,False,False
nbccministries.org,True,False,False,False
Callagy Law Firm,True,False,False,False
ttmet.co.th,True,False,False,False
twi-group.com,True,False,False,False
Match Group,True,False,False,False
shawhillprimaryschool.org.uk,True,False,False,False
newkirklaw.com,True,False,False,False
KSP TLM INDONESIA,True,False,False,False
FRUIT-BONTÉ Agroalimentaire,True,False,False,False
Morison Insurance Brokers,True,False,False,False
Gallagher Transport International,True,False,False,False
Ashcraft,True,False,False,False
lenotech.com.ph,True,False,False,False
COMPAGNIE FONCIÈRE PARISIENNE,True,False,False,False
skyegtours.com,True,False,False,False
QualiChem Metalworking,True,False,False,False
"Abu Dhabi Indian School – Branch 1, Al Wathba",True,False,False,False
Connor Co,True,False,False,False
Goodmanagement,True,False,False,False
Global Parts & Maintenance,True,False,False,False
IMA Diligence Services (A Division of IMA Financial Group),True,False,False,False
Sukhothai Thammathirat Open University,True,False,False,False
MMD Insurance Law Advocates,True,False,False,False
"The Trevino Group, Inc",True,False,False,False
"OEC Medical Systems, Inc",True,False,False,False
Panera Bread,True,False,False,False
freidarothman.com,True,False,False,False
c*n**lta**i*.com,True,False,False,False
Uniflex Technology Inc,True,False,False,False
"[Apple Data, Additional evidence]Luxshare Precision Industry Co. Ltd.",True,False,False,False
cs.at,True,False,False,False
Tele Plus,True,False,False,False
F&B Mfg,True,False,False,False
The Sourcing Group,True,False,False,False
ALLMAX,True,False,False,False
Quantum Fuel Systems Technologies,True,False,False,False
Aquatic Control,True,False,False,False
Christine London,True,False,False,False
Routten & Laster Law,True,False,False,False
Joyva,True,False,False,False
www.shrimphouse.com,True,False,False,False
zHealthEHR — Practice Management Software for Chiropractic & Wellness Clinics,True,False,False,False
sitoy.com,True,False,False,False
Prince & Schmidt LLP,True,False,False,False
Disuelas JC SAS,True,False,False,False
premmotors.com,True,False,False,False
namico.go.ke,True,False,False,False
Jakarta Nanyang School,True,False,False,False
KREISEL,True,False,False,False
Mills Products,True,False,False,False
Centrotherm International,True,False,False,False
Langley Twigg Law,True,False,False,False
Vitosha Park Hotel,True,False,False,False
**.at,True,False,False,False
WRENLAWFIRM.COM,True,False,False,False
LDHRLAW.COM,True,False,False,False
GENESYSSPINE.COM,True,False,False,False
HILTON.COM,True,False,False,False
WEATHER.COM,True,False,False,False
WHISKIJACKRESORTS.COM,True,False,False,False
GROUPAMS.CO.UK,True,False,False,False
RTCCOMPUTERS.COM,True,False,False,False
CCCM.BC.CA,True,False,False,False
TECHNIKEL.CA,True,False,False,False
KAZMILAW.COM,True,False,False,False
WFRFIRE.COM,True,False,False,False
VERTIGORELEASING.COM,True,False,False,False
BR-ALSETH.NO,True,False,False,False
4DITSOLUTIONS.COM,True,False,False,False
VISTA-TRAINING.COM,True,False,False,False
RSTRT.IT,True,False,False,False
WILDRIDGELANDSCAPE.COM,True,False,False,False
MODTECH.CA,True,False,False,False
INSPYRSOLUTIONS.COM,True,False,False,False
CLEARWAYGROUP.COM,True,False,False,False
EXCELAS1.COM,True,False,False,False
ECA-USA.COM,True,False,False,False
WARRANTYFIRST.CO.UK,True,False,False,False
TOMLLAWYERS.COM,True,False,False,False
INTEGROY.COM,True,False,False,False
ITROBOTICS.COM,True,False,False,False
MONTALBAARCHITECTS.COM,True,False,False,False
EASTPLATS.COM,True,False,False,False
AERIFY.IO,True,False,False,False
BAQUS.CO.UK,True,False,False,False
SMITHDALIA.COM,True,False,False,False
ELKAIR.COM,True,False,False,False
KOROLFINANCIAL.COM,True,False,False,False
TRUSTPAYMENTS.COM,True,False,False,False
BRINKS.CO.NZ,True,False,False,False
MCMATHLAW.COM,True,False,False,False
WORKFORCESOFTWARE.COM,True,False,False,False
KCDWORLDWIDE.COM,True,False,False,False
ONYXEQUITIES.COM,True,False,False,False
BUREAUX.FR,True,False,False,False
INTEGRITEK.NET,True,False,False,False
CENTAURPRODUCTS.COM,True,False,False,False
OKIN GROUP,True,False,False,False
Şemsioğlu Uşak Ev Tarhanası,True,False,False,False
Cytek Biosciences,True,False,False,False
Handala New Account – Sunset of the lions,True,False,False,False
The Successful Match,True,False,False,False
KICKSTAGE,True,False,False,False
BIDAIAK BANOA S.L.,True,False,False,False
"Aromate Industries Co., Ltd. z",True,False,False,False
Lesk Engineers Limited,True,False,False,False
Golden Growth Biotechnology,True,False,False,False
MBM,True,False,False,False
gsglobalresources.com,True,False,False,False
lcpublishinggroup.com,True,False,False,False
adifse.com.ar,True,False,False,False
trulinemfg.com,True,False,False,False
superiordrywall.com,True,False,False,False
interr.com,True,False,False,False
Shiffler Equipment Sales,True,False,False,False
Herzing,True,False,False,False
HARTE-BAVENDAMM Rechtsanwlte PartG mbB,True,False,False,False
Borg Argentina,True,False,False,False
D & D Building,True,False,False,False
Gianni Botsford Architects,True,False,False,False
LTS Group,True,False,False,False
MRC Prion Unit and Institute of Prion Diseases,True,False,False,False
www.hansemerkurintl.com,True,False,False,False
www.advancedcoolingtech.us,True,False,False,False
Milott Laboratories,True,False,False,False
"Edmunds.com, Inc.",True,False,False,False
Hilong Petroleum Pipe Company LLC,True,False,False,False
****cr*nem*ds.c*m,True,False,False,False
***-gr*up.com,True,False,False,False
"CarMax, Inc.",True,False,False,False
X-CD Technologies,True,False,False,False
rlc.es,True,False,False,False
KPMG,True,False,False,False
Supriya Aesthetic Dermatology,True,False,False,False
Warren County Sheriff’s Office,True,False,False,False
YCC Parts Mfg,True,False,False,False
TREC Group,True,False,False,False
Encore Roofing,True,False,False,False
goldair.gr,True,False,False,False
IGI Global,True,False,False,False
"JA Riollano, M&W Manufacturing, Mirbeau Hospitality Services, Reuland Electric Motor Co, S...",True,False,False,False
SoundCloud,True,False,False,False
"Crunchbase, Inc.",True,False,False,False
"Betterment, LLC.",True,False,False,False
tob-bmw.sk,True,False,False,False
St Andrew's CE High School,True,False,False,False
Aschwanden & Partner,True,False,False,False
OAB,True,False,False,False
Propane Levac Inc.,True,False,False,False
West Cary Group,True,False,False,False
minorsgardencenter.com,True,False,False,False
Uinta Bank,True,False,False,False
California Tax Data,True,False,False,False
"Nike, Inc.",True,False,False,False
EDF Group,True,False,False,False
SiNetCon,True,False,False,False
Farmacias Vilela,True,False,False,False
Proleasing,True,False,False,False
Van Eycken,True,False,False,False
Ocean Fish,True,False,False,False
Copetrol,True,False,False,False
Radial Engineering,True,False,False,False
Universal Builders Supply,True,False,False,False
Spiros Industries,True,False,False,False
CYMA,True,False,False,False
STRONG WINGS LLP,True,False,False,False
Elmore Goldsmith Kelley & deHoll,True,False,False,False
empreinte-hotel.com,True,False,False,False
*a*ame*i*a.com.g*,True,False,False,False
Service Lane eAdvisor,True,False,False,False
OnSight,True,False,False,False
CE Electronics,True,False,False,False
Cemtech,True,False,False,False
Midway Windows and Doors,True,False,False,False
Bayside Dental,True,False,False,False
Asian Heart Institute,True,False,False,False
MODERNISTIC GARDEN & PET SUPPLY LTD,True,False,False,False
Ignite Chaos at Your Own Risk: i24 Channel,True,False,False,False
ShuBee,True,False,False,False
Mutest,True,False,False,False
Centro de Desarrollo Emprendedor Ensenada,True,False,False,False
Bolttech,True,False,False,False
Clipper Petroleum,True,False,False,False
Serometrix LLC,True,False,False,False
Mettler Partner,True,False,False,False
Orthopaedic Specialists of Massachusetts,True,False,False,False
Jet-care International,True,False,False,False
aditusbr.com,True,False,False,False
us-duct.com,True,False,False,False
gob.mx,True,False,False,False
frandent.it,True,False,False,False
automax.com,True,False,False,False
Syrmasgs,True,False,False,False
***m*sic.fi,True,False,False,False
www.****law.com,True,False,False,False
***om****s-***.com,True,False,False,False
www.mims.com,True,False,False,False
www.saundersandsaunders.com,True,False,False,False
Yource Bulgaria & Greece,True,False,False,False
Bluemega,True,False,False,False
Sibca,True,False,False,False
Garko,True,False,False,False
Casa de España,True,False,False,False
Sincere Corporation,True,False,False,False
Unimed Anápolis,True,False,False,False
Tvgoiania,True,False,False,False
SASI JSC,True,False,False,False
Autofinanciera,True,False,False,False
CPF Financial Services,True,False,False,False
Orlík Compressors,True,False,False,False
USTAR,True,False,False,False
Magen Eco Energy,True,False,False,False
WRP Asia Pacific Sdn Bhd,True,False,False,False
Witzenberg Municipality,True,False,False,False
Sita Sud,True,False,False,False
Rola Motor Group,True,False,False,False
Paltrack,True,False,False,False
Lotus Bedding,True,False,False,False
Shtainmetz Aminoach,True,False,False,False
BIB Insurance Brokers,True,False,False,False
Ayuntamiento de Beniel,True,False,False,False
British School of Brasilia,True,False,False,False
[Redacted] #1930,True,False,False,False
Release Marine,True,False,False,False
Raymundos Food Group,True,False,False,False
Riverwood Golf Club,True,False,False,False
Eastern Ice,True,False,False,False
Ciena,True,False,False,False
Cabinets 2000 Inc,True,False,False,False
ETC Companies,True,False,False,False
HexaCream Dental Laboratory,True,False,False,False
SCHNEIDER PROTOTYPING INDIA PVT LTD,True,False,False,False
PKT QS,True,False,False,False
Might Electronic Co. LTD,True,False,False,False
Kontena Nasional Berhad,True,False,False,False
veenkoloniaalmuseum.nl,True,False,False,False
www.coconutboard.gov.in,True,False,False,False
MecMatica,True,False,False,False
Sandberg,True,False,False,False
Virginia Records - Database leaked,True,False,False,False
McDonalds India,True,False,False,False
Warning about the negotiator: All4you,True,False,False,False
Altius Geotecnia y Obras Especiales,True,False,False,False
TriApex US Laboratories,True,False,False,False
San Carlo Gruppo Alimentare,True,False,False,False
Kontena Nasional Berhad,True,False,False,False
Talleyville Fire,True,False,False,False
Pivotal Healthcare,True,False,False,False
Geoplin,True,False,False,False
PAO HWA TRADING LTD,True,False,False,False
abcseamless.com,True,False,False,False
wohnverbund-st-gertrud.de,True,False,False,False
ipu.co.il,True,False,False,False
GC Accounting,True,False,False,False
WANCHI STEEL INDUSTRIAL,True,False,False,False
Reeves Information Technology,True,False,False,False
ASRock Rack,True,False,False,False
GIBSIN Engineers,True,False,False,False
Yumark Enterprises,True,False,False,False
Durashiloh,True,False,False,False
Whitfield Welding Inc,True,False,False,False
depotnapoli.com,True,False,False,False
[Apple Data]Luxshare Precision Industry Co. Ltd.,True,False,False,False
Casadei,True,False,False,False
Deck India Engineering Pvt. Ltd,True,False,False,False
Bray Whaler,True,False,False,False
Channel Products,True,False,False,False
Avalon Hills,True,False,False,False
National Waste Associates,True,False,False,False
Ocean Fish,True,False,False,False
Thunder Mountain Harley-Davidson,True,False,False,False
Mid-park Ink,True,False,False,False
QFloors,True,False,False,False
Advanced Business Equipment,True,False,False,False
Bikkal & Associates (sblawyers),True,False,False,False
Office for Students,True,False,False,False
Title Guaranty,True,False,False,False
Galutti Automotive Industria Metalurgica Ltda,True,False,False,False
GSM PORTAL TEKNOLOJİ HİZMETLERİ TİC. LTD. ŞTİ,True,False,False,False
Dreher Law Firm,True,False,False,False
Jampen Holzbau AG,True,False,False,False
University Volkswagen Mazda,True,False,False,False
Vietnam Airlines,True,False,False,False
Balneario,True,False,False,False
Southern Alberta Community Living Association,True,False,False,False
MKC Customs Brokers International Inc.,True,False,False,False
Avraham Hayyim ( Mehrdad Rahimi ) – Mossad Agent,True,False,False,False
Nafae Sanitaire S.a.r.l,True,False,False,False
Orthopaedic Specialists of Massachusetts,True,False,False,False
Cary Pediatric Center,True,False,False,False
anfibius.net,True,False,False,False
ccbrt.org,True,False,False,False
em***int*-ho***.com,True,False,False,False
Fluorsid Spa,True,False,False,False
Central Roofing South Wales,True,False,False,False
Laboratorios Smasac,True,False,False,False
Ilumno,True,False,False,False
UGS,True,False,False,False
Colacem,True,False,False,False
https://comercialautomotriz.com,True,False,False,False
ecsc.org,True,False,False,False
Dongguan HYX Industrial,True,False,False,False
[Redacted] #1936,True,False,False,False
Commenco,True,False,False,False
MicroPrecision,True,False,False,False
DigiCOURSE,True,False,False,False
Industrial Rivet & Fastener Company,True,False,False,False
Grupo Roa,True,False,False,False
CFM Mozambique,True,False,False,False
Dedman Gray Property Consultants,True,False,False,False
Upper Township,True,False,False,False
JR Advertising Specialties,True,False,False,False
NWIMS IT Group,True,False,False,False
cirrusaviation,True,False,False,False
sjl-legal.com,True,False,False,False
"1171 Rue Notre Dame O, Victoriaville, QC G6P 7L1, Canada. (819) 758-0313",True,False,False,False
Moen,True,False,False,False
Aero-Coating,True,False,False,False
Bergmanis Preyra,True,False,False,False
PSTECHLTD,True,False,False,False
Krez & Flores,True,False,False,False
Texas State Utilities,True,False,False,False
Neo Group,True,False,False,False
"Gorlick Kravitz & Listhaus, CogneSense, Netberry Solutions, Hein Electric Supply, Jet Wast...",True,False,False,False
McAloon & Friedman,True,False,False,False
Paylogix,True,False,False,False
https://trustarholdingsllc.com/ https://vistlabs.com/,True,False,False,False
Nordstrom Rack,True,False,False,False
Kan & Krishme,True,False,False,False
Notin - Database leaked,True,False,False,False
National Money Mart Company - Database leaked,True,False,False,False
Samson Equipment,True,False,False,False
Klüber Elektroanlagenbau,True,False,False,False
Vereinigte-stadtwerke,True,False,False,False
Peugeot Motocycles,True,False,False,False
JJ White,True,False,False,False
Soapeople,True,False,False,False
Visionwheel,True,False,False,False
Sanko Gosei Technology,True,False,False,False
Chemirol,True,False,False,False
Rameder,True,False,False,False
Bär Cargolift,True,False,False,False
A****s,True,False,False,False
A****g,True,False,False,False
L****p,True,False,False,False
V****S,True,False,False,False
B****p,True,False,False,False
C****g,True,False,False,False
M****l,True,False,False,False
Rogers Capital,True,False,False,False
Lunsford Capital,True,False,False,False
Pre-Con Builders,True,False,False,False
Radiant Remodeling,True,False,False,False
Gtech,True,False,False,False
Ernest Maier,True,False,False,False
Designers Mirror and Glass,True,False,False,False
Pathology Associates Of Saint Thomas,True,False,False,False
The National Auto Loan Network,True,False,False,False
ImageWorks Display,True,False,False,False
https://seha.org.sa,True,False,False,False
Copec S.A.,True,False,False,False
Adriatic Port Authority,True,False,False,False
TruGolf,True,False,False,False
Rebars & Mesh,True,False,False,False
https://acswinc.com/,True,False,False,False
Fechner Pump & Supply,True,False,False,False
H2 Builders,True,False,False,False
Hyatt Place New York / Chelsea Hotel,True,False,False,False
*** *********,True,False,False,False
AUTOCARES CARRETERO,True,False,False,False
Quick Safety Electric,True,False,False,False
Merit Group,True,False,False,False
https://bellowsmfg.com/company/,True,False,False,False
Ju Teng International Holdings Ltd,True,False,False,False
Tepco-Group,True,False,False,False
Perdana Petroleum Berhad,True,False,False,False
Chemsain Konsultant Sdn Bhd,True,False,False,False
Bulk Handling Systems Companies,True,False,False,False
Richard Alibon Primary School,True,False,False,False
Ideal International,True,False,False,False
Collett Hulance,True,False,False,False
Itasca Consulting Group,True,False,False,False
Dubai Air Wing,True,False,False,False
gbmme.com,True,False,False,False
Living Realty,True,False,False,False
Commercial Paving Ltd.,True,False,False,False
stimgroup,True,False,False,False
Rodney's Sign Company,True,False,False,False
IDeaS.com - Database leaked,True,False,False,False
Morgan Records Management - Database leaked,True,False,False,False
Fit-Line Global,True,False,False,False
Cape Fear Country Club,True,False,False,False
Pilot automotive,True,False,False,False
MyVete,True,False,False,False
Eco Green Group,True,False,False,False
Harrison Design,True,False,False,False
Resource Corporation of America,True,False,False,False
Young Wealth Management,True,False,False,False
klhindustries.com,True,False,False,False
Best Insurance Agency,True,False,False,False
Hayden Safe & Lock,True,False,False,False
G-WAY Microwave,True,False,False,False
Superior Water Conditioning,True,False,False,False
pronaca.com,True,False,False,False
consigaz.com.br,True,False,False,False
sealbeachca.gov,True,False,False,False
sealbeachpd.com,True,False,False,False
******m*di*al.com,True,False,False,False
****t*lc*a*tpm.com,True,False,False,False
s***p.com,True,False,False,False
Rod Danielson,True,False,False,False
Brockhaus,True,False,False,False
Depth,True,False,False,False
CSS Services,True,False,False,False
The Outdoor Recreation Group,True,False,False,False
www.charoenchai.com,True,False,False,False
"Epport Richman & Robbins, Kalamazoo Valley Community College, B&J Transportation, FR Law G...",True,False,False,False
Syrstone,True,False,False,False
cc***.or.*z,True,False,False,False
InvivoGen HK,True,False,False,False
Alpha Alternatives,True,False,False,False
FOX Architects,True,False,False,False
Cardiovascular Medical Group of Southern California (CVMG),True,False,False,False
Ingomar Church,True,False,False,False
ITG Electronics,True,False,False,False
Granville Inn,True,False,False,False
Revoil,True,False,False,False
Real Tech,True,False,False,False
Dsm Information Technology Trade Ltd.,True,False,False,False
Pos Bilişim Teknolojileri,True,False,False,False
Pecan Tree Dental,True,False,False,False
Youngstown Pipe & Steel,True,False,False,False
Vernon Sales,True,False,False,False
Dekoyap,True,False,False,False
Warka Bank for Investment and Finance,True,False,False,False
Hog Slat,True,False,False,False
DTI Foreign Trade Service Corps,True,False,False,False
Pensam Residential,True,False,False,False
Sarl Alliance,True,False,False,False
San Silvestre School,True,False,False,False
Novelty Technology Care Espana (Part of GRUPO NTC),True,False,False,False
Advanced Family Surgery Center (Covenant Health),True,False,False,False
Cisneros group,True,False,False,False
CleverPower,True,False,False,False
Trend Import Export,True,False,False,False
[Redacted] #1927,True,False,False,False
STC Concrete Product,True,False,False,False
REDtone,True,False,False,False
Launie & Marino,True,False,False,False
Denny's 5th Avenue Bakery,True,False,False,False
WiZiX Technology Group,True,False,False,False
Virginia Records,True,False,False,False
Nissan Motor Corporation,True,False,False,False
Bouygues Energies & Services,True,False,False,False
Foshee Architecture,True,False,False,False
publicsafety.ohio.gov,True,False,False,False
CompactInd,True,False,False,False
American Vanguard,True,False,False,False
Bauerfeind,True,False,False,False
Mohammad Omar Bin Haider Holding Group,True,False,False,False
The Carlson Law Firm,True,False,False,False
"Swavelle Group, Wearbest Sil-Tex Mills",True,False,False,False
Triple Eight Transport,True,False,False,False
McCraw Oil,True,False,False,False
Grupo Ruiz,True,False,False,False
stignatiusijamsville.org,True,False,False,False
About Women Ob-Gyn,True,False,False,False
Federal University of Sergipe,True,False,False,False
hilden.in,True,False,False,False
MUTTI-PARMA.COM,True,False,False,False
CPJ.ORG,True,False,False,False
BORING.COM,True,False,False,False
TriVector Services,True,False,False,False
Gaviota,True,False,False,False
STESAD,True,False,False,False
Softlab SpA,True,False,False,False
Spring Grove Area School District,True,False,False,False
Retrofit Service,True,False,False,False
https://lpollockpr.com/,True,False,False,False
Fedcap,True,False,False,False
Udall Law Firm,True,False,False,False
Morton Buildings,True,False,False,False
Luxshare Precision Industry Co. Ltd.,True,False,False,False
Anteriad,True,False,False,False
Gordon Companies,True,False,False,False
These companies havebeen hacked.,True,False,False,False
Applied LNG,True,False,False,False
PTS Goldkist Industries Sdn Bhd,True,False,False,False
The Cressi,True,False,False,False
Telstar-Hommel,True,False,False,False
National Water Authority,True,False,False,False
SCHNEIDER PROTOTYPING INDIA PVT. LTD,True,False,False,False
The Structures Group,True,False,False,False
Evergreen Printing,True,False,False,False
Sortimage,True,False,False,False
Commercial Paving,True,False,False,False
BUHLMANN GROUP,True,False,False,False
Westlake Christian Academy,True,False,False,False
RGD Consulting Engineers,True,False,False,False
RJS,True,False,False,False
Labeltex Group,True,False,False,False
strategic-ts.com,True,False,False,False
Wilson Smith CochranDickerson,True,False,False,False
Wamtechnik,True,False,False,False
Systherm Grupa,True,False,False,False
Hart,True,False,False,False
Options,True,False,False,False
Morgan Records Management,True,False,False,False
Berkmann Wine Cellars,True,False,False,False
Complexul Energetic Oltenia,True,False,False,False
Aero Fabrications,True,False,False,False
Apex Spine and Neurosurgery,True,False,False,False
Hytec South Africa,True,False,False,False
Charles Leonard Steel Services,True,False,False,False
USArt,True,False,False,False
Epi du Rouergue,True,False,False,False
Secorp Industries,True,False,False,False
Medical Asset Management,True,False,False,False
Health Bridge Chiropractic,True,False,False,False
baja.gob.mx,True,False,False,False
Autohaus Pichel GmbH,True,False,False,False
Due Doyle Fanning,True,False,False,False
Mill Brothers,True,False,False,False
Italgrafica Sistemi,True,False,False,False
www.swautomation.at,True,False,False,False
Saplog Group,True,False,False,False
CEIVA Logic,True,False,False,False
www.burdettedental.com,True,False,False,False
www.tecnoelectric.com.py,True,False,False,False
www.sje.vic.edu.au,True,False,False,False
www.granosycereales.com.co,True,False,False,False
www.ville-dunkerque.fr,True,False,False,False
Purcell Architects,True,False,False,False
Gebrüder Bagusat GmbH & Co. KG,True,False,False,False
www.mscorp.net,True,False,False,False
www.mcphillamysgold.com,True,False,False,False
www.blackdogsalvage.com,True,False,False,False
crawfordorthodontics.net,True,False,False,False
www.stcharlesprep.org,True,False,False,False
The Lewis Bear,True,False,False,False
KSL Ingenieure,True,False,False,False
Posillico,True,False,False,False
Triad Packaging,True,False,False,False
laurysenkitchens.com,True,False,False,False
miltonfl.org,True,False,False,False
www.braemac.com,True,False,False,False
wildbunchdistribution.com,True,False,False,False
kiddsservices.com,True,False,False,False
hartford.fr,True,False,False,False
groupecho.com,True,False,False,False
salcom.com,True,False,False,False
swdc.wa,True,False,False,False
M&M Auto Parts,True,False,False,False
Harris Consulting Engineers,True,False,False,False
Krenzer Marine Overview Metrics,True,False,False,False
Lares,True,False,False,False
The Boathouse on the Bay,True,False,False,False
Windward Life Care,True,False,False,False
Wesley Heating & Cooling,True,False,False,False
madisonareaymca.org,True,False,False,False
American Health,True,False,False,False
GreenValley International,True,False,False,False
NLFX Professional,True,False,False,False
Delko,True,False,False,False
Sva Y Tecnologia Movil De España,True,False,False,False
Lampire Biological Laboratories,True,False,False,False
Pools by Bradley,True,False,False,False
DESY,True,False,False,False
Bolttech.io,True,False,False,False
IDeaS.com,True,False,False,False
Resource Corporation of America,True,False,False,False
Chrysler - Database leaked,True,False,False,False
Sönmezler Metal,True,False,False,False
"Cal Spas, Inc.",True,False,False,False
Tommotek,True,False,False,False
Hydrodiseño,True,False,False,False
Bina Darulaman Berhad,True,False,False,False
PernelMedia,True,False,False,False
KwikLedgers,True,False,False,False
Laurenzano Logistics,True,False,False,False
Sunzen Biotech Berhad,True,False,False,False
Varimed Medikal,True,False,False,False
Youngblood Tyler & Associates,True,False,False,False
Borough of Moonachie,True,False,False,False
mtspokanepediatrics.com,True,False,False,False
proton-system_Serbia,True,False,False,False
Automation One Business Systems Inc,True,False,False,False
Ayelet Shaked Contact List,True,False,False,False
"15 SIGINT Agents Exposed — $50,000 Reward",True,False,False,False
Unveiling the Secrets: Inside the WhatsApp Chats of a Minister,True,False,False,False
The Queen’s Secrets: Unveiling the Mysteries Behind Ayelet Shaked,True,False,False,False
Handala Alert: Amplifying the Voice of Resistance,True,False,False,False
UBS Office,True,False,False,False
Ellison Educational Equipment,True,False,False,False
Farmacia San Pablo,True,False,False,False
"Jing Cheng Enterprise Co., Ltd.",True,False,False,False
Sai Oral SurgeryOral,True,False,False,False
mdm®NT,True,False,False,False
McKenzie SewOn,True,False,False,False
Röben Tonbaustoffe,True,False,False,False
NECO Equipment,True,False,False,False
сj Global,True,False,False,False
Lakeside Title Company,True,False,False,False
Wardell Builders,True,False,False,False
Garner Foods,True,False,False,False
Pewarchuk CPA,True,False,False,False
Benise-Dowling & Associates,True,False,False,False
Rockport Technology Group,True,False,False,False
Stoughton Steel,True,False,False,False
"SINBON Electronics Co., Ltd",True,False,False,False
Csv Group,True,False,False,False
Sugawara Laboratories,True,False,False,False
Barnes & Jones,True,False,False,False
KOPA Kozmetik A,True,False,False,False
Luminex Software,True,False,False,False
collinscomputing.com,True,False,False,False
drogales.com.br,True,False,False,False
eroselevators.com,True,False,False,False
esopdirect.com,True,False,False,False
fortishealthcare.com,True,False,False,False
Infinite Computing Systems,True,False,False,False
BNZ Materials,True,False,False,False
Hunneman,True,False,False,False
Z-Tronix,True,False,False,False
Quasar,True,False,False,False
TaLachaim,True,False,False,False
Burnham Brown,True,False,False,False
3GH Informatica Integral,True,False,False,False
Sedgwick Government Solutions,True,False,False,False
"OSI Systems, Inc.",True,False,False,False
Stewart Engenharia,True,False,False,False
Auforum AG,True,False,False,False
"Midkiff, Muncie & Ross, P.C",True,False,False,False
"Falk, Waas, Hernandez, Cortina, Solomon & Bonner Overview Metrics",True,False,False,False
Fitzpatrickhotels.com,True,False,False,False
BioNet-Asia,True,False,False,False
ManageMyHealth - New Zealand,True,False,False,False
Firmengruppe Hoffmann,True,False,False,False
setex-textil.de,True,False,False,False
davidrosenbakerysupply.com,True,False,False,False
knightgroup.co.uk,True,False,False,False
moorelumber.com,True,False,False,False
usdaw.org.uk,True,False,False,False
investigacionesmedicas.com,True,False,False,False
sproutnet.com,True,False,False,False
precisionaluminum.ca,True,False,False,False
estrumar.es,True,False,False,False
Genoa Lakes,True,False,False,False
Esquire Brands,True,False,False,False
JZ Russell Industries,True,False,False,False
MP Filtri,True,False,False,False
C&r Electric,True,False,False,False
surfishtrade.com,True,False,False,False
klax.de,True,False,False,False
labayenylaborde.com,True,False,False,False
samkee.com,True,False,False,False
SEACSUB S.p.a.,True,False,False,False
Burnex,True,False,False,False
NK Technologies,True,False,False,False
Saudi Icon,True,False,False,False
selp,True,False,False,False
Grupo Hafesa,True,False,False,False
Sintac Recycling,True,False,False,False
ESSPL,True,False,False,False
Willowdale Steeplechase,True,False,False,False
INHA University,True,False,False,False
Arkan,True,False,False,False
pau.at,True,False,False,False
APC Home Health Service,True,False,False,False
omrania,True,False,False,False
klingele,True,False,False,False
Questica,True,False,False,False
Seac,True,False,False,False
Goodwin College,True,False,False,False
Neurological Associates,True,False,False,False
Intonu.com,True,False,False,False
oppor**nity*****.org,True,False,False,False
Jennings SD,True,False,False,False
sharinc.org,True,False,False,False
Braverman Files Unleashed: Every Secret Now Exposed,True,False,False,False
Atalian,True,False,False,False
JBS,True,False,False,False
Bibi Gate: The Gatekeeper’s Fall | Tzachi Braverman,True,False,False,False
Netanyahu’s Cabinet Awaits Handala’s Next Move,True,False,False,False
heatcel.co.uk,True,False,False,False
ryc.org,True,False,False,False
studioelad.it,True,False,False,False
debralmorrison.com,True,False,False,False
hmpccpa.com,True,False,False,False
vanvenrooy.com,True,False,False,False
wadzeck-stiftung.de,True,False,False,False
inpipeproducts.com,True,False,False,False
larosadelmonte.com,True,False,False,False
Typhoo Tea,True,False,False,False
Dom Development,True,False,False,False
BMW Guatemala,True,False,False,False
Caramel,True,False,False,False
Centro Médico Palafox,True,False,False,False
VALLEREDONDO,True,False,False,False
Hometech Window,True,False,False,False
Georgia Dermatology & Skin Cancer Center,True,False,False,False
Ortho Mattress,True,False,False,False
Hopital La Rabta,True,False,False,False
drako.com.mx,True,False,False,False
inspired.ee,True,False,False,False
zszeleznice.cz,True,False,False,False
urfishtrade.com,True,False,False,False
towellholding.com,True,False,False,False
tecnicarobertorocca.edu.ar,True,False,False,False
technicare.com.br,True,False,False,False
tealca.com,True,False,False,False
soeuae.ae,True,False,False,False
savantivibranti.com,True,False,False,False
puzio-saunierduval.fr,True,False,False,False
optral.com,True,False,False,False
omf.org,True,False,False,False
occgrouptr.com,True,False,False,False
mostykatowice.pl,True,False,False,False
prommgroup.com,True,False,False,False
q-ads.com,True,False,False,False
smed.at,True,False,False,False
clipan.co.id,True,False,False,False
mc2engineers.com,True,False,False,False
lfval.net,True,False,False,False
laval-virtual.com,True,False,False,False
kraslice.cz,True,False,False,False
jefar.be,True,False,False,False
gumustasmaden.com.tr,True,False,False,False
geselektrik.com.tr,True,False,False,False
gccservices.eu,True,False,False,False
fresh2you.eu,True,False,False,False
fortrex.hu,True,False,False,False
emresorts.com,True,False,False,False
d-klima.cz,True,False,False,False
csd-drancy.com,True,False,False,False
cmc.com.br,True,False,False,False
casabotas.es,True,False,False,False
carseo.de,True,False,False,False
bwk-berlin.de,True,False,False,False
bonfilet.com.tr,True,False,False,False
behranlift.com,True,False,False,False
arabfalcons.com,True,False,False,False
anwalt-austria.at,True,False,False,False
amw-treuhand.ch,True,False,False,False
agfri.com,True,False,False,False
acarlar.com.tr,True,False,False,False
rdmetals.nl,True,False,False,False
ambisig.com,True,False,False,False
shwapno.com,True,False,False,False
semplastik.com.tr,True,False,False,False
proplastics.co.zw,True,False,False,False
platinumpws.com,True,False,False,False
npiav.com,True,False,False,False
manuaco.pt,True,False,False,False
itgsolutions.com,True,False,False,False
grupoconstrutodo.com,True,False,False,False
Progressive Laboratories,True,False,False,False
Ruhrpumpen,True,False,False,False
Hintenberger GmbH,True,False,False,False
CSA Tax & Advisory,True,False,False,False
VEPLASTIC,True,False,False,False
"THT Bio-Science, France",True,False,False,False
Bangchak Corporation,True,False,False,False
kavi.fi,True,False,False,False
i**o**.us,True,False,False,False
***ind***es.com,True,False,False,False
Madera County Superintendent of Schools,True,False,False,False
Chrysler,True,False,False,False
CYMA SYSTEMS,True,False,False,False
Lynn Electrical,True,False,False,False
SEIMITSU THAI COMPANY LIMITED,True,False,False,False
Hermes Medical Solutions,True,False,False,False
grade results,True,False,False,False
The Salvation Army,True,False,False,False
polhun.pl,True,False,False,False
maxdream.tur.ar,True,False,False,False
47club.jp,True,False,False,False
nhpsa.com.ar,True,False,False,False
vitatrac.com.gt,True,False,False,False
eiconnect.com,True,False,False,False
massfd.org,True,False,False,False
National Credit Regulator (NCR),True,False,False,False
cmac-llc.com,True,False,False,False
envases-group.com,True,False,False,False
Agralite Electric Cooperative,True,False,False,False
Trubee Wealth Advisors,True,False,False,False
"Watertech of America, WorldPoint ECC, Mastermedia, Garrett Leather, Guttenberg Industries.",True,False,False,False
WSI,True,False,False,False
Building Trades,True,False,False,False
ARO,True,False,False,False
Happy Telecom,True,False,False,False
Felix Gonzalez Law Firm,True,False,False,False
LogicVein,True,False,False,False
SV-Büro Ing. Schulz GmbH,True,False,False,False
Sipl,True,False,False,False
J Grennan & Sons,True,False,False,False
Rafael Construction,True,False,False,False
Steel Dynamics,True,False,False,False
Tri-State Metal Roofing Supply,True,False,False,False
amsino.com,True,False,False,False
"Ellison Educational Equipment, Inc",True,False,False,False
Usina Sao Jose Do Pinheiro,True,False,False,False
Ever Green Industria e Comercio Ltda,True,False,False,False
All Rush,True,False,False,False
Santa Casa de Assis,True,False,False,False
Solus Tecnologia em Sistemas LTDA,True,False,False,False
HSR Specialist Researchers,True,False,False,False
"International Door, Inc",True,False,False,False
Prime Label,True,False,False,False
Niradia Enterprises,True,False,False,False
daispa.it,True,False,False,False
SW/WC Service Cooperative,True,False,False,False
CoreHQ,True,False,False,False
Shore Gardens Rehabilitation & Nursing Center,True,False,False,False
The Sonnenschein Groupe,True,False,False,False
Jaf Gifts,True,False,False,False
Eastern Townships School Board,True,False,False,False
Universiti Sains Islam Malaysia,True,False,False,False
loginport,True,False,False,False
Autohaus Elstermann,True,False,False,False
Carbis Loadtec,True,False,False,False
pellcityschools.net,True,False,False,False
Notin,True,False,False,False
Accela,True,False,False,False
Agrícola Cerro Prieto,True,False,False,False
Laidley Family Doctors,True,False,False,False
Sense Eletronica,True,False,False,False
https://www.ckm-montagen.de/en/,True,False,False,False
Unified Assessment Platform ExamRoom.AI,True,False,False,False
ruskcountywi.us,True,False,False,False
https://www.omnibusjp.com,True,False,False,False
ccedarvalleyservices.org,True,False,False,False
www.fecrwy.com,True,False,False,False
Chatham Asset Management,True,False,False,False
Woodglen Medical Group,True,False,False,False
Center for Life Resources ECI,True,False,False,False
Geometrics,True,False,False,False
Total Air Solutions,True,False,False,False
Clínica Dávila,True,False,False,False
Hanlon Electric,True,False,False,False
Spartan Carbide,True,False,False,False
Grupo Amanus,True,False,False,False
Acme Electric,True,False,False,False
Scenic Solutions,True,False,False,False
Besco Electrical,True,False,False,False
National Biscuit Industries,True,False,False,False
Callipo Group,True,False,False,False
Lasercomb,True,False,False,False
Swartz Campbell,True,False,False,False
k*v*.fi,True,False,False,False
cc-estuaire,True,False,False,False
GIV SRL,True,False,False,False
GOOD+ Foundation,True,False,False,False
Hongfa America,True,False,False,False
Eanes ISD schools,True,False,False,False
La Papelera,True,False,False,False
Lugiano Medical,True,False,False,False
Fürth,True,False,False,False
Polaris Parks,True,False,False,False
Ranger Investigation Guard,True,False,False,False
Office of Public Sector Anti-Corruption Commission,True,False,False,False
Guan Chong Berhad,True,False,False,False
Sanyang Motor,True,False,False,False
Adnan Sundra & Low,True,False,False,False
Assolim,True,False,False,False
transrocamar.com,True,False,False,False
British Holiday & Home Parks Association Ltd,True,False,False,False
Friis & Moltke,True,False,False,False
uniplaclages.edu.br,True,False,False,False
Grupo Olé,True,False,False,False
taminsho.com,True,False,False,False
Empire Screen Printing,True,False,False,False
Cedar Valley Services,True,False,False,False
Váhostav,True,False,False,False
Talarico,True,False,False,False
Evercover,True,False,False,False
svlawus.com,True,False,False,False
terport.com.py,True,False,False,False
Security ONE Alarm Systems,True,False,False,False
Kucera International,True,False,False,False
Busbusbus,True,False,False,False
Titan Motor Group,True,False,False,False
Dolan Construction,True,False,False,False
Egp Comunicaciones Sac,True,False,False,False
Victoria Benelux,True,False,False,False
IAPMO,True,False,False,False
Integrated Technology Group,True,False,False,False
Unipres Alabama Inc.,True,False,False,False
Homestead Electrical Contracting,True,False,False,False
Insight,True,False,False,False
No Place to Hide: Unmasking the Masterminds Behind War Drones,True,False,False,False
Fujitsu Component (Malaysia) SDN. BHD,True,False,False,False
Rio supermarket,True,False,False,False
Deibel Laboratories,True,False,False,False
RM Medics,True,False,False,False
Turnamics,True,False,False,False
North Star Asset Management,True,False,False,False
eagrealtyinternational.com,True,False,False,False
consult*****.c**,True,False,False,False
*n**e-ai,True,False,False,False
****s*oc****.com,True,False,False,False
rogitz.com,True,False,False,False
reger-zahntechnik.de,True,False,False,False
springersjewelers.com,True,False,False,False
dfcsystems.de,True,False,False,False
kenalex.ca,True,False,False,False
meyer-lift.de,True,False,False,False
coloradopowerline.com,True,False,False,False
peus-muenzen.de,True,False,False,False
capsum.com,True,False,False,False
glasserstv.com,True,False,False,False
Thunder Bay Counselling,True,False,False,False
Sampoerna Agro,True,False,False,False
Shamrock Technologies,True,False,False,False
Callipo Group,True,False,False,False
********.com,True,False,False,False
Publicidad Sarmiento,True,False,False,False
Culinary Jet Concierge,True,False,False,False
MAT 4Site Engineers,True,False,False,False
keystoliteracy.com,True,False,False,False
pdcm.com,True,False,False,False
tuscon-physicans.com,True,False,False,False
clarindahealth.com,True,False,False,False
maasa.com.ar,True,False,False,False
axxel.biz,True,False,False,False
firstrateak.com,True,False,False,False
jvdbassoc.com,True,False,False,False
walters-group.co.uk,True,False,False,False
Melsing,True,False,False,False
OGI Groupe,True,False,False,False
Colonial Metals,True,False,False,False
****patr**h**s.com,True,False,False,False
*****l*****.us,True,False,False,False
Flavor Producers,True,False,False,False
SPZC,True,False,False,False
Rconcept,True,False,False,False
Global Miami JV,True,False,False,False
Susquehanna Glass,True,False,False,False
The Genesis Group,True,False,False,False
Maison Law,True,False,False,False
Larry Pitt & Associates,True,False,False,False
Club Atlético River Plate,True,False,False,False
Solumek,True,False,False,False
Lawsoft,True,False,False,False
allenprinting,True,False,False,False
Josh Steel,True,False,False,False
Shah Law Office,True,False,False,False
MG Chartered Professional Accountant,True,False,False,False
The Day of Reckoning Awaits the Child-Killers,True,False,False,False
Clarksville ISD,True,False,False,False
Pacific Rim Mechanical,True,False,False,False
Heritage Engineering,True,False,False,False
RK Centers,True,False,False,False
"Ragland & Jones, LLP.",True,False,False,False
L S GRIM,True,False,False,False
South Shore Tool & Die,True,False,False,False
Lawrence Family Jewish Community Center,True,False,False,False
Optimum Window Manufacturing,True,False,False,False
The Salarpuria Sattva Group,True,False,False,False
NBS Canada,True,False,False,False
FHIABA,True,False,False,False
Behr Enterprises,True,False,False,False
KOEL.CO.IN,True,False,False,False
Tlechaim,True,False,False,False
L.O. Trading,True,False,False,False
Phillips Scales,True,False,False,False
Associated Thermoforming,True,False,False,False
Grandes Vinos,True,False,False,False
Morningstar Properties,True,False,False,False
Household & Commercial Products Association,True,False,False,False
Farwest Fabrication,True,False,False,False
Telechaim,True,False,False,False
Best Hotels Spain,True,False,False,False
"The 200,000 Message Bombshell: Bennett’s Game is Over",True,False,False,False
beausejourco-op.crs,True,False,False,False
d*v***.cl,True,False,False,False
dgpcommercialisti.it,True,False,False,False
uro.com,True,False,False,False
The Araneta Group,True,False,False,False
deerfield.com (singulargenomics.com),True,False,False,False
MedHelp,True,False,False,False
CVK Hotels & Resorts_Turkey,True,False,False,False
seguriamericas.com,True,False,False,False
smilecenterutah.com,True,False,False,False
silverlinegroupinc.com,True,False,False,False
notar-gerresheim.de,True,False,False,False
artcitydental.com,True,False,False,False
gandlmechanical.com,True,False,False,False
zimeda.eu,True,False,False,False
Naftali Bennett Chats,True,False,False,False
PODOVIA,True,False,False,False
Netstar Australia PTY Ltd,True,False,False,False
Adelman & Gettleman,True,False,False,False
ACME Industrial,True,False,False,False
Latitude 33 Planning& Engineering,True,False,False,False
Axion50plus,True,False,False,False
Jet ********,True,False,False,False
Operation Octopus: Naftali Bennett,True,False,False,False
Amla Commerce,True,False,False,False
SASP SNCC AUTOMATISME SOLUTIONS PROCESS,True,False,False,False
Ferreteria Scopazzo,True,False,False,False
Pueblo West Colorado,True,False,False,False
Eurofret Transports Et Logistique,True,False,False,False
Hr Björkmans Entrémattor,True,False,False,False
Capital + Safi,True,False,False,False
Ciif,True,False,False,False
Caught by the Octopus: Bennett’s Darkest Hour,True,False,False,False
ANG BROTHERS (M&E) PTE. LTD.,True,False,False,False
https://avenira.com/,True,False,False,False
Roose Ressler & Green Co,True,False,False,False
Smith Hawks,True,False,False,False
Holiday Tours,True,False,False,False
ELC Electroconsult SpA,True,False,False,False
Lanmark Group,True,False,False,False
Milhench Supply Company,True,False,False,False
Peaker Services,True,False,False,False
Shlansky Law Group,True,False,False,False
Bowman Trailer Leasing,True,False,False,False
Centurion Security & Investigations,True,False,False,False
Keycodes Inspection Agency,True,False,False,False
A Uzzo,True,False,False,False
TACK Electronics,True,False,False,False
Mercury Wire Products,True,False,False,False
Cinema Concepts,True,False,False,False
AIRCOND S.R.L.,True,False,False,False
aspenviewacademy.org,True,False,False,False
feldmanandlopez.com,True,False,False,False
hoodriverdentist.com,True,False,False,False
seeberger-appel.de,True,False,False,False
stadtwerke-clausthal.de,True,False,False,False
autohaus-paschke.de,True,False,False,False
ernst-auto.de,True,False,False,False
Trine Access Technology,True,False,False,False
Power Curbers,True,False,False,False
Florida Orthopaedic Associates,True,False,False,False
Leger & Shaw,True,False,False,False
Edward J Kone,True,False,False,False
Allure Home Creation,True,False,False,False
Fairgrove Oil,True,False,False,False
Maypay Farms Inc,True,False,False,False
Southern Specialty & Supply,True,False,False,False
www.ktlgroup.com,True,False,False,False
ILLUMINA,True,False,False,False
www.advancedentdenver.com,True,False,False,False
Walters Group Inc,True,False,False,False
LiftPRO,True,False,False,False
GPC Industries,True,False,False,False
Productos Lácteos Flor de Aragua CA,True,False,False,False
a**o*50*****.org,True,False,False,False
b**u**jou***-**.crs,True,False,False,False
Precise Benefits Group LLC,True,False,False,False
McKee-Pownall Equine Services,True,False,False,False
Comcast REUP FOR SALE,True,False,False,False
Markham Stouffville Hospital,True,False,False,False
Beyer Law Group,True,False,False,False
YOKOSUKA GAKUIN,True,False,False,False
Grupo Logistics,True,False,False,False
Merko Ehitus,True,False,False,False
Dacon Networks,True,False,False,False
Region of Istria,True,False,False,False
cle**rp**er.eu,True,False,False,False
Melland High,True,False,False,False
strtn.org,True,False,False,False
"demilac, Inc",True,False,False,False
Denk & Roche Builders,True,False,False,False
International Standard Valve,True,False,False,False
Print-O-Tape,True,False,False,False
Gordon Clifford Properties Inc.,True,False,False,False
Angstrom Automotive Group,True,False,False,False
Thrings Solicitors and Lawyers,True,False,False,False
DXS SYSTEMS,True,False,False,False
Diaz Gill Medicina Laboratorial S.A.,True,False,False,False
Hopper Developments,True,False,False,False
STIC,True,False,False,False
Hodgins Law Group,True,False,False,False
k*m**w.com,True,False,False,False
republica federative do brasil,True,False,False,False
cityofsignalhill.org,True,False,False,False
steelworksinc.ca,True,False,False,False
Kier & Wright,True,False,False,False
teccart.qc.ca,True,False,False,False
sbws.org.sg,True,False,False,False
fest-group.de,True,False,False,False
lampus.com,True,False,False,False
inttrust.gr,True,False,False,False
aysa.com.ar,True,False,False,False
VFM Systems & Services (P) Ltd,True,False,False,False
Wavenet,True,False,False,False
"Smith Roberts Baldischwiler, LLC | OKC Engineering Firm",True,False,False,False
Liteconn Group,True,False,False,False
Vlp Hellas,True,False,False,False
dabafinance.com,True,False,False,False
CANCER,True,False,False,False
***-***tems.***,True,False,False,False
Vishnick McGovern Milizio,True,False,False,False
Wright Architectural Millwork,True,False,False,False
Jabezco Industrial Group,True,False,False,False
Choates HVAC,True,False,False,False
Viga Eatery,True,False,False,False
Eastman Cooke,True,False,False,False
ANG BROTHERS (M&E) PTE. LTD. (P4),True,False,False,False
Cinvestav,True,False,False,False
***** ***********,True,False,False,False
beycelik,True,False,False,False
Targets Locked: The Minds Behind Arrow and David’s Sling Are Revealed,True,False,False,False
Chema Ballester,True,False,False,False
Watermark Beach Resort,True,False,False,False
Temple Shalom,True,False,False,False
Keylogistics Chile SA,True,False,False,False
Inter-American Tropical Tuna Commission (IATTC),True,False,False,False
"Sponseller Group, Inc.",True,False,False,False
"Cranford, Buckley, Schultze, Tomchin, Allen & Buie, P.A.",True,False,False,False
David M. Schwarz Architects,True,False,False,False
ACE Forwarding,True,False,False,False
Startek Engineering Inc.,True,False,False,False
StanleyCo Malaysia,True,False,False,False
New Obscura 2.0!,True,False,False,False
United Keetoowah Band of Cherokee Indians in Oklahoma,True,False,False,False
HKR Architects,True,False,False,False
RJS Logistics,True,False,False,False
Twinsoft,True,False,False,False
Solarpro Holding,True,False,False,False
Maven Solutions,True,False,False,False
Arcom Digital,True,False,False,False
ATG,True,False,False,False
GDEV,True,False,False,False
C*** | A******** - Contact us by monday,True,False,False,False
Anderson Engineering,True,False,False,False
Warrior Crane Service,True,False,False,False
*****.com,True,False,False,False
Quezon Power,True,False,False,False
Hopital La Rabta,True,False,False,False
Greene Metal Products,True,False,False,False
Right Power Technology Sdn Bhd,True,False,False,False
SCIPIONI,True,False,False,False
Personal Injury,True,False,False,False
Jeff D'Ambrosio,True,False,False,False
Spitzer Auto Group,True,False,False,False
Oxford Rehabilitation Center,True,False,False,False
The Parkes Companies,True,False,False,False
Iroquois Memorial Hospital,True,False,False,False
Dan Technologies Group,True,False,False,False
Northern Air Systems(2),True,False,False,False
"Woodard, Emhardt, Henry, Reeves & Wagner, LLP",True,False,False,False
WJ Professional,True,False,False,False
Nepes,True,False,False,False
Leadway Assurance,True,False,False,False
ABECO Zumtech Drucklufttechnik AG Müliweg,True,False,False,False
A.S.A.P. Restoration,True,False,False,False
Bell Lifestyle Products,True,False,False,False
Ada Technologies,True,False,False,False
Harbour Town Doctors,True,False,False,False
Hopital ** *****,True,False,False,False
C*NC*R,True,False,False,False
www.digital****.com,True,False,False,False
Plonter,True,False,False,False
Red Star Studio Ltd,True,False,False,False
NSE Insurance Agencies,True,False,False,False
Erie Molded Plastics,True,False,False,False
Sunshine Group,True,False,False,False
GROUPE ETMB,True,False,False,False
Lonich Patton Ehrlich Policastri,True,False,False,False
Kirby Agri,True,False,False,False
LINEMASTER Switch,True,False,False,False
häussermann stauden gehölze gmbh,True,False,False,False
dillonyarn.com,True,False,False,False
***.*** LAST TIMER UPDATE,True,False,False,False
CIDEF Argentina S.A.,True,False,False,False
Sem Val de Bourgogne,True,False,False,False
Urban Remedy,True,False,False,False
Don Ricardo,True,False,False,False
Vestil Manufacturing,True,False,False,False
Cdf,True,False,False,False
Novabio (france laboratories),True,False,False,False
Cisneros,True,False,False,False
rainbowtel.net,True,False,False,False
Teruya Brothers Ltd,True,False,False,False
CPS,True,False,False,False
James Free Jewelers,True,False,False,False
Clean Air,True,False,False,False
Tupi,True,False,False,False
Hexacon Construction,True,False,False,False
West Quay,True,False,False,False
TopDest,True,False,False,False
Dill Dill Carr Stonbraker & Hutchings.,True,False,False,False
Sunair Electronics and Circuitronix.,True,False,False,False
Abacus Employment Services.,True,False,False,False
Village Santé Saint Joseph Hospital,True,False,False,False
fassic.org,True,False,False,False
Inter care,True,False,False,False
EXPERTISE MOBSIGN,True,False,False,False
Leandri & Associes,True,False,False,False
The Center of Association Management,True,False,False,False
Computing Dynamics,True,False,False,False
GearGrid,True,False,False,False
Rodenburg Law Firm,True,False,False,False
Chastain & Associates,True,False,False,False
grupopuma,True,False,False,False
Tele-Fonika Cable Americas,True,False,False,False
Hardesty & Hanover,True,False,False,False
The Foot Doctor,True,False,False,False
The Wardlaw-Hartridge School,True,False,False,False
Empresas Maggi,True,False,False,False
Municipality of North Perth (Canada),True,False,False,False
chemstress.com,True,False,False,False
Serratelli Hat,True,False,False,False
Cagayan Appliance Center,True,False,False,False
Acu Trans Solutions,True,False,False,False
Arabian Escapes,True,False,False,False
Homes 4 Life,True,False,False,False
Elysian Real Estate,True,False,False,False
Harbor Real Estate,True,False,False,False
Savills Middle East/Cluttons,True,False,False,False
Betterhomes,True,False,False,False
Hunt & Harris Real Estate,True,False,False,False
Coldwell Banker UAE,True,False,False,False
One Broker Group,True,False,False,False
Sotheby’s International Realty,True,False,False,False
screenate,True,False,False,False
koncept law,True,False,False,False
caryanams,True,False,False,False
playroll,True,False,False,False
seajob,True,False,False,False
Sarmap - Database leaked,True,False,False,False
b2be.com,True,False,False,False
Heidelberggc,True,False,False,False
Milkagro,True,False,False,False
Wilsenergy,True,False,False,False
Nurturecare,True,False,False,False
OCBAR,True,False,False,False
Hazel Mercantile,True,False,False,False
Summitcollege,True,False,False,False
The Property Business,True,False,False,False
Ekonomipoolen,True,False,False,False
thinkmarkets.com,True,False,False,False
Sterling Biotech,True,False,False,False
sandiegowarroom.com,True,False,False,False
www.goodmanmfg.com,True,False,False,False
www.futureal.hu,True,False,False,False
www.bkcolombia.org,True,False,False,False
www.holidaypalace.com,True,False,False,False
Foxconn Interconnect Technology Limited (FIT),True,False,False,False
hohmartin.org,True,False,False,False
The Landreau Group,True,False,False,False
Seipi,True,False,False,False
Poyntell Limited,True,False,False,False
Redi Carpet,True,False,False,False
Canno Design,True,False,False,False
Transimpex Warenhandelsgesellschaft,True,False,False,False
TCG,True,False,False,False
SLA.DK,True,False,False,False
www.eliteflower.com,True,False,False,False
PH Molds,True,False,False,False
AGI Group,True,False,False,False
Nadel Architects,True,False,False,False
Takedown Request #1834,True,False,False,False
https://www.revnomix.com,True,False,False,False
City of La Vergne,True,False,False,False
VoiceTeam Call,True,False,False,False
Carbon Graphics Group,True,False,False,False
"Nickman, DHK Architects, Profondia, Talbot & Associates, Fishbowl Solutions.",True,False,False,False
Capo Brothers,True,False,False,False
Comcast,True,False,False,False
Cadman Power Equipment,True,False,False,False
HESCO,True,False,False,False
Ernest Käslin,True,False,False,False
Big Lar,True,False,False,False
"Granjas 4 Irmãos SA - Agropecuária, Indústria e Comércio",True,False,False,False
Caldwell & Company Accounting,True,False,False,False
Jeffrey W Krol & Associates,True,False,False,False
Gopher Industrial,True,False,False,False
David M. Schwarz Architects,True,False,False,False
solidere,True,False,False,False
hopital-*********.com,True,False,False,False
f***i*.o*g,True,False,False,False
arko.no,True,False,False,False
S**** Saint ******,True,False,False,False
Galesi Group,True,False,False,False
Quality Companies,True,False,False,False
La Costa Dental Excellence,True,False,False,False
Acoustical Control,True,False,False,False
AMH Philippines,True,False,False,False
Kane's Furniture,True,False,False,False
YAZAKI Corp,True,False,False,False
Marta Montserrat Areny Guerrero ABOGADO,True,False,False,False
"Sanko Air Conditioning Co., Ltd.",True,False,False,False
insightchicago.com,True,False,False,False
jobberswarehouse.com,True,False,False,False
rjwalker.com,True,False,False,False
topackt.com,True,False,False,False
aerworldwide.com,True,False,False,False
51talk.com,True,False,False,False
terracaribbean.com,True,False,False,False
brumfieldconstructioninc.com,True,False,False,False
asiapacificex.com,True,False,False,False
crystal-d.com,True,False,False,False
visionproducts.llc,True,False,False,False
kll-law.com,True,False,False,False
hennessyfunds.com,True,False,False,False
ehlers-inc.com,True,False,False,False
graphiquedefrance.com,True,False,False,False
arc-com.com,True,False,False,False
intellioan.com,True,False,False,False
aqhch.com.cn,True,False,False,False
fepasa.com.ar,True,False,False,False
grupotersa.com.mx,True,False,False,False
bioclimaservice.it,True,False,False,False
berjaya-air.com,True,False,False,False
montaury.com.br,True,False,False,False
milanoristorazione.it,True,False,False,False
kap.co.th,True,False,False,False
cadopt.com,True,False,False,False
marriott.com,True,False,False,False
four-points.marriott.com,True,False,False,False
iscot.it,True,False,False,False
tracsa.com.mx,True,False,False,False
chmsbc.org.br,True,False,False,False
elundini.gov.za,True,False,False,False
comune.balmuccia.vc.it,True,False,False,False
felixvet.com,True,False,False,False
pilgrimpackaging.com,True,False,False,False
physiciansmedicalbilling.net,True,False,False,False
ende.bo,True,False,False,False
aeamg.org.br,True,False,False,False
incolease.com,True,False,False,False
Mintzer Sarowitz Zeris Ledva & Meyers,True,False,False,False
Fish & Richardson Overview Metrics,True,False,False,False
Benchmark Electronics Inc,True,False,False,False
Ermat Grup,True,False,False,False
www.mylawcompany.com,True,False,False,False
lso.com,True,False,False,False
Precision Compounding,True,False,False,False
ANG BROTHERS (M&E) PTE. LTD. (P3),True,False,False,False
www.toc.co.jp,True,False,False,False
CT Dent Ltd,True,False,False,False
Jack Levine,True,False,False,False
platinumone.in,True,False,False,False
From Shield to Shame,True,False,False,False
Trucash,True,False,False,False
Renesas Electronics,True,False,False,False
SODISE,True,False,False,False
Towerstream,True,False,False,False
Khazzan Logistics,True,False,False,False
Kasapreko,True,False,False,False
Diesel Electric,True,False,False,False
Canvas Church,True,False,False,False
UniqueTech Engineering,True,False,False,False
Camomilla,True,False,False,False
Trumbull County,True,False,False,False
bennett.edu,True,False,False,False
Duhabex,True,False,False,False
mmc.de,True,False,False,False
juliuskoch.com,True,False,False,False
untereisesheim.de,True,False,False,False
steuerberater-scheerer.de,True,False,False,False
mactavishco.ca,True,False,False,False
barnet.com.au,True,False,False,False
Beecher Walker Architects,True,False,False,False
wachtmann.eu,True,False,False,False
becksgroup.au,True,False,False,False
hyperdomemedicalcentre.com.au,True,False,False,False
King City Lumber,True,False,False,False
Shumate Mechanical,True,False,False,False
AvtechTyee,True,False,False,False
Sieger design,True,False,False,False
Advanced Power,True,False,False,False
Rosland Capital,True,False,False,False
Fargo Park District,True,False,False,False
Foster & Eldridge,True,False,False,False
3S Software (Secured Smart Systems Overview Metrics),True,False,False,False
Consolidated Sterilizer Systems,True,False,False,False
new blog domain lockbit 5.0,True,False,False,False
Slimsoft,True,False,False,False
National Health Insurance Management Authority,True,False,False,False
Smith Fire Systems,True,False,False,False
Kana Pipeline Inc,True,False,False,False
Medisend,True,False,False,False
ABC Home & Commercial Services,True,False,False,False
Scientology,True,False,False,False
Espaço Casa,True,False,False,False
The Minor Firm,True,False,False,False
McManes Law,True,False,False,False
Institutional & Supermarket Equipment,True,False,False,False
Peter Meijer Architect,True,False,False,False
Maset,True,False,False,False
sspinnovations.com,True,False,False,False
"Pioneer Ocean Freight Co., Ltd.",True,False,False,False
Yellow Cab of Columbus,True,False,False,False
Quasar Inc,True,False,False,False
Atenção Primária à Saúde Brazil,True,False,False,False
IES Synergy,True,False,False,False
CCJM,True,False,False,False
Clayco Electric,True,False,False,False
Gandía Palace Hotel,True,False,False,False
Valley Eye Associates,True,False,False,False
COTTAGE,True,False,False,False
Providence Academy,True,False,False,False
cpasch.com,True,False,False,False
Mainetti UK,True,False,False,False
CST Coal,True,False,False,False
"Davis Kitchens, United States",True,False,False,False
Quality Engineered Homes,True,False,False,False
Pan-O-Gold Baking Company,True,False,False,False
Golden Artist Colors,True,False,False,False
SUNNYGO.COM.TW,True,False,False,False
Custom Engineered Wheels,True,False,False,False
Building Controls and Services,True,False,False,False
Eggelhof,True,False,False,False
Bo Beuckman Ford,True,False,False,False
LA Injury Attorneys,True,False,False,False
Brodosplit,True,False,False,False
City of Urbana,True,False,False,False
NUMALLIANCE,True,False,False,False
Wynn & Wynn,True,False,False,False
Fuji Vegetable Oil,True,False,False,False
Armis Group,True,False,False,False
Rouse Frets White Goss Gentile Rhodes,True,False,False,False
"Wisconsin Knife Works, The Smith Companies, Envirotech Services, Next Generation Logistics...",True,False,False,False
bisonfamilymedical.com,True,False,False,False
instyle.com.au,True,False,False,False
Basra Transports,True,False,False,False
Delta Coast Consultants,True,False,False,False
R* E*,True,False,False,False
lesker.com,True,False,False,False
Pathmaker Group,True,False,False,False
Moyes,True,False,False,False
Sarmap,True,False,False,False
Petra,True,False,False,False
GV Service,True,False,False,False
Reading Elevator Service,True,False,False,False
noment,True,False,False,False
"Garrett Taylor, Dds",True,False,False,False
VENZI & PAGANINI AG,True,False,False,False
GreenBest,True,False,False,False
EDIS,True,False,False,False
Saca Industrie SpA,True,False,False,False
Oriental Castle Sdn Bhd,True,False,False,False
Mr Christmas,True,False,False,False
dakkota.com,True,False,False,False
ASUS,True,False,False,False
Exegy,True,False,False,False
Jewell Engineering,True,False,False,False
Toledo Transducers,True,False,False,False
Prismier,True,False,False,False
Ziglin Signs,True,False,False,False
www.precipiodx.com,True,False,False,False
[EVIDENCE PACK 3]ASKUL,True,False,False,False
Immling Festival DER Festspielort im Chiemgau,True,False,False,False
n*w*****.com,True,False,False,False
ravand.com,True,False,False,False
Tlusty & Kennedy,True,False,False,False
American Pools & Spas,True,False,False,False
Cleveland County Sheriff's Office,True,False,False,False
Capital Star Oil & Gas Inc.,True,False,False,False
Mobilelink USA,True,False,False,False
Clínica Villa Zaita,True,False,False,False
oxfordshop.com.au,True,False,False,False
University Loft,True,False,False,False
PHA Body Systems,True,False,False,False
South Island Public Service District,True,False,False,False
Industrial Steam,True,False,False,False
San Miguel,True,False,False,False
France terre d'asile,True,False,False,False
B dynamic,True,False,False,False
Clark & Sullivan Constructors,True,False,False,False
Hall Aluminum Products,True,False,False,False
Aspen Distribution,True,False,False,False
HASCO Hasenclever,True,False,False,False
Virtualware Solutions,True,False,False,False
millerwoodtradepub.com,True,False,False,False
"Wisconsin Knife Works, The Smith Companies, Envirotech Services, Next GenerationLogistics,...",True,False,False,False
Martin,True,False,False,False
Astrofein,True,False,False,False
www.enea.com,True,False,False,False
Cleveland Construction,True,False,False,False
MD Manouel InsuranceAgency,True,False,False,False
Abhe & Svoboda,True,False,False,False
Goldenrod,True,False,False,False
TUAN LE Construction Company Limited,True,False,False,False
Innomotive SolutionsGroup,True,False,False,False
bpost,True,False,False,False
Rose Displays,True,False,False,False
Petro Environmental.,True,False,False,False
Data Enterprises of the Northwest.,True,False,False,False
PJSI Consultants SDN BHD.,True,False,False,False
"Curtis Investment Group, Inc.",True,False,False,False
Abdulhadi Hospital,True,False,False,False
newhorizonsmedical.org,True,False,False,False
www.eastersealsnei.org,True,False,False,False
m*tt**ca**r**.**.it,True,False,False,False
c*a*c*.c*m,True,False,False,False
a*f*o.us,True,False,False,False
"Soderstrom Architects, LTD",True,False,False,False
Hollysys Asia Pacific,True,False,False,False
Fun For Less Tours,True,False,False,False
Universidade Municipal de São Caetano,True,False,False,False
WR Comercial,True,False,False,False
Concord Academy,True,False,False,False
Veton Ai,True,False,False,False
ILCA Targhe s.r.l.,True,False,False,False
Battaglioli,True,False,False,False
Division 10,True,False,False,False
Asia Condominium Association,True,False,False,False
Bomchil,True,False,False,False
TBC Consoles,True,False,False,False
CJW,True,False,False,False
Chenango Valley Technologies,True,False,False,False
Rasen Insaat Ve Yatirim Ticaret A.S.,True,False,False,False
Badan Pengelola Keuangan Haji,True,False,False,False
GuestTek,True,False,False,False
Advantage 360,True,False,False,False
iqs,True,False,False,False
LMG Holdings,True,False,False,False
EnQuest,True,False,False,False
Calmec,True,False,False,False
typecaseinc,True,False,False,False
asiawba,True,False,False,False
8200 Unit corpses,True,False,False,False
Dr. Isaac Gertz – Chief Nuclear Architect of the Zion Regime,True,False,False,False
Everbiz Industrial Co. Ltd.,True,False,False,False
vviewisd.net,True,False,False,False
Zoya,True,False,False,False
Weiss,True,False,False,False
Kleber and Associates,True,False,False,False
"Williamson County, TX",True,False,False,False
Parrish Tire,True,False,False,False
Panini Kabob Grill,True,False,False,False
"Morton LTC, Reed Pope Law, American Public Television, Benchmark Connector, Radtke Contrac...",True,False,False,False
Casting House,True,False,False,False
Devereux Advanced Behavioral Health,True,False,False,False
Ingenieurbüro Laudi,True,False,False,False
Gershow Recycling,True,False,False,False
Design Team Sign Company,True,False,False,False
K2d,True,False,False,False
Lone Rock Timber,True,False,False,False
Mid South Pulmonary & Sleep Specialists,True,False,False,False
Family Farm and Home,True,False,False,False
Comansco,True,False,False,False
**Rollingertec S.A. - Luxembourg**,True,False,False,False
Caros co,True,False,False,False
ERR Raumplaner,True,False,False,False
Bcfpers,True,False,False,False
United Volleyball Supply,True,False,False,False
Mechanical Systems,True,False,False,False
Kelly Wearstler Gallery,True,False,False,False
Hitech,True,False,False,False
Crucible Industries,True,False,False,False
"Asl Consulting, DTG Consulting Solutions, Snyder Cohn, SBLM Architects, Dealer Information...",True,False,False,False
Country Club Enterprises,True,False,False,False
Santa Paula,True,False,False,False
PFMI,True,False,False,False
Enerre Pharma Lda,True,False,False,False
WLR Precision Engineering,True,False,False,False
Rama Judicial,True,False,False,False
Shelbra International,True,False,False,False
The American School Foundation,True,False,False,False
Secure Network Solutions,True,False,False,False
St. Johns River Water Management District,True,False,False,False
FIT,True,False,False,False
ADC Aerospace,True,False,False,False
suzuki-ploiesti.ro,True,False,False,False
poliserv.ro,True,False,False,False
mazda-ploiesti.ro,True,False,False,False
dacia-ploiesti.ro,True,False,False,False
sevci.org,True,False,False,False
K.M. Packaging,True,False,False,False
MITACHI,True,False,False,False
Kingsford Group,True,False,False,False
Transpedrosa,True,False,False,False
Clemar Assessoria e Logística em Comércio Internacional,True,False,False,False
Meinhardt Malaysia,True,False,False,False
Electricidad Panamericana,True,False,False,False
AGS,True,False,False,False
Healthcare Retroactive Audits,True,False,False,False
Zoetis,True,False,False,False
Fineline Architectural Millwork,True,False,False,False
Church of the Ascension Anglican,True,False,False,False
Stacey L Tokunaga,True,False,False,False
ITL Systemhaus,True,False,False,False
Williams & Sparages,True,False,False,False
Arabia Holding,True,False,False,False
Trolec,True,False,False,False
Pacific Railway Enterprises,True,False,False,False
FloorHeat,True,False,False,False
Globatech,True,False,False,False
Dobco,True,False,False,False
Carlton Fields,True,False,False,False
BioPharma Services,True,False,False,False
Disston,True,False,False,False
Emond Publishing,True,False,False,False
Bergeson,True,False,False,False
Burnham Brown,True,False,False,False
Eastek International,True,False,False,False
Workflow Concepts,True,False,False,False
AllerVie Health,True,False,False,False
Kids & Company,True,False,False,False
National Money Mart Company,True,False,False,False
Lake Superior State University,True,False,False,False
Paal,True,False,False,False
Inspire Communities,True,False,False,False
New England Tractor Trailer Training School,True,False,False,False
Christofle,True,False,False,False
Iberia Airlines,True,False,False,False
Columbia Medical Practice,True,False,False,False
Rochester Philharmonic Orchestra,True,False,False,False
Accord Carton,True,False,False,False
Iberia,True,False,False,False
amcor,True,False,False,False
cryopur.com,True,False,False,False
Schmidt's,True,False,False,False
S****e,True,False,False,False
V****l,True,False,False,False
Standing Chapter 13 Trustee,True,False,False,False
Mitchell Silberberg & Knupp,True,False,False,False
Rempe Construction,True,False,False,False
MSK,True,False,False,False
Marlex Human Capital,True,False,False,False
"Balkrishna Paper Mills LTD, India",True,False,False,False
"NONC, India",True,False,False,False
"LAMAICA, Egypt",True,False,False,False
StatMedPlus LLC,True,False,False,False
Nottingham Village,True,False,False,False
Zecher,True,False,False,False
Blue Projects,True,False,False,False
Ecuacorriente S.A.,True,False,False,False
HYTORC,True,False,False,False
Southern Lion Sdn Bhd,True,False,False,False
"Air Miles España, S.A",True,False,False,False
Swedish Arts Council,True,False,False,False
Klüber Elektroanlagenbau GmbH,True,False,False,False
Issaqueena Pediatric Dentistry,True,False,False,False
omegatoolcorp.com,True,False,False,False
Talarico,True,False,False,False
Klüber Lubrication,True,False,False,False
Lithographix,True,False,False,False
Westrian Group,True,False,False,False
NovAtel (belongs to Hexagon),True,False,False,False
dynamichomerepair.com,True,False,False,False
rehmann.de,True,False,False,False
Akehurst Landscape Service,True,False,False,False
Adept,True,False,False,False
Collge Superieur De Montreal,True,False,False,False
Chairmans Foods,True,False,False,False
Advanced Dental,True,False,False,False
Access Search,True,False,False,False
Liberty Gold Fruit,True,False,False,False
NBCAPITAL JOINT STOCK COMPANY,True,False,False,False
Singapore City Development Company Limited (SINGCONS),True,False,False,False
AiHealth,True,False,False,False
KIM Dental,True,False,False,False
Homestead Museum,True,False,False,False
ANG BROTHERS (M&E) PTE. LTD. (P2),True,False,False,False
Pacific Holdings Group JSC.,True,False,False,False
mToilet,True,False,False,False
Maheu&Maheu,True,False,False,False
Cal-Comp Electronics Public,True,False,False,False
Coral Clubes - Mexico,True,False,False,False
Cayuga Milk Ingredients,True,False,False,False
The Hunnicutt Law Group,True,False,False,False
Berts Electric,True,False,False,False
Capp Shupak,True,False,False,False
National Institute of Materials Physics,True,False,False,False
Outback Pharmacies,True,False,False,False
Nissan Capital,True,False,False,False
Nuclebrás Equipamentos Pesados,True,False,False,False
Bodega San Huberto,True,False,False,False
Parsirang,True,False,False,False
Summit Construction Supply,True,False,False,False
Nugent Supply,True,False,False,False
Fueling Solutions Inc.,True,False,False,False
Healthcare & More,True,False,False,False
Barr Trucking Inc.,True,False,False,False
F-W-S Countertops,True,False,False,False
Katch Kan,True,False,False,False
Keystone Fabricating,True,False,False,False
Turkstra Trusses,True,False,False,False
St. Joseph's Healthcare Hamilton,True,False,False,False
vanteceurope.com,True,False,False,False
Mmlk,True,False,False,False
10 corpses,True,False,False,False
C&M Software,True,False,False,False
onsolve.com,True,False,False,False
Kajima Europe,True,False,False,False
"Medical Center, LLP",True,False,False,False
Interlink Trade Services,True,False,False,False
Mister Guns,True,False,False,False
Woom GmbH,True,False,False,False
TBTEAM,True,False,False,False
Sansala,True,False,False,False
gsccca.org,True,False,False,False
Colliers,True,False,False,False
procure.com,True,False,False,False
General Distributing,True,False,False,False
FDC Interiors,True,False,False,False
MFE Formwork Technology,True,False,False,False
Nationwide Legal LLC,True,False,False,False
HCMSPARTNERS.COM,True,False,False,False
DMC-ME.COM,True,False,False,False
MSG.COM,True,False,False,False
INTELLINUM.COM,True,False,False,False
KNEXTECH.COM,True,False,False,False
ANYWHERE.RE,True,False,False,False
GOLDSTARPENS.COM,True,False,False,False
NEWLINECLOUD.COM,True,False,False,False
NAMA.OM,True,False,False,False
NORTHEASTERNCORP.COM,True,False,False,False
AQM.COM.SA,True,False,False,False
MACYS.COM,True,False,False,False
HYPERTHERM.COM,True,False,False,False
KOREANAIRCND.COM,True,False,False,False
INTEROIL.COM.CO,True,False,False,False
INVENTIVE-IT.COM,True,False,False,False
MAFAS.COM,True,False,False,False
VIPAPPSCONSULTING.COM,True,False,False,False
ZAIN.COM,True,False,False,False
ACRONI.SI,True,False,False,False
EIGHTEENPK.COM,True,False,False,False
IBIZSOFTINC.COM,True,False,False,False
LEGACYCLASSIC.COM,True,False,False,False
AOSOM.COM,True,False,False,False
INCENTIVECONCEPTS.COM,True,False,False,False
ALASEEL.COM.SA,True,False,False,False
"PM Plastics, Reliable Van & Storage, Landis, Whitinger Strategic Services, Kimber Manufact...",True,False,False,False
First Fruits Farms,True,False,False,False
Fucerep,True,False,False,False
Alma Realty,True,False,False,False
Wachusett School District MA,True,False,False,False
XOX Mobile,True,False,False,False
UAM,True,False,False,False
Electro Mechanical Industries,True,False,False,False
GREENBALL.COM,True,False,False,False
SUMITOMOCHEMICAL.COM,True,False,False,False
MICHELIN.COM,True,False,False,False
WELLBIZBRANDS.COM,True,False,False,False
DOONEY.COM,True,False,False,False
BROADCOM.COM,True,False,False,False
ENVOY.COM,True,False,False,False
A10NETWORKS.COM,True,False,False,False
RIDERTA.COM,True,False,False,False
TREETGROUP.COM,True,False,False,False
PHOENIX.EDU,True,False,False,False
LLPRODUCTS.COM,True,False,False,False
WORLEY.COM,True,False,False,False
MAZDAUSA.COM,True,False,False,False
FLEETSHIP.COM,True,False,False,False
ALSHAYA.COM,True,False,False,False
ELCOMPANIES.COM,True,False,False,False
BECHTEL.COM,True,False,False,False
GRUPOBIMBO.COM,True,False,False,False
TRANETECHNOLOGIES.COM,True,False,False,False
CANON.COM,True,False,False,False
MASHOLDINGS.COM,True,False,False,False
MAZDA.COM,True,False,False,False
ABBOTT.COM,True,False,False,False
HUMANA.COM,True,False,False,False
FRONTROL.COM,True,False,False,False
FRUIT.COM,True,False,False,False
ALJOMAIHAUTO.COM,True,False,False,False
AVAILINFRA.COM,True,False,False,False
GARLANDISDSCHOOLS.NET,True,False,False,False
BELFUSE.COM,True,False,False,False
RFSUNY.ORG,True,False,False,False
TULANE.EDU,True,False,False,False
LIFEFITNESS.COM,True,False,False,False
ELKAY.COM,True,False,False,False
ENOVIS.COM,True,False,False,False
NCH.COM,True,False,False,False
CYTIVALIFESCIENCES.COM,True,False,False,False
Gruenberg Kelly Della,True,False,False,False
Du,True,False,False,False
PAN,True,False,False,False
"Kettle, Sánchez & Co",True,False,False,False
Superintendencia Nacional de Fiscalización Laboral,True,False,False,False
PATLITE,True,False,False,False
CIGAM Software Corporativo Ltda,True,False,False,False
SAExploration,True,False,False,False
Kewaunee Scientific,True,False,False,False
classiccenter.com,True,False,False,False
Fayette County,True,False,False,False
Radio Sound,True,False,False,False
Applied Energy Systems,True,False,False,False
Artesian Insurance,True,False,False,False
One Source Associates,True,False,False,False
N C Machinery,True,False,False,False
Highmark Companies,True,False,False,False
Cimertex,True,False,False,False
Wright ArchitecturalMillwork,True,False,False,False
Swift Filters,True,False,False,False
Teamglobal,True,False,False,False
FELA (EVYTRA),True,False,False,False
Sakol Energy Public,True,False,False,False
Mae Krathing Power Company,True,False,False,False
N15 Technology,True,False,False,False
Makro,True,False,False,False
V****e,True,False,False,False
P****s,True,False,False,False
J****e,True,False,False,False
Hydroscand,True,False,False,False
AJ Jersey,True,False,False,False
Söllner,True,False,False,False
naffco.com,True,False,False,False
HostingFest,True,False,False,False
Croft,True,False,False,False
CHANGEPOND,True,False,False,False
IGT,True,False,False,False
American Trust Administrators,True,False,False,False
future.com.bo,True,False,False,False
Orchid Island Golf and Beach Club,True,False,False,False
Modern Display,True,False,False,False
The InterTech Group,True,False,False,False
Pearl River Valley Electric Power Association,True,False,False,False
reidhurstnagy.com,True,False,False,False
MCC,True,False,False,False
***.***,True,False,False,False
Perry Brothers Oil,True,False,False,False
Aarco,True,False,False,False
ARENCON,True,False,False,False
Cardinal Services,True,False,False,False
Marine Foods Express LTD,True,False,False,False
Stoss Landscape Urbanism,True,False,False,False
B&J Rocket Sales,True,False,False,False
FSGROUP-Engineering,True,False,False,False
Genrose Stone + Tile,True,False,False,False
heywood.org,True,False,False,False
TFC Poultry,True,False,False,False
istitutocomprensivo-cavaglia.edu.it,True,False,False,False
puertoricowarehousing.com,True,False,False,False
adesursas.com,True,False,False,False
aussenwelten.ch,True,False,False,False
simmonsbb.com,True,False,False,False
Spark Innovation,True,False,False,False
baisyaakov.ca,True,False,False,False
continuumindia.com,True,False,False,False
ripleyacademy.org,True,False,False,False
grandeprairie.org,True,False,False,False
datenlotsen.de,True,False,False,False
zadroinc.com,True,False,False,False
Bleyl Engineering,True,False,False,False
Regional Business Systems,True,False,False,False
Con*******.com,True,False,False,False
****e-det**.de,True,False,False,False
Kensington Court,True,False,False,False
QuaLex Manufacturing,True,False,False,False
"INNOVEX HOLDINGS CO., LTD",True,False,False,False
"Smoll & Banning, CPAs",True,False,False,False
dulay.ca,True,False,False,False
Kdr Real Estate Services,True,False,False,False
Air Design Systems,True,False,False,False
Lincoln IT,True,False,False,False
H G Reynolds,True,False,False,False
Petrobras Campos Basin 3D & 4D Seismic Survey Data,True,False,False,False
Poe's Accounting Services,True,False,False,False
Quinn Jay Patent,True,False,False,False
Law Office of Ronald W. Hillberg,True,False,False,False
K****n,True,False,False,False
L****x,True,False,False,False
Petrobras / SAExploration,True,False,False,False
UNDER ARMOUR,True,False,False,False
Charles Rutenberg Realty,True,False,False,False
LG Energy Solution,True,False,False,False
Eagle Oil & Gas,True,False,False,False
ARH Associates,True,False,False,False
"AkroStar Technology Co., Ltd. Akrostar",True,False,False,False
A***-****.com,True,False,False,False
f*t*r*.com.**,True,False,False,False
****clinic.com.**,True,False,False,False
BOLD Furniture,True,False,False,False
MOBI Technologies,True,False,False,False
************.com,True,False,False,False
"Lotus Powergear Pvt. Ltd, India",True,False,False,False
United Enterprise Fund,True,False,False,False
Maresa Logística,True,False,False,False
www.bew.co.th,True,False,False,False
SES Société Energies Services,True,False,False,False
FREEDL GROUP s.r.l.,True,False,False,False
Horst Realty,True,False,False,False
Spoleta Construction,True,False,False,False
Cera Stribley,True,False,False,False
Kaener Personal,True,False,False,False
Ninas Jewellery,True,False,False,False
University of Gävle,True,False,False,False
Saude Fortaleza,True,False,False,False
Stark Shipping,True,False,False,False
ANG BROTHERS (M&E) PTE. LTD. (P1),True,False,False,False
SWISS ROSE Factory,True,False,False,False
Medidores Industriales y Medicos SA de CV,True,False,False,False
Spark Power,True,False,False,False
Smile for the Camera – Handala Is Watching,True,False,False,False
Force Brokerage,True,False,False,False
Bayu Buana Travel Service,True,False,False,False
killinglyschools.org,True,False,False,False
eakas.com,True,False,False,False
Sol Trading,True,False,False,False
UNOde50,True,False,False,False
"Jefferson Enterprises, LLC",True,False,False,False
Platinum Healthcare Staffing,True,False,False,False
Herman & Chamow,True,False,False,False
Trigg Laboratories,True,False,False,False
Valley Plains Equipment,True,False,False,False
Sellers Publishing,True,False,False,False
BK Precision,True,False,False,False
A****n,True,False,False,False
"Barbizon Lighting Company, Roseburrough Tool, Mqd, McKay Empire, Victor Insulators.",True,False,False,False
A-B Communications,True,False,False,False
Aero Precision,True,False,False,False
Valley Banks,True,False,False,False
Kaan Cronenberg & Partners Law,True,False,False,False
Waukegan Steel,True,False,False,False
Basin Harbor,True,False,False,False
Barnhart,True,False,False,False
The Foot Doctor's,True,False,False,False
facadeinnovations.com.au,True,False,False,False
www.northcroftme.com,True,False,False,False
kellylegal.com.au,True,False,False,False
wafergrind.com,True,False,False,False
duboiswood.com,True,False,False,False
rosemontexpo.com,True,False,False,False
Metropolitan Adjustment Bureau,True,False,False,False
avrind.com,True,False,False,False
ENTRUST.COM,True,False,False,False
PENS.COM,True,False,False,False
FORBESMARSHALL.COM,True,False,False,False
SATO-GLOBAL.COM,True,False,False,False
FLUKE.COM,True,False,False,False
TPICOMPOSITES.COM,True,False,False,False
HELIXESG.COM,True,False,False,False
MARITZ.COM,True,False,False,False
This entry has been removed following the request #1740 from the company.,True,False,False,False
AFLGLOBAL.COM,True,False,False,False
GLOBALLOGIC.COM,True,False,False,False
DARTMOUTH.EDU,True,False,False,False
PAFL.COM.PK,True,False,False,False
SAMCRETE.COM,True,False,False,False
GAEAGLOBAL.COM,True,False,False,False
P2ENERGYSERVICES.COM,True,False,False,False
GLOBUSANDCOSMOS.COM,True,False,False,False
ENNVEE.COM,True,False,False,False
CARGLASS.DE,True,False,False,False
VITAMIX.COM,True,False,False,False
GARDENOFLIFE.COM,True,False,False,False
NHS.UK,True,False,False,False
Viabizzuno,True,False,False,False
FullBeauty Brands,True,False,False,False
Lung Rose Voss Wagnild,True,False,False,False
"Fundidora de Cananea, S.A",True,False,False,False
Coral,True,False,False,False
Hyundai Nishat Motor,True,False,False,False
YPC MALAYSIA,True,False,False,False
Smith Gardner,True,False,False,False
confortchem.com & rogitex.com,True,False,False,False
Takedown #1799,True,False,False,False
Avery Dennison,True,False,False,False
Cinvestav,True,False,False,False
SGK INC,True,False,False,False
Goldhorse Capital Management,True,False,False,False
Muskoka Brewery,True,False,False,False
"Vikor Scientific, LLC / Korgene",True,False,False,False
KorPath,True,False,False,False
Cornerstone Staffing Solutions,True,False,False,False
www.pointcag.com,True,False,False,False
"libertyshoes, Inc",True,False,False,False
Newgen Digitalwork,True,False,False,False
MultistateTax Inc,True,False,False,False
Carvimsa,True,False,False,False
"simsekas, Inc",True,False,False,False
"M&BM, Inc",True,False,False,False
Persians - Cortinas - Todos - Alfombrass,True,False,False,False
iconinternational.com,True,False,False,False
doversd.org,True,False,False,False
*******.com,True,False,False,False
KohaFoods Hawaii,True,False,False,False
latamlex (gyg.local),True,False,False,False
Znojma Czechia,True,False,False,False
Soleol,True,False,False,False
Vennerhus Weine AG,True,False,False,False
Grupo Via Argentina,True,False,False,False
bridge-housing-corp,True,False,False,False
forensicmed.com,True,False,False,False
galileo.it,True,False,False,False
Treetop Companies,True,False,False,False
ctfc.cat,True,False,False,False
AsahiKASEI MICRODEVICES,True,False,False,False
Wiraswasta Gemilang,True,False,False,False
Fulgar S.p.A.,True,False,False,False
Irwin Car,True,False,False,False
Brenda Richardson Memorial Care Home LLC,True,False,False,False
Olive Branch Family Medical Center,True,False,False,False
glendaleobgyn.com,True,False,False,False
"S.B. Conrad, Inc",True,False,False,False
Continental Global Group,True,False,False,False
Lows Orkney,True,False,False,False
"Manusos General Contracting, Inc",True,False,False,False
Barry Sallinger Law,True,False,False,False
Miromar,True,False,False,False
Rhodes Young Black &Duncan RYBD,True,False,False,False
Public Safety Mutual Benefit Fund,True,False,False,False
Octomeca Oy,True,False,False,False
Brian-Kyles Construction,True,False,False,False
National Civil Service Commission of Colombia,True,False,False,False
Defensoría del Pueblo de Colombia – Protection and Promotion of Human Rights,True,False,False,False
Doctor Alliance – Streamlined Document and Billing Management for Healthcare Providers,True,False,False,False
omniumint,True,False,False,False
Polidano Group,True,False,False,False
himmelstein.com,True,False,False,False
Paul Hildebrandt,True,False,False,False
"Vascara, Vietnam",True,False,False,False
Middlesex Endodontics,True,False,False,False
Hongji Metal,True,False,False,False
Sarulla Operation,True,False,False,False
www.modcomedia.com,True,False,False,False
SIAD,True,False,False,False
AGFA,True,False,False,False
Easterseals Arc of Northeast Indiana,True,False,False,False
Community Unit School District 201,True,False,False,False
ielplumbing.com,True,False,False,False
Heart South Cardiovascular Group,True,False,False,False
Yaesu,True,False,False,False
Garvin Promotion Group,True,False,False,False
Jean-Georges,True,False,False,False
Kwik Mix Materials,True,False,False,False
Ioxo & Stream Computers,True,False,False,False
Darvin Furniture,True,False,False,False
Land Title Guaranty,True,False,False,False
OMS,True,False,False,False
Mciver Engineering & Controls,True,False,False,False
Ami Bearings,True,False,False,False
MARCK Industries,True,False,False,False
Weintraub Traub Tracy & Virk Cra's LLP,True,False,False,False
[EVIDENCE PACK 2]ASKUL,True,False,False,False
LMHT Associates,True,False,False,False
"Seward County, KS",True,False,False,False
CapitalPlus Exchange,True,False,False,False
Propertyfinder / PropSpace CRM,True,False,False,False
ikad.com.au - A 5-Month Staycation in the Defense Supply Chain,True,False,False,False
!,True,False,False,False
"Servicios del Valle del Fuerte, Mexico",True,False,False,False
"Fidelity Pension Managers, Nigeria",True,False,False,False
"Eastern Cape Department of Human Settlements, South Africa",True,False,False,False
"Instituto Nacional de Oftalmologia, Peru",True,False,False,False
Atrium Living Centers,True,False,False,False
Ringmor,True,False,False,False
Punjab Forensic Science Agency,True,False,False,False
Noroaco,True,False,False,False
Gullco International,True,False,False,False
Hitzinger,True,False,False,False
Gadge USA,True,False,False,False
JC Auto Accident Law Firm,True,False,False,False
Ponzini S.p.A.,True,False,False,False
Saturday Spotlight,True,False,False,False
Wasserverband Wulkatal,True,False,False,False
Pocatello Ready Mix,True,False,False,False
Advanced Delivery Services,True,False,False,False
SHRM New Mexico,True,False,False,False
Scouts Canada,True,False,False,False
Mold In Graphic Systems,True,False,False,False
GB Mail,True,False,False,False
DCS TECHNOLOGIES INC.,True,False,False,False
Shollenberger Januzzi & Wolfe,True,False,False,False
Marine Turbine Technologies,True,False,False,False
Simon Property Group,True,False,False,False
Clackamas Community College,True,False,False,False
LaRosa’s Pizzeria,True,False,False,False
Oscars Group,True,False,False,False
PT Kalimantan Prima Persada,True,False,False,False
Village of New Lenox,True,False,False,False
Klae Construction,True,False,False,False
Aptura Group & Central Indiana Hardware,True,False,False,False
Soapy Joe's Car Wash,True,False,False,False
Shands Elbert,True,False,False,False
PLP SoCal,True,False,False,False
"Koch & Co, Inc.",True,False,False,False
WASHINGTONPOST.COM,True,False,False,False
ZANACO.CO.ZM,True,False,False,False
KIRBYCORP.COM,True,False,False,False
TRIMBLE.COM,True,False,False,False
MKS.COM,True,False,False,False
INTERNATIONAL.COM,True,False,False,False
LOGITECH.COM,True,False,False,False
KIER.CO.UK,True,False,False,False
ELSEWEDYELECTRIC.COM,True,False,False,False
WOODPLC.COM,True,False,False,False
RHEEM.COM,True,False,False,False
LV.COM,True,False,False,False
Rex-Hide,True,False,False,False
www.wilmar.co.id,True,False,False,False
www.danareksa.com,True,False,False,False
www.marjane.ma,True,False,False,False
Studio Corvo Parma,True,False,False,False
Ketat Grundstücksverwertungs GmbH,True,False,False,False
prutsch-ra.at,True,False,False,False
MusikComputer GmbH,True,False,False,False
Provincial Department of Health Services Sri Lanka,True,False,False,False
pmsp.at,True,False,False,False
elektroanlagen,True,False,False,False
zebra.or.at,True,False,False,False
Systems Integrated,True,False,False,False
Sai Mai Hospital,True,False,False,False
PCB Uitvaartzorg,True,False,False,False
UScraft,True,False,False,False
Tass Meister Patent Firm,True,False,False,False
Everest Exclusive Interview for Dailydarkweb.net,True,False,False,False
DRD Communications,True,False,False,False
First Resources,True,False,False,False
Health Dimensions Group,True,False,False,False
Ville de MontLaurier,True,False,False,False
Dermatology Associates,True,False,False,False
Black Hills Bentonite,True,False,False,False
E-First Aid Supplies,True,False,False,False
Noble Compaña de Seguros,True,False,False,False
speedmais,True,False,False,False
vratatech,True,False,False,False
Brihta,True,False,False,False
energogroup.net,True,False,False,False
goldenline.com,True,False,False,False
bengineered.com.au,True,False,False,False
mnpease.ca,True,False,False,False
metro.local,True,False,False,False
cybervector.co.uk,True,False,False,False
fabrity.local,True,False,False,False
miltech.local,True,False,False,False
mytune.me,True,False,False,False
atg.cz,True,False,False,False
tein.co.jp,True,False,False,False
bel.quadra.ru,True,False,False,False
ippm.org,True,False,False,False
sf.walltopia.com,True,False,False,False
nartis.ru,True,False,False,False
alphasys.bo,True,False,False,False
silanosn.local,True,False,False,False
The Union League of Philadelphia,True,False,False,False
Francehopital,True,False,False,False
www.oucru.org,True,False,False,False
KISS FM,True,False,False,False
Shelbyville Police Department,True,False,False,False
sensationalteeth.com,True,False,False,False
The Fence People,True,False,False,False
Nobu Restaurants,True,False,False,False
Pine Pharmaceuticals,True,False,False,False
Christina Development,True,False,False,False
mcintoshlabs.com,True,False,False,False
Maine Course Hospitality Group,True,False,False,False
SAIGON INDUSTRIAL SERVICE,True,False,False,False
Coilplus,True,False,False,False
José Guma S.A.,True,False,False,False
SERAPHITA GmbH,True,False,False,False
Integra SAP,True,False,False,False
Habib Bank AG Zurich,True,False,False,False
Habib Bank,True,False,False,False
Enem Nostrum Remedies Pvt. Ltd,True,False,False,False
Durvet,True,False,False,False
ConvExx,True,False,False,False
Sellars Absorbent Materials,True,False,False,False
American PowerNet,True,False,False,False
I****r,True,False,False,False
thevisapro.com (Yibirin Law Group),True,False,False,False
Property Finder / PropSpace,True,False,False,False
Mango's Tropical Cafe,True,False,False,False
Prova,True,False,False,False
MS Metal Solutions,True,False,False,False
Elliott Tax Service,True,False,False,False
St Stephen's International,True,False,False,False
Automated Logistics Systems,True,False,False,False
Benda Grace Stulz,True,False,False,False
Palacios Marine & Industrial,True,False,False,False
General Micro Systems,True,False,False,False
Invacare,True,False,False,False
DOVERN Import,True,False,False,False
Rios Espinosa,True,False,False,False
Crown Automotive Sales,True,False,False,False
www.heitech.com.my,True,False,False,False
www.myriversidedentaloffice.com,True,False,False,False
Irwin Car,True,False,False,False
Bishop Ireton High School,True,False,False,False
Pinto Coates Kyre & Bowers,True,False,False,False
Moonlight Basin,True,False,False,False
Designs for Vision,True,False,False,False
Mecanex USA,True,False,False,False
Mayco International,True,False,False,False
Dayal Metal Containers Factory LLC,True,False,False,False
BR Group,True,False,False,False
UnitedLayer,True,False,False,False
afton.loc,True,False,False,False
Vitalmex,True,False,False,False
Morris Communications Company LLC,True,False,False,False
Seasons Federal Credit Union,True,False,False,False
"Kingcan Holdings Limited , Fuzhen Group",True,False,False,False
Montage Marketing Services,True,False,False,False
ANCO,True,False,False,False
Gerson & Schwartz Accident & Injury Lawyers,True,False,False,False
G. Hauswirth Architects,True,False,False,False
Victorian Chemical,True,False,False,False
REPECHAGE,True,False,False,False
www.unterkofler.info,True,False,False,False
www.automotiveml.com,True,False,False,False
CEVA LOGISTICS - THIS DATABASE IS FOR SALE,True,False,False,False
Mayco International [www.maycointernational.com],True,False,False,False
Castilla,True,False,False,False
Deco Dental,True,False,False,False
m*c*e*ic*l.com,True,False,False,False
****.com.au,True,False,False,False
Professional's Choice Sports,True,False,False,False
Encore Repair Services,True,False,False,False
Tavo Packaging Inc,True,False,False,False
Wright Tool,True,False,False,False
The Saturday Files,True,False,False,False
Red Phoenix Construction,True,False,False,False
Lidera Network,True,False,False,False
Kobayashi,True,False,False,False
Central Plate Services Limitited,True,False,False,False
New Toyo International Holdings Ltd,True,False,False,False
o*c*u.o**,True,False,False,False
juntalocal.cdmx.gob.mx,True,False,False,False
TMF Logistics,True,False,False,False
aa-llp.com (aa.law),True,False,False,False
ANSELL.COM,True,False,False,False
MASTEC.COM,True,False,False,False
holtzofficesupport.com,True,False,False,False
Fouad Alghanim & Sons Group of Companies Holding W.L.L.,True,False,False,False
[Redacted] Request #1959,True,False,False,False
Gun Accessory Supply,True,False,False,False
"CCI Tax Pros, Inc",True,False,False,False
VZW Avalon,True,False,False,False
The Matlusky Firm LLC,True,False,False,False
CyPark Resources Berhad,True,False,False,False
TENAX Law Group PC,True,False,False,False
www.verdugohillsdental.com,True,False,False,False
Thompson Dorfman Sweatman,True,False,False,False
Post Ranch Inn,True,False,False,False
"C.M.G, entreprise de serrurerie et métallerie à Saint Calais",True,False,False,False
FA Servers,True,False,False,False
Center for Neuropsychology Learning and Development,True,False,False,False
Disseny Dental,True,False,False,False
LATCOM,True,False,False,False
Anderson-Moore Construction,True,False,False,False
Architectural Systems,True,False,False,False
Saxun by Giménez Ganga,True,False,False,False
Silverlake Axis,True,False,False,False
"Buffalo Games, Edaron, Ceaco",True,False,False,False
"Huber , Erickson & Bowman",True,False,False,False
Boilersource,True,False,False,False
Sullivan Interests,True,False,False,False
Suarez & Menendez,True,False,False,False
Bengal Industries,True,False,False,False
bagnoles.nl,True,False,False,False
halifax.k12.va.us,True,False,False,False
Econo-Pak,True,False,False,False
Apache OpenOffice,True,False,False,False
ASKUL,True,False,False,False
The Gerson,True,False,False,False
RPI Roofing,True,False,False,False
Spindletop Center,True,False,False,False
Evolve Mortgage Services,True,False,False,False
"ApleNet Co., Ltd",True,False,False,False
nationalcoatingsinc.com,True,False,False,False
DILOSA FOOD COMPANIES,True,False,False,False
fsbgroup.ca,True,False,False,False
semag.fr,True,False,False,False
axxia.fr,True,False,False,False
Time Equities,True,False,False,False
Phillips Printing Company,True,False,False,False
TBM Service Group,True,False,False,False
PF / PS,True,False,False,False
OpenEyes Technologies Inc.,True,False,False,False
Price & Ramey Insurance,True,False,False,False
bassetti-group.com,True,False,False,False
We R Family Foundation,True,False,False,False
Clarion Safety Systems,True,False,False,False
Bell Engineering,True,False,False,False
Ritz Clark & Ben-Asher,True,False,False,False
reesegroupinc.com,True,False,False,False
southernspecialtysupply.com,True,False,False,False
tanyacreations.com,True,False,False,False
Super Value,True,False,False,False
Wright-Gardner Insurance,True,False,False,False
Truro Cannabis,True,False,False,False
renrns.com,True,False,False,False
upea.com,True,False,False,False
chirhochiropractic.com,True,False,False,False
alissco.com,True,False,False,False
echolakefoods.com,True,False,False,False
Altimedia,True,False,False,False
"Enessance Holdings Co., Ltd",True,False,False,False
Malibu Boats Australia,True,False,False,False
Sadler Gibb & Associates,True,False,False,False
Yateem Group,True,False,False,False
Bridgehead I.T,True,False,False,False
G & H Distributing,True,False,False,False
SK-Telecom,True,False,False,False
Bestlog Logistic Solutions,True,False,False,False
Pritchard Brown & Chillicothe Metal,True,False,False,False
Federal Auto Holdings Berhad,True,False,False,False
Spijkermat,True,False,False,False
Florida-Spectrum Environmental Services,True,False,False,False
WarmBlue,True,False,False,False
Heimbrock,True,False,False,False
Eligibility Tracking Calculators,True,False,False,False
Alios Finance Group,True,False,False,False
AT&T Careers - Database Leaked,True,False,False,False
h*tel*ys*e*s.pl,True,False,False,False
"Lorber, Greenfield & Polito, LLP",True,False,False,False
Gemini Group,True,False,False,False
Henry Raymond & Thompson,True,False,False,False
Evogence,True,False,False,False
Super Quik,True,False,False,False
Fast Freight,True,False,False,False
Aphase II,True,False,False,False
Kitchen Design Concepts,True,False,False,False
Furniture Plus,True,False,False,False
Ouranos,True,False,False,False
Sylvester Roofing,True,False,False,False
Air Arabia DataBase on sale for $2 Million,True,False,False,False
fhw.org,True,False,False,False
h*i**c*.c*m.my,True,False,False,False
r*p**fl*wa*ps.com,True,False,False,False
g*e*g*o**l.com,True,False,False,False
Microbix Biosystems,True,False,False,False
"NSC PLUS CO, LTD",True,False,False,False
Sangeetha Mobiles,True,False,False,False
KONCISE COMPANY LIMITED,True,False,False,False
romar industrial company limited,True,False,False,False
BK Technologies,True,False,False,False
Boyer,True,False,False,False
CESO,True,False,False,False
Productive Tool Products,True,False,False,False
Bergman Dacey Goldsmith,True,False,False,False
Bellflower Unified School District,True,False,False,False
Axelson WilliamowskyBender & Fishman,True,False,False,False
Riddell Law Group,True,False,False,False
"Jimfor, S.A.",True,False,False,False
Advantage CDC,True,False,False,False
Kipp & Christian,True,False,False,False
DeCeTe,True,False,False,False
Cohen's Fashion Optical,True,False,False,False
French Government,True,False,False,False
Volkswagen,True,False,False,False
usbmemorydirect.com,True,False,False,False
www.sincroslab.com,True,False,False,False
www.visioninksltd.in,True,False,False,False
www.americanadecolchones.com,True,False,False,False
www.francetravail.fr,True,False,False,False
MedImpact Healthcare,True,False,False,False
Navigator Business Solutions,True,False,False,False
Trojan Construction & Holding Group,True,False,False,False
glawitsch-sutter,True,False,False,False
SanDiego Automotive Museum,True,False,False,False
Luis Garratón,True,False,False,False
Double Oak Construction,True,False,False,False
Deltta + Unique data center,True,False,False,False
Cavalry Consulting,True,False,False,False
Mainetti UK - Data breach,True,False,False,False
Micke Stridh Maskin,True,False,False,False
Henrietta Ezeoke Law Firm,True,False,False,False
Izaki Group Investments,True,False,False,False
Maki Building Centers,True,False,False,False
Domy,True,False,False,False
Engineered Profiles,True,False,False,False
"SK group, Za Za Bazaar, TH UK & Ireland Ltd and a few more.",True,False,False,False
MotorsportMarkt.de,True,False,False,False
ANIA KRUK,True,False,False,False
Abilene Family Medical Associates,True,False,False,False
Autorotor,True,False,False,False
The Law Offices of Michael C George,True,False,False,False
gardiners solicitors,True,False,False,False
Dental Society of La Plata,True,False,False,False
Marmotech,True,False,False,False
Egaraset,True,False,False,False
Latona Trucking,True,False,False,False
Saturn Machine,True,False,False,False
West Welch Reed Engineers,True,False,False,False
DAVIDYURMAN.COM,True,False,False,False
PANAMERICANSILVER.COM,True,False,False,False
COXENTERPRISES.COM,True,False,False,False
HRSD.COM,True,False,False,False
CSCGLOBAL.COM,True,False,False,False
AUSENCO.COM,True,False,False,False
LKQCORP.COM,True,False,False,False
MILGARD.COM,True,False,False,False
COPELAND.COM,True,False,False,False
WITS.AC.ZA,True,False,False,False
HARVARD.EDU,True,False,False,False
Adore Children and Family Services,True,False,False,False
ATIRG,True,False,False,False
Cooperativa Esercenti Farmacia Scrl,True,False,False,False
Alissa Group,True,False,False,False
Malgor,True,False,False,False
Miami Management,True,False,False,False
GeBePro,True,False,False,False
"Bolt Electricity, Oil & Gas",True,False,False,False
Flegenheimer International,True,False,False,False
Meinhardt Group,True,False,False,False
Bayu Buana Travel,True,False,False,False
dwgra.com,True,False,False,False
partitio.com,True,False,False,False
Limocar by Transdev.ca,True,False,False,False
LaBonne,True,False,False,False
Metal Pros,True,False,False,False
Donacoop (VinaCapital),True,False,False,False
InfraCom Group,True,False,False,False
Dublin Airport,True,False,False,False
South Alabama Regional Planning Commission,True,False,False,False
auge.com,True,False,False,False
Papsud,True,False,False,False
Precision Machined Products,True,False,False,False
Essential Cabinetry Group,True,False,False,False
Air Arabia,True,False,False,False
Svenska Kraftnät,True,False,False,False
City of Sugar Land,True,False,False,False
Zacho-Lind,True,False,False,False
Kaufman & Stigger,True,False,False,False
Omrin,True,False,False,False
MetroWest Community FCU,True,False,False,False
Saturday Unveilings – Shadows Have Names,True,False,False,False
constructiondprovost.com,True,False,False,False
xortec.de,True,False,False,False
mino-in.co.jp,True,False,False,False
bannenbergandrowell.com,True,False,False,False
greenhouseapt.com,True,False,False,False
hanson-inc.com,True,False,False,False
Hall Estill,True,False,False,False
Le MULTI LABORATOIRE LC2A,True,False,False,False
Doha British School,True,False,False,False
Summit Hotel Properties,True,False,False,False
Essilor of America,True,False,False,False
Peruvian Connection,True,False,False,False
Danthi Comunicacao Integrada,True,False,False,False
simmerscrane.com,True,False,False,False
ClearCare Periodontal & Implant Centre,True,False,False,False
Adichunchanagiri Institute Of Technology,True,False,False,False
OCI International Holdings,True,False,False,False
IREM companies,True,False,False,False
Kurogane Kasei Co.,True,False,False,False
"UniCursos, Brazil",True,False,False,False
Gericke AG,True,False,False,False
"S Food Co., Ltd.",True,False,False,False
ozsoft.com.au,True,False,False,False
National Institute of Administratio...,True,False,False,False
Badger Popcorn And Concession Suppl...,True,False,False,False
Economy Restaurant Equipment And Su...,True,False,False,False
J AND S Electrical And Lighting Sup...,True,False,False,False
FAAB Invest Advisors Private Limite...,True,False,False,False
"DUC App: Global Money Movement, Sim...",True,False,False,False
iCare Software,True,False,False,False
Vanan Online Services,True,False,False,False
FOOD & MUSIC MANAGEMENT SL,True,False,False,False
Al Rimal Group,True,False,False,False
STAR LÉGUMES,True,False,False,False
"Qatargas and Tar Company, Iran",True,False,False,False
Goodfellow & Schuettlaw,True,False,False,False
Paterson & Dowding Family Lawyers,True,False,False,False
The Laxmi Niwas Palace,True,False,False,False
NurseSpring,True,False,False,False
Integral Networks,True,False,False,False
"Signet Armorlite, Inc.",True,False,False,False
All Truck Transportation,True,False,False,False
Grupo Promasa,True,False,False,False
KHL Printing,True,False,False,False
Real Estate Specialists,True,False,False,False
Samera Health,True,False,False,False
CHDFS,True,False,False,False
ACTi.com,True,False,False,False
United Lube Oil,True,False,False,False
More Than Gourmet,True,False,False,False
Superior Air Parts,True,False,False,False
Magna Hospitality Group,True,False,False,False
AT&T Careers,True,False,False,False
KIS Asset Evaluation,True,False,False,False
T****s,True,False,False,False
Applied Technology Resources,True,False,False,False
Northern Light Technologies,True,False,False,False
PT Pupuk Iskandar Muda,True,False,False,False
Capital Reinforcing LTD.,True,False,False,False
"ROBERT G. DASHIELL, JR., P.E., INC.",True,False,False,False
Epia Financial Services,True,False,False,False
Kumwell,True,False,False,False
Tri City Foods,True,False,False,False
SANHUA INTERNATIONAL,True,False,False,False
Nelligan White Architects,True,False,False,False
National Coatings,True,False,False,False
Prime Dental,True,False,False,False
Crave Management,True,False,False,False
Peraso,True,False,False,False
Microdevice,True,False,False,False
Pacific West SystemsSupply,True,False,False,False
Southern Specialty and Supply,True,False,False,False
Roth & Scholl,True,False,False,False
River City Eye,True,False,False,False
Austin Capital Trust,True,False,False,False
Healthy Living Market and Café,True,False,False,False
Claimlinx,True,False,False,False
Ronemus & Vilensky,True,False,False,False
Dependable Plastic,True,False,False,False
I-Tek Medical Technologies,True,False,False,False
marquscompanies.com,True,False,False,False
U.S. Vanadium Holding Company LLC,True,False,False,False
Mailing.com,True,False,False,False
Nvno,True,False,False,False
BRDSoft,True,False,False,False
trailridgeenergy,True,False,False,False
www.dekalbcountyga.gov,True,False,False,False
McDonald Building,True,False,False,False
www.ccls.org,True,False,False,False
Greater Mental Health of New York,True,False,False,False
Tryon Distributing,True,False,False,False
Grupo JSA,True,False,False,False
MSC-Wireless,True,False,False,False
South Atlanta Medical Clinic,True,False,False,False
Harmony Brands,True,False,False,False
Phoenix Village Dental,True,False,False,False
ocbar.org/USA/114GB,True,False,False,False
oxfordcounty.ca,True,False,False,False
cdom.org,True,False,False,False
Cape Dara Resort Pattaya,True,False,False,False
Computer World W.L.L,True,False,False,False
Selig Enterprises; AAA Parking,True,False,False,False
Supercash (Reuploaded),True,False,False,False
saacke.com,True,False,False,False
"Cabinets 2000, LLC",True,False,False,False
Al Ahly Leasing & Factoring Company,True,False,False,False
Peppermint Properties,True,False,False,False
Corneilhan,True,False,False,False
B. G. Schneider Treuhand AG Information,True,False,False,False
Gruppe Lehnen,True,False,False,False
Imagicle,True,False,False,False
Linxx Global Solutions,True,False,False,False
DALCANS,True,False,False,False
Accord Carton,True,False,False,False
"Collins Aerospace Admits Responsibility for Flight Chaos at Heathrow, Brussels and Other M...",True,False,False,False
healthandvitalitycenter.com,True,False,False,False
"My Florida Case Management Services, LLC",True,False,False,False
JA Jennings,True,False,False,False
"BIOPHARMEX, SA de CV",True,False,False,False
Stephenson's Rental Services,True,False,False,False
London Women's Clinic,True,False,False,False
Scales Sales & Service,True,False,False,False
Laloma,True,False,False,False
Khatami Law,True,False,False,False
SANgel,True,False,False,False
Kudela & Weinheimer,True,False,False,False
Distribuciones Camba,True,False,False,False
Klima-Therm,True,False,False,False
The Blood and Marrow Transplant Group of Georgia,True,False,False,False
Platinum Wines & Spirits,True,False,False,False
Sports Medicine and Orthopaedics,True,False,False,False
Winholt Equipment Group,True,False,False,False
All Weather Architectural Aluminum,True,False,False,False
"Wassa, SRO",True,False,False,False
SIGN Fracture Care International,True,False,False,False
Indian Spring Country Club,True,False,False,False
Grande Prairie Public Library,True,False,False,False
BARCO Rent-A-Truck,True,False,False,False
Octomeca OY,True,False,False,False
Gas Generator Solutions,True,False,False,False
Cellini Design Center,True,False,False,False
Stowaway Storage,True,False,False,False
Commemoration of Commander Martyr Reza Awada,True,False,False,False
Long Island Weight Loss Institute,True,False,False,False
summitgolfbrands.com,True,False,False,False
MC INVERSIONES INMOBILIARIAS Construction company in Peru,True,False,False,False
TK HOLDINGS GROUP,True,False,False,False
Saturday Reckoning,True,False,False,False
Collins Aerospace / RTX.com,True,False,False,False
MUSE-INSECURE: Inside Collins Aerospaces Security Failure,True,False,False,False
D Magazine Partners,True,False,False,False
HOEHNER RESEARCH & CONSULTING GROUP,True,False,False,False
Madagascar Airlines,True,False,False,False
Hematology Oncology Consultants,True,False,False,False
Cottage,True,False,False,False
Colins Aerospace / RTX.com,True,False,False,False
MUSE-INSECURE: Inside Colins Aerospaces Security Failure,True,False,False,False
[#1648] Redacted ,True,False,False,False
"Shadrix & Parmer, P.C.",True,False,False,False
"GFF&F - Galine, Frye, Fitting & Frangos, LLP",True,False,False,False
Manko Window Systems,True,False,False,False
Tenryu America,True,False,False,False
pharmaciedesalize.com.fr,True,False,False,False
"Sold Real Estate, Sold RE PTY LTD",True,False,False,False
UrbanX PTY LTD,True,False,False,False
One Agency Eastlakes,True,False,False,False
Alitech,True,False,False,False
"Consolidated Restaurant Operations, Inc.",True,False,False,False
Plastics Extrusion Machinery,True,False,False,False
Curtis Steel Co,True,False,False,False
WEBER,True,False,False,False
GEIGER,True,False,False,False
SK shieldus,True,False,False,False
Aussie Fluid Power,True,False,False,False
www.o****m*nt.com,True,False,False,False
M3 Group Sp. z oo,True,False,False,False
ShareP,True,False,False,False
BMP Worldwide,True,False,False,False
Regency Specialist Hospital,True,False,False,False
Coilplus,True,False,False,False
pandarose.ca,True,False,False,False
montship.ca,True,False,False,False
dalton.com,True,False,False,False
bmcinnovation.com,True,False,False,False
gslong.com,True,False,False,False
arpis.com,True,False,False,False
pcdpackaging.com,True,False,False,False
*****.com,True,False,False,False
L********den.com,True,False,False,False
coppage.net,True,False,False,False
arizonafireplaces.com,True,False,False,False
Sibbalds,True,False,False,False
www.ronvil.com,True,False,False,False
Gulf Warranties LLC,True,False,False,False
Docurail,True,False,False,False
Dutch ???,True,False,False,False
Beta Dyne,True,False,False,False
Middlesex Appraisal Associates,True,False,False,False
Sprague & Jackson,True,False,False,False
Rasi Laboratories,True,False,False,False
Tex-Tube,True,False,False,False
Agencia Tributaria,True,False,False,False
Richmond Behavioral Health Authority,True,False,False,False
Cellucap Manufacturing,True,False,False,False
Global Shop Solutions,True,False,False,False
Legacy Manufacturing,True,False,False,False
Koch & White Heating & Cooling,True,False,False,False
Royal Thai,True,False,False,False
EMBASY OF BOLIVIA DC,True,False,False,False
regionalurology.com,True,False,False,False
Core Resources Inc (CRI),True,False,False,False
Newmark Healthcare Services,True,False,False,False
East Jefferson General Hospital,True,False,False,False
Zierick Manufacturing Corporation,True,False,False,False
Centurion Family Office Services LLC,True,False,False,False
ChampionX,True,False,False,False
Turnkey Africa,True,False,False,False
Superior Linen Service,True,False,False,False
Buanderie Blanchelle,True,False,False,False
Pangea,True,False,False,False
Victory Christian Center,True,False,False,False
Bay West,True,False,False,False
Florida Marking Products,True,False,False,False
TF LE TOIT FOREZIEN,True,False,False,False
Wheale Law Firm,True,False,False,False
ville-elne,True,False,False,False
Asahi Group Holdings,True,False,False,False
Commune De Saint Claude,True,False,False,False
LEYHAUSEN Research,True,False,False,False
Kearney Public Schools,True,False,False,False
www.cbsaust.org.au,True,False,False,False
The North Stonington School District,True,False,False,False
Navigator Business Solutions,True,False,False,False
Unimed do Brasil,True,False,False,False
"All Truck Transportation Co., Inc.",True,False,False,False
Charles River Properties,True,False,False,False
ICET Studios,True,False,False,False
Landmark Management,True,False,False,False
New Jersey Property-Liability Insurance Guaranty Association,True,False,False,False
SFG Technology Sdn Bhd,True,False,False,False
WebCut Converting,True,False,False,False
Kecy Metal Technologies,True,False,False,False
Volkswagen Group France,True,False,False,False
Pro-Fab,True,False,False,False
Ganther Construction,True,False,False,False
Canapés Mobilier Décoration,True,False,False,False
Prim Saveurs Import Export,True,False,False,False
Rihatec Systemlösungen,True,False,False,False
Executive Cabinetry,True,False,False,False
Alu Perpignan,True,False,False,False
Home/ Schramm Udo Dipl Kfm Steuerberater,True,False,False,False
Roger RENARD Entreprise,True,False,False,False
Hunter Construction Group,True,False,False,False
Urban Linker,True,False,False,False
Alqueria,True,False,False,False
SICE,True,False,False,False
EURORDIS,True,False,False,False
PQCNC Hospitals,True,False,False,False
UT Health Austin,True,False,False,False
ZEF's,True,False,False,False
Paris Rétina Vision,True,False,False,False
Buldi,True,False,False,False
"City of Riviera Beach, Florida",True,False,False,False
Gittens Healthcare,True,False,False,False
Trans-World Shipping Service,True,False,False,False
Addis,True,False,False,False
Ditransa,True,False,False,False
LaRosa's,True,False,False,False
McGeorge Architecture Interiors,True,False,False,False
Typology,True,False,False,False
****** embassy D.C,True,False,False,False
Sistema Odontológico Privado,True,False,False,False
American Journal of Managed Care,True,False,False,False
Catawba County Government,True,False,False,False
HMP Global,True,False,False,False
Morris-Sockle,True,False,False,False
Capitol Construction Services,True,False,False,False
Polar-studio,True,False,False,False
H. Gascon,True,False,False,False
baronespecialtysteel.com,True,False,False,False
Art Guild,True,False,False,False
Ostrolenk Faber,True,False,False,False
Clifford Paper,True,False,False,False
MPM Imports,True,False,False,False
Radiant Beauty Supplies,True,False,False,False
Tong Yang Group,True,False,False,False
Club Lleuresport,True,False,False,False
Repeated Signal Solutions,True,False,False,False
Atarfil,True,False,False,False
Greenstar Social Marketing,True,False,False,False
DuVal & Associates,True,False,False,False
Pratt Homes,True,False,False,False
Force Marketing,True,False,False,False
DV Hardwoods,True,False,False,False
Plast-O-Matic Valves,True,False,False,False
Blood Bank Computer Systems,True,False,False,False
M&E Global Group,True,False,False,False
Leprohon (Image !),True,False,False,False
LA VOIE EXPRESS,True,False,False,False
Design To Print,True,False,False,False
EcoPetróleo,True,False,False,False
Cemtrex,True,False,False,False
Fountains Condominium Operations,True,False,False,False
Speed Inter Transport,True,False,False,False
"Miguel Veiga, Neiva Santos e Associados.",True,False,False,False
Schedler-translog,True,False,False,False
Karnes Electric Cooperative,True,False,False,False
Business Integra,True,False,False,False
Bank3,True,False,False,False
San Bernard Electric Cooperative,True,False,False,False
"BHI Co., Ltd.",True,False,False,False
Indaco Warna Dunia,True,False,False,False
www.mercantetubos.com.br,True,False,False,False
SourceOne Corporation,True,False,False,False
hautsdefrance.fr,True,False,False,False
Furuno Electric,True,False,False,False
Undefasa,True,False,False,False
North Stonington Elementary School,True,False,False,False
relationmedia.dk,True,False,False,False
meamargroup.com,True,False,False,False
plazadental.com,True,False,False,False
heavenly-dental.com,True,False,False,False
thefixingcompany.com,True,False,False,False
eastdesign.com.my,True,False,False,False
espectral.pt,True,False,False,False
michigancityin.gov,True,False,False,False
DragonForce team hurry to notify you about new public available registration panel!\n\http...,True,False,False,False
PLC-Transportation,True,False,False,False
dsv.com,True,False,False,False
Kuehne + Nagel,True,False,False,False
Altas Temizlik,True,False,False,False
Borrowell.com,True,False,False,False
Legal Boutique,True,False,False,False
Canias ERP,True,False,False,False
Carewell,True,False,False,False
Frisquet,True,False,False,False
Dynamic Precision Sverige,True,False,False,False
IDB Clinicas,True,False,False,False
CMF,True,False,False,False
Sunbelt Design & Development,True,False,False,False
Valtorta,True,False,False,False
Ministerio de Salud de la Nación argentina,True,False,False,False
Team Schierl Companies,True,False,False,False
Balfour Beatty,True,False,False,False
Kido Schools,True,False,False,False
Magna Foodservice,True,False,False,False
Minnesota Hospital,True,False,False,False
Retail Texas,True,False,False,False
UK Rail Services,True,False,False,False
Taldor,True,False,False,False
Streebo,True,False,False,False
Integlia,True,False,False,False
Citizens' Committee for Children of New York,True,False,False,False
Adore UAE,True,False,False,False
EPS FUJ Private School UAE,True,False,False,False
Maine Oxy,True,False,False,False
ShapeCorp,True,False,False,False
Mandom Corporation,True,False,False,False
RedWanted Alert,True,False,False,False
Engie Resources,True,False,False,False
"Albertsons Companies, Inc.",True,False,False,False
Qantas Airways Limited,True,False,False,False
Express Logistics and Distribution Ltd,True,False,False,False
www.ms-security-ltd.com/Cyprus/1.48TB,True,False,False,False
r******urology.com,True,False,False,False
forestry.gov.jm,True,False,False,False
Complete Milling Lab,True,False,False,False
Paleontological Research Institution,True,False,False,False
empirico-mr.com,True,False,False,False
tango-hotel.com.ar,True,False,False,False
bridgenetcommunicationsrgv.com,True,False,False,False
krne.com,True,False,False,False
glatten.de,True,False,False,False
portofuneralhomes.net,True,False,False,False
ggw.net,True,False,False,False
cmlmachinery.com,True,False,False,False
Downes,True,False,False,False
Bellingham Vet Center,True,False,False,False
Central Jersey Medical Center,True,False,False,False
Sunbulah Group,True,False,False,False
Brevard Skin,True,False,False,False
Artan Holding,True,False,False,False
grupocaparros.com,True,False,False,False
Den Hartogh Logistics,True,False,False,False
Confie,True,False,False,False
Friendly Gus,True,False,False,False
americanhome,True,False,False,False
Momentum Logistics,True,False,False,False
Sternthal Montigny Greenberg St-Germain,True,False,False,False
Kevmor,True,False,False,False
Woodmen Valley Chapel,True,False,False,False
UVJ Technologies,True,False,False,False
Motility Software,True,False,False,False
Orion Communications and Public Relations,True,False,False,False
Coal Industry Social Welfare Organisation,True,False,False,False
Five Star MechanicalInc.,True,False,False,False
Carlson Building Maintenance,True,False,False,False
Israel Fuel System,True,False,False,False
Falco Electronics,True,False,False,False
Churchill Claims Services,True,False,False,False
georgetown-brewing-co,True,False,False,False
NextGen Mold Technologies,True,False,False,False
Benedict Industries,True,False,False,False
https://www.tongapower.to/,True,False,False,False
www.ucisd.net,True,False,False,False
Accelerated,True,False,False,False
Elmer W. Davis,True,False,False,False
Sdii Global,True,False,False,False
Midsun Group,True,False,False,False
www.msssolutions.com,True,False,False,False
Northern Air Systems,True,False,False,False
Heritage Communities,True,False,False,False
MBS Secure,True,False,False,False
SG Ceresco,True,False,False,False
Legal & Contingency,True,False,False,False
ROXU,True,False,False,False
Personal Collection,True,False,False,False
"Chek Tan and Company, LLP",True,False,False,False
Shape Corp,True,False,False,False
The Catered Affair,True,False,False,False
Public Relations Society of America,True,False,False,False
Sun Fiber,True,False,False,False
MTI America,True,False,False,False
D. Wilson Construction,True,False,False,False
cameronhodges.com,True,False,False,False
IFPC Worldwide,True,False,False,False
Right at Home Care,True,False,False,False
Industrial Chemicals,True,False,False,False
Niess Agriculture,True,False,False,False
Tibbetts Lumber,True,False,False,False
Dakota Boys and Girls Ranch,True,False,False,False
Lashbrook,True,False,False,False
Bohlsen Restaurant Group,True,False,False,False
Desert Plastering,True,False,False,False
Telstra,True,False,False,False
Osland Financial Group,True,False,False,False
St Catherine of Siena,True,False,False,False
Termotasajero,True,False,False,False
JB Brown & Sons,True,False,False,False
Tecnomarket,True,False,False,False
Hoyer Law Group,True,False,False,False
VIM Technologies,True,False,False,False
Spectra Logic+DATA,True,False,False,False
St Peter Law Offices,True,False,False,False
DataStream Content Solutions,True,False,False,False
Chapter 13 Texas,True,False,False,False
Cerenade,True,False,False,False
Linxx Global Solutions,True,False,False,False
Lux Actuaries & Consultants,True,False,False,False
Grupo Serex,True,False,False,False
"Cofiex Asesoría de Empresas, S.L",True,False,False,False
Acuna Fombona (AFOM),True,False,False,False
Mea************,True,False,False,False
Har******,True,False,False,False
Nor*************,True,False,False,False
Charter Industrial Supply,True,False,False,False
LC Informatique Sàrl,True,False,False,False
Allgäu Stern Hotel,True,False,False,False
Seguros la Cmara,True,False,False,False
ebaengineering.com,True,False,False,False
www.rocketstores.com,True,False,False,False
indiesemi.com,True,False,False,False
Kronospan,True,False,False,False
JASCO Applied Sciences,True,False,False,False
www.auto-bernhard.at,True,False,False,False
BCR Recouvrement,True,False,False,False
California Golf Club of San Francisco,True,False,False,False
One law firm in Canada,True,False,False,False
"Asahi Group Holdings, Ltd.",True,False,False,False
Massachusetts Bay Community College,True,False,False,False
archway.com,True,False,False,False
J Lorber,True,False,False,False
Harbor Diesel & Equipment,True,False,False,False
Handala RedWanted,True,False,False,False
Lautrec,True,False,False,False
AutohausMalin,True,False,False,False
Statement of Establishment Of the Grassroots Resistance Front Of Right-Seekers – Handala,True,False,False,False
"T. Choithram And Sons, LLC",True,False,False,False
Clifford Paper Inc,True,False,False,False
AES Clean Technology,True,False,False,False
Dataforth,True,False,False,False
Rogue Valley Door,True,False,False,False
Law Offices of James Scott Farrin,True,False,False,False
kanzlei-schramm.com,True,False,False,False
www.nurturecare.com/USA/192GB,True,False,False,False
"Development Services Group, Inc.",True,False,False,False
www.landmarkmgtinc.com,True,False,False,False
ville-saintclaude.fr,True,False,False,False
Orion Engineering,True,False,False,False
"Milliman Financial Risk Management LLC (Milliman, Inc. subsidiary)",True,False,False,False
Daily Printing,True,False,False,False
Mecklenburg County Public Schools,True,False,False,False
mcgeorgeai.com,True,False,False,False
kecymetals.com,True,False,False,False
Lipapromet,True,False,False,False
Ludlow Construction,True,False,False,False
naturmaelk,True,False,False,False
Centers Laboratory,True,False,False,False
Perennial,True,False,False,False
Natoli Engineering,True,False,False,False
Saskarc,True,False,False,False
Field and Goldberg,True,False,False,False
CHRIST Juweliere,True,False,False,False
WELLSLANDSCAPING.COM,True,False,False,False
The Methodist Church of Southern Africa,True,False,False,False
www.libertydentaltown.com,True,False,False,False
Dnc,True,False,False,False
SD Soluciones Digitales,True,False,False,False
"Red Hat, Inc.",True,False,False,False
Cobra Rolamentos e Autopeças,True,False,False,False
terex,True,False,False,False
S&P Global (spglobal.com),True,False,False,False
CIC Vietnam,True,False,False,False
2GO Group,True,False,False,False
hillsidelibrary.org,True,False,False,False
stalkerradar.com,True,False,False,False
ocmaine.com,True,False,False,False
Rihatec.de,True,False,False,False
uhlcompany.com,True,False,False,False
Mill Bay Marine Group,True,False,False,False
AIP Asset Management,True,False,False,False
KillSec 4.0,True,False,False,False
Standard Fiber,True,False,False,False
Medstar Health,True,False,False,False
Garro Fabril,True,False,False,False
CCMC,True,False,False,False
Comcast,True,False,False,False
Organon,True,False,False,False
Insightin Health,True,False,False,False
Future Generali,True,False,False,False
Leprohon,True,False,False,False
LGB,True,False,False,False
AUSA Soluciones Logisticas,True,False,False,False
Western Orthopaedics,True,False,False,False
Corban OneSource,True,False,False,False
IONODES,True,False,False,False
teeuwissen.com,True,False,False,False
Astra Otoparts / PT. Inti Ganda Perdana,True,False,False,False
Waterborne Environmental,True,False,False,False
www.hameshakem.co.il,True,False,False,False
IKEA,True,False,False,False
Chanel,True,False,False,False
TransUnion,True,False,False,False
Pandora.net,True,False,False,False
Cisco,True,False,False,False
Google Adsense,True,False,False,False
Air France & KLM,True,False,False,False
1-800Accountant,True,False,False,False
Saks Fifth,True,False,False,False
CarMax,True,False,False,False
Qantas Airways,True,False,False,False
TripleA (aaa.com),True,False,False,False
Adidas,True,False,False,False
Cartier,True,False,False,False
Puma,True,False,False,False
Petco,True,False,False,False
Instacart,True,False,False,False
HBO Max,True,False,False,False
"Kering (Gucci, Balenciaga, Brioni, AlexMcQ)",True,False,False,False
Engie Resources (Plymouth),True,False,False,False
"Albertsons (Jewel Osco, etc)",True,False,False,False
Instructure.com - Canvas,True,False,False,False
Fujifilm,True,False,False,False
HMH (hmhco.com),True,False,False,False
"GAP, INC.",True,False,False,False
ASICS,True,False,False,False
KFC,True,False,False,False
McDonalds,True,False,False,False
Stellantis,True,False,False,False
Walgreens,True,False,False,False
Vietnam Airlines,True,False,False,False
Marriott,True,False,False,False
Home Depot,True,False,False,False
Aeroméxico,True,False,False,False
UPS,True,False,False,False
Republic Services,True,False,False,False
Disney/Hulu,True,False,False,False
FedEx,True,False,False,False
Toyota Motor Corporations,True,False,False,False
DSA,True,False,False,False
Capital Reinforcing LTD,True,False,False,False
Saint Mary's Home,True,False,False,False
Milburn,True,False,False,False
Sobotec,True,False,False,False
Banco Hipotecario del Uruguay,True,False,False,False
Supercash (Alimentos Y Bebidas Premium),True,False,False,False
stockmeier-urethanes.com,True,False,False,False
Structural Component Systems,True,False,False,False
GWP Engineering,True,False,False,False
S*** F***.com,True,False,False,False
TriMed Inc. HSIC,True,False,False,False
TriMed Inc. (Henry Schein),True,False,False,False
sagchip.org,True,False,False,False
Mitchell Industries,True,False,False,False
wilsenergy.com/USA/77.1GB,True,False,False,False
Weber Flavors,True,False,False,False
Xebec Building,True,False,False,False
suratisweetmart.com,True,False,False,False
Shamir Medical Center,True,False,False,False
Dual Temp,True,False,False,False
Displayit,True,False,False,False
Apricorn,True,False,False,False
Gesimde Asociados / Ausil Systems / Esnova,True,False,False,False
Spectrum Painting,True,False,False,False
Prince William Ice Center,True,False,False,False
American Association on Health and Disability,True,False,False,False
Judson Center,True,False,False,False
Karat by Lollicup,True,False,False,False
Immaculate Heart of Mary,True,False,False,False
Johnson Regional Medical Center,True,False,False,False
AT Solution,True,False,False,False
Lugand Aciers,True,False,False,False
Integrity Wealth Consulting,True,False,False,False
LASER AUTOMOTIVE VALENCIA SL,True,False,False,False
suntreeinternalmedicine.com,True,False,False,False
Watsonville Community Hospital,True,False,False,False
The Green Labs,True,False,False,False
Calsoft Systems,True,False,False,False
White Birch Paper,True,False,False,False
www.profimetrics.com,True,False,False,False
e***.o*g,True,False,False,False
Mitrani Rynor Adamsky & Toland,True,False,False,False
t*t*a**o**.com,True,False,False,False
a**h*y*in*er**t**nal.c*m,True,False,False,False
Allardyce Bower Consulting,True,False,False,False
The Plainview Volunteer FD,True,False,False,False
Dimensional Control Systems (3dcs.com),True,False,False,False
Barr and Barr,True,False,False,False
Climatron,True,False,False,False
miraense.com,True,False,False,False
DRL Group,True,False,False,False
www.adhunikpower.com,True,False,False,False
callhci.com,True,False,False,False
icc-nw.net,True,False,False,False
Keystone Solutions Group,True,False,False,False
Cholakyan Chiropractic,True,False,False,False
LAMMCO.NET,True,False,False,False
Smiles By Steedman,True,False,False,False
idealbathrooms.ie,True,False,False,False
Nacsworld.com,True,False,False,False
multi-media systeme AG (mmsag.de),True,False,False,False
C Well,True,False,False,False
Weschler's Auctioneers,True,False,False,False
Greenville Legal,True,False,False,False
The L B,True,False,False,False
Storage King,True,False,False,False
Foremost Asset Management,True,False,False,False
Komar Industries,True,False,False,False
Rectory School,True,False,False,False
TRAUM Investment Co.,True,False,False,False
Petraville Asset Management,True,False,False,False
JW Howard Attorneys,True,False,False,False
Cascade Pacific Pulp,True,False,False,False
L****s,True,False,False,False
Priester Aviation,True,False,False,False
Sinco,True,False,False,False
Pawling,True,False,False,False
Tom Duffy Company,True,False,False,False
"Midwest Industries, Inc",True,False,False,False
Turf Care Store,True,False,False,False
Bugnard,True,False,False,False
Sueba USA,True,False,False,False
Von Paris Moving,True,False,False,False
Apex CoVantage,True,False,False,False
Burke Contracting,True,False,False,False
"MCBS, LLC",True,False,False,False
wrapex,True,False,False,False
AZpro Group (azprogroup.com),True,False,False,False
Mobidic Asset Management,True,False,False,False
News-Press and Gazette Co.,True,False,False,False
Dodd-group-ltd,True,False,False,False
Caresoft Global caresoftglobal.com,True,False,False,False
Pangea Travel Store,True,False,False,False
Universite de Pau et du Pays de lAdour,True,False,False,False
Al-Babtain Power & Telecommunication,True,False,False,False
Petro-Diamond (petrodiamond.com) - subsidiary of Mitsubishi Corporation,True,False,False,False
Peavey Electronics Corporation,True,False,False,False
Bader Gruppe,True,False,False,False
Manjarrez Impresores,True,False,False,False
J. E. Stacey & Co. Ltd (jestacey.com),True,False,False,False
raimore.com,True,False,False,False
Virtual Projects (virtualprojects.build),True,False,False,False
braswellsvc,True,False,False,False
busaba,True,False,False,False
chicagobotanic,True,False,False,False
r3consulting,True,False,False,False
ncgllc.com,True,False,False,False
n**u***e**.dk,True,False,False,False
sacada.org,True,False,False,False
lakehaven.org,True,False,False,False
General Directorate of Taxes and Estates,True,False,False,False
www.sonoshowmoveis.com.br,True,False,False,False
phi.ca,True,False,False,False
heparks.org,True,False,False,False
MSB,True,False,False,False
Naftali Group,True,False,False,False
Bignault & Carter,True,False,False,False
The DM Burr Group,True,False,False,False
Belleville International,True,False,False,False
WaltersMorgan Construction,True,False,False,False
Punctual Abstract,True,False,False,False
Dorrell Fabrics,True,False,False,False
Crane Production Systems,True,False,False,False
Queens Center For Change,True,False,False,False
WalletKu Indompet Indonesia,True,False,False,False
XChief / ForexChief,True,False,False,False
BAM,True,False,False,False
BW-RF,True,False,False,False
PTR Asset Management,True,False,False,False
List of Spacecom employees,True,False,False,False
FysioRoadmap,True,False,False,False
Amelia Overhead Doors,True,False,False,False
Pangborn,True,False,False,False
ComTec Systems,True,False,False,False
Earthadelic,True,False,False,False
Steve Basso Plumbing Heating,True,False,False,False
Atlas Pressed Metals,True,False,False,False
Amos Spacecom,True,False,False,False
A space surprise soon!,True,False,False,False
Yooshin Engineering Corporation,True,False,False,False
Phillips Feldman Group,True,False,False,False
Thai Future Inc. PCL,True,False,False,False
Asserson,True,False,False,False
thomasmhughes.com,True,False,False,False
Sta***** Fib**.com,True,False,False,False
Rothmann Immobilien,True,False,False,False
FTCS Forage,True,False,False,False
Memphis Millwork,True,False,False,False
Cardinal Machinery,True,False,False,False
News-Press &amp;amp;amp; Gazette Co.,True,False,False,False
News-Press &amp;amp; Gazette Co.,True,False,False,False
News-Press &amp; Gazette Co.,True,False,False,False
ComTec Systems,True,False,False,False
Ak** Me***,True,False,False,False
SOP. Sistema Odontológico Privado,True,False,False,False
Podo Asset Management,True,False,False,False
AV Services Barcelona,True,False,False,False
WEST Inc.,True,False,False,False
XCAssociates,True,False,False,False
HUB ASSET MANAGEMENT Co,True,False,False,False
Trustar Capital Management Co,True,False,False,False
Summit Asset Management,True,False,False,False
Study Gate,True,False,False,False
oconnorcp.com,True,False,False,False
waxhaw.com,True,False,False,False
smpeurope.com,True,False,False,False
regalmold.com,True,False,False,False
sperispa.com,True,False,False,False
grupobocel.com,True,False,False,False
halemakua.org,True,False,False,False
Fattore Cosméticos Ltda,True,False,False,False
MACMA Werbeartikel oHG,True,False,False,False
António Belém & António Gonçalve,True,False,False,False
Kitevuc - Equipamentos E Veiculo,True,False,False,False
lwginc.net,True,False,False,False
pactchangeslives.com,True,False,False,False
VIR,True,False,False,False
awo-ka-land.de,True,False,False,False
amsfulfillment.com,True,False,False,False
Valufinder Group,True,False,False,False
www.officepro.cl,True,False,False,False
www.mpmimports.com.cy,True,False,False,False
TLD Law.com,True,False,False,False
The Maryland Department of Transportation,True,False,False,False
www.apm-finance.de,True,False,False,False
www.meduane-habitat.fr,True,False,False,False
www.cr-installers.com,True,False,False,False
www.chinup.com.tw,True,False,False,False
FAI Aviation Group (fai.ag) - The biggest leak ever,True,False,False,False
www.milkagro.sk/Slovakia/335GB,True,False,False,False
Pyramid Global Hospitality,True,False,False,False
Washington Prime Group Inc,True,False,False,False
Mavis Tire Supply,True,False,False,False
Sapp Bros,True,False,False,False
KIPP DC,True,False,False,False
Madison Healthcare Services,True,False,False,False
www.margaritavilleatsea.com,True,False,False,False
Cadisa,True,False,False,False
siball.net,True,False,False,False
Speed Art Museum,True,False,False,False
Paul Rossi Law Offices,True,False,False,False
P&P Industries,True,False,False,False
Alexander Bürkle,True,False,False,False
Thermofin,True,False,False,False
Edro Real Estate,True,False,False,False
Takeuchi US,True,False,False,False
DHM Properties,True,False,False,False
Vcinity,True,False,False,False
GrammaTech,True,False,False,False
APG,True,False,False,False
Roth & Scholl,True,False,False,False
New England Waterproofing,True,False,False,False
Combined Services HVAC,True,False,False,False
PTR,True,False,False,False
Agility CIS,True,False,False,False
Hilldun,True,False,False,False
Ronco Safety,True,False,False,False
CPK Interior,True,False,False,False
Markowitz Ringel Trusty & Hartog,True,False,False,False
cegconstruction.com,True,False,False,False
Rainwalk Technology,True,False,False,False
Fractalite,True,False,False,False
BEHCA,True,False,False,False
VTK Legal,True,False,False,False
AX CAPITAL,True,False,False,False
FDB Collections,True,False,False,False
MortDash,True,False,False,False
Scanbo,True,False,False,False
UwayApply,True,False,False,False
Top4Fans,True,False,False,False
Cadorim,True,False,False,False
optimumdesign.com,True,False,False,False
Batesky Law Office (BLO),True,False,False,False
Miami Management,True,False,False,False
ZEF,True,False,False,False
Pennsylvania Office of Attorney General,True,False,False,False
goodcents.com,True,False,False,False
NV ELMAR,True,False,False,False
Altaş,True,False,False,False
Klinglnberg india pvt ltd,True,False,False,False
usadebusk.com,True,False,False,False
Promociones Luis Barros,True,False,False,False
United Machine,True,False,False,False
"Alan Shintani, Inc",True,False,False,False
EUM Asset Management,True,False,False,False
KCI Telecommunications,True,False,False,False
Jones Soda (Stock Symbol: JSDA),True,False,False,False
"About Ross, Brittain& Schonberg Co., Lpa",True,False,False,False
EAST Design Architect Sdn. Bhd,True,False,False,False
Espectral,True,False,False,False
cardiofocus.com,True,False,False,False
heidelberggc.com.au/Australia/26.4GB,True,False,False,False
Mitrani Rynor Adamsky & Toland,True,False,False,False
Gurney's Resorts,True,False,False,False
Hood Technology,True,False,False,False
Ronald A/S,True,False,False,False
Cook Brown,True,False,False,False
MMI Direct,True,False,False,False
Intellect Systems,True,False,False,False
Wargo French,True,False,False,False
Legend Senior Living,True,False,False,False
ACRO Automation Systems,True,False,False,False
City Wide,True,False,False,False
"Dubroff, Easley & Lovell, LLP",True,False,False,False
Tri-Century Eye Care,True,False,False,False
United Pharma,True,False,False,False
Broad High Asset Management,True,False,False,False
EOS Asset management,True,False,False,False
ST Asset Management Co,True,False,False,False
Orum Asset management,True,False,False,False
www.independentpaperboard.com,True,False,False,False
Dblock Asset Management Co,True,False,False,False
Generali Group,True,False,False,False
klingLnberg.in,True,False,False,False
cardinal-services.com,True,False,False,False
SUNIQUE Asset Management Co,True,False,False,False
grupogid.com,True,False,False,False
Thomas Safran & Associates,True,False,False,False
lindenlaw.com,True,False,False,False
Saebom Asset Management,True,False,False,False
Zebra Asset Management Co,True,False,False,False
browneco.com,True,False,False,False
alliancesteelco.com,True,False,False,False
slusarski.com,True,False,False,False
drcloudemr.com,True,False,False,False
venetianassociates.com,True,False,False,False
armourhome.co.uk,True,False,False,False
biosorthopedics.com,True,False,False,False
gosheating.co.uk,True,False,False,False
ARMONIA MEDICAL S.A.S.,True,False,False,False
spartanburgcounty,True,False,False,False
Prime Asset Fund,True,False,False,False
BMW,True,False,False,False
RAC Consultoria,True,False,False,False
www.vdyne.com,True,False,False,False
Pieffe Auto Group,True,False,False,False
IAD GmbH,True,False,False,False
Kwg,True,False,False,False
Pfullendorfer Tor-Systeme,True,False,False,False
kli******erg.in,True,False,False,False
alt******.tr,True,False,False,False
Instituto Socio-Económico Comunitario (INSEC),True,False,False,False
Humax Holdings,True,False,False,False
https://www.cnh.com/,True,False,False,False
Grup Gestio,True,False,False,False
Tunad,True,False,False,False
Accflex ERP,True,False,False,False
Announcement 16-09-2025,True,False,False,False
grupozeta.com & www.grupozetajalisco.com,True,False,False,False
thepropertybusiness.com/Australia/164GB,True,False,False,False
ekonomipoolen.se/Sweden/32/GB,True,False,False,False
bmsi.org,True,False,False,False
JAFICA Telecomunicaciones,True,False,False,False
Medpeds,True,False,False,False
Concord New Energy Group,True,False,False,False
Allure Clinics,True,False,False,False
F1-Generation,True,False,False,False
Jansenfurniture.com,True,False,False,False
chroma.com.tw,True,False,False,False
ferus-smit.home,True,False,False,False
jubileelife.com,True,False,False,False
kmssa.net,True,False,False,False
webville.net,True,False,False,False
elssurveying.com,True,False,False,False
medkar.com,True,False,False,False
SV-Büro Ing. Schulz GmbH,True,False,False,False
News-Press & Gazette Co.,True,False,False,False
promisedland.com.tw/h21 million USD...Time Remaining:---BUY Files,True,False,False,False
www.shimaogroup.com,True,False,False,False
www.p***e*u**h***.us,True,False,False,False
VirMedice,True,False,False,False
SK Telecom,True,False,False,False
[Removed] #1534,True,False,False,False
AdScale,True,False,False,False
"Dreyfuss Williams & Associates Co , LPA",True,False,False,False
Focus R Technologies Pvt,True,False,False,False
NTT Data/Vectorform,True,False,False,False
Plug Power,True,False,False,False
Volt,True,False,False,False
Wakefield & Associates,True,False,False,False
Ceva Logistics,True,False,False,False
RGR Sportswear,True,False,False,False
Lake Book Manufacturing,True,False,False,False
Eau Palm Beach Resort & Spa,True,False,False,False
Energenecs,True,False,False,False
Garrison Architects,True,False,False,False
McCarter Electrical,True,False,False,False
Pathfinder,True,False,False,False
General Control Systems,True,False,False,False
RFI,True,False,False,False
Crestone Group,True,False,False,False
TerranearPMC,True,False,False,False
Rochester Optical,True,False,False,False
CyberData,True,False,False,False
"R F Owens Co, Inc./ Trucchi's Supermarkets Distribution Center",True,False,False,False
Venlogistics,True,False,False,False
Technology Assurance Group,True,False,False,False
jsgroup,True,False,False,False
CAS EXhibition Partners,True,False,False,False
Volumex Lease,True,False,False,False
"Trucchi's Supermarkets, Inc.",True,False,False,False
HappyTenant,True,False,False,False
volinc.com,True,False,False,False
trchealthcare.com,True,False,False,False
CBL-SRL,True,False,False,False
Baum Precision Machining,True,False,False,False
www.roscovision.com,True,False,False,False
http://www.hiec.com/,True,False,False,False
https://heritagegrowth.com/,True,False,False,False
Klarman Asset Management,True,False,False,False
Human and Bridge Asset Management,True,False,False,False
Awesome Asset Management Co,True,False,False,False
Pollex Asset Management Co.,True,False,False,False
MFO ITALIA,True,False,False,False
Key 4 Energy Srl,True,False,False,False
Studio Legale Tisot Iuris,True,False,False,False
Professional Trust Company,True,False,False,False
VANCHOR Asset Management,True,False,False,False
APEX Asset Management,True,False,False,False
Majesty Asset Management Co.,True,False,False,False
Melon Asset Management Co.,True,False,False,False
Taurus Investment & Securities Co,True,False,False,False
LX Asset Management,True,False,False,False
usenergy,True,False,False,False
Groupe Clarins,True,False,False,False
Eagle Excavation,True,False,False,False
olarra,True,False,False,False
[Redacted] #1510,True,False,False,False
opso.us,True,False,False,False
Office Of The Registrar Of Political Parties,True,False,False,False
Xerox,True,False,False,False
Yamaha Motor Philippines,True,False,False,False
WellLife Network,True,False,False,False
Conception Reproductive Associates Colorado,True,False,False,False
Black Butte Coal,True,False,False,False
BPG Building Partners Group,True,False,False,False
Vicon,True,False,False,False
Ramar & Paradiso,True,False,False,False
West Chester,True,False,False,False
Catholic Charities of the Diocese of Albany,True,False,False,False
Homsey Law Center,True,False,False,False
Cheyney University,True,False,False,False
Rescue Mission Alliance,True,False,False,False
"Cullen, Haskins, Nicholson & Menchetti",True,False,False,False
Beaumont Bone & Joint Institute,True,False,False,False
US Graphite,True,False,False,False
Expert MRI,True,False,False,False
Next Level Solutions,True,False,False,False
Reynolds & Reynolds,True,False,False,False
UNITE HERE!,True,False,False,False
Village Building,True,False,False,False
Cleveland City School District,True,False,False,False
Direct Mail,True,False,False,False
DBK Partners,True,False,False,False
SISU Healthcare Solutions,True,False,False,False
Hanzestrohm,True,False,False,False
Cariri,True,False,False,False
"BRIGHT SYSTEM JAPAN CO., LTD",True,False,False,False
Miljödata (1 day left),True,False,False,False
Miljödata,True,False,False,False
halbarstainless.com,True,False,False,False
cityofmiddletown.org,True,False,False,False
osdcourtks.org,True,False,False,False
TimHaahs,True,False,False,False
denali-industrial.com,True,False,False,False
Heffner Toyota & Lexus,True,False,False,False
Brownstone Agency,True,False,False,False
Mazza Recycling Services,True,False,False,False
Aluf Plastics,True,False,False,False
PYATOK,True,False,False,False
Meskan Foundry,True,False,False,False
Survival Flight Inc,True,False,False,False
TAKwest,True,False,False,False
CARTONAJES BERNABEU SAU www.cartonajesbernabeu.com serviced by IT company Verne Group www....,True,False,False,False
Northwest Medical Specialties,True,False,False,False
Compagnie des Guides de Chamonix,True,False,False,False
Namibia | Epia Financial Services | Windhoek,True,False,False,False
"Menten Truck Service N.V., Hoeselt, Belgium",True,False,False,False
STANDARD IRON & WIREWORKS (Helgesen Industries),True,False,False,False
Fluxergy,True,False,False,False
Molod Spitz & DeSantis,True,False,False,False
TDK Technologies,True,False,False,False
BlockBets Casino,True,False,False,False
SGS Co,True,False,False,False
Communicare Inc.,True,False,False,False
Insurance Office of America,True,False,False,False
Gagosian,True,False,False,False
moinian.com,True,False,False,False
deerfield.com / singulargenomics.com,True,False,False,False
Encore Leisure Group,True,False,False,False
transnova-ruf.de,True,False,False,False
Spectra Logic,True,False,False,False
Ekotrade,True,False,False,False
waverlychildcare.org,True,False,False,False
RG ELECTRIC COMPANY INC,True,False,False,False
"ROBERT G. DASHIELL, JR., P.E., INC",True,False,False,False
Princeps Credit Systems Limited,True,False,False,False
BusOnlineTicket Thailand,True,False,False,False
1 ACT Driving Schools,True,False,False,False
M8 Group,True,False,False,False
BFLI,True,False,False,False
Docklyne,True,False,False,False
Northland Auto Solutions,True,False,False,False
Accelerated Academy,True,False,False,False
www.melenco.com,True,False,False,False
Coastal Pacific Xpress,True,False,False,False
Commercial Casework,True,False,False,False
Venezia,True,False,False,False
Ben-Mor Inc.,True,False,False,False
hwacheon,True,False,False,False
Wouters France,True,False,False,False
HD Media Systems,True,False,False,False
Mayors Machine Works,True,False,False,False
JIT Energy Services,True,False,False,False
Anderson Aluminum,True,False,False,False
Royal Machine & Tool,True,False,False,False
Reliable Roofing,True,False,False,False
Celtic Engineering,True,False,False,False
GDZ Computer Services,True,False,False,False
Cool Wind Ventilation,True,False,False,False
Rising Star Hydraulics,True,False,False,False
Edwards Interiors,True,False,False,False
GL Veneer,True,False,False,False
Everest file server,True,False,False,False
Allegis Group,True,False,False,False
Aupaircare and Intraxinc,True,False,False,False
Fusion Homes,True,False,False,False
E&S Food,True,False,False,False
Republica De Panama,True,False,False,False
Cervantes,True,False,False,False
Ceres,True,False,False,False
BIOLAP Soluciones Médicas,True,False,False,False
Proplastics,True,False,False,False
Kandeo,True,False,False,False
Ransomware Recover Indonesia,True,False,False,False
JN Aceros,True,False,False,False
Flexofast Indonesia,True,False,False,False
Del Campo Supreme,True,False,False,False
Cremona Inoxidable,True,False,False,False
Grupo Halcon,True,False,False,False
"JIEI (Thailand) Co., Ltd",True,False,False,False
Wharton Independent,True,False,False,False
Kuwait Portland Cement,True,False,False,False
Amv International Development,True,False,False,False
Liceo Francés Antoine y Consuelo de Saint-Exupéry,True,False,False,False
Dolidol,True,False,False,False
AB Mauri Private,True,False,False,False
InjectSense,True,False,False,False
Algorithmica Research,True,False,False,False
Takedown request #1798,True,False,False,False
PC Chandra Jewellers,True,False,False,False
Shifa Oman,True,False,False,False
Oriental de Seguros,True,False,False,False
Venezuela Re,True,False,False,False
J.V.D.B. & Associates Inc,True,False,False,False
Laboratorio Clinico Santa Rita,True,False,False,False
"Narumi (Thailand) Co.,Ltd.",True,False,False,False
Ophtazon,True,False,False,False
Surtel Technologies Pvt,True,False,False,False
Saelen/Heizomat,True,False,False,False
LOCATION PEINTURES PRESTATIONS (LPP),True,False,False,False
Plan B Die Fachanwaltskanzlei,True,False,False,False
noblecorp.net,True,False,False,False
Miesa,True,False,False,False
AVA Senior Connect,True,False,False,False
Nathan And Nathan,True,False,False,False
Energy Fishing,True,False,False,False
BDE Computer Services,True,False,False,False
Promark Partners,True,False,False,False
"Rad-Solutions, LLC",True,False,False,False
Melwood,True,False,False,False
okan.ru,True,False,False,False
EPLS: Entreprise d'Installations électriques Courant Fort,True,False,False,False
Bounds Gillespie Killebrew Tushek Architects,True,False,False,False
www.thepromisenig.com,True,False,False,False
Easy Credit,True,False,False,False
nubox.com & sumasaas.com,True,False,False,False
General Converting,True,False,False,False
RBJ Escrow Software,True,False,False,False
runaces.com,True,False,False,False
Vardeco,True,False,False,False
Keller Laser AG,True,False,False,False
VRE Systems,True,False,False,False
Controlled Combustion,True,False,False,False
ipathpr.com,True,False,False,False
gazomet.pl & cgas.pl,True,False,False,False
Engineered Advantage,True,False,False,False
rose-acre-farms-inc,True,False,False,False
Nathan,True,False,False,False
Purwana Group,True,False,False,False
Taiwan Flex Electronics,True,False,False,False
TuftsMedicine,True,False,False,False
GPS Trackit,True,False,False,False
Archer Health,True,False,False,False
Gordon Rees Scully Mansukhani LLP,True,False,False,False
Mechatronics,True,False,False,False
BinBaires,True,False,False,False
OftalTech Solutions oftaltech.com,True,False,False,False
Suiza Lab,True,False,False,False
www.s*i***gr*u*.com,True,False,False,False
eMedicoERP,True,False,False,False
GoTelemedicina,True,False,False,False
MedicSolution+,True,False,False,False
schuler-service-group.de,True,False,False,False
www.midcity.lk,True,False,False,False
RelationMedia A/S,True,False,False,False
Indo-MIM,True,False,False,False
Michigan Sugar,True,False,False,False
Rulmaksan Makina,True,False,False,False
The Fixing Company,True,False,False,False
HeavenlyDental,True,False,False,False
Plazadental,True,False,False,False
WZV Warndt,True,False,False,False
MeamarGroup,True,False,False,False
Elite Trailers,True,False,False,False
"Monterey Mushrooms, LLC",True,False,False,False
Ekmanian Tax & Accounting,True,False,False,False
Osaki Medical,True,False,False,False
CI Engineering,True,False,False,False
cphcorp.com,True,False,False,False
www.sixgunsllc.com,True,False,False,False
www.simmonsboardman.com,True,False,False,False
elektro-buder.at,True,False,False,False
www.ziegler-design.de,True,False,False,False
firstlight.net,True,False,False,False
highdoc.de,True,False,False,False
pesadoconstruction,True,False,False,False
www.onahotels.com,True,False,False,False
www.primax.com,True,False,False,False
bemac-merivale,True,False,False,False
volanno.com,True,False,False,False
city-of-batavia,True,False,False,False
www.metrotech.edu,True,False,False,False
denraytire.com,True,False,False,False
www.medwayplastics.com,True,False,False,False
Spokane Produce,True,False,False,False
Carus,True,False,False,False
Rivertown Surgey Center,True,False,False,False
sandg.local,True,False,False,False
omegabiotek.com,True,False,False,False
CANDhenterprises.com,True,False,False,False
flamgard.co.uk,True,False,False,False
Moore & Van Allen,True,False,False,False
Master System Inc,True,False,False,False
musimmas.com,True,False,False,False
UNIDEL Ventures Pvt,True,False,False,False
promisedland.com.tw,True,False,False,False
www.pure-chemical.com,True,False,False,False
stthom.edu,True,False,False,False
blytheco.com,True,False,False,False
Williams Patent Crusher & PulverizerCo.,True,False,False,False
The Bank of Romney,True,False,False,False
Jack Resnick & Sons,True,False,False,False
Commission scolaire des Appalaches,True,False,False,False
CESCONSULT,True,False,False,False
camaradealmeria.com,True,False,False,False
"TSI Accessory Group,Stanley Creations Inc, iStar Jewelry, Roman & Sunstone.",True,False,False,False
NPIAV,True,False,False,False
Risen Energy Co.,True,False,False,False
Level,True,False,False,False
TEAM GROUP,True,False,False,False
Samwha Capacitor Group,True,False,False,False
Monterey Mushrooms,True,False,False,False
The Last Haven Board,True,False,False,False
identic.be,True,False,False,False
www.dimarcogroup.com,True,False,False,False
Bartek Ingredients,True,False,False,False
Artists&Clients,True,False,False,False
"GCC of America, inc.",True,False,False,False
Cordeiro Guerra & Associati,True,False,False,False
Natare,True,False,False,False
Pooler Enterprises,True,False,False,False
Pittsburgh Gastroenterology Associates,True,False,False,False
bthcpa.com,True,False,False,False
kclub.ie,True,False,False,False
usai.io,True,False,False,False
wilsonatllaw.com,True,False,False,False
scottschiff.com,True,False,False,False
mdneal.com,True,False,False,False
ellison-mills.com,True,False,False,False
SISTRAN Consultores,True,False,False,False
umweltprofis.at,True,False,False,False
waterfordsurgicalcenter.com,True,False,False,False
oiwky.com,True,False,False,False
"TAK Communications, Inc",True,False,False,False
mffood.com,True,False,False,False
gmpc.com,True,False,False,False
Caprez Ingenieure AG,True,False,False,False
Genmark Automation,True,False,False,False
Automated Business Solutions,True,False,False,False
oakland-museum-of-california,True,False,False,False
Construseñales S.A.,True,False,False,False
PathoQuest-Biotechnology Research,True,False,False,False
Arboris,True,False,False,False
Juggernaut,True,False,False,False
Vanderpool Construction,True,False,False,False
All States Materials Group,True,False,False,False
LEVEL,True,False,False,False
L&S Proline,True,False,False,False
Tecnología Especializada Asociada de México,True,False,False,False
ESIC_TR,True,False,False,False
Tri Thuc Software,True,False,False,False
Construcciones Sala,True,False,False,False
sandersonmanagement.com,True,False,False,False
Engineered Components,True,False,False,False
ABM Wireless INC,True,False,False,False
Hilco Metal Building & Roofing Supply,True,False,False,False
Park Country Club,True,False,False,False
Toowoomba Friendly Society Dispensary,True,False,False,False
Provalve Armaturen GmbH & Co. KG,True,False,False,False
OB GYN Associates,True,False,False,False
atlanta neighborhood charter school,True,False,False,False
lipcare.de,True,False,False,False
companionsandhomemakers.com,True,False,False,False
camaravalencia.com,True,False,False,False
dasmeshschool.com,True,False,False,False
zanettisrl.it,True,False,False,False
uwock.ca,True,False,False,False
hardwicktactical.com,True,False,False,False
templeemanu-el.org,True,False,False,False
thecelestehotel.com,True,False,False,False
allphaselandscape.net,True,False,False,False
ibew1547.org,True,False,False,False
ogdenpubs.com,True,False,False,False
Loyola College,True,False,False,False
www.sbdl.net,True,False,False,False
RMO,True,False,False,False
The Fredericks,True,False,False,False
BÜCHNER BARELLA Holding,True,False,False,False
BDO Perú,True,False,False,False
Manesa,True,False,False,False
One-LUX,True,False,False,False
Shropdoc,True,False,False,False
Shelbourne Accountants,True,False,False,False
Delta Information Systems,True,False,False,False
"Town of Chatham, MASSACHUSETTS",True,False,False,False
Everest file server now online,True,False,False,False
CPK Interior Products Inc,True,False,False,False
Kafka Conveyors & Equipment Inc,True,False,False,False
TOYOTA ASIA TOYOTA INDIA,True,False,False,False
decor-metall.de,True,False,False,False
gmcontractinginc.com,True,False,False,False
Firelands Scientific,True,False,False,False
summitcollege.edu/USA/370GB,True,False,False,False
Colorado Health Network Inc,True,False,False,False
Texas Pregnancy Care Network,True,False,False,False
wilderlawfirm,True,False,False,False
CoCo Yachts,True,False,False,False
TRAF Industrial Products Inc,True,False,False,False
climaxportable.com,True,False,False,False
allmaxnutrition.com,True,False,False,False
Dance Brothers,True,False,False,False
ZCORP,True,False,False,False
The Smile Spa,True,False,False,False
Grupo DIRIA,True,False,False,False
Aldagi,True,False,False,False
Weathercraft Companies,True,False,False,False
Echo,True,False,False,False
Ben's Asphalt,True,False,False,False
Baycoat,True,False,False,False
brebeuf.org,True,False,False,False
singersf.com,True,False,False,False
dafo.se,True,False,False,False
Inox Laghi,True,False,False,False
Logan & Mencuccini,True,False,False,False
Edward J McKarski,True,False,False,False
Banville Wine Merchants,True,False,False,False
Galaxy Freightline,True,False,False,False
Premier Realty Group,True,False,False,False
Sterlings Accountancy Solutions,True,False,False,False
Hanson Chambers,True,False,False,False
txpregnancy.org - Fake Abortion Clinics Exposed,True,False,False,False
"Town of Vienna, VA",True,False,False,False
Lewis Baach Kaufmann Middlemiss PLLC,True,False,False,False
Lee & Associates,True,False,False,False
"Sherman, Silverstein, Kohl, Rose & Podolsky, P.A.",True,False,False,False
Guerrero Mears LLP,True,False,False,False
LPL Financial,True,False,False,False
K Strategies Marketing and Public Relations,True,False,False,False
BAR Architects & Interiors,True,False,False,False
"SystemExec Co., Ltd.",True,False,False,False
CareSTL Health,True,False,False,False
Sneg Proprete,True,False,False,False
Springs Christian Academy,True,False,False,False
Sika Footwear,True,False,False,False
Motor Controls Inc.,True,False,False,False
akd-ekbo.de,True,False,False,False
jphrs-waghaeusel.de,True,False,False,False
parksidegroup.co.uk,True,False,False,False
ferienwohnungen.de,True,False,False,False
phillips66lubricants.com,True,False,False,False
faltner.de,True,False,False,False
optivosa.com,True,False,False,False
rivertoncabinets.com,True,False,False,False
schliessmeyer.de,True,False,False,False
Accident Injury Solicitors,True,False,False,False
marlboroughpartners.com,True,False,False,False
www.nuggetent.com,True,False,False,False
Security First Credit Union,True,False,False,False
gibbswire.com,True,False,False,False
hydrometrics.com,True,False,False,False
Huntwood Industries,True,False,False,False
Pocono Farms Country Club,True,False,False,False
airfastindonesia.com,True,False,False,False
Van Hook Dental Studio,True,False,False,False
nrlassoc.com,True,False,False,False
trico176.org/USA/180GB,True,False,False,False
Aroeira Salles Advogados,True,False,False,False
Bolt Nut Manufacturing,True,False,False,False
Dynacast,True,False,False,False
台灣東洋國際儀表股份有限公司,True,False,False,False
Wine Works Australia,True,False,False,False
DLCOSMETICS O.E.,True,False,False,False
Exel Composites,True,False,False,False
diversifiedcpc.com,True,False,False,False
swanforlife.com,True,False,False,False
Colabor,True,False,False,False
medosweet.com,True,False,False,False
Graphite Construction Group,True,False,False,False
Prosegur,True,False,False,False
Dottori Commercialisti Associati,True,False,False,False
George Haney & Son,True,False,False,False
Selartex,True,False,False,False
GEA Consulting Engineers,True,False,False,False
www.ecodemolizionisrl.com,True,False,False,False
Inicio - Ganadería Revuelta,True,False,False,False
Wier Boerner Allin,True,False,False,False
Quadrangle Imaging Center,True,False,False,False
Fullcolour.com Limited,True,False,False,False
Hill Peterson CarperBee & Deitzler,True,False,False,False
Exotherm,True,False,False,False
Hogan Construction Group,True,False,False,False
Mark Edward Partners,True,False,False,False
Carmichael Engineering,True,False,False,False
Clinical Diagnosis [Deleted thread after 2 days],True,False,False,False
Mobal Trucking,True,False,False,False
"Jack's Lawn Service, Inc.",True,False,False,False
www.wyongleagues.com.au,True,False,False,False
www.greneker.com,True,False,False,False
Dualinfor hito inovation,True,False,False,False
fiermann-eller.de,True,False,False,False
TechSourceOne IT Solutions Provider,True,False,False,False
InEar hear the difference,True,False,False,False
Krewett,True,False,False,False
IT-Welt und Telekommunikation verschmelzen,True,False,False,False
Tomb Multimedia Productions,True,False,False,False
Sonitrol Security Solutions (SecureFL),True,False,False,False
www.gillette-ac.com,True,False,False,False
Colmar Industrial Supplies,True,False,False,False
Spohn + Burkhardt GmbH & Co KG,True,False,False,False
PLN,True,False,False,False
Huron Regional Medical Center,True,False,False,False
Sofo Foods,True,False,False,False
seabridge.eu+efico.com,True,False,False,False
Blazer Building,True,False,False,False
Burt Process Equipment,True,False,False,False
Nissan CBI,True,False,False,False
Universal Group For Engineering and Consulting,True,False,False,False
All Truck Transportation Co,True,False,False,False
Ambitek,True,False,False,False
Fullerton Surgical Center (FSC),True,False,False,False
Ocean Edge Resort & Golf Club,True,False,False,False
CBG Surveying Texas,True,False,False,False
Omega Global Technologies,True,False,False,False
awmedicalvillage.org,True,False,False,False
Greater Pittsburgh Orthopaedic Associates,True,False,False,False
welldone.com.tw,True,False,False,False
EUROFILM ΜΑΝΤΖΑΡΗΣ Α.Ε,True,False,False,False
hmsaojose.com,True,False,False,False
"DAOR E&C Co., Ltd",True,False,False,False
Elkhart Independent School District,True,False,False,False
lee-irvine.com,True,False,False,False
haaker.com,True,False,False,False
insoca.es,True,False,False,False
netfusionconsulting.com,True,False,False,False
garnertrucking.com,True,False,False,False
idscorporation.com,True,False,False,False
RA Services,True,False,False,False
Steel Encounters,True,False,False,False
LandWorks,True,False,False,False
RAVEN Mechanical,True,False,False,False
Advanced Blending Solutions,True,False,False,False
NC Dynamics LLC,True,False,False,False
Netstar_South_Africa,True,False,False,False
Expert E-commerce GmbH,True,False,False,False
Florarte,True,False,False,False
HK Hardware & Engineering,True,False,False,False
Bizcom Electronics,True,False,False,False
abfe,True,False,False,False
Din Bolig,True,False,False,False
"DUC App: Global Money Movement, Simplified",True,False,False,False
southweststone.net,True,False,False,False
Burger & Brown Engineering,True,False,False,False
Mutual Screw & Supply,True,False,False,False
Horizon Hydraulics,True,False,False,False
Stewart Home School,True,False,False,False
T&D Engineers,True,False,False,False
TRANTRONICS,True,False,False,False
Mediate Management,True,False,False,False
childrenscouncil.org,True,False,False,False
MPOWERHealth,True,False,False,False
Nicke,True,False,False,False
Bobcat Central,True,False,False,False
Electro-Tech,True,False,False,False
Rare Editions,True,False,False,False
True World Group LLC,True,False,False,False
Outdoor School,True,False,False,False
Cain Electric,True,False,False,False
Maxell Asia,True,False,False,False
"Inotiv, Inc",True,False,False,False
albertaindustrialcontrols.com,True,False,False,False
listgrove.com,True,False,False,False
transelectric.co.il,True,False,False,False
batemangroundworks.co.uk,True,False,False,False
godbyhearth.com,True,False,False,False
Doctocliq,True,False,False,False
infoniqa.com,True,False,False,False
Uganda Electricity Transmission Company Limited,True,False,False,False
apderm.com,True,False,False,False
Palmgold Management Sdn Bhd,True,False,False,False
Advanced Security Systems,True,False,False,False
IQgistics,True,False,False,False
Escauto Centro Automotivo,True,False,False,False
Justicia Penal Militar,True,False,False,False
SEGUROS AMÉRICA,True,False,False,False
Seoul Guarantee Insurance,True,False,False,False
International Freight & Commerce,True,False,False,False
Welcome Financial Group,True,False,False,False
Matiss,True,False,False,False
Clinical Diagnosis,True,False,False,False
Rehabilitative Health Svc,True,False,False,False
gmtaconline,True,False,False,False
woodboure,True,False,False,False
STRGOME,True,False,False,False
argeninta,True,False,False,False
houra,True,False,False,False
houxt,True,False,False,False
getdomain,True,False,False,False
kipl,True,False,False,False
nszi,True,False,False,False
accsnet.com,True,False,False,False
advion.com,True,False,False,False
mysecop.com,True,False,False,False
atcmanufacturing,True,False,False,False
orange.com,True,False,False,False
anthembio.com,True,False,False,False
syspro.com,True,False,False,False
brightwork.com,True,False,False,False
starsalliance.com,True,False,False,False
sipecom.com,True,False,False,False
wytechnology.local,True,False,False,False
webcids.com,True,False,False,False
rougine-mfg.com,True,False,False,False
magcpa.com,True,False,False,False
wfd2027uae.ae,True,False,False,False
tagorg.com,True,False,False,False
hitachi-hta.com,True,False,False,False
primrose.com,True,False,False,False
clearybuilding.us,True,False,False,False
colt.net,True,False,False,False
Panorama,True,False,False,False
mycpaconnection.com,True,False,False,False
Hytrol,True,False,False,False
CMS Legal Services EEIG,True,False,False,False
THE MILLENNIUM GROUP,True,False,False,False
VINSON & ELKINS LLP,True,False,False,False
ethicalpackaging.co.uk,True,False,False,False
Xperthair,True,False,False,False
Pequannock Township School District,True,False,False,False
MJets,True,False,False,False
Töller,True,False,False,False
Grand Rapids Controls,True,False,False,False
DAT AUTOHUS AG,True,False,False,False
Philadelphia Investment Partners,True,False,False,False
Voltus GmbH,True,False,False,False
BRIJU.PL,True,False,False,False
MYVISAJOBS.COM,True,False,False,False
ACMARK,True,False,False,False
SFA Engineering,True,False,False,False
Barlows Electrical,True,False,False,False
"Karndean International, LLC",True,False,False,False
ZMM,True,False,False,False
marma.com.pl,True,False,False,False
Morgenstern AG,True,False,False,False
Maselli Misure S.p.A. Information,True,False,False,False
Peggy Sage,True,False,False,False
Norwest Venture Partners,True,False,False,False
L-Pimenta (etdeletronics),True,False,False,False
www.captrade.com,True,False,False,False
liabergamo.it,True,False,False,False
smefazur.fr,True,False,False,False
ABcom,True,False,False,False
Greenscape Pump Services,True,False,False,False
eShipGlobal,True,False,False,False
NextLabs,True,False,False,False
"Ranshu, Meridian Auto Parts, Visionaire,Omega enviromenta technologies, Ap Air",True,False,False,False
Erdy McHenry Architecture,True,False,False,False
Avv Emilio Marco Casali,True,False,False,False
Immigration Advice Service,True,False,False,False
ksubsea-group,True,False,False,False
Lundberg Design,True,False,False,False
Rusin Law,True,False,False,False
Manhattan Retirement Foundation,True,False,False,False
Barbas Nunez Sanders Butler & Hovsepian,True,False,False,False
a********p.com,True,False,False,False
Comprehensive Pain Centers,True,False,False,False
J Derenzo,True,False,False,False
One Way Solutions,True,False,False,False
TELACU College,True,False,False,False
ECM Consultants,True,False,False,False
Advanced HPC,True,False,False,False
Charak Center for Health,True,False,False,False
ffs.com,True,False,False,False
Coös County Family Health,True,False,False,False
FranceLink,True,False,False,False
Cevital,True,False,False,False
Ahtna Incorporated,True,False,False,False
Litchfield Cavo LLP,True,False,False,False
Box Elder County,True,False,False,False
Hygrade Components,True,False,False,False
Eagan Insurance,True,False,False,False
Energy Developments,True,False,False,False
Harmony Electronics Corp,True,False,False,False
EB Farmacutica,True,False,False,False
bvasd.net,True,False,False,False
northernconstruction.com,True,False,False,False
syncadd.com,True,False,False,False
venturecreditunion.com,True,False,False,False
Haeger & Schmidt Logistics,True,False,False,False
Epperson Law Group,True,False,False,False
Assisted Living Pharmacy Service LLC,True,False,False,False
Nutis Press,True,False,False,False
Kar ***,True,False,False,False
Trans-Tex,True,False,False,False
MMA TRANSFERS,True,False,False,False
burmann.de,True,False,False,False
MBM Intellectual Property Law,True,False,False,False
City of St Paul,True,False,False,False
The Scharine Group,True,False,False,False
Bluewater Yacht Sales,True,False,False,False
Travancore Analytics,True,False,False,False
Rite Track,True,False,False,False
Çağrı Group,True,False,False,False
agrofair,True,False,False,False
empur,True,False,False,False
Woodside,True,False,False,False
Bondtech,True,False,False,False
Wytech Industries,True,False,False,False
Microcosm,True,False,False,False
Geotec,True,False,False,False
Sterling Card Solutions,True,False,False,False
Sweetener Supply,True,False,False,False
Safti First,True,False,False,False
GWU-Umwelttechnik GmbH,True,False,False,False
TRS Industries,True,False,False,False
Aurora Air Products,True,False,False,False
SPEEDLOGISTIK,True,False,False,False
The Law Offices of Hicks & Demps,True,False,False,False
TOP Ships,True,False,False,False
Summer results,True,False,False,False
ESD,True,False,False,False
Architectural DesignWest,True,False,False,False
Spring Footwear,True,False,False,False
The Law Company,True,False,False,False
Anderson Packaging,True,False,False,False
Atlas Transfer & Storage,True,False,False,False
"Insero & Co. CPAs, LLP",True,False,False,False
Louis Tieu DDS MD,True,False,False,False
Community Services of Missouri,True,False,False,False
Chemtron RiverBend,True,False,False,False
TigerCommunications,True,False,False,False
Alascom,True,False,False,False
L3Harris Technologies,True,False,False,False
Howard Financial & Associates,True,False,False,False
getech.com,True,False,False,False
St Thomas More Catholic High School,True,False,False,False
jtekt.eu,True,False,False,False
formacompany,True,False,False,False
European Business Server Cluster,True,False,False,False
NEAS,True,False,False,False
RHI Supply,True,False,False,False
CFI Tire Service,True,False,False,False
Wstg-steuerberater.de,True,False,False,False
Tu*******ne,True,False,False,False
Go********l,True,False,False,False
*********.bh,True,False,False,False
*******roup.ro,True,False,False,False
Viking Automation,True,False,False,False
Dyson Corp.,True,False,False,False
Drive & Shine,True,False,False,False
mauilodging.com,True,False,False,False
CIMEXSTEEL.CZ,True,False,False,False
Pacific HealthWorks,True,False,False,False
La Perouse,True,False,False,False
M****s,True,False,False,False
multichem.net,True,False,False,False
Main Electric Supply Co.,True,False,False,False
Admiral Gaming Network,True,False,False,False
shinko plastics co. ltd,True,False,False,False
Belmont christian college,True,False,False,False
ryeco.com,True,False,False,False
lpco.co,True,False,False,False
eyeqmonitoring.com,True,False,False,False
avosinamed.com,True,False,False,False
camdon.ca,True,False,False,False
lodipd.org,True,False,False,False
csrepair.com,True,False,False,False
studebakersubmetering.com,True,False,False,False
sotaconstruction.com,True,False,False,False
Able Home Care,True,False,False,False
The Gisborne Group,True,False,False,False
Neway Valve,True,False,False,False
Origene,True,False,False,False
ACEA SpA,True,False,False,False
Dr. Falk Pharma,True,False,False,False
Prime Beverage Group,True,False,False,False
Primoris,True,False,False,False
azurewave.com,True,False,False,False
BRIDGEWATER ASSOCIATES,True,False,False,False
MAGELLAN FINANCIAL GROUP,True,False,False,False
ONEX CANADA ASSET MANAGEMENT INC,True,False,False,False
TSAI CAPITAL,True,False,False,False
MIZUHA FINANCIAL GROUP,True,False,False,False
Triveneta Vetro,True,False,False,False
PANSARD & ASSOCIES,True,False,False,False
Jamco Aerospace,True,False,False,False
Emprise,True,False,False,False
Brad's Bedding Plants,True,False,False,False
The Magni Group,True,False,False,False
Kengen,True,False,False,False
ferrocortes,True,False,False,False
Payme Ltd,True,False,False,False
LEARN is a Regional Educational Service Center,True,False,False,False
CLEARSYNTH LABS LIMITED,True,False,False,False
PROMOSFERA S.r.l. promosfera.com,True,False,False,False
Cash and carry - COSAEN GRUP,True,False,False,False
KINAS SOLICITORS kinas.co.uk,True,False,False,False
"Quality Data Service, Inc.",True,False,False,False
Dragonfly CO. LTD dragonflygame.com,True,False,False,False
CILI,True,False,False,False
CHABAA BANGKOK,True,False,False,False
Afpa,True,False,False,False
BRUNTON-SHAW.COM,True,False,False,False
CK Power Public Company Limited,True,False,False,False
TANI & ABE,True,False,False,False
Budinger & Associates,True,False,False,False
F&P Georgia Mfg Inc,True,False,False,False
Harinera del Valle,True,False,False,False
Metro Heating,True,False,False,False
MGM Transformer,True,False,False,False
Consumer Electronics & Computers Retail Retail,True,False,False,False
Brunton-Shaw,True,False,False,False
EMMCORP.COM,True,False,False,False
Heart of America Medical Centr (HAMC),True,False,False,False
Diversified Project Services International,True,False,False,False
Neff Specialties,True,False,False,False
Hamilton Park,True,False,False,False
Brookside Homes,True,False,False,False
Clarkston First Baptist Church,True,False,False,False
Bromack Manufacturing,True,False,False,False
Ail Hospitality Group,True,False,False,False
Twin Oaks Presbyterian Church,True,False,False,False
ThinkBig Health Care Solutions,True,False,False,False
Tas Nz Bay Limited,True,False,False,False
Alt Vision,True,False,False,False
Preferred Homes Realty,True,False,False,False
The Job Shop,True,False,False,False
The Danvers Law Offices,True,False,False,False
Kalchschmid GmbH & Co. KG,True,False,False,False
U.S. Battery,True,False,False,False
JWiz,True,False,False,False
"Hankin & Mazel, PLLC",True,False,False,False
Garrison Law Firm,True,False,False,False
ridgefield.org,True,False,False,False
cibraco,True,False,False,False
HCK Capital Group,True,False,False,False
Kingsford Development & LEADBUILD Construction Pte Ltd,True,False,False,False
melland.bright-futures.co.uk,True,False,False,False
Carrollton Ear Nose and Throat,True,False,False,False
S****s,True,False,False,False
aym.com.mx,True,False,False,False
ppmrecruit.com,True,False,False,False
Newton Electrical Contractors,True,False,False,False
ruff.com.br,True,False,False,False
diethelmtravel,True,False,False,False
"Bucks County Opportunity Council, INC.",True,False,False,False
Scania.com,True,False,False,False
alpresor.se,True,False,False,False
Phoenix Lighting,True,False,False,False
Backstage Library Works,True,False,False,False
White Horse Packaging,True,False,False,False
Terillium,True,False,False,False
easternadjustment.com,True,False,False,False
Weisman Children's,True,False,False,False
bw-lv.de,True,False,False,False
Wedlich,True,False,False,False
Koenig Hausverwaltung,True,False,False,False
K2L,True,False,False,False
Frontline Bioenergy,True,False,False,False
Banco Guanabara,True,False,False,False
Aggressive Air Compressor & co,True,False,False,False
CASINO DE MONTE-CARLO,True,False,False,False
DIMERCO,True,False,False,False
BIG ROCK RESORT,True,False,False,False
gid-it.de,True,False,False,False
Onegolditalia.it,True,False,False,False
Clemens Construction,True,False,False,False
Pitman Farms,True,False,False,False
www.pefco.com,True,False,False,False
Cookeville Regional Medical Center,True,False,False,False
Franklin Pierce Schools,True,False,False,False
White Coffee Corporation,True,False,False,False
Lincoln Law,True,False,False,False
chamberlainhuckeriede.com,True,False,False,False
cadex.com,True,False,False,False
envac.es,True,False,False,False
fortsmithschools.org,True,False,False,False
Meissner Fenstertechnik,True,False,False,False
Radford City Schools,True,False,False,False
Hölscher Holding,True,False,False,False
Herrman Law Firm,True,False,False,False
Guyana Sugar,True,False,False,False
Great Lakes Carpet &Tile,True,False,False,False
kw****.tw,True,False,False,False
pr*****.tw,True,False,False,False
b*u*l*****.tw,True,False,False,False
***.c*m.tw,True,False,False,False
PK Contracting,True,False,False,False
Framon S.p.A.,True,False,False,False
Ieee-apscon.org,True,False,False,False
erichschleichgmbh.de,True,False,False,False
carolynmyoung.com,True,False,False,False
bridgerecruit.co.uk,True,False,False,False
wvpca.org,True,False,False,False
Thern,True,False,False,False
Quartus Engineering,True,False,False,False
firstpresatl.org,True,False,False,False
"eFunda, Inc.",True,False,False,False
USA Military Alumni Networks,True,False,False,False
lynkspot.com,True,False,False,False
deliastamales.com,True,False,False,False
whiteconlee.com,True,False,False,False
iPROMOTEu,True,False,False,False
Grayscale Investments,True,False,False,False
Mailchimp,True,False,False,False
T***********p.com,True,False,False,False
Crumbl - Full leak published,True,False,False,False
www.afmco.jo,True,False,False,False
G*****n.com,True,False,False,False
H**u.i*v.tw,True,False,False,False
Devon,True,False,False,False
PDC www.cobranzasbeta.com.co,True,False,False,False
Bitbox,True,False,False,False
fsl.org,True,False,False,False
RUKU Tore - Türen,True,False,False,False
restiani.com,True,False,False,False
Tooling Systems Group,True,False,False,False
DARA Pharma,True,False,False,False
Lee & Associates,True,False,False,False
Cpat Flex,True,False,False,False
Towne Mortgage,True,False,False,False
Dollar Tree,True,False,False,False
gimaex.com,True,False,False,False
Winner School District 59-2,True,False,False,False
Windsor Realty and Management,True,False,False,False
Washington Court House,True,False,False,False
Sani-Tech Systems,True,False,False,False
PROVAIL,True,False,False,False
JPS Consulting Engineers,True,False,False,False
Hafnia Law Firm,True,False,False,False
Grand Rapids Metrology,True,False,False,False
El Paso Quality Dentistry,True,False,False,False
De Noordboom,True,False,False,False
Chevalier Machinery,True,False,False,False
Campbell Sand & Gravel,True,False,False,False
Aseguradora Fortaleza,True,False,False,False
Acheson Doyle Partners Architects,True,False,False,False
ACMARK,True,False,False,False
2fORM Architecture,True,False,False,False
Built Environment Engineers,True,False,False,False
Mid West Fabricating,True,False,False,False
KMDI,True,False,False,False
ingrammicro.com,True,False,False,False
tissot.com,True,False,False,False
Custom Food Ingredients,True,False,False,False
Tiger Communications,True,False,False,False
Druni,True,False,False,False
Hertz Farm Management,True,False,False,False
Mount Vernon Property Management,True,False,False,False
********.org,True,False,False,False
First Baptist Church of Hammond,True,False,False,False
ci-Fabrics,True,False,False,False
premiersurfacesinc,True,False,False,False
VIRTUALWEB.US,True,False,False,False
mortensenlawoffices.com/USA/99GB,True,False,False,False
sou***********.net,True,False,False,False
Albavision.tv,True,False,False,False
Software Design Consulting Group,True,False,False,False
MGI Singapore PAC,True,False,False,False
W.L. FOODS,True,False,False,False
Acarlar Ltd,True,False,False,False
www.barobinson.com,True,False,False,False
Yapi Teknik Proje,True,False,False,False
Votava Nantz & Johnson,True,False,False,False
DA Whitacre Construction,True,False,False,False
Blanco Creek Farms,True,False,False,False
Digitall Evolution,True,False,False,False
VINHAS E REDENSCHI ADVOGADOS,True,False,False,False
**********.net,True,False,False,False
CCI Torrevieja,True,False,False,False
College stjb,True,False,False,False
**********.com,True,False,False,False
tele-optics.com,True,False,False,False
appsnw.com,True,False,False,False
wta-inc.com,True,False,False,False
bussepc.com,True,False,False,False
swfldermatology.com,True,False,False,False
havtechpa.com,True,False,False,False
appagroup.com,True,False,False,False
briar-group.com,True,False,False,False
teamsignal.com,True,False,False,False
CONTRAQI,True,False,False,False
Cyme Servicios Médicos,True,False,False,False
Dithelm Travel Group,True,False,False,False
Geomaticks Grecia,True,False,False,False
Medical Village LIV,True,False,False,False
MukundRhotindian,True,False,False,False
Rete Toscana Classica,True,False,False,False
RTE,True,False,False,False
Morrow Equipment,True,False,False,False
hptc.org,True,False,False,False
I.P. One LTD,True,False,False,False
Bouey & Black LLP,True,False,False,False
jorgefernandez.es,True,False,False,False
Dunlap Codding,True,False,False,False
Helical Auto Technology (India),True,False,False,False
Astro Industries Inc.,True,False,False,False
moelco.es,True,False,False,False
lafavoritaservice.it,True,False,False,False
Crumbl,True,False,False,False
Best Price Financial Services,True,False,False,False
md-labels-gmbh.com,True,False,False,False
Emerson Chiropractic,True,False,False,False
www.mada.com.kw,True,False,False,False
teampostop.net,True,False,False,False
salamanderresort.com,True,False,False,False
seasonsfour.com,True,False,False,False
morgan911.org,True,False,False,False
foiegrasespinet,True,False,False,False
BALNEARIO DE MONDARIZ,True,False,False,False
[Redacted],True,False,False,False
"Gallon, Takacs & Boissoneault",True,False,False,False
jaegerndorfer.at,True,False,False,False
Donlar Construction,True,False,False,False
Testa Heck Testa & White,True,False,False,False
Pilipili,True,False,False,False
New American Funding - Full leak published,True,False,False,False
Metricon Homes,True,False,False,False
www.entecheng.com,True,False,False,False
www.labiennale.org,True,False,False,False
www.lincecomercial.com,True,False,False,False
Sementes Jotabasso,True,False,False,False
Creditinfo,True,False,False,False
OKA,True,False,False,False
Reimo,True,False,False,False
Palm Bay International,True,False,False,False
APL,True,False,False,False
Vantage Finance,True,False,False,False
Watchfinder & Co,True,False,False,False
DelCampo,True,False,False,False
Sanderling Healthcare,True,False,False,False
Ka Logistics,True,False,False,False
DA Whitacre Construction,True,False,False,False
https://eagleonline.net/,True,False,False,False
www.balkankalip.com,True,False,False,False
blueridgesl.com,True,False,False,False
rhschool.org,True,False,False,False
qtmi.net,True,False,False,False
horanbarker.com,True,False,False,False
naxis.net,True,False,False,False
landwwilson.co.uk,True,False,False,False
salemma.com.py,True,False,False,False
stichtingjohannesbosco.com,True,False,False,False
bisa.com.pe,True,False,False,False
www.reliablecontrols.com,True,False,False,False
SOUBEIRAN CHOBET S.R.L.,True,False,False,False
Pinnacle Woodwork,True,False,False,False
FasseValves,True,False,False,False
Bronze Craft,True,False,False,False
Nippn TH,True,False,False,False
Sogedis,True,False,False,False
Windsor Door,True,False,False,False
TOMEI GROUP Inc.,True,False,False,False
Eurofins Scientific (Healthcare),True,False,False,False
http://www.balkankalip.com,True,False,False,False
www.optyma.co.uk,True,False,False,False
VRE Sytems,True,False,False,False
Titan Trailer Mfg,True,False,False,False
SPG Construction,True,False,False,False
Nucamp RV,True,False,False,False
Moser Engineering,True,False,False,False
Great Lakes Wholesale Group,True,False,False,False
Fasse Valves,True,False,False,False
BronzeCraft,True,False,False,False
ARCTICGROUP,True,False,False,False
icmconv.com,True,False,False,False
carestlhealth.org,True,False,False,False
neues-leben.de,True,False,False,False
asi-group.com,True,False,False,False
reizenlaw.com,True,False,False,False
sbamh.org,True,False,False,False
hitachi-tds.com,True,False,False,False
csaas.com,True,False,False,False
WIBAIE,True,False,False,False
nboat.com,True,False,False,False
dtxstudio.com,True,False,False,False
heartlineoklahoma.org,True,False,False,False
Protech Medical,True,False,False,False
SubsCorp,True,False,False,False
iBUYPOWER,True,False,False,False
scaffoldsolutions.com,True,False,False,False
danielslawgroupllc.com,True,False,False,False
Bronze Craft,True,False,False,False
Thompson+Hanson,True,False,False,False
chainstoreguide.com,True,False,False,False
Studio Associato Callatroni Bianchi,True,False,False,False
DARA Pharma,True,False,False,False
Coalinga Regional Medical Center,True,False,False,False
Somotsoft,True,False,False,False
Integrated Silicon Solution Inc.,True,False,False,False
RattanIndia Power,True,False,False,False
TCI Doors,True,False,False,False
Act Legal,True,False,False,False
Plane Business Kayan Aero,True,False,False,False
Proactive Engineering Consultants,True,False,False,False
Racine Olson,True,False,False,False
Becker Robotic,True,False,False,False
"Operation PAR, Inc.",True,False,False,False
NPK,True,False,False,False
Scherer Sanitätshaus Gruppe,True,False,False,False
Dell Technologies,True,False,False,False
Thomas Bennett & Hunter,True,False,False,False
Kentfield Hospital,True,False,False,False
DP Systems,True,False,False,False
McNealy Brown,True,False,False,False
InnoMedica,True,False,False,False
We will soon be in your hollow regime,True,False,False,False
Krusell,True,False,False,False
pt.elis.com,True,False,False,False
Universidad Mayor,True,False,False,False
Anadolu Hastaneleri,True,False,False,False
Pergamon Status Diş Ticaret A Ş,True,False,False,False
Akribis Systems,True,False,False,False
"TransCore ITS, LLC",True,False,False,False
Greeniverse,True,False,False,False
Farben-Zentrum Schlegel,True,False,False,False
RICHARD MILLE ASIA PTE. LTD & D'LEAGUE PTE. LTD.,True,False,False,False
erniesinceresco.com,True,False,False,False
Anderson & Karrenberg,True,False,False,False
CB Quality Machining & Engineering,True,False,False,False
"City of Peabody, MA",True,False,False,False
norpak.com,True,False,False,False
Tiger Communications,True,False,False,False
diasdeprimavera.com.br,True,False,False,False
gatlogistica.com.br,True,False,False,False
B&M - Expertise - Audit,True,False,False,False
Burnham Nationwide,True,False,False,False
Sensical,True,False,False,False
Polykar,True,False,False,False
LeasePLUS,True,False,False,False
Ritenour School District,True,False,False,False
Eurofins Scientific,True,False,False,False
pt.e*i*.com,True,False,False,False
Souleret Engineering(LSSE),True,False,False,False
Eurofins Healthcare,True,False,False,False
Home Solutions of Iowa,True,False,False,False
KEP Credit Union KEP,True,False,False,False
Sib-Tryck Holding,True,False,False,False
Fayrefield Foods,True,False,False,False
Multilift Logistic Group,True,False,False,False
GreenVest,True,False,False,False
Goldberg & Osborne,True,False,False,False
Sou ***,True,False,False,False
Wingpoh_SG,True,False,False,False
"Crompton Lamps, UK",True,False,False,False
HTC_Högtryckscenter_Sweden,True,False,False,False
Huize Sint-Augustinus_BE,True,False,False,False
Vitec,True,False,False,False
Сomet-strip-enterprises-ltd,True,False,False,False
TERENCE C RINGLAND & CO PTY LTD,True,False,False,False
Secountryvets_AU,True,False,False,False
lawforpersonalinjury.com,True,False,False,False
Media Broadcast Satellite,True,False,False,False
mol.go.th,True,False,False,False
ashland.k12.ma.us,True,False,False,False
divgroup.eu,True,False,False,False
hlb.ie,True,False,False,False
palmasdelixcan.com,True,False,False,False
accademia.it,True,False,False,False
GreenLight Biosciences,True,False,False,False
T2 Group,True,False,False,False
Ark Consultancy,True,False,False,False
Allstarmg,True,False,False,False
Helpsonv,True,False,False,False
joseantoniorodriguez.com,True,False,False,False
C3 Group,True,False,False,False
"Artemis Healthcare, Inc",True,False,False,False
A-Qroup Sığorta Şirkəti,True,False,False,False
Tan Chong Motor Holdings Berhad,True,False,False,False
Warisan TC Holdings Berhad,True,False,False,False
Larimart S.P.A,True,False,False,False
Tra ***,True,False,False,False
Morrison Companies,True,False,False,False
IMSSA Manufacturing,True,False,False,False
Joni L Janecki & Associates,True,False,False,False
Waverly Cabinets,True,False,False,False
Burnett and Son Meat,True,False,False,False
Acetificio Andrea Milano,True,False,False,False
Title XI,True,False,False,False
PEPRO,True,False,False,False
5àSec,True,False,False,False
Specialty Components,True,False,False,False
ResourceEnergy,True,False,False,False
Young Adjustment Company,True,False,False,False
Halvorsen Family Law Group,True,False,False,False
www.pomerandboccia.com,True,False,False,False
New American Funding,True,False,False,False
WH Rogers Sheet Metal,True,False,False,False
City of Green River,True,False,False,False
Inside One,True,False,False,False
Mausolff Immobilien,True,False,False,False
The Paul Wilkinson Law Firm,True,False,False,False
MEDIALAB,True,False,False,False
ProActive Solutions USA,True,False,False,False
BAF Management Consulting,True,False,False,False
Cardinal Services,True,False,False,False
C****o,True,False,False,False
Adrian Kenya,True,False,False,False
Greta Group,True,False,False,False
Victoria Garden,True,False,False,False
Otjiwarongo Municipality,True,False,False,False
Studioc,True,False,False,False
eehc.gov.eg,True,False,False,False
Mazzoleni,True,False,False,False
The Colgin Companies,True,False,False,False
Progressive Auto Group,True,False,False,False
www.marvimundo.com,True,False,False,False
CF Construction Ltd,True,False,False,False
G*********************y.org,True,False,False,False
Сonasa,True,False,False,False
VM Racing,True,False,False,False
Schlemmer Holding GmbH,True,False,False,False
"Culver's Lawn & Landscape, Inc.",True,False,False,False
G*****,True,False,False,False
T****n,True,False,False,False
inspiredbeauty.com,True,False,False,False
loraincountyauditor.gov,True,False,False,False
Hulberg & Associates,True,False,False,False
Rockrose Development,True,False,False,False
McKenzie Commercia,True,False,False,False
Belk,True,False,False,False
CARSTAR Business Group,True,False,False,False
www.v4ulogistic.com/ Leaked by www.etornetworks.com,True,False,False,False
dwllp.ca/ Leaked by www.etornetworks.com,True,False,False,False
lstlaw.ca/ Leaked by www.etornetworks.com,True,False,False,False
Trilinklogistics Inc / Leacked by www.etornetworks.com/,True,False,False,False
National Institute of Water Resources,True,False,False,False
www.e***.gov.eg,True,False,False,False
Twaweza,True,False,False,False
"Tuna Processors Phillipines, Inc",True,False,False,False
conasa infraestrutura s.a.,True,False,False,False
pinnacle Roofing and Exteriors,True,False,False,False
North Country HealthCare,True,False,False,False
Rezayat Group,True,False,False,False
Dansoft,True,False,False,False
nod.ro,True,False,False,False
bartec.com,True,False,False,False
Intercommunityct.org,True,False,False,False
fuld.com,True,False,False,False
www.intereum.com,True,False,False,False
nexa.bb,True,False,False,False
Darien Telephone,True,False,False,False
Tulsat,True,False,False,False
INS Quebec,True,False,False,False
EIA Global,True,False,False,False
CyberlinkASP,True,False,False,False
FormWood Industries,True,False,False,False
sol*d*r*.com,True,False,False,False
k12albemarle.org,True,False,False,False
"Katz & Doorakian Law Firm, P.L. - File tree upload",True,False,False,False
"Fishman, Larsen & Callister - Full leak published",True,False,False,False
Department of Culture and Tourism Abu Dhabi - Download link,True,False,False,False
Ensemble Montplaisir,True,False,False,False
Genesis Billing Services,True,False,False,False
Wegley Higginbotham & Associates,True,False,False,False
"City of Keene, NH",True,False,False,False
Websterhenry.com,True,False,False,False
PACIFIC BIOLABS,True,False,False,False
LCM Construção e Comércio S/A,True,False,False,False
brennytransportation.com,True,False,False,False
tiergesundheitszentrum-koenigslutter.de,True,False,False,False
bayviewci.org,True,False,False,False
communitycareresources.com,True,False,False,False
Accu Reference Medical Lab,True,False,False,False
Nactarome,True,False,False,False
SPANN Roofing & Sheet Metal,True,False,False,False
Tara Pac,True,False,False,False
www.wheelsauto.com,True,False,False,False
www.georgeallenconstruction.com,True,False,False,False
Wispone,True,False,False,False
nactarome.eu,True,False,False,False
Yinon Magal,True,False,False,False
Medusa,True,False,False,False
Computer Ingenuity Associates,True,False,False,False
Mack Energy Corp,True,False,False,False
Microf,True,False,False,False
PPC Mechanical Seals,True,False,False,False
Emphail.com,True,False,False,False
TBC,True,False,False,False
Lamberts Business Systems,True,False,False,False
Confartigianato Imprese,True,False,False,False
Majestic,True,False,False,False
Leaked Documents Reveal Identities of Iran International Staff,True,False,False,False
G****d,True,False,False,False
Ace Wire Spring & Form,True,False,False,False
Stratascorp Technologies,True,False,False,False
Evidence of cooperation between the Mossad and Mojtaba Pourmohsen,True,False,False,False
Iran Internation WhatsApp and Internal Access,True,False,False,False
The Providence Warwick Convention,True,False,False,False
Doak Shirreff Lawyers,True,False,False,False
UPG Enterprises,True,False,False,False
MITACHI (HK) COMPANY LIMITED,True,False,False,False
INICIA,True,False,False,False
Faria Braga Advogados Associados,True,False,False,False
unyleya.edu.br,True,False,False,False
snapav.com / resideo.com,True,False,False,False
Wfmt,True,False,False,False
"Wood, Patel & Associates",True,False,False,False
Tyree Oil,True,False,False,False
Milberg,True,False,False,False
Florida Hand Center,True,False,False,False
Iran International,True,False,False,False
volpatoindustrie.it,True,False,False,False
BIG SILVER,True,False,False,False
MAFATE BUSINESS ENTERPRISE,True,False,False,False
University of Puerto RicoRío Piedras Campus,True,False,False,False
PHARMARON.COM,True,False,False,False
PILOTTHOMAS.COM,True,False,False,False
Cahill Seeds,True,False,False,False
Taiwan Digital Streaming Co Ltd,True,False,False,False
ELZAB,True,False,False,False
silverdalebc.com,True,False,False,False
chirurgiemaxillo.com,True,False,False,False
lowcostspayneuterindiana.org,True,False,False,False
avgouleaschool.gr,True,False,False,False
lewis-manning.org.uk,True,False,False,False
wmat.nsn.us,True,False,False,False
cascobay.org,True,False,False,False
profile-ind.com,True,False,False,False
relucent.com,True,False,False,False
fmsarchitects.com,True,False,False,False
ppa-eng.com.org,True,False,False,False
caredig.co.uk,True,False,False,False
Belmont Engineered Plastics,True,False,False,False
BARIATRIX NUTRITION,True,False,False,False
EvoluPharm,True,False,False,False
Silent Gliss Italia,True,False,False,False
Gateway Community,True,False,False,False
Arch-Con Corporation,True,False,False,False
KOLBUS,True,False,False,False
CR Architecture + Design,True,False,False,False
Institute of Culinary Education,True,False,False,False
Crenshaw Community Hospital,True,False,False,False
Rhea Vendors Group SpA,True,False,False,False
LTL,True,False,False,False
S****H,True,False,False,False
Idgcayman.com,True,False,False,False
Lee Publications,True,False,False,False
Allied Steel Buildings,True,False,False,False
Advance Ready Mix,True,False,False,False
PennantPark,True,False,False,False
Studio VernaSocietà Professionale,True,False,False,False
gatewaycsb.org,True,False,False,False
Nos********om.br,True,False,False,False
Ws*******.de,True,False,False,False
Ridewill SRL,True,False,False,False
https://thesandersfirm.com/,True,False,False,False
heimhaus.de,True,False,False,False
Satanlock project will be shut down,True,False,False,False
tsaworld.com,True,False,False,False
jubileejobs.org,True,False,False,False
ITACCESS PTE. LTD.,True,False,False,False
Freedom Wood Doors Ltd,True,False,False,False
Whim Hospitality,True,False,False,False
R&W Engineering,True,False,False,False
Sun Direct,True,False,False,False
Southwest CARE Center,True,False,False,False
Sermo,True,False,False,False
Prosecuting Attorneys' Council of Georgia,True,False,False,False
Eurofins,True,False,False,False
https://klinikdrindrajana.com/,True,False,False,False
Hong Kong Victim,True,False,False,False
China Harbour Engineering Company,True,False,False,False
TBD HONG KONG,True,False,False,False
c****gl*b*.com,True,False,False,False
takachiho.co.jp,True,False,False,False
elematec,True,False,False,False
gotec,True,False,False,False
Hana Financial,True,False,False,False
Assetlabs,True,False,False,False
BD Group,True,False,False,False
RG Mexico,True,False,False,False
Silver Lining Herbs,True,False,False,False
S******h.com,True,False,False,False
Your Building Centers,True,False,False,False
fkk.ac.th,True,False,False,False
studionotarile.com,True,False,False,False
cityofgardendale.com,True,False,False,False
Corinthian Media,True,False,False,False
DKN Hotels,True,False,False,False
knightknox,True,False,False,False
Apntelecom.com,True,False,False,False
Universal Software Solutions,True,False,False,False
Niflaot Hatzuna Ltd,True,False,False,False
C B King Memorial School(branch),True,False,False,False
Punta Del Agua,True,False,False,False
Arlington Occupational Health and Wellness - Full leak published,True,False,False,False
Avantic Medical Lab - Full leak published,True,False,False,False
Cenomi Retail,True,False,False,False
JFC Electric,True,False,False,False
Metric,True,False,False,False
All Choice Rentals,True,False,False,False
Biofloral,True,False,False,False
Lydig Construction,True,False,False,False
Del Corona &Scardigli Canada,True,False,False,False
Rama judicial colombia,True,False,False,False
Sanderling,True,False,False,False
Kirkor Architects and Planners,True,False,False,False
Vynopsis,True,False,False,False
Universal Softare Solutions,True,False,False,False
vresystems.com,True,False,False,False
corpdvs.com,True,False,False,False
conlonproducts.net,True,False,False,False
https://www.injusa.com/,True,False,False,False
QUINTADAMARINHA.com,True,False,False,False
atlantissubmarines,True,False,False,False
Allegheny Answering Service,True,False,False,False
HKG Duty Free,True,False,False,False
JCC Rockland,True,False,False,False
Oxford Universal Corp,True,False,False,False
The University of Zagreb Faculty of Science,True,False,False,False
alereon.com,True,False,False,False
fcsserves.org,True,False,False,False
Mainetti,True,False,False,False
"Ivri, Kerner & Co",True,False,False,False
dossenterprises.com,True,False,False,False
lafayettefamilyymca.org,True,False,False,False
jansen-aschendorf.de,True,False,False,False
villagecoin.com,True,False,False,False
parsons-peebles.com,True,False,False,False
capmark.org,True,False,False,False
GlobaLinks,True,False,False,False
Alert Medical Alarms,True,False,False,False
LP Charpente,True,False,False,False
Watermark Marine Systems,True,False,False,False
exhibits-intl.com,True,False,False,False
tokiomarine-nichido.co.jp,True,False,False,False
www.ogr-jp.com,True,False,False,False
"Cameron, Hodges, Coleman, LaPointe",True,False,False,False
The Printing House,True,False,False,False
Kinik Gross Toptan Market,True,False,False,False
Premier 1888 Ltd.,True,False,False,False
"JIEI CO., LTD",True,False,False,False
Eversendai,True,False,False,False
coruzcitywndata+,True,False,False,False
Portel Logistic Technologies,True,False,False,False
www.malonebailey.com,True,False,False,False
**********-*******.co.jp,True,False,False,False
*************.org,True,False,False,False
"simmons-Boardman Publishing, Inc",True,False,False,False
semco-tech.com,True,False,False,False
www.nuphoton.com,True,False,False,False
I*******n.com,True,False,False,False
oandg.com.au,True,False,False,False
Hotam EC,True,False,False,False
entab.se,True,False,False,False
Murex Petroleum,True,False,False,False
"HRConnects, LLC",True,False,False,False
Meleam S.p.A.,True,False,False,False
Budget Electric,True,False,False,False
Epcatalogs Company,True,False,False,False
ClockWorkAdmin,True,False,False,False
Landscape Hawaii,True,False,False,False
Tiscali SPA,True,False,False,False
ONGC Petro Additions Limited,True,False,False,False
Four Quarters,True,False,False,False
Dynamic Netsoft,True,False,False,False
NK Customer Solutions,True,False,False,False
Welthungerhilfe,True,False,False,False
www.ultrarapit.net,True,False,False,False
www.humac.dk,True,False,False,False
www.prival.com,True,False,False,False
www.skcounsel.com,True,False,False,False
www.continental.aero,True,False,False,False
www.sanmarti.es,True,False,False,False
www.anubis-cosmetics.com,True,False,False,False
www.floralimited.com,True,False,False,False
Tech Mahindra,True,False,False,False
elpasoglass.com,True,False,False,False
greatcdltraining.com,True,False,False,False
broadleafgame.com,True,False,False,False
buffalomarine.com,True,False,False,False
Carter Manufacturing,True,False,False,False
Emtech Inc,True,False,False,False
View Zuellig Industrial,True,False,False,False
Islington Golf Club,True,False,False,False
Sunrise Springs Spa Resort,True,False,False,False
CGP&H,True,False,False,False
Cartel Communication Systems,True,False,False,False
Associated Packaging,True,False,False,False
artexmanagement.com,True,False,False,False
norsk.global,True,False,False,False
SiloKing,True,False,False,False
Dickow Cyzak Tile,True,False,False,False
Morningsideservices,True,False,False,False
******.de,True,False,False,False
******.com,True,False,False,False
******.org,True,False,False,False
Weizmann New Leak,True,False,False,False
Pensions.gov.lk,True,False,False,False
Woodtect,True,False,False,False
The Kingdom of Tonga's Ministry of Health,True,False,False,False
Merlin Industries,True,False,False,False
mcparlane.com,True,False,False,False
Johnstone Supply Dallas-Fort Worth,True,False,False,False
Antigo Construction,True,False,False,False
Dealmed Medical Supplies,True,False,False,False
Tappoo Group of Companies,True,False,False,False
melilla.es,True,False,False,False
hubermanlaw.co.il,True,False,False,False
Martin Showers Smith& McDonald,True,False,False,False
Imblum Law Offices,True,False,False,False
MultiStone,True,False,False,False
Studio Verna SocietàProfessionale,True,False,False,False
Arbour Volkswagen,True,False,False,False
Airedale Springs,True,False,False,False
Ubon Ratchathani University,True,False,False,False
Pay Tel Communications,True,False,False,False
QHR Ltd,True,False,False,False
"Habitat for Humanity of Greater Sioux Falls, Inc.",True,False,False,False
"Quaser Machine Tools, Inc",True,False,False,False
JobPlace Ltd,True,False,False,False
AEROBLOX,True,False,False,False
Wilsonville Toyota-Scion,True,False,False,False
Positive Solutions,True,False,False,False
Tecore,True,False,False,False
gudeco.de,True,False,False,False
Medical Center of Marin,True,False,False,False
Cutcliffe Archetto & Santilli,True,False,False,False
Informatika A.D.,True,False,False,False
Pennant Park,True,False,False,False
T.O. Brasil,True,False,False,False
Fund for Reformed Companies (FONPER),True,False,False,False
CMI,True,False,False,False
"GMORS Co., Ltd",True,False,False,False
Nationwidecare.org,True,False,False,False
Olivera Canarias,True,False,False,False
tdunhamcpa.com,True,False,False,False
sbh,True,False,False,False
hawaiiunified.com,True,False,False,False
VS Associates,True,False,False,False
Datrose,True,False,False,False
The Lowell Hotel New York,True,False,False,False
Integrity Mortgage,True,False,False,False
Keystone Shipping,True,False,False,False
Sweeney Design,True,False,False,False
www.covenanthealth.net,True,False,False,False
motorsport-de-la-capitale,True,False,False,False
lurie-glass,True,False,False,False
Access Financial,True,False,False,False
Seppeler Gruppe,True,False,False,False
Inflite Engineering Services,True,False,False,False
Myrtue Medical Center Hospital,True,False,False,False
Machu Picchu Foods,True,False,False,False
Lexington & Richland County School District Five,True,False,False,False
Arlington Occupational Health and Wellness,True,False,False,False
PeopleCheck,True,False,False,False
"Katz & Doorakian Law Firm, P.L.",True,False,False,False
Avantic Medical Lab,True,False,False,False
"Fishman, Larsen & Callister",True,False,False,False
gouverneur.com,True,False,False,False
hy-vee.com,True,False,False,False
caldine,True,False,False,False
mccn.org,True,False,False,False
stopzbugs.com/USA/146GB,True,False,False,False
mlderm.com,True,False,False,False
Estes Forwarding Worldwide,True,False,False,False
Agganis Driving School,True,False,False,False
Hilliard Enterprises,True,False,False,False
Brown & Winters,True,False,False,False
Brown & Brown PC,True,False,False,False
Israel Job Info Ltd,True,False,False,False
Shelter Locations in Israel,True,False,False,False
Telcom Insurance Group,True,False,False,False
Fisher59,True,False,False,False
Ovalstrapping,True,False,False,False
Dairy Farmers of America,True,False,False,False
aetoscapitalasia.com,True,False,False,False
Ben Horin & Alexandrovitz Ltd,True,False,False,False
fecovita.com,True,False,False,False
rhodar.co.uk,True,False,False,False
Wisconsin Judicare,True,False,False,False
rioglass-solar,True,False,False,False
Zacharia Levi Ltd,True,False,False,False
OAK PARK & RIVER FOREST HIGH SCHOOL,True,False,False,False
Collision & Classics,True,False,False,False
ALFA Testing Equipment,True,False,False,False
Levinzon CPA,True,False,False,False
doradosoftware.com,True,False,False,False
Disneyland Paris,True,False,False,False
Kibbutz Almog,True,False,False,False
Sivim IT,True,False,False,False
cisin.com,True,False,False,False
powells.biz,True,False,False,False
diffazur.fr,True,False,False,False
AXT,True,False,False,False
Comelesa,True,False,False,False
SUSTA-STAMPI,True,False,False,False
januschke.at,True,False,False,False
taoscounty.org,True,False,False,False
Vacation Myrtle Beach,True,False,False,False
Place Homes,True,False,False,False
glwholesale.com,True,False,False,False
siamgas and petrochemicals public company ltd,True,False,False,False
Haor Heavy Transport,True,False,False,False
YHD Group,True,False,False,False
Saban Systems,True,False,False,False
https://www.ilesfuneralhomes.com/,True,False,False,False
AFECC - Hospital Santa Rita de Cássia,True,False,False,False
Morar Construtora e Incorporadora LTDA,True,False,False,False
varico Poland,True,False,False,False
Feng Chia University,True,False,False,False
RADIX,True,False,False,False
realityfinance.com,True,False,False,False
nardinifire.com,True,False,False,False
hparchitecture.com,True,False,False,False
kontek.com,True,False,False,False
mileschristi.org,True,False,False,False
accu-search.com,True,False,False,False
spacebridge.com,True,False,False,False
nipro.com,True,False,False,False
gmaxequine.com,True,False,False,False
fiestafranchise.com,True,False,False,False
New Jersey Association on Correction,True,False,False,False
THAIRUNG GROUP,True,False,False,False
GB Group,True,False,False,False
Coreix,True,False,False,False
Agura B.C LTD,True,False,False,False
Mor-logistics,True,False,False,False
Weizmann Institute of Science,True,False,False,False
West Texas Oral and Facial Surgery,True,False,False,False
membersourcecu.org,True,False,False,False
TN CPA,True,False,False,False
Huesman Schmid Insurance Agency,True,False,False,False
Pressure Dynamics International,True,False,False,False
Trackside Services,True,False,False,False
Clayton Construction,True,False,False,False
Strait Steel,True,False,False,False
macedonia.oh.us,True,False,False,False
Alaffia,True,False,False,False
TSE Industries & WHK Biosystems,True,False,False,False
evanspharmacy.com/USA/56gb/,True,False,False,False
coBuilder,True,False,False,False
Technology Consultants Group,True,False,False,False
Bridgehead,True,False,False,False
Ess Brothers & Sons,True,False,False,False
Metropolis Country Club,True,False,False,False
Equip'LaboFROID,True,False,False,False
Sturdevant'sAuto Parts,True,False,False,False
Academic Urology & Urogynecology of Arizona,True,False,False,False
"Lamina Dielectrics, United Kingdom",True,False,False,False
Sandhill View County School_UK,True,False,False,False
Durant City,True,False,False,False
HYBRO Saatzucht GmbH& Co KG,True,False,False,False
VERTEL,True,False,False,False
gibGREINER,True,False,False,False
RRS Foodservice,True,False,False,False
Strafford County NH,True,False,False,False
Clark Mechanical,True,False,False,False
Jasper Products,True,False,False,False
NF Stroth & Associates,True,False,False,False
Tufton Capital Management,True,False,False,False
Agaris,True,False,False,False
Cutcliffe Archetto &Santilli,True,False,False,False
Ab Ovo,True,False,False,False
CNPC USA,True,False,False,False
accountant falavinha.local,True,False,False,False
TBN Israel,True,False,False,False
Freedman HealthCare,True,False,False,False
spg.net,True,False,False,False
moserengineering.com,True,False,False,False
Israel’s fuel supply system Data,True,False,False,False
SecurU,True,False,False,False
Brett-Robinson,True,False,False,False
bulentklise.com.tr,True,False,False,False
Sacred Heart School,True,False,False,False
Project Partners,True,False,False,False
S&H Express,True,False,False,False
Rollex,True,False,False,False
NPD Products,True,False,False,False
codesco.com,True,False,False,False
packagesteel.com,True,False,False,False
099 ISP,True,False,False,False
hohmannoilandplumbing.com,True,False,False,False
cs-groupllc.com,True,False,False,False
pzsarchitects.com,True,False,False,False
welcometosedgebrook.com,True,False,False,False
moffett-towers-club.com,True,False,False,False
liberty-township.com,True,False,False,False
mcsl.de,True,False,False,False
rusindustries.com,True,False,False,False
theoverheaddoorco.com,True,False,False,False
awo-giessen.org,True,False,False,False
realschule-karlstadt.org,True,False,False,False
bristolhose.com,True,False,False,False
Repremundo.com.co,True,False,False,False
Y.G. New Idan,True,False,False,False
Israel’s fuel supply system,True,False,False,False
Aerodreams,True,False,False,False
NewGen,True,False,False,False
StudentKare,True,False,False,False
Central Point School District 6,True,False,False,False
faycom,True,False,False,False
Eagle Builders,True,False,False,False
Ajmanre.gov.ae,True,False,False,False
ramlaw.com,True,False,False,False
isd1.org,True,False,False,False
sgapl.com.au,True,False,False,False
cypress,True,False,False,False
"Bowles Womack & Company, P.C",True,False,False,False
Món Sant Benet,True,False,False,False
frazierbowles.com,True,False,False,False
Biogest,True,False,False,False
Sweeney,True,False,False,False
"French Gov ""PYV S""",True,False,False,False
talismancivil.com,True,False,False,False
Frazier & Bowles,True,False,False,False
550madison.com,True,False,False,False
lakebook.com,True,False,False,False
upstartpower.com,True,False,False,False
dcinvestors.com,True,False,False,False
biokplus.com,True,False,False,False
haydist.com,True,False,False,False
wilsonappliance.com,True,False,False,False
garmonandcompany.com,True,False,False,False
Lake Region Healthcare,True,False,False,False
Dyrham Park,True,False,False,False
Patron Insurance Services,True,False,False,False
skirball.org,True,False,False,False
alleray-labrouste,True,False,False,False
nucamprv.com,True,False,False,False
titantrailers.com,True,False,False,False
McCracken Financial Solutions,True,False,False,False
Cryoviva,True,False,False,False
Christian Brothers Academy,True,False,False,False
lawyersmutual.com,True,False,False,False
apollomd.com,True,False,False,False
RH,True,False,False,False
wow pictures,True,False,False,False
Ha******.us,True,False,False,False
infraestructures.cat,True,False,False,False
Lawton Partners,True,False,False,False
www.waveny.org,True,False,False,False
French Gov,True,False,False,False
www.kerrvilleisd.net,True,False,False,False
Asefa Insuarance,True,False,False,False
bioalleva,True,False,False,False
fasse.com,True,False,False,False
Chain IQ,True,False,False,False
A&R Engineering,True,False,False,False
Center for Clinical Research,True,False,False,False
Eastern Platinum Limited,True,False,False,False
AP Lettering,True,False,False,False
Rosewood Farm,True,False,False,False
Morpeth Pharmacy,True,False,False,False
Letry,True,False,False,False
Skyline Dubuque,True,False,False,False
Fenol Kimya,True,False,False,False
Capitol Taxes,True,False,False,False
currimjee,True,False,False,False
via-optronics,True,False,False,False
iberol,True,False,False,False
eira-group,True,False,False,False
KMMP,True,False,False,False
nipponindiaim,True,False,False,False
unilever,True,False,False,False
Ersar,True,False,False,False
NCVOO,True,False,False,False
BTHK,True,False,False,False
lactanet,True,False,False,False
ssi-mi,True,False,False,False
dad,True,False,False,False
astronika,True,False,False,False
sras,True,False,False,False
icidesi,True,False,False,False
taos,True,False,False,False
carducci,True,False,False,False
Arch-con,True,False,False,False
Evasa,True,False,False,False
JELGAVAS TIPOGRAFIJA,True,False,False,False
peterpauper,True,False,False,False
interiorsgroup.ie,True,False,False,False
narvikhavn.no,True,False,False,False
event-medical.com,True,False,False,False
ationwidecare.org,True,False,False,False
webberrestaurantgroup.com,True,False,False,False
BelkorpAg.com,True,False,False,False
Parkway Construction LLC,True,False,False,False
"K.M. Packaging Co., Ltd",True,False,False,False
Medifarma,True,False,False,False
Health-Insights,True,False,False,False
Mount Rogers Community Services,True,False,False,False
rotaryeng.com.sg,True,False,False,False
Department of Culture and Tourism Abu Dhabi - Full leak published,True,False,False,False
rmzoilfield.com,True,False,False,False
palawancoop hospital,True,False,False,False
Petroquim Chile,True,False,False,False
education.gouv.fr,True,False,False,False
S5 Agency World,True,False,False,False
SHUKAKU-INC,True,False,False,False
electro-seal.com,True,False,False,False
Bumfords,True,False,False,False
Hartwig Mechanical Inc,True,False,False,False
San Jose Country Club,True,False,False,False
Homestead Gardens,True,False,False,False
Community Choice Credit Union,True,False,False,False
NyN,True,False,False,False
girv,True,False,False,False
dugoni,True,False,False,False
ecoter,True,False,False,False
EUC Sjlland,True,False,False,False
Al Tadawi Specialty Hospital,True,False,False,False
mytaac.com,True,False,False,False
mercercapital.com,True,False,False,False
triangleheatingcooling.com,True,False,False,False
Hudson River Housing,True,False,False,False
https://www.personalservice.com.br/,True,False,False,False
Deakin Medical,True,False,False,False
ad-engineering.co.uk,True,False,False,False
Ascot Vale Health Group,True,False,False,False
AntFarm,True,False,False,False
waiwhetu-medical-centre,True,False,False,False
In'Tech Industries,True,False,False,False
Ticketmaster,True,False,False,False
rinaldi.com.br,True,False,False,False
Ingonyama Trust Board,True,False,False,False
The Green Flame Gas Co.,True,False,False,False
QuadMiners,True,False,False,False
quenotedeporten,True,False,False,False
lgipr,True,False,False,False
Best Profil,True,False,False,False
MTTEXPERTISES.COM,True,False,False,False
Nunez Dental,True,False,False,False
Kittery Police Department,True,False,False,False
ACCS Le Groupe,True,False,False,False
TC Wilson,True,False,False,False
Optima Tax Relief,True,False,False,False
Synopsys,True,False,False,False
"Homeyer Consulting Services, Inc",True,False,False,False
Farmacisti Più Rinaldi S.p.A.,True,False,False,False
Productionsaw.com,True,False,False,False
golf-schoenenberg.ch,True,False,False,False
frylite.com,True,False,False,False
regen.com,True,False,False,False
regentscapital.com,True,False,False,False
cityofbelvedere.org,True,False,False,False
microman.com,True,False,False,False
healthtrust.org,True,False,False,False
brucknertruck.com,True,False,False,False
britteninc.com,True,False,False,False
accuvein.com,True,False,False,False
appotech,True,False,False,False
Ebac,True,False,False,False
Triumph Construction,True,False,False,False
Veethree,True,False,False,False
A*****e.gov.ae,True,False,False,False
LS Proline,True,False,False,False
Barnhartcrane.com,True,False,False,False
Western Insurance Marketing Corporation,True,False,False,False
HBI Canada,True,False,False,False
Columbia TI,True,False,False,False
Sturdevant's Auto Parts,True,False,False,False
Tien Tuan Pharmaceutical Machinery Co. Ltd,True,False,False,False
Ryan Harvie McEnery,True,False,False,False
AMS Paving,True,False,False,False
RECYCLA,True,False,False,False
GRECA Asfaltos (grupogreca.com.br),True,False,False,False
iscamen,True,False,False,False
"Davies, Mcfarland & Carroll",True,False,False,False
FORTÉ,True,False,False,False
American Hospital Dubai,True,False,False,False
Lts.com.vn,True,False,False,False
Groupe Devimco,True,False,False,False
V² Development,True,False,False,False
all-nations-health-center,True,False,False,False
YIEH UNITED STEEL CORP,True,False,False,False
IoTechWorld,True,False,False,False
EPC Group,True,False,False,False
DALB,True,False,False,False
Kel Campbell,True,False,False,False
Zeus Tecnología,True,False,False,False
J-Kraft,True,False,False,False
university of chile,True,False,False,False
cemeteries.local,True,False,False,False
Funktel GmbH,True,False,False,False
Solar City Tyre Service,True,False,False,False
Kettering Health,True,False,False,False
Epworth-Hospital,True,False,False,False
www.motorworldarc.co.uk,True,False,False,False
DMG Contractors,True,False,False,False
Flo Components,True,False,False,False
Reece Noland & McElrath Engineers,True,False,False,False
Miller & Stewart,True,False,False,False
Strand Ag Supply,True,False,False,False
Buford Ranches,True,False,False,False
RISE Racing,True,False,False,False
APH Svenska,True,False,False,False
Norgeshus,True,False,False,False
PPM Industries SpA,True,False,False,False
Jordan Kuwait Bank - Full leak published,True,False,False,False
Myer Auto,True,False,False,False
ochsinc.org.com,True,False,False,False
digitalwarroom.com,True,False,False,False
FLOE International,True,False,False,False
Rochon,True,False,False,False
Sorter Construction,True,False,False,False
yahtec,True,False,False,False
North American Lighting,True,False,False,False
VANTAGE,True,False,False,False
basakkent,True,False,False,False
Dynamic Engineering,True,False,False,False
Observer Media Group,True,False,False,False
Sleepy Hollow Country Club,True,False,False,False
sky,True,False,False,False
Sandhills Medical Foundation,True,False,False,False
Navesink Rehab,True,False,False,False
Solar City,True,False,False,False
Lumenation,True,False,False,False
"Semple, Marchal & Cooper, LLP",True,False,False,False
WC Smith,True,False,False,False
jerichofd.com/USA/157GB/,True,False,False,False
Capital Trade,True,False,False,False
FLOE Internationa,True,False,False,False
Rechler Equity Partners,True,False,False,False
Family Health Specialists,True,False,False,False
Naper Grove Vision Care,True,False,False,False
Vinda Group,True,False,False,False
Riverdell Construction,True,False,False,False
Diyar,True,False,False,False
DHL THAILAND,True,False,False,False
Jardin De Ville,True,False,False,False
Kansas City Aviation Center,True,False,False,False
venezolanadepinturas.com,True,False,False,False
Pistolero,True,False,False,False
Hospital José Agurto Tello de Chosica,True,False,False,False
Wilkie Sanderson,True,False,False,False
valuestoreit,True,False,False,False
Universidad Técnica del Norte Ecuador,True,False,False,False
Dcsdev.org,True,False,False,False
daycohost.com,True,False,False,False
nokotapackers.com,True,False,False,False
Bailey's,True,False,False,False
Presort First Class,True,False,False,False
RE/MAX,True,False,False,False
Town of North Providence Rhode Island corporate office,True,False,False,False
immobilia.hu,True,False,False,False
universityacademy.org,True,False,False,False
lantro.com,True,False,False,False
radicon,True,False,False,False
ASCOMA Cameroon,True,False,False,False
Chrisman Commercial,True,False,False,False
Trustgrp.ae,True,False,False,False
Volkswagen Group,True,False,False,False
Synergy Investments,True,False,False,False
Terra Caribbean,True,False,False,False
Adriatic Glass & Mirrors,True,False,False,False
Bin Faqeeh Real Estate,True,False,False,False
TDM Technical Services,True,False,False,False
Rousseau,True,False,False,False
mysfa.org,True,False,False,False
meeksgroup.com,True,False,False,False
sfhumanesociety.org,True,False,False,False
donowentire.com,True,False,False,False
iicil.com,True,False,False,False
visco.de,True,False,False,False
buechel-online.com,True,False,False,False
office-national,True,False,False,False
www.shautoparts.com,True,False,False,False
allstarflooring.com,True,False,False,False
M&H Electric Fabricators,True,False,False,False
Tri-Point Solutions,True,False,False,False
W.E. Bowers,True,False,False,False
Anchor Industries,True,False,False,False
wheel-king,True,False,False,False
Canadian Rocky Mountain Resorts,True,False,False,False
Chalmers Suspensions International,True,False,False,False
evergreen-hotel,True,False,False,False
Lars Myhre Ostfold AS,True,False,False,False
Datatrykk,True,False,False,False
MCM Construction,True,False,False,False
STANDBYTE,True,False,False,False
Acorn Sales,True,False,False,False
UnigazJordan,True,False,False,False
Jordan Drug,True,False,False,False
ibague.losolivos.co,True,False,False,False
Avance Agricola sl,True,False,False,False
murraybuildingcompany.com,True,False,False,False
sander-doll.com,True,False,False,False
usmortgage.com,True,False,False,False
McKenzie Commercial Contractors,True,False,False,False
Choice AG,True,False,False,False
AGME Automated assembly solutions,True,False,False,False
Termignoni SpA,True,False,False,False
Del Corona & Scardigli Canada,True,False,False,False
eli,True,False,False,False
bcps.k12.va.us,True,False,False,False
personalassistants.com,True,False,False,False
a1trusses.com,True,False,False,False
teamhorner.com,True,False,False,False
logan.edu,True,False,False,False
cpshawaii.net,True,False,False,False
ccllabel.com,True,False,False,False
tmcousa.com,True,False,False,False
hallmarknameplate.com,True,False,False,False
mhmlawgroup.com,True,False,False,False
ASC Machine Tools,True,False,False,False
gruposancristobal.com.mx,True,False,False,False
radsports.com,True,False,False,False
schoenundendres.de,True,False,False,False
hennertanklines.com,True,False,False,False
Alliance Healthcare IT,True,False,False,False
metromont.com,True,False,False,False
Inns of Aurora,True,False,False,False
Infinox,True,False,False,False
Mulia Raya,True,False,False,False
bridgecast.ca,True,False,False,False
codylawfirm.com,True,False,False,False
spring-green.com/petbutler.com,True,False,False,False
paynecountyok.gov,True,False,False,False
Eliel Cycling,True,False,False,False
KDV Label,True,False,False,False
SunMoon university,True,False,False,False
innovasystems.com,True,False,False,False
Quick Frames USA,True,False,False,False
Neurosurgeons,True,False,False,False
Cator Ruma & Associates,True,False,False,False
"LaboratoriosBelloch (Nelly, Yunsey,Fresh feel)",True,False,False,False
High Grade Materials,True,False,False,False
l*s.com.vn,True,False,False,False
Fujipoly Ltd,True,False,False,False
Fujipoly Hong Kong Ltd,True,False,False,False
Elite Advanced Laser Corporation ( Elaser ),True,False,False,False
kosmas.cz,True,False,False,False
The Salvation Army,True,False,False,False
Lac La Biche Transport,True,False,False,False
Cape Robbin Inc,True,False,False,False
Lasercam,True,False,False,False
Flagship Bank,True,False,False,False
"TOP Ships Inc., Stock Symbol TOPS",True,False,False,False
Valiant Energy Solutions,True,False,False,False
iptelecom GmbH,True,False,False,False
educo,True,False,False,False
A/C Supply,True,False,False,False
Brackett & Ellis,True,False,False,False
www.nexus.edu.my,True,False,False,False
Corantioquia,True,False,False,False
Wrap & Send Services,True,False,False,False
"Eight8Ate Holdings, Inc",True,False,False,False
Centralno grijanje Tuzla,True,False,False,False
DataPost,True,False,False,False
kiwi86,True,False,False,False
qualitas-pro,True,False,False,False
SMV Thailand,True,False,False,False
Wilson International,True,False,False,False
Legal Practice Board of Western Australia,True,False,False,False
Sylvania,True,False,False,False
VS One Technology,True,False,False,False
A M King,True,False,False,False
"Laboratorios Belloch(Nelly, Yunsey, Fresh feel)",True,False,False,False
labbeemint.com,True,False,False,False
servicecentermetals.com,True,False,False,False
ozarkah2o.com,True,False,False,False
gjszlin.cz,True,False,False,False
lrcpa.com,True,False,False,False
estudiolm.com.ar,True,False,False,False
Frederick's Machine & Tool Shop,True,False,False,False
WAT Supplies,True,False,False,False
Media Links,True,False,False,False
dmbarone.com,True,False,False,False
dcbflegal.com,True,False,False,False
rtblegal.com.au,True,False,False,False
Siena Hotel,True,False,False,False
Tan Logistics in Turkey,True,False,False,False
La Maison Liégeoise,True,False,False,False
Executive Jet Support,True,False,False,False
alles Lægehus,True,False,False,False
Mammut Sports Group,True,False,False,False
FrontierCo,True,False,False,False
Étude Bordet,True,False,False,False
ALB Forex,True,False,False,False
Balcia Insurance,True,False,False,False
Gobierno del Estado de Colima,True,False,False,False
Mediclinic Group,True,False,False,False
Department of Culture and Tourism Abu Dhabi,True,False,False,False
Olho D'Água Distribuidora,True,False,False,False
Carrera Chevrolet,True,False,False,False
Antea Luce,True,False,False,False
Novaria,True,False,False,False
Sama,True,False,False,False
Constructive Building Solutions,True,False,False,False
oxparkrec.org,True,False,False,False
Reliance Heating,True,False,False,False
kkp.law,True,False,False,False
iss-na.com,True,False,False,False
icgad.com,True,False,False,False
dbhcares.com,True,False,False,False
icmtx.com,True,False,False,False
jastreet.com,True,False,False,False
neffendorfblockercpa.com,True,False,False,False
gosvt.com,True,False,False,False
vazirilaw.com,True,False,False,False
www.nijar.es,True,False,False,False
D****v.org,True,False,False,False
Coweta County School System,True,False,False,False
Insight PipeContracting,True,False,False,False
Anjos Ramos,True,False,False,False
elitavia.com,True,False,False,False
Calcadawines,True,False,False,False
Kalamazoo Public School District,True,False,False,False
Vernon Milling,True,False,False,False
T******p.ae,True,False,False,False
South Atlantic Federal Credit Union,True,False,False,False
AKJ Energiteknik,True,False,False,False
Berko İlaç Ve Ki̇mya San Aş,True,False,False,False
Ghent Dredging,True,False,False,False
French Gov 2025,True,False,False,False
Delignit,True,False,False,False
www.paragonradiology.com,True,False,False,False
netstar,True,False,False,False
West Lothian Council,True,False,False,False
www.bestop.com,True,False,False,False
Simalga,True,False,False,False
radiologue.paris,True,False,False,False
Murphy Pearson Bradley &Feeney,True,False,False,False
Bronx Pro Group,True,False,False,False
The Haymond Law Firm,True,False,False,False
Professional TestingCorporation (PTC),True,False,False,False
piercecountylibrary.org,True,False,False,False
Curewell Pharmacy & Surgicals,True,False,False,False
Wawasan Dengkil Sdn Bhd,True,False,False,False
4Motive,True,False,False,False
Adria Grupa,True,False,False,False
Coca-Cola,True,False,False,False
Cacspmec,True,False,False,False
TeamLease,True,False,False,False
Ecoinside,True,False,False,False
The Holiday:Adult Care Community & Retirement Homes,True,False,False,False
CNHI LLC,True,False,False,False
AttainX,True,False,False,False
Greater Seattle Concrete,True,False,False,False
notar-roemer-troisdorf.de,True,False,False,False
rgvengineering.co.uk,True,False,False,False
servicedecorating.com,True,False,False,False
ctd-dortmund.de,True,False,False,False
planet-itservices.com,True,False,False,False
dawg-dok.de,True,False,False,False
proctorlane.com,True,False,False,False
sb-p.de,True,False,False,False
schoene-aussicht-kassel.de,True,False,False,False
ndsohio.org,True,False,False,False
Anglo American plc,True,False,False,False
Rivers Academy West London,True,False,False,False
JDC Air & Sea Freight (HEUEL LOGISTICS Group),True,False,False,False
www.seashoremotel.com,True,False,False,False
www.wirebangkok.com,True,False,False,False
www.axxoshotels.com,True,False,False,False
crystalhotels.com.tr,True,False,False,False
nirvanahotels.com.tr,True,False,False,False
thewatermansarms.net,True,False,False,False
Semple & Cooper,True,False,False,False
Ertl ELECKTRO FELDBACH,True,False,False,False
Valentin Hotels,True,False,False,False
Florida Lung,True,False,False,False
durhamarts.org,True,False,False,False
tennsco.com,True,False,False,False
Rommel's Ac\Rommel Electric\Rommel Harley - Davidson,True,False,False,False
The Vascular Experts,True,False,False,False
MSM International (TOYOMI),True,False,False,False
Making Tech Happen,True,False,False,False
BEST VISION,True,False,False,False
Tri State Electric,True,False,False,False
Landmark Properties,True,False,False,False
Stiga.com,True,False,False,False
Medswana,True,False,False,False
Indigo Group S.A.,True,False,False,False
Runtec,True,False,False,False
K & K Fence,True,False,False,False
EPK,True,False,False,False
branchcore,True,False,False,False
NSSF KENYA,True,False,False,False
edgeanalytical.com,True,False,False,False
TBD KOREA,True,False,False,False
TBD HONK KONG,True,False,False,False
TBD GREECE,True,False,False,False
TOHO-CO,True,False,False,False
TBD KENYA,True,False,False,False
piriou,True,False,False,False
Williams Patent Crusher & Pulverizer Co.,True,False,False,False
Mantis Creative. Formerly known as WCI Rally.,True,False,False,False
www.atolon-parkhotel.com,True,False,False,False
Horecamaterialen De Meester NV,True,False,False,False
Asco Tools,True,False,False,False
DSI Tech,True,False,False,False
Termolar,True,False,False,False
Colegio de la Compania de Maria Vigo,True,False,False,False
Fong Shann Printing Philippines,True,False,False,False
Road Development Corporation,True,False,False,False
RECI SYSTEMS,True,False,False,False
Grupo Boulevard,True,False,False,False
This entry has been removed following a request from the company.,True,False,False,False
mylikowines.co.uk,True,False,False,False
ngca.net,True,False,False,False
distribution2.com,True,False,False,False
redsquaredentalcare.com,True,False,False,False
overheadtyler.com,True,False,False,False
clarkmechanicalinc.com,True,False,False,False
prais.ro,True,False,False,False
aplusmachining.com,True,False,False,False
MG Chemicals,True,False,False,False
Gearhiser Peters Elliott & Cannon,True,False,False,False
freudenberg-cranes.com,True,False,False,False
diyar.com,True,False,False,False
blainemn.gov,True,False,False,False
abilenetx.gov,True,False,False,False
gmb.com,True,False,False,False
chreynolds.com,True,False,False,False
cwcglobal.com,True,False,False,False
gestionnaireimmobilier.ca,True,False,False,False
compagnons-du-devoir.com,True,False,False,False
aldersonlaw.com,True,False,False,False
scelltech.com,True,False,False,False
Carney Badley Spellman,True,False,False,False
zvaonline.com,True,False,False,False
nissi-beach.com,True,False,False,False
alpha-steuer.de,True,False,False,False
npfy.org,True,False,False,False
finanzconsult-immobilien.de,True,False,False,False
www.davisdavisco.com,True,False,False,False
ros.eu,True,False,False,False
ccrcda.org,True,False,False,False
"Pacific Summit Energy, Sumitomo Corporation affiliate",True,False,False,False
Triple Jump,True,False,False,False
"ALL RING TECH CO., LTD.",True,False,False,False
Straits Construction,True,False,False,False
"Fleet Equipment Center, Inc.",True,False,False,False
ATD-American,True,False,False,False
K-State College of Veterinary Medicine,True,False,False,False
"UCC Retrievals, Inc.",True,False,False,False
"TBM Consulting Group, Inc.",True,False,False,False
Premier Packaging,True,False,False,False
LINDOSTAR,True,False,False,False
HTE Technologies,True,False,False,False
Gough Construction,True,False,False,False
Kennedy Funding,True,False,False,False
BUROTEC S.A.,True,False,False,False
A & L Auto Recyclers,True,False,False,False
"Alliance Industries, LLC.",True,False,False,False
"CelPlan Technologies, Inc.",True,False,False,False
avioesforza.it,True,False,False,False
Panzer Solutions LLC Business Services,True,False,False,False
New River Electrical Corporation,True,False,False,False
ANKERSKA PLOVIDBA d.d.,True,False,False,False
Adams Homes,True,False,False,False
A-1 Mobile Lock & Key,True,False,False,False
Pensacola,True,False,False,False
"Patrick Sanders and Company, P.C.",True,False,False,False
"Mullen Wylie, LLC",True,False,False,False
Cucina Tagliani,True,False,False,False
Data Campos Sistemas,True,False,False,False
GC Custom Metal Fabricationsoon,True,False,False,False
Business Systems House FZ-LLC,True,False,False,False
Compra LTD Aruba,True,False,False,False
Keizer's Collision CSN & Automotive,True,False,False,False
"The Municipal Administration
of Barranquitas and its
Department of Finance",True,False,False,False
The PHOENIX,True,False,False,False
"Nations Homes
Commercial & Residential Construction
South Carolina, United States",True,False,False,False
PC AfterHours,True,False,False,False
Bells Tax Service,True,False,False,False
Tiendas Carrion & Fernandez,True,False,False,False
LA LUCKY Brand,True,False,False,False
Midland Turbo,True,False,False,False
First Baptist Church,True,False,False,False
Kandelaar Electrotechniek,True,False,False,False
Light Speed Design,True,False,False,False
Acumen Group,True,False,False,False
Relate Infotech,True,False,False,False
D&G Enviro-Group,True,False,False,False
"Inventory Management
and Counting Solutions",True,False,False,False
HIDROCARBUROS ARGENTINOS S.A.,True,False,False,False
Akantha,True,False,False,False
EVAS Group,True,False,False,False
Rees NDT Inspection Services,True,False,False,False
"TOHO CO., LTD.",True,False,False,False
Maruichi Leavitt Pipe & Tube,True,False,False,False
south african airways (flysaa.com),True,False,False,False
olympusaero.com,True,False,False,False
azpiaran.com,True,False,False,False
wnyenergy.com,True,False,False,False
Vezina Lawrence & Piscitelli,True,False,False,False
"MKA Accountants: Business Advisers, Moonee Ponds VIC",True,False,False,False
ITinSell group,True,False,False,False
www.jparkislandresort.com,True,False,False,False
Gloucester County Virginia,True,False,False,False
GARDNER ORTHOPEDICS,True,False,False,False
Royal Chemical,True,False,False,False
Grafton Technologies,True,False,False,False
Regal Ideas,True,False,False,False
Av Alumitran,True,False,False,False
Murphy Pearson Bradley & Feeney,True,False,False,False
Franman,True,False,False,False
Sao Camilo Cachoeiro de Itapemirim,True,False,False,False
www.cmic-cmo.com,True,False,False,False
Trindel Insurance Fund,True,False,False,False
Nottingham Construction,True,False,False,False
"DeVita & Associates, Inc.",True,False,False,False
PDI Health,True,False,False,False
Kingsmen Creatives Ltd.,True,False,False,False
Dishaka,True,False,False,False
Superior Steel,True,False,False,False
Precision Tax Relief,True,False,False,False
Nedved Architekti,True,False,False,False
First Choice Courier & Messenger,True,False,False,False
Overhead Door of Nova Scotia,True,False,False,False
Operative,True,False,False,False
Just Concrete & Masonry,True,False,False,False
EIZO Rugged Solutions,True,False,False,False
loopergoodwine.com,True,False,False,False
"www.circul-aire.com, www.dectron.com",True,False,False,False
psec.com.ar,True,False,False,False
bouygues-es.fr,True,False,False,False
ferretornillos.com,True,False,False,False
ratnasagar.com,True,False,False,False
brdigital.net.br,True,False,False,False
Grupo Jorge Batista,True,False,False,False
moorecoal.com,True,False,False,False
igpi.co.jp,True,False,False,False
kize-weisser-stein.de,True,False,False,False
lifesafeservices.com,True,False,False,False
gravelec.ch,True,False,False,False
abfiad.nl,True,False,False,False
join-the-quest.co.uk,True,False,False,False
maxusgroup.com,True,False,False,False
hagemann-h.de,True,False,False,False
metten-maas.de,True,False,False,False
scheuerle-stuttgart.de,True,False,False,False
gewandhaus.bayern,True,False,False,False
morricetransportation.com,True,False,False,False
tvgoiania.com.br,True,False,False,False
Beaumont Products,True,False,False,False
Statesman Business Advisors,True,False,False,False
www.regencytorviscas.com,True,False,False,False
www.regencycountryclub.com,True,False,False,False
www.regencyrestors.com,True,False,False,False
Municipality of Pisa,True,False,False,False
Pienaar Brothers,True,False,False,False
Victim from Japan,True,False,False,False
EMX Enterprises,True,False,False,False
Verrex,True,False,False,False
Sweet Shop USA,True,False,False,False
Gistic Research,True,False,False,False
North Kitsap School District,True,False,False,False
C.E.E. APTA,True,False,False,False
CHECKCITY.COM,True,False,False,False
Lake Shore Paving,True,False,False,False
Russell Child Development Center,True,False,False,False
Bervar and Jones,True,False,False,False
Klampfer Elektroanlagen,True,False,False,False
Mountain View Mushrooms,True,False,False,False
hennessyfunds.com,True,False,False,False
DAILY NEWS THAILAND,True,False,False,False
101 Arch Street,True,False,False,False
SHRADERLAW,True,False,False,False
www.hcsheriff.gov,True,False,False,False
UniTrak,True,False,False,False
Selenis (Evertis),True,False,False,False
Selenis (Evertis is also involved),True,False,False,False
novaevo+ / T.consulT,True,False,False,False
Amtech Software,True,False,False,False
Khidmah,True,False,False,False
Kaefer,True,False,False,False
GMA NETWORK,True,False,False,False
Transport Lutztulln,True,False,False,False
Julia Evans accountants,True,False,False,False
mdgny.com,True,False,False,False
clinpath.com,True,False,False,False
gslelectric.com,True,False,False,False
jbanksdesign.com,True,False,False,False
gates-cooper.com,True,False,False,False
Langer & Langer,True,False,False,False
Elmore & Bunn,True,False,False,False
"The Dominguez Firm, LLP",True,False,False,False
USClaims,True,False,False,False
Dean & Fulkerson,True,False,False,False
Pajcic & Pajcic,True,False,False,False
Shutts,True,False,False,False
Fenwick & West LLP,True,False,False,False
Fenwick,True,False,False,False
Liberty Tax,True,False,False,False
McLaughlin & Stern,True,False,False,False
Roger Keith and Sons Insurance Agency,True,False,False,False
Advantage Group GA,True,False,False,False
Cors & Bassett,True,False,False,False
IFG Companies,True,False,False,False
Kisling Nestico & Redick,True,False,False,False
NCheng,True,False,False,False
ADM LAW,True,False,False,False
McCague Borlack,True,False,False,False
First Financial Equity,True,False,False,False
Barst Mukamal & Kleiner,True,False,False,False
Olinsky Law Group,True,False,False,False
Pembrook Group,True,False,False,False
Colucci Law Group,True,False,False,False
GreatFlorida Insurance Holding Corp.,True,False,False,False
Paycor,True,False,False,False
Baxter Baker Sidle Conn & Jones,True,False,False,False
Chicago Atlantic Group,True,False,False,False
Mauldin & Jenkins,True,False,False,False
Miller Canfield,True,False,False,False
CRC Group,True,False,False,False
44North,True,False,False,False
EW Smith Insurance Agency,True,False,False,False
Anders CPAs + Advisors,True,False,False,False
"Black , Bashor & Porsch",True,False,False,False
Shea Barclay Group,True,False,False,False
ATLAS CPAs & Advisors,True,False,False,False
Klehr Harrison Harvey Branzburg,True,False,False,False
Inspere Insurance Solutions,True,False,False,False
Cross Valley FCU,True,False,False,False
Metro Public Adjustment,True,False,False,False
Palomar Insurance,True,False,False,False
Liberty Tax Service Inc,True,False,False,False
Kotz Sangster Wysocki,True,False,False,False
Marriott International Inc,True,False,False,False
Cantey Hanger LLP,True,False,False,False
JMJ Associates,True,False,False,False
Prime Consulting Group,True,False,False,False
Ball Eggleston Law Firm,True,False,False,False
Tetra Technologies Inc,True,False,False,False
Lincoln Investment Planning LLC,True,False,False,False
Quintairos Prieto Wood & Boyer PA,True,False,False,False
"Bass , Berry & Sims PLC",True,False,False,False
Essex Property Trust,True,False,False,False
Davenport & Company LLC,True,False,False,False
AG Adjustment,True,False,False,False
Jacobs Entertainment Inc,True,False,False,False
McCague Borlack LLP,True,False,False,False
Lane Gorman Trubitt,True,False,False,False
AGT Slots,True,False,False,False
Integrity Home Mortgage Company,True,False,False,False
Hannover Re,True,False,False,False
TWFG Insurance,True,False,False,False
Geocon Inc.,True,False,False,False
Liebert Cassidy Whitmore Attorneys,True,False,False,False
Rosenbauer America,True,False,False,False
Haynie & Company PC,True,False,False,False
"Williams, Kastner & Gibbs PLLC",True,False,False,False
Sanchez Daniels & Hoffman LLP,True,False,False,False
Managed Benefits Advisors LLC,True,False,False,False
Ted A Greve & Associates PA,True,False,False,False
"Jardim, Meisner & Susser PC",True,False,False,False
ehlers-inc.com,True,False,False,False
eu-rec.de,True,False,False,False
schapmann,True,False,False,False
dosjm.com,True,False,False,False
biglevel.net,True,False,False,False
bloomfamilyeyesurgeons.com,True,False,False,False
kolpa.com.pe,True,False,False,False
dreng.com,True,False,False,False
mooregiles.com,True,False,False,False
Balance Diagnostics,True,False,False,False
"Daniels & Taylor, P.C",True,False,False,False
Commune de Jemeppe-sur-Sambre,True,False,False,False
NSS 長崎船舶装備株式会社,True,False,False,False
**********li.com,True,False,False,False
SNS SYSTEM,True,False,False,False
LGM,True,False,False,False
Future Association for Microfinance,True,False,False,False
Synthesia.com,True,False,False,False
Grupo Herradura Occidente,True,False,False,False
Croatianmint.hr,True,False,False,False
Derp.org,True,False,False,False
Abdainsurance.co.id,True,False,False,False
Vnakc.org,True,False,False,False
Goodson.com,True,False,False,False
Mediprobe Research,True,False,False,False
ATI Systems,True,False,False,False
Novosit,True,False,False,False
Downtown Travel,True,False,False,False
Rand Technology,True,False,False,False
Alberta Construction Safety Association,True,False,False,False
Breen Construction Services,True,False,False,False
Trybus,True,False,False,False
Sugar Lake Lodge,True,False,False,False
Marine Technical Surveyors,True,False,False,False
Webcor,True,False,False,False
Technical Die-Casting,True,False,False,False
GPF Lewis,True,False,False,False
Sioux Chief,True,False,False,False
OeTTINGER Brauerei,True,False,False,False
pestbusters,True,False,False,False
Hire Velocity (lan.hirevelocity.com),True,False,False,False
Pulmonary Physicians of South Florida Clinics,True,False,False,False
neatem.fr,True,False,False,False
mbmdubai.com,True,False,False,False
ddecor.com,True,False,False,False
ruizre.es,True,False,False,False
soundtransit.org,True,False,False,False
valedolobo.com,True,False,False,False
edisoft.es,True,False,False,False
iycsa.com.co,True,False,False,False
Bentley Industries,True,False,False,False
Cocoon,True,False,False,False
Lubiam,True,False,False,False
NNC Firm,True,False,False,False
Defiance,True,False,False,False
Decoline,True,False,False,False
"TOMOKU CO., LTD.",True,False,False,False
CabinC.com,True,False,False,False
American Eagle Logistics,True,False,False,False
Kalin Hobeltechnik,True,False,False,False
Fowler Elementary School,True,False,False,False
Imedexsa,True,False,False,False
HCI Informatique d'entreprise,True,False,False,False
runtec.co.jp,True,False,False,False
Megachem Singapore,True,False,False,False
Jamjoom Pharma,True,False,False,False
Jordan Kuwait Bank,True,False,False,False
enersolcr.com,True,False,False,False
KYC UK,True,False,False,False
Wizz Air,True,False,False,False
uva.edu.br,True,False,False,False
ausfec1.com.au,True,False,False,False
rosekennedygreenway.org,True,False,False,False
jean-petit.lu,True,False,False,False
atp.chaco.gob.ar,True,False,False,False
l-a.com.vn,True,False,False,False
automobile-mueller.info,True,False,False,False
laticrete.com.cn,True,False,False,False
mygoalseek.com,True,False,False,False
derichsukonertz.de,True,False,False,False
smvthailand.com,True,False,False,False
kll-law.com,True,False,False,False
arc-com.com,True,False,False,False
pdcm.com,True,False,False,False
Government of Peru,True,False,False,False
Chinese Healthcare Organisation,True,False,False,False
Singapour Factory,True,False,False,False
"Dedicated Web Consultants, Inc",True,False,False,False
www.newseason.com,True,False,False,False
cobbcounty,True,False,False,False
Defected Records,True,False,False,False
ECOM America,True,False,False,False
Southern Fidelity,True,False,False,False
Custom Paper,True,False,False,False
The Seydel Companies,True,False,False,False
www.ancc.org,True,False,False,False
Marsicovetere & Levine Law Group,True,False,False,False
Insight Pipe Contracting,True,False,False,False
The Tech Interactive,True,False,False,False
StudioVaiani,True,False,False,False
"Weil Construction, Inc",True,False,False,False
MALAYSIA AIRPORTS HOLDINGS BERHAD Part 1 of data taken !!!,True,False,False,False
The Saint James Hospital Group,True,False,False,False
Janco Steel,True,False,False,False
WDEF-TV,True,False,False,False
South African IT firm,True,False,False,False
South African Hr company,True,False,False,False
dovesit.co.za,True,False,False,False
SIMCO Electronics,True,False,False,False
Matrix New World Engineering,True,False,False,False
Watkins Steel,True,False,False,False
"Southwood Financial,SWF FUNDING LLC, EduCap Inc.",True,False,False,False
Telco Intercontinental,True,False,False,False
Digestive Specialists,True,False,False,False
FCC,True,False,False,False
mossyoak.com,True,False,False,False
dlcid.com,True,False,False,False
bostonconveyorandautomation.com,True,False,False,False
nuovadfl.it,True,False,False,False
rfsd13.org,True,False,False,False
Ushio,True,False,False,False
Coop UQAM,True,False,False,False
National Steel City,True,False,False,False
PermaCold Engineering,True,False,False,False
Missouri Pipe Fittings,True,False,False,False
Cooper Global Chauffeured,True,False,False,False
BOLL Logistik,True,False,False,False
Gorham Sand & Gravel,True,False,False,False
southernagllc.com,True,False,False,False
SoloVue,True,False,False,False
SJERP,True,False,False,False
Hpital Glengarry Memorial Hospital (clglen.local),True,False,False,False
"David Mills CPA, LLC",True,False,False,False
w8textil,True,False,False,False
csspv,True,False,False,False
Melco Capital Pte. Ltd.,True,False,False,False
Kramer Green Zuckerman Greene and Buchsbaum,True,False,False,False
rawafid,True,False,False,False
Tolerance Masters,True,False,False,False
Élan Sportif Nantes,True,False,False,False
Tomio Ingeniería,True,False,False,False
Ihara,True,False,False,False
Pere Claver grup,True,False,False,False
Formosa Chang,True,False,False,False
hasbco Company,True,False,False,False
Al-Hejailan Group,True,False,False,False
NewHotel cloud,True,False,False,False
ARRCO LSM,True,False,False,False
​​​​Bio-Clima Service,True,False,False,False
​​​​bettininformatica - suporteon,True,False,False,False
​​​​agromate,True,False,False,False
LaBella Associates,True,False,False,False
HELUKABEL,True,False,False,False
DIALLOG,True,False,False,False
CCHC Healthcare,True,False,False,False
nccer.org,True,False,False,False
Dermatologists of Birmingham,True,False,False,False
MALAYSIA AIRPORTS HOLDINGS BERHAD,True,False,False,False
www.latouchepediatrics.com,True,False,False,False
govcz,True,False,False,False
Bioprofarma Bagó S.A,True,False,False,False
Whitley Law Firm,True,False,False,False
Minnesota Lawyers Mutual Insurance,True,False,False,False
RC Manubhai,True,False,False,False
FMT Consultants,True,False,False,False
Mantel Machine Products,True,False,False,False
Scientel Solutions,True,False,False,False
Haas & Associates,True,False,False,False
Crawford Door Sales,True,False,False,False
www.southlandscs.com,True,False,False,False
Matthews Law,True,False,False,False
Phelps United,True,False,False,False
Conditioned Air Corporation,True,False,False,False
Appalachian Regional Commission,True,False,False,False
Linney,True,False,False,False
liftsolutionsinc.net,True,False,False,False
Penderels Trust,True,False,False,False
KLINGER Italy,True,False,False,False
DIALLOG company,True,False,False,False
"Sisnet, Costa Rica",True,False,False,False
MDB,True,False,False,False
Seneca Gaming & Entertainment,True,False,False,False
Stadtwerke Schwerte GmbH,True,False,False,False
M'AR De AR Hotels,True,False,False,False
DYNAMIS Insurance,True,False,False,False
corporateflight.com,True,False,False,False
shgcpa.com,True,False,False,False
Kenworth Del Sur,True,False,False,False
J. SCHNEEBERGER Maschinen AG,True,False,False,False
Penn Emblem (penn.local),True,False,False,False
Kasb Bank - K-Trade,True,False,False,False
Santa Cruz Properties,True,False,False,False
Cohn Lifland Pearlman Herrmann and Knopf,True,False,False,False
DaVita,True,False,False,False
Madison School District Schools,True,False,False,False
EU victim,True,False,False,False
Advanced Simulation Technology inc. (ASTi),True,False,False,False
impactcanada.com,True,False,False,False
pay4freight.com,True,False,False,False
greatplainstransport.com,True,False,False,False
buildingmaterialspecialties.com,True,False,False,False
friscochamber.com,True,False,False,False
Pacific Metallurgical,True,False,False,False
The Fortune Society,True,False,False,False
Dress To,True,False,False,False
end2endtechnologies,True,False,False,False
Oversea Casing,True,False,False,False
Fogelman Management Group,True,False,False,False
Vicarage Court Solicitors,True,False,False,False
arkansasprimarycare.com,True,False,False,False
Fleet Canada,True,False,False,False
HELUKABEL company,True,False,False,False
thederbyhighschool.co.uk,True,False,False,False
"MFR CULTIVONS LES REUSSITES, France",True,False,False,False
rawafid company,True,False,False,False
tecnologias.mspz2.gob.ec,True,False,False,False
Farmo Res,True,False,False,False
coloradopulmonary.com,True,False,False,False
Two Kings Casino Resort,True,False,False,False
Rayle Electric Membership Corporation,True,False,False,False
Milicic,True,False,False,False
Varela Hermanos,True,False,False,False
Dar Al Teb,True,False,False,False
Shinko Shoji,True,False,False,False
Versa Networks,True,False,False,False
ESP Associates,True,False,False,False
lemi-group,True,False,False,False
N8XT,True,False,False,False
www.unitedcaps.com,True,False,False,False
Mafi,True,False,False,False
Jet Ice,True,False,False,False
"M-POWER Information, Taiwan",True,False,False,False
"promenade-village-dental, Canada",True,False,False,False
Independent Financial Services,True,False,False,False
NESCTC,True,False,False,False
The Human Bean,True,False,False,False
Lantronix,True,False,False,False
All Book Covers,True,False,False,False
Suburban Carting,True,False,False,False
Springer & Steinberg,True,False,False,False
Diedrich Coffee,True,False,False,False
franklin nursing home,True,False,False,False
Asesoría Bieito,True,False,False,False
Natilait,True,False,False,False
Amazon Transportes,True,False,False,False
Bacton Transport Services,True,False,False,False
amethystgroup.co.uk,True,False,False,False
parrishleasing.com,True,False,False,False
R&N Manufacturing,True,False,False,False
Acos Favorit,True,False,False,False
​​​​agromate company,True,False,False,False
Machu PicchuFoods,True,False,False,False
Auren part 1,True,False,False,False
Auren part 2,True,False,False,False
ZB ZIMMERMANN UND BECKERGmbH,True,False,False,False
C-Mec,True,False,False,False
Richmond СPA,True,False,False,False
MASHBURN CONSTRUCTION,True,False,False,False
"The law firm of Rochelle McCullough, L.L.P",True,False,False,False
Bindi SpA,True,False,False,False
TrussWorks International,True,False,False,False
Dominion Lending Centres,True,False,False,False
Sinalisa Segurança Viária Ltda,True,False,False,False
Pharma Force,True,False,False,False
tuttoperlufficio.eu,True,False,False,False
Accueil - Site Offciel de la commune d'Ardon,True,False,False,False
The Michelson Organization,True,False,False,False
Premier Meats South Africa,True,False,False,False
Feel Four,True,False,False,False
Singapour Victim,True,False,False,False
Honk Kong Victim,True,False,False,False
China Harbour Engeneiring Company,True,False,False,False
Iris ID,True,False,False,False
City of Grove,True,False,False,False
Lithium Americas Nevada,True,False,False,False
MRC de Maskinongé - district,True,False,False,False
FAKO-M Getränke,True,False,False,False
"ChangShen Hospital, Taiwan",True,False,False,False
​​​​bettininformatica - suporteon company,True,False,False,False
Z****a.com,True,False,False,False
"Independent Title Agency, LLC",True,False,False,False
Agencia Browne y Espinoza,True,False,False,False
Heinz Hammer Vertragswerkstatt (Mercedes-Benz car dealer),True,False,False,False
dhsmithco.com,True,False,False,False
[EVIDENCE PACK 2] Telecontrol,True,False,False,False
Bosshard-farben.ch,True,False,False,False
Pe*************.lk,True,False,False,False
Orl***********.com,True,False,False,False
pea**********.uk,True,False,False,False
Pc***********.org,True,False,False,False
"Hubbard, McIlwain, &Brakefield, P.C.",True,False,False,False
farma,True,False,False,False
www.monaghan.eu,True,False,False,False
Tänzer GmbH,True,False,False,False
Toppan Next,True,False,False,False
Global Media Group,True,False,False,False
Hayward Quartz Technology,True,False,False,False
Wilmington Personal Injury Lawyer - DPLAW,True,False,False,False
Compliance Consulting Group,True,False,False,False
"Mid-America POOL RENOVATION, Inc",True,False,False,False
1sthealthinc.com,True,False,False,False
Sally B Gold,True,False,False,False
accesssmt.com,True,False,False,False
HOPI,True,False,False,False
Enflame Technology,True,False,False,False
yankeetrails.com,True,False,False,False
universalwindow.com,True,False,False,False
bertie.k12.nc.us,True,False,False,False
Kaye Lifestyle Homes,True,False,False,False
TRALFO Srl Trasporti e Spedizioni,True,False,False,False
Schultz Industries Inc.,True,False,False,False
Manchester Credit Union,True,False,False,False
Ju Percussion Group,True,False,False,False
VIÑUELAS ABOGADOS,True,False,False,False
"EVERTECH INSTRUMENTAL CO., LTD",True,False,False,False
itec-gmbh.com,True,False,False,False
heinrich-steinhardt.de,True,False,False,False
hurst-schroeder.de,True,False,False,False
helixtools.co.uk,True,False,False,False
heilbronn.de,True,False,False,False
getriebetech.de,True,False,False,False
kirkel.de,True,False,False,False
extremefire.com.au,True,False,False,False
foerster-schwanau.de,True,False,False,False
eichele-bau.de,True,False,False,False
frapack.de,True,False,False,False
aqhch.com.cn,True,False,False,False
Koninklijke Ahold Delhaize N.V.,True,False,False,False
niemann.de,True,False,False,False
www.nelson.edu,True,False,False,False
​​​​Bio-Clima Service,True,False,False,False
Red Chamber,True,False,False,False
d-line-it.com,True,False,False,False
jackpotjunction.com,True,False,False,False
Lamberti Group,True,False,False,False
Feldman & Lopez,True,False,False,False
Hyalogic,True,False,False,False
aeamg.org.br,True,False,False,False
ende.bo,True,False,False,False
Dale Partners Architects,True,False,False,False
Anfarm Hellas,True,False,False,False
D'Granel,True,False,False,False
Afa Systems Ltd.,True,False,False,False
shengyusteel.com,True,False,False,False
semex.com,True,False,False,False
McElwee Firm,True,False,False,False
govonisabbiatrici,True,False,False,False
KraftKisarna,True,False,False,False
Pryor Morrow,True,False,False,False
Pratt Homes,True,False,False,False
Setpoint Systems,True,False,False,False
Pawnee Heights Unified School District,True,False,False,False
iblinfo.de,True,False,False,False
a-1freeman,True,False,False,False
Astra Products,True,False,False,False
Lake HVAC,True,False,False,False
ARRCO LSM,True,False,False,False
www.clubcar.com,True,False,False,False
toolsign.com,True,False,False,False
spscompanies.com,True,False,False,False
nevadareadymix.com,True,False,False,False
iescomm.com,True,False,False,False
Heierli,True,False,False,False
Bolivar Insulation,True,False,False,False
King Industries Inc.,True,False,False,False
PEÑA BRIONES MCDANIEL & CO.,True,False,False,False
Inductors Inc.,True,False,False,False
NewHotel cloud company,True,False,False,False
trocaire.edu,True,False,False,False
Oregon Department of Environmental Quality,True,False,False,False
NL Olson & Associates,True,False,False,False
CDI,True,False,False,False
Waller,True,False,False,False
Miller Boskus Lack Architects,True,False,False,False
Cortez Resources,True,False,False,False
Comport Technology Solutions,True,False,False,False
Merri-Makers,True,False,False,False
O'Brien & Ryan,True,False,False,False
Voigt-Abernathy Company,True,False,False,False
Destination Toronto,True,False,False,False
James & Sons Fine Jewelers,True,False,False,False
Al-Hejailan Group,True,False,False,False
Caputo,True,False,False,False
Calmont Group,True,False,False,False
Agricola Da Quinta De Corona,True,False,False,False
STUMPF MÜLLER Biberach,True,False,False,False
Oklahoma Steel & Wire,True,False,False,False
Orthopaedic Specialists of Connecticut,True,False,False,False
MENTAL HEALTH,True,False,False,False
REFFINDO-PT Pupk Indonesia,True,False,False,False
FEELFOUR,True,False,False,False
Med institute,True,False,False,False
"Bangkok Electronics Co., Ltd",True,False,False,False
Tawasol,True,False,False,False
CALTON.COM,True,False,False,False
"Tanaka Electronics Taiwan Co., LTD",True,False,False,False
SUMITOMOTOOL,True,False,False,False
INI Investments,True,False,False,False
STORT,True,False,False,False
Powiatowy Urząd Pracy w Żorach,True,False,False,False
OMCI S.p.a,True,False,False,False
Sistel Connections,True,False,False,False
InterLOGIC Inc,True,False,False,False
"Secretaria de Educacion de Veracruz, SEV",True,False,False,False
Nicera,True,False,False,False
Emotrans Chile,True,False,False,False
Zaphira Uniformes,True,False,False,False
Audit Accounting Advisory Taxes,True,False,False,False
Condista,True,False,False,False
Precision Textiles,True,False,False,False
Coulter & Tateoka,True,False,False,False
Miller & Caggiano,True,False,False,False
Service Trade SpA,True,False,False,False
Harris Steel,True,False,False,False
Ossman Consultants Limited,True,False,False,False
McFarland Commercial Insurance Services,True,False,False,False
Bridgebank Limited,True,False,False,False
Pulse Urgent Care,True,False,False,False
National Association for Stock Car Auto Racing,True,False,False,False
Fall River Public Schools,True,False,False,False
intelliloan.com,True,False,False,False
FEELFOUR,True,False,False,False
All4Labels -Global Packaging Group,True,False,False,False
Chickenshed,True,False,False,False
visionproducts.llc,True,False,False,False
acimfunds.com,True,False,False,False
City Plumbing & ElectricSupply Co.,True,False,False,False
MS SUPPLY CHAIN SOLUTIONS (MALAYSIA) SDN. BHD,True,False,False,False
Mapaex,True,False,False,False
CMC Corperation,True,False,False,False
Dimension Composite,True,False,False,False
bilbie.com.au,True,False,False,False
Bjørklund,True,False,False,False
C?l???t Group,True,False,False,False
"Batesville Products,Inc.",True,False,False,False
Colmar Industrial Supplies,True,False,False,False
Restaurant Associates,True,False,False,False
Imagineering Finishing Technologies,True,False,False,False
On IT,True,False,False,False
Bonick Landscaping,True,False,False,False
Sfrent.net,True,False,False,False
The Study,True,False,False,False
Codinter,True,False,False,False
PAC Strapping Products,True,False,False,False
New York Sports Club,True,False,False,False
Noyen Construction,True,False,False,False
KER Custom Molders,True,False,False,False
Cane Creek Cycling Components,True,False,False,False
hasbco Company,True,False,False,False
"ModulusGroup,Ludi-SFM",True,False,False,False
inspec-international.com,True,False,False,False
TMA Group of Companies,True,False,False,False
SeproTec Multilingual Solutions,True,False,False,False
Harvest,True,False,False,False
3P Corporation,True,False,False,False
sk.com,True,False,False,False
Algas Engineering Pte Ltd - Algas Engineering,True,False,False,False
Správa služeb hlavního města Prahy,True,False,False,False
Potomac Financial Services,True,False,False,False
silocaf.com,True,False,False,False
chesterfieldtwp.org,True,False,False,False
finetech.de,True,False,False,False
Dumont Telephone,True,False,False,False
Dinaksa Pesaje,True,False,False,False
Sasszemklinika,True,False,False,False
MHT Partners,True,False,False,False
SPEEDFAM,True,False,False,False
Blink Photo,True,False,False,False
North Platte Natural Resources District,True,False,False,False
Galvatech,True,False,False,False
Helitek Company Ltd.,True,False,False,False
"Bangkok Electronics Co., Ltd",True,False,False,False
Simms Sigal Linwood Inc.,True,False,False,False
Hotell Euroopa,True,False,False,False
Consonic,True,False,False,False
ccso2014.local(sheriffs),True,False,False,False
Yozgat City Hospital,True,False,False,False
physiciansmedicalbilling.net,True,False,False,False
gramoll.com,True,False,False,False
farmerbros.com,True,False,False,False
Taxplan,True,False,False,False
Mochtar Karuwin Komar: Indonesian law firm - MKK,True,False,False,False
technoforte software pvt ltd,True,False,False,False
International Busines Service,True,False,False,False
Iris Neofinanciera,True,False,False,False
"RFMS, Inc.",True,False,False,False
www.gchd.org,True,False,False,False
averasia,True,False,False,False
Third Avenue Management,True,False,False,False
crystal-d.com,True,False,False,False
Bauer-Walser AG,True,False,False,False
Gruppo C.R S.p.a,True,False,False,False
FKS Group,True,False,False,False
Coop57,True,False,False,False
The Fullerton Hotelsand Resorts,True,False,False,False
Thiekon Constructie,True,False,False,False
Doman Building Materials Group,True,False,False,False
Andretti Indoor Karting & Games,True,False,False,False
galesburg.org,True,False,False,False
Cambridge Fluid Systems,True,False,False,False
The Komec,True,False,False,False
Spring Creek Golf & Country Club,True,False,False,False
JKC Australia LNG,True,False,False,False
American Air Conditioning & Heating,True,False,False,False
Dhoot Transmission,True,False,False,False
Privat-Spitex Schweiz GmbH,True,False,False,False
P**o***,True,False,False,False
CVTE,True,False,False,False
Telecontrol,True,False,False,False
Metal Sales Manufacturing Corporation,True,False,False,False
asiapacificex.com,True,False,False,False
TIME Group,True,False,False,False
ASOLO DOLCE SAS,True,False,False,False
SMYK,True,False,False,False
Baucenter.it,True,False,False,False
sunbayhotel.com,True,False,False,False
Dalincoln,True,False,False,False
Flo Components,True,False,False,False
St Edmund's College,True,False,False,False
Hewsco.com,True,False,False,False
Wertex Group,True,False,False,False
Dubai Company,True,False,False,False
Texas Construction Firm,True,False,False,False
Optimax Technology,True,False,False,False
doumen.fr,True,False,False,False
Phil Smith Automotive Group,True,False,False,False
Dermatology Solutions,True,False,False,False
National Electronic Transit (N.E.T),True,False,False,False
Altara,True,False,False,False
IACC Holdings,True,False,False,False
Texla Energy Management,True,False,False,False
Krypton Solutions,True,False,False,False
FS Tool Corporation,True,False,False,False
Groupe Delcourt,True,False,False,False
Hofmann Fördertechnik GmbH,True,False,False,False
IDS Infotech,True,False,False,False
grupotersa.com.mx,True,False,False,False
graphiquedefrance.com,True,False,False,False
Swiss Capitals Group,True,False,False,False
National Ticket Company,True,False,False,False
Bosshard-Farben AG,True,False,False,False
Eagle Distilleries,True,False,False,False
caschile.cl,True,False,False,False
Optimax Technology,True,False,False,False
ABITL Finishing,True,False,False,False
Baltimore Steel Erectors,True,False,False,False
Hawk Technology,True,False,False,False
Csm Engineering,True,False,False,False
L&S Mechanical (Reuploaded),True,False,False,False
Industrial Corona de México,True,False,False,False
HighWire Press,True,False,False,False
Racami,True,False,False,False
Asseco,True,False,False,False
LeoVegas AB,True,False,False,False
Nexia Poyiadjis IT,True,False,False,False
TEDOM,True,False,False,False
Blackmon Mooring,True,False,False,False
Apex Logistics International,True,False,False,False
FUJIFILM,True,False,False,False
"Latronica Law Firm, P.C",True,False,False,False
Massachusetts Municipal Wholesale Electric,True,False,False,False
Royal Glass,True,False,False,False
Fraser Trebilcock,True,False,False,False
Drive Products,True,False,False,False
Doman,True,False,False,False
Sinari's software POC,True,False,False,False
amourgis.com,True,False,False,False
DELOPT,True,False,False,False
Source Photonics,True,False,False,False
AWM Alliance Real Estate Group Ltd.,True,False,False,False
RORZE Technology Inc.,True,False,False,False
yuagam,True,False,False,False
Sansone Group,True,False,False,False
"Parker Fabrication, Inc",True,False,False,False
Henna Chevrolet,True,False,False,False
National Sign corp,True,False,False,False
raymurray.com,True,False,False,False
dgr.at,True,False,False,False
yumaspazio.com,True,False,False,False
The ToolShed,True,False,False,False
turkish defense military,True,False,False,False
rheinmetall.com (Rheinmetall Defence),True,False,False,False
Woodmen Valley Chapel,True,False,False,False
Cherokee County School District,True,False,False,False
gangotreehomes.com (RealEstate),True,False,False,False
Secret plans of Indian army,True,False,False,False
Bangladesh Armed Forces (BangLadesh Army),True,False,False,False
Saudi Arabian military and government internal center,True,False,False,False
Hellenic Airforce,True,False,False,False
Gem-Dandy Accessories,True,False,False,False
Fuller Metric Parts,True,False,False,False
ezbuy.sg (Singapore Shopping),True,False,False,False
Iran gas service system,True,False,False,False
kfar hatta medical center - Lebanon,True,False,False,False
Polizia italia mail access,True,False,False,False
zalora.sg (Singapore Shopping),True,False,False,False
Doumen,True,False,False,False
Hop Industries,True,False,False,False
Lifebreath,True,False,False,False
Parvin-Clauss Sign Company,True,False,False,False
OTA Management,True,False,False,False
Fulfillment Plus,True,False,False,False
Regionale Verkehrsbetriebe,True,False,False,False
ascires.com,True,False,False,False
aosense.com - AO Sense INC.,True,False,False,False
dardoc.com,True,False,False,False
Alton Steel,True,False,False,False
navy-mil-bd,True,False,False,False
Taking stock of March 2025,True,False,False,False
Socarpor,True,False,False,False
Naza TTDI Sdn Bhd,True,False,False,False
Mikado Publicis,True,False,False,False
"Entech Sales & Service, LLC",True,False,False,False
Prima Power,True,False,False,False
Clarity Ventures,True,False,False,False
crownlaboratories.com,True,False,False,False
caliendoarchitects.com,True,False,False,False
Brügger Architekten AG,True,False,False,False
Royal Saudi Air Force,True,False,False,False
Collective Architecture,True,False,False,False
IMA Global,True,False,False,False
US BioTek Laboratories,True,False,False,False
drdo.gov.in,True,False,False,False
uniproof.com.br,True,False,False,False
DG2 Design,True,False,False,False
The Loretto Hospital,True,False,False,False
(UPDATE) - whitecapcanada.com,True,False,False,False
"Bamar Plastics, Inc.",True,False,False,False
Mercury Integrated Manufacturing,True,False,False,False
"Alora Pharmaceuticals, LLC",True,False,False,False
747 Studios,True,False,False,False
BenefitElect,True,False,False,False
Ocuco,True,False,False,False
Workers Informática Ltda,True,False,False,False
Testima Engineering,True,False,False,False
Brella,True,False,False,False
Fancy Films,True,False,False,False
Lendco,True,False,False,False
Nydegger + Finger AG,True,False,False,False
Dorel Home,True,False,False,False
Hexicor,True,False,False,False
AAPG,True,False,False,False
Hanna Global Solutions,True,False,False,False
Flagship Press Flagship Press,True,False,False,False
attorneykohm.com,True,False,False,False
intellioan.com,True,False,False,False
jackpotjunction.com,True,False,False,False
alertenterprise.com,True,False,False,False
europtec.com,True,False,False,False
delta-life.com,True,False,False,False
Valens Bank/Pay/Exchange,True,False,False,False
Regency Outdoor Advertising,True,False,False,False
Groupe Sinari,True,False,False,False
Atlanta Plastic & Reconstructive Specialists,True,False,False,False
stattorney.org,True,False,False,False
Talley Metal Fabrication,True,False,False,False
Southern Avionics,True,False,False,False
Industrial Dynamics,True,False,False,False
goosehead.com,True,False,False,False
Pak Technologies,True,False,False,False
Evans Distribution Systems,True,False,False,False
Transcore,True,False,False,False
pln.co.id - PLN INDONESIA,True,False,False,False
moh.gov.rw,True,False,False,False
Bunger Steel,True,False,False,False
Lee & Sakahara Architects,True,False,False,False
Kyocera Document Solutions Europe,True,False,False,False
Design Design,True,False,False,False
CMC Technology Group,True,False,False,False
Meridian Senior,True,False,False,False
Saunders and Saunders,True,False,False,False
Sonrisas Dental Health,True,False,False,False
Hartmann Stanyak Bürosysteme,True,False,False,False
REPROHAUS Corp,True,False,False,False
Virserius Studio,True,False,False,False
Ste Group Key Corp,True,False,False,False
SIRIUS S.R.L.,True,False,False,False
AKTO,True,False,False,False
Tomio Ingeniería,True,False,False,False
Élan Sportif Nantes,True,False,False,False
Ihara company,True,False,False,False
Pere Claver grup,True,False,False,False
Zuni Data,True,False,False,False
Analog Integrations Corporation,True,False,False,False
Formosa Chang,True,False,False,False
Netronix Inc,True,False,False,False
TEPAS,True,False,False,False
creativeunited.org.uk,True,False,False,False
brightonaustralia.com.au,True,False,False,False
tieraerzte-warburg.de,True,False,False,False
system-toolsgmbh.de,True,False,False,False
vinylvisions.com,True,False,False,False
estilointeriors.co.uk,True,False,False,False
swr.school,True,False,False,False
albrecht-partner-steuerberatung.de,True,False,False,False
alpsteel.com,True,False,False,False
blunk-gmbh.de,True,False,False,False
cjs-buerodienstleistungen.de,True,False,False,False
beaudry.ca,True,False,False,False
bohrerhof.de,True,False,False,False
metalogicinspection.com,True,False,False,False
comfort.de,True,False,False,False
vcvitanzasons.com,True,False,False,False
tramann.de,True,False,False,False
schuhbode.de,True,False,False,False
norson.com,True,False,False,False
fd-friedrich.com,True,False,False,False
westwarwickwelding.com,True,False,False,False
prestigeer.com,True,False,False,False
ecconstructors.com,True,False,False,False
wrm.org,True,False,False,False
retycol.com,True,False,False,False
marcom-inc.ca,True,False,False,False
adolphelawgroup.com,True,False,False,False
wagner-transporte.com,True,False,False,False
children-ne.org.uk,True,False,False,False
mayaassurance.com,True,False,False,False
National Defense Corp,True,False,False,False
www.assisi.nl,True,False,False,False
dapope.com,True,False,False,False
Town of Orangeville,True,False,False,False
bahnlog.com,True,False,False,False
importantsteps.com,True,False,False,False
"Family Health Services, Inc",True,False,False,False
Business Software Solutions,True,False,False,False
O'Shea Builders,True,False,False,False
Thaon-les-Vosges,True,False,False,False
iDRAC (Integrated Dell Remote Access Controller) management interface for Dell servers,True,False,False,False
hardmanjohnston.com,True,False,False,False
charlesjones.ca,True,False,False,False
blue-hive.com,True,False,False,False
derianhouse.co.uk,True,False,False,False
bedfordma.gov,True,False,False,False
frazerllp.com,True,False,False,False
mmmbs.net,True,False,False,False
Pacific Residential Mortgage,True,False,False,False
Geass,True,False,False,False
Amatech,True,False,False,False
Solar Optimum,True,False,False,False
Transsion Holdings,True,False,False,False
elsoms.com,True,False,False,False
brune.com.br - Group MC (conglomerate),True,False,False,False
towellengineering.net,True,False,False,False
icvc.co - Instituto Cardiovascular del Cesar,True,False,False,False
modiin-ezrachi.co.il,True,False,False,False
La Futura,True,False,False,False
Atlantic Coast Consulting Inc,True,False,False,False
theeyeclinicsurgicenter.com - The Eye Clinic Surgicenter company,True,False,False,False
solaroptimum.com,True,False,False,False
Forrest City School District,True,False,False,False
phaus.us&phakr.com&phabodysystems.com,True,False,False,False
www.bassi.it,True,False,False,False
pereclaver.org,True,False,False,False
Martin Mechanical (martin.local),True,False,False,False
AJF Inspections & Engineering,True,False,False,False
Commercial Concrete Systems,True,False,False,False
augustssons.se,True,False,False,False
leadzen.ai,True,False,False,False
healthcasts.com,True,False,False,False
pureincubation.com,True,False,False,False
Superior Forge & Steel,True,False,False,False
S.S. White,True,False,False,False
unired.uz,True,False,False,False
Kaspar Companies,True,False,False,False
agakam,True,False,False,False
UNITED OPTICS GmbH,True,False,False,False
entandallergy.com,True,False,False,False
acm,True,False,False,False
wieso-cert,True,False,False,False
Lupin Limited,True,False,False,False
W*******w.com,True,False,False,False
www.allmilmoe.com,True,False,False,False
Wildeck Inc,True,False,False,False
ihara.com.br,True,False,False,False
Manning Materials Corp.,True,False,False,False
amatechinc.com,True,False,False,False
NAI Earle Furman,True,False,False,False
brattenelectrictn.com,True,False,False,False
NEW JERSEY CPA,True,False,False,False
REIMERS FURNITURE MFG INC,True,False,False,False
City of Fort St. John (city.cityfsj.local),True,False,False,False
Senior Support Services,True,False,False,False
nadra.gov.pk - NADRA official Of Pakistan Army & (Andhra Pradesh),True,False,False,False
Ebassi.com (E.B. Archbald and Associates),True,False,False,False
heras.co.uk,True,False,False,False
alliedwoundcare.com,True,False,False,False
crimsgroup.com,True,False,False,False
aman-iraq.com,True,False,False,False
Hansa Solutions,True,False,False,False
TOGA,True,False,False,False
Helbor,True,False,False,False
Monette Barakett,True,False,False,False
compumedics.com.au AND neuromedicalsupplies.com,True,False,False,False
www.hongthongrice.com,True,False,False,False
www.fkm-elemente.de,True,False,False,False
conterra.com,True,False,False,False
TriCity Family Services,True,False,False,False
mot.gov.iq - Iraqi Ministry of Commerce (Of Trade),True,False,False,False
israel Infrastructure & Secret Documents intelligence information,True,False,False,False
Oregon Surveillance Network - OSN!,True,False,False,False
R&K Drysdales,True,False,False,False
www.DSelectrical.com,True,False,False,False
Roshan Packages,True,False,False,False
Initiative Var,True,False,False,False
Benkin Sheet Metal 2008 Ltd,True,False,False,False
Elmos,True,False,False,False
The PNST,True,False,False,False
Austring Fairman & Fekete,True,False,False,False
tomioingenieria.com.ar,True,False,False,False
ec-nantes.fr,True,False,False,False
Direct Traffic Control,True,False,False,False
saiedu.fi,True,False,False,False
kalesavunma.com - KALE SAVUNMA.,True,False,False,False
usCalibration,True,False,False,False
B&C Industries,True,False,False,False
gettys.com,True,False,False,False
Primary Flow Signal: Flow Meters | Flow Measurement,True,False,False,False
Kimco Steel,True,False,False,False
Curtain Bluff,True,False,False,False
I.A.T.S.E. Local 667/669,True,False,False,False
Plaza Brasília Hotéis,True,False,False,False
AAYLEX ONE S.A.,True,False,False,False
www.carolinaac.com,True,False,False,False
www.garbinc.com,True,False,False,False
www.mododoc.com,True,False,False,False
www.argentosc.com,True,False,False,False
www.ripplejunction.com,True,False,False,False
www.creativelogisticservices.com,True,False,False,False
www.afnigc.ca,True,False,False,False
www.cormidom.com.do,True,False,False,False
www.lions-online.org,True,False,False,False
ossc.com.mx,True,False,False,False
fepasa.com.ar,True,False,False,False
bioclimaservice.it,True,False,False,False
Primex Farms LLC,True,False,False,False
Wide Open West - WOW!,True,False,False,False
Okeene Elementary School,True,False,False,False
6ixty8ight,True,False,False,False
Sanyo Special Steel India Pvt. Ltd.,True,False,False,False
KHAZMODAN STUDIOS,True,False,False,False
MISR AL MAHABA HOSPITAL,True,False,False,False
McMillan James Equipment Company (MJEC),True,False,False,False
"Montgomery Little & Soran, PC",True,False,False,False
Grupo Santillana,True,False,False,False
Omnitracs,True,False,False,False
www.solidworld.it,True,False,False,False
www.s3s.com,True,False,False,False
www.rivaldt.com,True,False,False,False
OMLTD.CO.JP,True,False,False,False
technicare.com,True,False,False,False
cisd.org,True,False,False,False
mnm.hu,True,False,False,False
texascompressionservices.com,True,False,False,False
airexplore.aero,True,False,False,False
www.exemplar.com,True,False,False,False
Wheels and Deals,True,False,False,False
TMT Clam Dredger,True,False,False,False
allbiz.com,True,False,False,False
iberdrola.com (Spain energy),True,False,False,False
studiocdlvallone.it,True,False,False,False
"AmeriKen Die Supply, Inc",True,False,False,False
"Andrew Davidson & Co., Inc.",True,False,False,False
AeroWorx,True,False,False,False
Bunting Capital Management Inc,True,False,False,False
California Gasket and Rubber Corporation,True,False,False,False
"Community Management, Inc.",True,False,False,False
Ellis Glass and Mirror Ltd,True,False,False,False
Texas Fifth Wall Roofing Systems,True,False,False,False
FRANKLIN PRODUCTS,True,False,False,False
"Kontane Logistics, Inc.",True,False,False,False
Lake Beverage Corp.,True,False,False,False
Maine Highlands Federal Credit Union,True,False,False,False
"Red Credit solution, LLC",True,False,False,False
Moody Homes,True,False,False,False
"iTEK Services, Inc.",True,False,False,False
Komoto Healthcare,True,False,False,False
Nelson Law Firm,True,False,False,False
Opulent,True,False,False,False
Rahnama Law,True,False,False,False
QUILTCRAFT,True,False,False,False
"Salvi, Schostok & Pritchard P.C.",True,False,False,False
Southwest Inspection and Testing,True,False,False,False
STATEWIDE ENTERPRISES,True,False,False,False
Stuwarooij,True,False,False,False
"Superior Technology, Inc.",True,False,False,False
Woodbine Hospitality,True,False,False,False
SEAQUEST SEAFOOD,True,False,False,False
www.solventacentroamerica.com,True,False,False,False
Johnson Fitness,True,False,False,False
Groupe des Industries Métallurgiques,True,False,False,False
General Formulations,True,False,False,False
PMA,True,False,False,False
Precision Accounting Intl,True,False,False,False
Ambleside,True,False,False,False
abeyor.fr,True,False,False,False
architekturbuero-heller.de,True,False,False,False
AutoCanada,True,False,False,False
Doumen,True,False,False,False
MinebeaMitsumi Inc,True,False,False,False
Goshen Medical Center,True,False,False,False
REOC San Antonio,True,False,False,False
Zaveta Custom Homes,True,False,False,False
Yadea Group Holdings Ltd,True,False,False,False
Colemanmaterials,True,False,False,False
Advance Tapes International,True,False,False,False
SPARSH Hospital,True,False,False,False
Innovative Surfaces,True,False,False,False
ICS Nett,True,False,False,False
AHI Supply,True,False,False,False
Importadora Monterrey SRL,True,False,False,False
National Edging,True,False,False,False
Nexus-Shinozaki,True,False,False,False
Structure-flex,True,False,False,False
Ciclo Cairu,True,False,False,False
Nora-Lindefrakt,True,False,False,False
Rio Marine,True,False,False,False
Synesis Surveillance System,True,False,False,False
inmarsat.com,True,False,False,False
jp-property.com,True,False,False,False
Aztec Municipal School District,True,False,False,False
compassionhealthcare.org,True,False,False,False
gbsn.com.br,True,False,False,False
armetal.com,True,False,False,False
www.scpautomation.com,True,False,False,False
www.gestionquintessence.com,True,False,False,False
www.engines.man.eu,True,False,False,False
www.abmenviro.ca,True,False,False,False
www.accessfinanceonline.com,True,False,False,False
www.ahmadiyya.ca,True,False,False,False
www.elizajennings.org,True,False,False,False
www.sinkdirect.com,True,False,False,False
www.broadmoormethodist.org,True,False,False,False
www.parklandmanufacturing.com,True,False,False,False
www.solinst.com,True,False,False,False
www.allstarhealthcaresolutions.com,True,False,False,False
www.njcalwe.com,True,False,False,False
www.gcsnet.com,True,False,False,False
www.core-1.com,True,False,False,False
www.esquirebrands.com,True,False,False,False
www.avalonapparel.com,True,False,False,False
www.oneupinnovations.com,True,False,False,False
Cayman National Bank,True,False,False,False
optiline.com,True,False,False,False
fplfood.com,True,False,False,False
biagibros.com,True,False,False,False
bellendorf.de,True,False,False,False
Officio Medical,True,False,False,False
CS Plastics,True,False,False,False
Subsurfco LLC,True,False,False,False
The Ticktin Law Group,True,False,False,False
Mpaj.gov.my,True,False,False,False
exostar.com TOP Defense AS,True,False,False,False
Standard Capital Securities (Pvt) Backoffice - Pakistan Stock Market Data Vault,True,False,False,False
www.mslglobalexp.com,True,False,False,False
mohrss.gov.cn ( Ministry of Human Resources and Social Security ),True,False,False,False
amazon.com,True,False,False,False
L&S Mechanical,True,False,False,False
Whittaker & Company,True,False,False,False
www.georgehay.co.uk,True,False,False,False
www.janvier-labs.com,True,False,False,False
National Safety Council,True,False,False,False
"Augusta Industrial Services, Inc.",True,False,False,False
Champions Group,True,False,False,False
J McCann & Co Ltd,True,False,False,False
Big Horn County School District #4,True,False,False,False
Obra Play,True,False,False,False
interiseworld.com,True,False,False,False
Instituto de Ojos,True,False,False,False
Oag.state.va.us,True,False,False,False
Wr-recht.de,True,False,False,False
Baltimorecityschools,True,False,False,False
Fi***************.pa,True,False,False,False
St***********.nl,True,False,False,False
Land Planners,True,False,False,False
Auren,True,False,False,False
Newtown Friends School (newtownfriends.org),True,False,False,False
fr.sodexo.com,True,False,False,False
"Corporate access, up to Shipping Apps in QATAR",True,False,False,False
woqod.com,True,False,False,False
mof.go.th - Ministry of Finance (Thailand),True,False,False,False
ZB ZIMMERMANN UND BECKER GmbH,True,False,False,False
Cargills Bank,True,False,False,False
Luff Industries,True,False,False,False
Megacentro,True,False,False,False
smic.mi.th (Thailand Intelligence Agency),True,False,False,False
www.kvhealth.net,True,False,False,False
www.gob.ve,True,False,False,False
Access Panel Financial Technology Company (Thailand),True,False,False,False
United States County Palm Beach Goverment,True,False,False,False
Municipal taxation Secretariat Access - Brazil Goverment,True,False,False,False
Intelligence Bureau of the Joint Staff Department of the Central Military Commission...,True,False,False,False
rac.gov.my,True,False,False,False
nimapinfotech.com,True,False,False,False
controlledair.com,True,False,False,False
Q railing,True,False,False,False
www.medsrx.com,True,False,False,False
Los Madroños Hospital,True,False,False,False
"The Ely Company, Inc.",True,False,False,False
Machu Picchu Foods,True,False,False,False
LINC Systems,True,False,False,False
VEST LLC,True,False,False,False
Palomino Petroleum,True,False,False,False
warmsworth.doncaster.sch.uk,True,False,False,False
alphaoil.ca,True,False,False,False
CD,True,False,False,False
Gloria Cales,True,False,False,False
newhollandwood.com,True,False,False,False
Coopertruni,True,False,False,False
THX Transport,True,False,False,False
Kiribati Government,True,False,False,False
Atos-racks.com,True,False,False,False
AMICIO,True,False,False,False
Ted Hosmer Enterprises,True,False,False,False
51talk.com,True,False,False,False
esaote.com,True,False,False,False
nstda.or.th,True,False,False,False
kominfo.go.id,True,False,False,False
pajak.go.id,True,False,False,False
dukcapil.kemendagri.go.id (SIAK DUKCAPIL MINISTRY OF HOME AFFAIRS OF INDONESIA),True,False,False,False
semaphore.asso.fr,True,False,False,False
PTS Group,True,False,False,False
whitecapcanada.com,True,False,False,False
JAMEL CONTAINERS LLC,True,False,False,False
Cleveland Municipal Court,True,False,False,False
hcahealthcare.com INC.,True,False,False,False
SAGETRA INC.,True,False,False,False
gaertnerhof-jeutter.de,True,False,False,False
sp.tnitelecom.com,True,False,False,False
Otelier.io,True,False,False,False
expertdata.com.au,True,False,False,False
airtelligence.com,True,False,False,False
highwirepress.com,True,False,False,False
Harcourts Prime Properties,True,False,False,False
Far East Consortium,True,False,False,False
Bridgewater Retirement Community,True,False,False,False
Electronics For Imaging,True,False,False,False
www.baxterlaboratories.com,True,False,False,False
ccktech.com,True,False,False,False
Lepant Law Office,True,False,False,False
Worldlawn Power Equipment,True,False,False,False
Diode Technologies,True,False,False,False
terrell.k12.ga.us,True,False,False,False
oneill.com,True,False,False,False
www.jhayber.com,True,False,False,False
RAE (Real Academia Española) (rae.es),True,False,False,False
Solist,True,False,False,False
CableVision,True,False,False,False
www.cityofbellville.com,True,False,False,False
assaabloy.com,True,False,False,False
kyb.com,True,False,False,False
PIBOR ISO SA,True,False,False,False
SMC Corporation,True,False,False,False
KIU System Solutions,True,False,False,False
taobao.com,True,False,False,False
This entry has been removed following a request from the company,True,False,False,False
icmr.gov.in,True,False,False,False
Ministry Of Defense of the Republic Of Korea,True,False,False,False
JD.com Inc (Chinese),True,False,False,False
KD Panels,True,False,False,False
Kairav Chemofarbe Industries,True,False,False,False
consultoria-consultores.es,True,False,False,False
ROBONG-WINMINI,True,False,False,False
Lake Psychological Services,True,False,False,False
CANAM Realty Group,True,False,False,False
CNS,True,False,False,False
la-z-boy,True,False,False,False
sitro.com.au,True,False,False,False
www.ameda.com,True,False,False,False
SRP Companies (Second lock! + Company scam!),True,False,False,False
"Coldwell Banker D’Ann Harper, REALTORS",True,False,False,False
Kleen-Pak Products,True,False,False,False
Moncaro,True,False,False,False
DTS -services,True,False,False,False
Florida Department of Transportation (FDOT),True,False,False,False
Orange.com,True,False,False,False
Courageous Home Care,True,False,False,False
"Tanaka Electronics Taiwan Co.,LTD",True,False,False,False
Waihong Environmental Services Limited,True,False,False,False
Wilson Re Limited,True,False,False,False
MESS sales srl,True,False,False,False
Ascom Holding AG,True,False,False,False
sanirent.com.mx,True,False,False,False
Ricardo Rodriguez,True,False,False,False
Belarus E-commerce & Energy Data,True,False,False,False
knesset.gov.il,True,False,False,False
nrru.ac.th - University,True,False,False,False
yeanshalle.de,True,False,False,False
Perrigo Company,True,False,False,False
Fulcrum Lifting,True,False,False,False
argusdatainsights.de,True,False,False,False
idcconstruction.com,True,False,False,False
Domina Entrega Total,True,False,False,False
jennyyoo.com,True,False,False,False
Unicorr Packaging Group,True,False,False,False
iaai.com - Washington DC DMV,True,False,False,False
Indiv Usa,True,False,False,False
Bancroft Wines,True,False,False,False
Tryon,True,False,False,False
The Ministry of National Defense - mod.gov.vn (NavyVietnam),True,False,False,False
movistar.com.pe,True,False,False,False
JAGGEDPEAK.COM,True,False,False,False
RACKSPACE.COM,True,False,False,False
LIPPERTENT.COM,True,False,False,False
GARANIMALS.COM,True,False,False,False
Portland Street Honda,True,False,False,False
Karen S Pouliot,True,False,False,False
mdm-insurance.com,True,False,False,False
Cothron's Security Professionals,True,False,False,False
www.raymond.in,True,False,False,False
dtrglaw.com,True,False,False,False
World Wide Fittings,True,False,False,False
rixos.com,True,False,False,False
Taiwan - Mackay Hospital,True,False,False,False
cch.org.tw - Changhua Christian Hospital,True,False,False,False
nuclep.gov.br. Nuclep Brazil,True,False,False,False
parliament.iq,True,False,False,False
web.asia.edu.tw - Taiwan (Asia University),True,False,False,False
Intelligence Bureau of the Joint Staff Department of the Central Military Commission China,True,False,False,False
Indian military and government defense 20TB,True,False,False,False
fstlogistics.com,True,False,False,False
Harrells.com,True,False,False,False
SL Tennessee Information,True,False,False,False
Backes,True,False,False,False
Best Cheer Stone,True,False,False,False
Terralogic,True,False,False,False
"University Diagnostic Medical Imaging, PC (udmi.net)",True,False,False,False
El Camino Real Academy (elcaminorealacademy),True,False,False,False
Iraqi Ministry of Finance,True,False,False,False
Iraqi Council of Ministers,True,False,False,False
Ascoma Group,True,False,False,False
TUV India Pvt. Ltd.,True,False,False,False
Milano,True,False,False,False
Raja Ferry Port Public Company Limited,True,False,False,False
Far East Consortium International Limited,True,False,False,False
Business Ledger Limited,True,False,False,False
Tohpe Corporation,True,False,False,False
Baily International of Atlanta,True,False,False,False
Hydro-Vacuum S.A.,True,False,False,False
marinabaysands.com -  Singapore Hotel (Internal Server),True,False,False,False
"Yushin America, Inc",True,False,False,False
PACOMARTINEZ,True,False,False,False
SMG Bahamas,True,False,False,False
extremeperformance.com,True,False,False,False
hitekgroup.in india Finance,True,False,False,False
Indastrial Acceptance Corporation,True,False,False,False
tempel.com,True,False,False,False
thermoid.com,True,False,False,False
baillie.com,True,False,False,False
CAHOKIA CUSD 187 SCHOOL DISTRICT,True,False,False,False
India's telecommunication network,True,False,False,False
Best Telecom Laos,True,False,False,False
CNQC,True,False,False,False
Peerless Food Equipment,True,False,False,False
Helmut Hölbling Spedition GmbH,True,False,False,False
urban1.com,True,False,False,False
rocketstores.com,True,False,False,False
www.visualisation.one,True,False,False,False
HOST Software Entwicklung und Consulting GmbH,True,False,False,False
HYPONAMIRU,True,False,False,False
HYPERNOVA TELECOM,True,False,False,False
unimore.it,True,False,False,False
Baykar Turkish defense company C4I and artificial intelligence,True,False,False,False
tradingacademy.com,True,False,False,False
ultimateclasslimo.com,True,False,False,False
havenresorts.com,True,False,False,False
lgipr.com,True,False,False,False
jockeysalud.com.pe,True,False,False,False
motomecanica.com,True,False,False,False
cali.losolivos.co,True,False,False,False
Skyward Specialty Insurance,True,False,False,False
Trymata,True,False,False,False
"Gaines County, Texas",True,False,False,False
Springfield Water and Sewer Commission,True,False,False,False
Suder&Suder,True,False,False,False
ciscientific.com.au,True,False,False,False
Longue Vue Club,True,False,False,False
wmk-hvb.de,True,False,False,False
Taking stock of February 2025,True,False,False,False
"WAUGH & GOODWIN, LLP",True,False,False,False
airexplore.aero Company,True,False,False,False
Veristat,True,False,False,False
Edesur Dominicana,True,False,False,False
All4Labels - Global Packaging Group,True,False,False,False
Essex County OB/GYN Associates,True,False,False,False
Princeton Hydro,True,False,False,False
isee-eg.com,True,False,False,False
fnde.gov.br brazilian government,True,False,False,False
wapda.gov.pk,True,False,False,False
lexmark.com Company,True,False,False,False
Wilkinson Rogers (wilkinsonrogers.com),True,False,False,False
forvismazars.com.fr ( mazars.fr ),True,False,False,False
Magnolia Manor (magnoliamanor.com),True,False,False,False
petstop.com Company,True,False,False,False
misaludhealth.com,True,False,False,False
bank.pingan.com (CN),True,False,False,False
Access to Indian Ministry of Defence and Military Secret (DRDO) documents By Babuk Locker ...,True,False,False,False
dccsagroup.com&csahome.com,True,False,False,False
fredsalvuccicorp.com,True,False,False,False
Mandarin.com.br,True,False,False,False
"Callico Distributors, Inc.",True,False,False,False
Pacific Honda Company,True,False,False,False
Arcusin,True,False,False,False
www.hexosys.com,True,False,False,False
"Safe-Strap Company, LLC",True,False,False,False
Fickling & Company,True,False,False,False
The Loretto Hospital,True,False,False,False
GPS 909,True,False,False,False
mazars.fr,True,False,False,False
Dacas Argentina,True,False,False,False
Cotswold Fayre,True,False,False,False
Vercoe Insurance Brokers,True,False,False,False
Steel Dynamics UK,True,False,False,False
E Leet Woodworking,True,False,False,False
Customer Management Systems,True,False,False,False
CPI Books,True,False,False,False
ACTi Corporation,True,False,False,False
emperors.edu,True,False,False,False
wog-kaiserbaeder.de,True,False,False,False
BerksBar.org,True,False,False,False
williampevear.com,True,False,False,False
baldaufarchitekten.de,True,False,False,False
klabs.it,True,False,False,False
Salemerode.com,True,False,False,False
State Bar of Texas (www.texasbar.com),True,False,False,False
Greenwood Village South GVS,True,False,False,False
prelco.ca,True,False,False,False
KH OneStop,True,False,False,False
Jerue Companies,True,False,False,False
Syma-System,True,False,False,False
Compound Solutions,True,False,False,False
T J Machine & Tool,True,False,False,False
Gevril,True,False,False,False
Peak Season,True,False,False,False
Yorke & Curtis,True,False,False,False
Buckley BalaWilson Mew,True,False,False,False
Holiday Comfort,True,False,False,False
Clawson Honda,True,False,False,False
Dectron,True,False,False,False
Nor Arc,True,False,False,False
British virgin islands London Office,True,False,False,False
Insider Technologies Limited,True,False,False,False
Changhua Christian Hospital,True,False,False,False
Huacheng Electric,True,False,False,False
Mackay Hospital,True,False,False,False
Asia University Hospital,True,False,False,False
Asia University,True,False,False,False
www.dcarosolutions.com,True,False,False,False
mitchellmcnutt.com,True,False,False,False
www.jpwindustries.com,True,False,False,False
univ-rennes.fr,True,False,False,False
Tech NH,True,False,False,False
Allworx,True,False,False,False
Island Realty,True,False,False,False
Minnesota Orthodontics,True,False,False,False
REYCOTEL,True,False,False,False
total-ps.com,True,False,False,False
Hancock Public School,True,False,False,False
lofotenseafood.com,True,False,False,False
ADDA (adda.io),True,False,False,False
bayvillage.org,True,False,False,False
www.cdg.us,True,False,False,False
Swift Haulage Berhad,True,False,False,False
Aj Taylor Electrical Contractors Ltd,True,False,False,False
Sittab INC,True,False,False,False
wheats.com,True,False,False,False
srmg.com.au,True,False,False,False
ACDC Express,True,False,False,False
sorbonne-universite.fr,True,False,False,False
"Central Electropolishing Company, Inc.",True,False,False,False
"Resnick & Caffrey, PC",True,False,False,False
Avantune Corporation,True,False,False,False
"MBI International, Inc.",True,False,False,False
Fragola S.p.A,True,False,False,False
RFA Decor,True,False,False,False
www.portlandschools.org,True,False,False,False
www.hinton.ca,True,False,False,False
Tugwell Pump & Supply,True,False,False,False
www.centersheetmetal.com,True,False,False,False
www.convention.qc.ca,True,False,False,False
hickorylaw.com,True,False,False,False
lovesac.com,True,False,False,False
agi.net,True,False,False,False
Adval Tech,True,False,False,False
WJCC Public Schools (wjccschools.org),True,False,False,False
"Connekted, Inc.",True,False,False,False
Dynamic Closures,True,False,False,False
Naples Heritage Golf & Country Club,True,False,False,False
Ministry of Foreign Affairs of Ukraine,True,False,False,False
Oberlin Cable Co-op (oberlin.net),True,False,False,False
Elite Advanced Laser Corporation,True,False,False,False
1X Internet,True,False,False,False
Bizcode,True,False,False,False
Manning Publications Co.,True,False,False,False
Engikam,True,False,False,False
FHNW,True,False,False,False
Aeonsparx,True,False,False,False
CIE,True,False,False,False
Flightsim studio,True,False,False,False
Neopoly,True,False,False,False
Kr3m,True,False,False,False
InfoReach,True,False,False,False
Euranova,True,False,False,False
Inelmatic,True,False,False,False
Kotliva,True,False,False,False
Inet,True,False,False,False
Blue Planet,True,False,False,False
Eumetsat,True,False,False,False
Melexis,True,False,False,False
USGS,True,False,False,False
City government office in Van,True,False,False,False
Law Diary,True,False,False,False
Carruth Compliance Consulting,True,False,False,False
CCL Products India,True,False,False,False
Krisala Developer,True,False,False,False
The 19 biggest gitlabs,True,False,False,False
willms-fleisch.de,True,False,False,False
Pervedant,True,False,False,False
"SCOLARO FETTER GRIZANTI & McGOUGH, P.C. (scolaro.com)",True,False,False,False
www.black-star.fr,True,False,False,False
Adrenalina,True,False,False,False
Cyncly Company,True,False,False,False
City Plumbing & Electric Supply Co,True,False,False,False
www.japanrebuilt.jp,True,False,False,False
www.sunsweet.com,True,False,False,False
www.cda.be,True,False,False,False
"Best Collateral, Inc.",True,False,False,False
"Chicago Doorways, LLC",True,False,False,False
Schmiedetechnik Plettenberg GmbH & Co KG,True,False,False,False
365labs - Security Corp,True,False,False,False
Phoenix,True,False,False,False
Grupo Vargas,True,False,False,False
Lakeshore Title Agency,True,False,False,False
Makesworth Accountants,True,False,False,False
dsrny.com,True,False,False,False
"PFS Grupo - Plan de igualdad, Sostenibilidad",True,False,False,False
Pampili (pampili.com.br),True,False,False,False
Keystone Pacific Property Management LLC,True,False,False,False
"Mosley Glick O’Brien, Inc.",True,False,False,False
FANTIN group,True,False,False,False
Grupo Baston Aerossol (baston.com.br),True,False,False,False
Ray Fogg Corporate Properties,True,False,False,False
goencon.com,True,False,False,False
Seabank Group,True,False,False,False
Tata Technologies,True,False,False,False
Wendy Wu Tours,True,False,False,False
rockhillwc.com,True,False,False,False
bpmmicro.com,True,False,False,False
peruzzi.com,True,False,False,False
IOVATE.COM,True,False,False,False
Legal Aid Society of Salt Lake,True,False,False,False
Ewald Consulting,True,False,False,False
Netcom-World,True,False,False,False
InternetWay,True,False,False,False
cimenyan.desa.id,True,False,False,False
familychc.com,True,False,False,False
andreyevengineering.com,True,False,False,False
drvitenas.com,True,False,False,False
usarice.com,True,False,False,False
Sunnking SustainableSolutions,True,False,False,False
LINKGROUP,True,False,False,False
Openreso,True,False,False,False
Itapeseg,True,False,False,False
logic insectes,True,False,False,False
RJ IT Solutions,True,False,False,False
Grafitec,True,False,False,False
synaptic.co.tz,True,False,False,False
ICO,True,False,False,False
quigleyeye.com,True,False,False,False
Utsunomiya Central Clinic,True,False,False,False
La Unión,True,False,False,False
Central McGowan (centralmcgowan.com),True,False,False,False
Klesk Metal Stamping Co (kleskmetalstamping.com),True,False,False,False
S********e.com,True,False,False,False
K**d.edu,True,False,False,False
Forstenlechner Installationstechnik,True,False,False,False
ceratec.com,True,False,False,False
Pre Con Industries,True,False,False,False
IT-IQ Botswana,True,False,False,False
North American Fire Hose,True,False,False,False
Couri Insurance Agency,True,False,False,False
M&n Management,True,False,False,False
Optometrics,True,False,False,False
International Process Plants,True,False,False,False
Ganong Bros,True,False,False,False
FM.GOB.AR,True,False,False,False
gruppocogesi.org,True,False,False,False
Bell Ambulance,True,False,False,False
Workforce Group,True,False,False,False
germancentre.sg,True,False,False,False
breakawayconcretecutting.com,True,False,False,False
JEFFREYCOURT.COM,True,False,False,False
APTEAN.COM,True,False,False,False
GS Floor Designs,True,False,False,False
Kable Product Services,True,False,False,False
City of Aurora,True,False,False,False
"Wayne County, Michigan",True,False,False,False
The Smeg Group,True,False,False,False
"Newton & Associates, Inc",True,False,False,False
stanleyconsultants.com,True,False,False,False
www.casinoessentials.com,True,False,False,False
www.journeyoilfield.net,True,False,False,False
mytower.com.br,True,False,False,False
plasseramerican.com,True,False,False,False
stayzapp.in,True,False,False,False
Moon,True,False,False,False
isurges.com,True,False,False,False
jastreet.com ,True,False,False,False
mandarin.com.br,True,False,False,False
Ministry of Health of Palau,True,False,False,False
Engineering Mechanics,True,False,False,False
OneDealer,True,False,False,False
Inversiones Clinica Del Meta SA,True,False,False,False
ctpomd,True,False,False,False
Houston Symphony,True,False,False,False
Castle Rock ConstructionCompany,True,False,False,False
Window Worldof Raleigh,True,False,False,False
sublettecountywy.gov,True,False,False,False
www.townofbourne.com,True,False,False,False
Lee Enterprises,True,False,False,False
Meta E2 F,True,False,False,False
Praxis Eins,True,False,False,False
CMCOLDSTORES.COMCODAGAMI.COM,True,False,False,False
HPE.COM,True,False,False,False
HP.COM,True,False,False,False
HOLLANDIADAIRY.COM,True,False,False,False
HIGHBARTRADING.COM,True,False,False,False
HENRYKA.COM,True,False,False,False
HENDERSONSTAMPING.COM,True,False,False,False
HANSONFASO.COM,True,False,False,False
HANSONCOLDSTORAGE.COM,True,False,False,False
HALGAND.COM,True,False,False,False
GARAN MANUFACTURING,True,False,False,False
GARDNERHEALTHSERVICES.ORG,True,False,False,False
GALATECHNOLOGY.CO.UK,True,False,False,False
GREATPLAINSDISTRIBUTORS.COM,True,False,False,False
GULFSTATESCS.COM,True,False,False,False
GTIMPORTS.NET,True,False,False,False
GSMETALL.COM,True,False,False,False
GOURMETTRADING.NET,True,False,False,False
GNSWORLD.COM,True,False,False,False
GIBSONHOMEWARES.COM,True,False,False,False
GHENT.COM,True,False,False,False
GETGARVEYS.COM,True,False,False,False
GERSONANDGERSON.COM,True,False,False,False
GBBEV.COM,True,False,False,False
GATE7LLC.COM,True,False,False,False
GAIAM.COM,True,False,False,False
FASHION.PRI,True,False,False,False
FLORENCECORPORATION.COM,True,False,False,False
FORTFORWARDING.COM,True,False,False,False
FUN-WORLD.NET,True,False,False,False
FOTE.COM,True,False,False,False
FORDSTORAGE.COM,True,False,False,False
FOODIMPORTGROUP.COM,True,False,False,False
FINLEYBEER.COM,True,False,False,False
FFL-GROUP.COM,True,False,False,False
FERNGROUP.COM,True,False,False,False
FAUSTDISTRIBUTING.COM,True,False,False,False
EZUPPRO.COM,True,False,False,False
EMETER.COM,True,False,False,False
EMDOMAIN4.LOCAL,True,False,False,False
EARLE.LOCAL,True,False,False,False
EXPORTPACKERS.COM,True,False,False,False
EMSON.COM,True,False,False,False
EQLOGISTICS.US,True,False,False,False
EZUP.COM,True,False,False,False
EXCELLED.COM,True,False,False,False
ESSEXPOWERLINES.CA,True,False,False,False
ESBERBEVERAGE.COM,True,False,False,False
ENTERATEK.MX,True,False,False,False
ENCHANTEACCESSORIES.COM,True,False,False,False
EMSONUSA.COM,True,False,False,False
WKKELLOGG.COM,True,False,False,False
WHEELS.COM,True,False,False,False
WERTEX.COM,True,False,False,False
WENDOVERART.COM,True,False,False,False
WELCOMEIND.COM,True,False,False,False
VANDALE.COM,True,False,False,False
VSSTRANSPORTATIONGROUP.COM,True,False,False,False
VSSLOGISTICS.COM,True,False,False,False
VPGLOBAL.COM,True,False,False,False
VLCDISTRIBUTION.COM,True,False,False,False
VIKINGWEAR.COM,True,False,False,False
VIDAGROUP.COM,True,False,False,False
VERSANTTECHNOLOGIES.COM,True,False,False,False
VERSAILLES-INC.COM,True,False,False,False
VALLEYDIST.COM,True,False,False,False
UNIEK.INTERNAL,True,False,False,False
UNIVERSALWAREHOUSES.COM,True,False,False,False
USM-INC.COM,True,False,False,False
UPPERLAKESFOODS.COM,True,False,False,False
UNITERS.COM,True,False,False,False
TITESI.LOCAL,True,False,False,False
TILLSONBURGHYDRO.CA,True,False,False,False
TWINSTARHOME.COM,True,False,False,False
TESISQUARE.COM,True,False,False,False
TIMKEN.COM,True,False,False,False
TWTDIST.COM,True,False,False,False
TRIPLE8.CA,True,False,False,False
TUXTON.COM,True,False,False,False
TUCKERCO.COM,True,False,False,False
TRIMACO.COM,True,False,False,False
TRIBORO.COM,True,False,False,False
TRENDSPOTINC.COM,True,False,False,False
TPGXML.COM,True,False,False,False
TOTALWINE.COM,True,False,False,False
THENORTHWEST.COM,True,False,False,False
THEMEZZSHOPPE.COM,True,False,False,False
TERINICHOLS.COM,True,False,False,False
TARATOY.COM,True,False,False,False
TALLTAILSDOG.COM,True,False,False,False
SAMSCLU.COM,True,False,False,False
SCHAWK.COM,True,False,False,False
SJI.LOCAL,True,False,False,False
STAR.LOCAL,True,False,False,False
SCOPEIMPORTS.LOCAL,True,False,False,False
SDITECH.COM,True,False,False,False
SUPPLYON.COM,True,False,False,False
SEA-DELIGHT.CA,True,False,False,False
SUN-RICH.COM,True,False,False,False
SENAO.COM.TW,True,False,False,False
STUDIODESIGNS.COM,True,False,False,False
STILACOSMETICS.COM,True,False,False,False
STEVENSONBEERDISTRIBUTING.COM,True,False,False,False
STEPHENJOSEPHGIFTS.COM,True,False,False,False
STELLARPACK.COM,True,False,False,False
STARMARKETINGCANADA.COM,True,False,False,False
STANLEYCREATIONS.COM,True,False,False,False
SPARTANLOGISTICS.COM,True,False,False,False
SOBELATHOME.COM,True,False,False,False
SLTRANS.COM,True,False,False,False
SIMPLEHUMAN.COM,True,False,False,False
SHIPGFS.COM,True,False,False,False
SGKINC.COM,True,False,False,False
SGEMESA.COM,True,False,False,False
SEA-JET.COM,True,False,False,False
SAUNDERSMIDWEST.COM,True,False,False,False
SATCO.COM,True,False,False,False
SANTAFENYSHOP.COM,True,False,False,False
SALTEDAWG.COM,True,False,False,False
SALSON.COM,True,False,False,False
SAKAR.COM,True,False,False,False
REVITALASH.COM,True,False,False,False
REDCLAYGOURMET.COM,True,False,False,False
ROYALLEMKES.NL,True,False,False,False
ROUNDHOUSEGROUP.COM,True,False,False,False
REV.DE,True,False,False,False
REMAFOODS.COM,True,False,False,False
REGENCY-RIB.COM,True,False,False,False
REESEPHARMACEUTICAL.COM,True,False,False,False
REESECHEMICAL.COM,True,False,False,False
REDDYICE.COM,True,False,False,False
RDSGAMING.COM,True,False,False,False
RAYTIK.COM,True,False,False,False
RANDSTRUCKING.COM,True,False,False,False
RADLEY.COM,True,False,False,False
QBTRANSPORTATION.COM,True,False,False,False
PTIDOM.LOCAL,True,False,False,False
PUROLATORINTERNATIONAL.COM,True,False,False,False
PTCOUPLING.COM,True,False,False,False
PRIMELINE.NET,True,False,False,False
PRESPERSE.COM,True,False,False,False
PITSCO.COM,True,False,False,False
PIPERSYSTEMS.COM,True,False,False,False
PHYSICALDISTRIBUTIONSERVICES.COM,True,False,False,False
PETMATE.COM,True,False,False,False
PERRONEANDSONS.COM,True,False,False,False
PEMAMERICA.COM,True,False,False,False
PELLONPROJECTS.COM,True,False,False,False
PDSITE.COM,True,False,False,False
PARTNER.RO,True,False,False,False
PANEUROFOODS.COM,True,False,False,False
PAIGEDENIM.COM,True,False,False,False
PAIGE.COM,True,False,False,False
PACIFIC-TEXTILE.COM,True,False,False,False
OUTSOURCELOGISTICS.COM,True,False,False,False
OBJECTIF-EMBALLAGES.FR,True,False,False,False
OREGONFRUIT.COM,True,False,False,False
OUTERSTUFF.COM,True,False,False,False
ONWBEER.COM,True,False,False,False
OLDSPRODUCTS.COM,True,False,False,False
OFFICEBASICS.COM,True,False,False,False
O2COOL.COM,True,False,False,False
NEBRASKAWAREHOUSE.LOCAL,True,False,False,False
NRESPONSE.COM,True,False,False,False
NORTHWIRE.COM,True,False,False,False
NYCALLIANCE.COM,True,False,False,False
NPLUS1TECHNOLOGIES.COM,True,False,False,False
NMR.CO.UK,True,False,False,False
NETPLUSTMS.COM,True,False,False,False
NATURESWEET.COM,True,False,False,False
MAPLELEAFFARMS.COM,True,False,False,False
MAGTARSALES.CA,True,False,False,False
MDS.LOCAL,True,False,False,False
MMSUPPLY.COM,True,False,False,False
MCCUBBIN.COM,True,False,False,False
MAE.LOCAL,True,False,False,False
MCWILLIAMSMOVING.COM,True,False,False,False
MYSTICAPPAREL.COM,True,False,False,False
MAINFREIGHT.COM,True,False,False,False
MAHARTOOL.COM,True,False,False,False
MERCERLOGISTICS.COM,True,False,False,False
METALANDWIRE.COM,True,False,False,False
MUXIE.COM,True,False,False,False
MUNDI.COM,True,False,False,False
MORET.COM,True,False,False,False
MONARCHBRANDS.COM,True,False,False,False
MGAINNOVATION.COM,True,False,False,False
MGAE.COM,True,False,False,False
METOOSHOES.COM,True,False,False,False
MERIDIANGROUPREM.COM,True,False,False,False
MERANGUE.COM,True,False,False,False
MEGATOYS.COM,True,False,False,False
MEDCODATA.COM,True,False,False,False
MCARDLESKEATH.COM,True,False,False,False
MARELLI.COM,True,False,False,False
MAJORLABELGROUP.COM,True,False,False,False
LOLLYTOGS.COM,True,False,False,False
LAWSONROANOKE.COM,True,False,False,False
LYNNS.COM,True,False,False,False
LOSCABOSMEXICANFOODS.COM,True,False,False,False
LOSCAB.COM,True,False,False,False
LNFDISTRIBUTORS.COM,True,False,False,False
LITTLEARTH.COM,True,False,False,False
LENMAX.COM,True,False,False,False
LEADINGLADY.COM,True,False,False,False
LAPOLICEGEAR.COM,True,False,False,False
KEELEWL.COM,True,False,False,False
KWIKGOAL.COM,True,False,False,False
KURTADLER.COM,True,False,False,False
KOLCRAFT.COM,True,False,False,False
KOCHLOGISTICS.COM,True,False,False,False
KNFILTERS.COM,True,False,False,False
KIRCHNERBEER.COM,True,False,False,False
KIKKERLAND.COM,True,False,False,False
KEELEWAREHOUSING.COM,True,False,False,False
JDADELIVERS.COM,True,False,False,False
JPWEST.COM,True,False,False,False
JOHNPAULRICHARD.COM,True,False,False,False
JOBAR.COM,True,False,False,False
JENNE.COM,True,False,False,False
JAYAAPPARELGROUP.COM,True,False,False,False
IDPE.CO,True,False,False,False
IUSA.MX,True,False,False,False
ID-GP.COM,True,False,False,False
INNOVADOR.COM.MX,True,False,False,False
INTERFACTURA.COM,True,False,False,False
INTERCHARGE.DE,True,False,False,False
INTELEKTECHNOLOGIES.COM,True,False,False,False
INNOVSYS.COM,True,False,False,False
HOMEDEPOT.COM.MX,True,False,False,False
UNITEDLEGWEAR.COM,True,False,False,False
PHONONET.DE,True,False,False,False
THERMOTRAFFIC.COM,True,False,False,False
ARCHIVE10,True,False,False,False
Mercury Paper Inc,True,False,False,False
teamwass.com,True,False,False,False
www.nasonptc.com,True,False,False,False
"Donna G. Rogers, CPA, P.A.",True,False,False,False
"Thai Metal Aluminium Co., Ltd",True,False,False,False
"F&V Capital Management, LLC (FVCM)",True,False,False,False
Gilbert,True,False,False,False
Sterling BMW,True,False,False,False
Autohaus Kießling,True,False,False,False
jtu.com.br,True,False,False,False
Soco systems,True,False,False,False
Biogena GmbH & Co KG,True,False,False,False
3cBSI,True,False,False,False
Finck Cigar,True,False,False,False
www.envirolabsinc.com,True,False,False,False
www.kppm.com,True,False,False,False
"Gitlabs: Synelixis Solutions, INGV, VMO Holdings",True,False,False,False
Nationz Technologies Inc.,True,False,False,False
Story Environmental,True,False,False,False
Muller Insurance,True,False,False,False
caltrol.com,True,False,False,False
www.newburghhealthcarecenter.com,True,False,False,False
Kendall Auto Group,True,False,False,False
www.obrienavocats.qc.ca,True,False,False,False
www.cmsg.cl,True,False,False,False
www.amerasphalt.com,True,False,False,False
www.emeryair.net,True,False,False,False
Omni United,True,False,False,False
holtcat.com,True,False,False,False
alphabaking.com,True,False,False,False
Chimu Agropecuaria S.A.,True,False,False,False
Sound Ideas,True,False,False,False
powelltool.com,True,False,False,False
Surface 678,True,False,False,False
ITU AbsorbTech,True,False,False,False
Benjamin Consulting Services,True,False,False,False
London Belgravia,True,False,False,False
National Legal Service,True,False,False,False
Rooks Rider Solicitors,True,False,False,False
Arcandco,True,False,False,False
Genea,True,False,False,False
welcompanies.com,True,False,False,False
Convert Solar,True,False,False,False
Radco Industries,True,False,False,False
Fairhaven Shipyard Companies,True,False,False,False
Island Realty,True,False,False,False
First Federal Savings & Loan,True,False,False,False
ALCOTT HR GROUP,True,False,False,False
National AirVibrator,True,False,False,False
Vermeer Mexico,True,False,False,False
Aurora Boardworks,True,False,False,False
Heartland Health Center,True,False,False,False
Laurens School District 56,True,False,False,False
Mundelein Park & Recreation District,True,False,False,False
Friendship House,True,False,False,False
"The Siegel Group, Inc.",True,False,False,False
megamtls.com,True,False,False,False
bluedge.com,True,False,False,False
www.avalon-hotel.com,True,False,False,False
www.rgb.com,True,False,False,False
www.wpisd.com,True,False,False,False
www.ateliermonarque.com,True,False,False,False
www.confabca.com,True,False,False,False
hgmlegal.com,True,False,False,False
lifting.com,True,False,False,False
tni.mil.id,True,False,False,False
Merkanti Bank Ltd,True,False,False,False
ba**********.org,True,False,False,False
MNJ Technologies Direct,True,False,False,False
South Georgia Accounting Services,True,False,False,False
Dinizulu Law Group LTD,True,False,False,False
Old NationalEvents Plaza,True,False,False,False
January 2025 results,True,False,False,False
PPS Services Group,True,False,False,False
ossc.mx,True,False,False,False
essenzamovies.com.br,True,False,False,False
unila.edu.mx,True,False,False,False
tequaly.com,True,False,False,False
Nichino Ryokka Co Ltd,True,False,False,False
Pound Road Medical Centre,True,False,False,False
"Summit Home Health, INC.",True,False,False,False
Comercializadora S&E Perú,True,False,False,False
First Defense Fire Protection,True,False,False,False
Executive Agenda,True,False,False,False
Birdsall Muller LLC,True,False,False,False
acmefan.com,True,False,False,False
pacresmortgage.com,True,False,False,False
Xepa Soul,True,False,False,False
compactmould.com,True,False,False,False
Mercy SupplyCollaborative,True,False,False,False
thefireplacewarehouse.co.uk,True,False,False,False
"Navien, Inc.",True,False,False,False
DZL,True,False,False,False
denbyco.co.uk,True,False,False,False
Advantage Home Construction Insurance,True,False,False,False
"[EVIDENCE] Aishu, Eshoo",True,False,False,False
Cronos Europa,True,False,False,False
Thornton EngineeringAustralia Pty Ltd,True,False,False,False
chfindustries.com,True,False,False,False
aiibeauty.com,True,False,False,False
formanmills.com,True,False,False,False
amalgamatedsugar.com,True,False,False,False
everelgroup.com,True,False,False,False
regulvar.com,True,False,False,False
Metro Supply Chain Group.,True,False,False,False
Geokon,True,False,False,False
Planet One,True,False,False,False
IDEA Expertises,True,False,False,False
Stürmer Maschinen,True,False,False,False
electrocraft.com,True,False,False,False
associatedasset.com,True,False,False,False
grede.com,True,False,False,False
branchgroup.com,True,False,False,False
pace-usa.com,True,False,False,False
steelwarehouse.com,True,False,False,False
Johnson's Nursery,True,False,False,False
www.famcomachine.com,True,False,False,False
"Digital Technology Co., Ltd.",True,False,False,False
"Goldstein Law Group, S.C.",True,False,False,False
Northern Management,True,False,False,False
The Northwestern Illinois Association,True,False,False,False
Bayteq,True,False,False,False
WDNA,True,False,False,False
Naphix,True,False,False,False
"Gitlabs: Naphix, WDNA, Bayteq",True,False,False,False
Shaghalni,True,False,False,False
"BluAgent Technologies, Inc",True,False,False,False
Novi Community School District,True,False,False,False
G&M Direct Hire,True,False,False,False
ondaralogistica.com,True,False,False,False
Metropolitan Borough of Gateshead,True,False,False,False
Martin Energy Group Services,True,False,False,False
G&S Electric LLC,True,False,False,False
Benton Police Department,True,False,False,False
Al Bawani,True,False,False,False
Tristram European,True,False,False,False
SPEED Co,True,False,False,False
CCOO Servicios,True,False,False,False
Peter Glenn Ski Sport,True,False,False,False
evergreenpnw.com,True,False,False,False
Excel Security,True,False,False,False
alleghenybradford.com,True,False,False,False
teamsters175.org,True,False,False,False
Vvf Ilinois Services,True,False,False,False
www.electro-fusion.com,True,False,False,False
www.midwestvascular.net,True,False,False,False
www.witheyaddison.com,True,False,False,False
www.nola-law.com,True,False,False,False
planetone-asia.com,True,False,False,False
Luminus Management,True,False,False,False
Siegel Group,True,False,False,False
Insyst GmbH,True,False,False,False
guadeloupeformation.com,True,False,False,False
headcount.com,True,False,False,False
jindalgroup.com,True,False,False,False
statesideseattle.com,True,False,False,False
Paratus,True,False,False,False
Barhite & Holzinger Inc.,True,False,False,False
l.warsemann.fr,True,False,False,False
www.elecgalapagos.com.ec,True,False,False,False
www.fla-esq.com,True,False,False,False
www.saracenproperties.com,True,False,False,False
"Crossroads Trading Company, Inc",True,False,False,False
(kc2) geokon.com,True,False,False,False
palauhealth,True,False,False,False
Medical File,True,False,False,False
conduent.com,True,False,False,False
eaglepost.com,True,False,False,False
gilcar.co,True,False,False,False
www.okddsi.net,True,False,False,False
newhorizonsbaking.com,True,False,False,False
Andover Family Medicine,True,False,False,False
Waggonereng.com,True,False,False,False
op*********.eu,True,False,False,False
wr********.de,True,False,False,False
pen********.de,True,False,False,False
oa*************.us,True,False,False,False
Nebraska Irrigation,True,False,False,False
Mac Jee,True,False,False,False
www.selt-sistemi.com,True,False,False,False
californiaclingpeaches.com,True,False,False,False
Minaris Medical America,True,False,False,False
Access2Jobs,True,False,False,False
"Berg Engineering Consultants, Ltd.",True,False,False,False
www.pransystems.com,True,False,False,False
www.phdental.com,True,False,False,False
www.riverdale.edu,True,False,False,False
M-1 TOOLWORKS,True,False,False,False
Robinson Family Dentistry,True,False,False,False
Crager LaBorde,True,False,False,False
HCRG Care Group,True,False,False,False
ehdd.com,True,False,False,False
Ligentia,True,False,False,False
rossmanmedia.ae,True,False,False,False
Supreme Administrative Court of Bulgaria,True,False,False,False
Ondunova,True,False,False,False
ziese.net,True,False,False,False
rwrhine.com,True,False,False,False
foyernotredamedepaix.be,True,False,False,False
fastrans.com,True,False,False,False
Südkabel GmbH,True,False,False,False
Hochschule,True,False,False,False
VISEO,True,False,False,False
Next TI,True,False,False,False
Alabama Ophthalmology Associates,True,False,False,False
DR.Claims FL LLC,True,False,False,False
EzyLegal,True,False,False,False
"Vector Engineering, Inc",True,False,False,False
Hall Law Group LLP,True,False,False,False
haleycomfort.com,True,False,False,False
DBK,True,False,False,False
Haggin Oaks Golf (hagginoaks.com),True,False,False,False
traffic-advertising-llc,True,False,False,False
dr-elizabeth-bjornson,True,False,False,False
Eservices.gov.zm,True,False,False,False
lake-washington-vascular,True,False,False,False
"Gitlabs: Next TI, VISEO, Hochschule Trier",True,False,False,False
h2o.ai,True,False,False,False
BeniPlus,True,False,False,False
Brolly,True,False,False,False
Revi,True,False,False,False
Help Me Grow Yolo,True,False,False,False
NimuSoft,True,False,False,False
footballticketnet.com,True,False,False,False
uniekinc.com,True,False,False,False
midwayimporting.com,True,False,False,False
revitalash.com,True,False,False,False
bestbrands.com,True,False,False,False
autogedal.ro,True,False,False,False
www.mwmechanicalinc.com,True,False,False,False
www.alphamedctr.com,True,False,False,False
www.ccttechnologies.com,True,False,False,False
www.copleystoughton.com,True,False,False,False
www.macmed.com,True,False,False,False
Decore-Ative Specialties,True,False,False,False
Daniels Homes,True,False,False,False
PREMIER HOUSEWARES LIMITED,True,False,False,False
Ranhill Bersekutu,True,False,False,False
lavi.co.il,True,False,False,False
pyasolutions.com,True,False,False,False
Buanderie Centrale de Montreal,True,False,False,False
myhscu.com,True,False,False,False
www.macter.com,True,False,False,False
Cuna Supply,True,False,False,False
The Townsley Law Firm Information,True,False,False,False
Bushmans,True,False,False,False
"Inland Empire Distribution Systems, Inc.",True,False,False,False
Wylie Steel Fabricators,True,False,False,False
Oxford Companies,True,False,False,False
Stage 3 Separation,True,False,False,False
Transkid,True,False,False,False
Rheinischer Sch,True,False,False,False
Startek Peglar & Calcagni,True,False,False,False
Weed Man Canada,True,False,False,False
Bulldog Oilfield Services,True,False,False,False
danecourt.kent.sch.uk,True,False,False,False
toitoiusa.com,True,False,False,False
lekiaviation.com,True,False,False,False
bisindustries.com,True,False,False,False
kinseysinc.com,True,False,False,False
steelerubber.com,True,False,False,False
almostfamousclothing.com,True,False,False,False
This entry has been removed following a request from the company.,True,False,False,False
ssmcoop.com,True,False,False,False
hiway.com.br,True,False,False,False
Thong Sia,True,False,False,False
Swissmem,True,False,False,False
"Bulverde Glass, Inc.",True,False,False,False
Hisingstads Bleck,True,False,False,False
Leadership Strategies,True,False,False,False
LINTEC & LINNHOFF Holdings,True,False,False,False
HRS_IDEA_Expertises,True,False,False,False
Autoschade Pippel,True,False,False,False
Pedensia Graphics Distribution,True,False,False,False
Winbas,True,False,False,False
hamton,True,False,False,False
Greencastle-Antrim Senior High School (gcasd.org),True,False,False,False
Woman's Athletic Club of Chicago,True,False,False,False
P.N. Sakkoulas,True,False,False,False
Allied Tenesis,True,False,False,False
DA Capital,True,False,False,False
COSMED,True,False,False,False
Persante Health Care,True,False,False,False
annegrady.org,True,False,False,False
Pamrya.de,True,False,False,False
QBurst,True,False,False,False
Acqua development,True,False,False,False
"Gitlabs: Acqua development, QBurst, Pamyra.de",True,False,False,False
Gpstech2007.com,True,False,False,False
Mervis.info,True,False,False,False
Realtime.tw,True,False,False,False
A*u.edu.au,True,False,False,False
saulttribe.com/kewadin.com,True,False,False,False
www.rowetactical.com,True,False,False,False
www.transcend-info.com,True,False,False,False
www.naga.ae,True,False,False,False
www.cityoftarrant.com,True,False,False,False
www.imgenterprises.com,True,False,False,False
www.solardatasystems.com,True,False,False,False
www.310tempering.com,True,False,False,False
www.colacouronnelocations.com,True,False,False,False
Fortune Electric Co Ltd,True,False,False,False
Northeast Delta Human Services Authority,True,False,False,False
City of McKinney,True,False,False,False
Empire Home Center,True,False,False,False
halex.com,True,False,False,False
(M)Empire-home-center,True,False,False,False
Hydronic & Steam Equipment,True,False,False,False
Ratioparts,True,False,False,False
CST Corp,True,False,False,False
Heritage South Credit Union,True,False,False,False
Primaveras,True,False,False,False
www.calspa.it,True,False,False,False
"Nelson & Townsend, CPA's",True,False,False,False
Castle Rock Construction Company,True,False,False,False
Genus,True,False,False,False
Window World of Raleigh,True,False,False,False
F.TECH R&D NORTH AMERICA INC.,True,False,False,False
Go Strictly,True,False,False,False
Bethany Lutheran Church,True,False,False,False
GANRO,True,False,False,False
Regency Media,True,False,False,False
brockbanks.co.uk,True,False,False,False
The Agency,True,False,False,False
Shields Facilities Maintenance,True,False,False,False
ADULLACT,True,False,False,False
Ayomi,True,False,False,False
Omydoo,True,False,False,False
"Gitlabs: Omydoo, Ayomi, ADULLACT",True,False,False,False
Aspire Rural Health System,True,False,False,False
leonardo.com,True,False,False,False
Mozo Grau (mozo-grau.com),True,False,False,False
CoMo-Industrial Engineering,True,False,False,False
enventuregt.com,True,False,False,False
snoqualmietribe.us,True,False,False,False
vadatech.com,True,False,False,False
Nash Brothers Construction,True,False,False,False
Nippon Steel USA,True,False,False,False
"Financial Services of America, Inc.",True,False,False,False
Layfield & Borel CPA's L.L.C,True,False,False,False
"Dain, Torpy, Le Ray, Wiest & Garner, P.C.",True,False,False,False
Dan Eckman CPA,True,False,False,False
Elite Advanced LaserCorporation,True,False,False,False
Obex Medical,True,False,False,False
Cache Valley ENT,True,False,False,False
JP Express,True,False,False,False
Central District Health Department,True,False,False,False
morrisgroup.co,True,False,False,False
stjerome.org,True,False,False,False
Therma Seal Insulation Systems,True,False,False,False
Squeezer-software,True,False,False,False
Spacemanic,True,False,False,False
INGV,True,False,False,False
"Gitlabs: INGV, Spacemanic, Squeezer-software",True,False,False,False
Quality Home Health Care,True,False,False,False
avtovelomoto.by,True,False,False,False
alderconstruction.com,True,False,False,False
steveallcorn.remax.com,True,False,False,False
bergconst.com,True,False,False,False
burdickpainting.com,True,False,False,False
columbiacabinets.com,True,False,False,False
ekvallbyrne.com,True,False,False,False
krmcustomhomes.com,True,False,False,False
laderalending.com,True,False,False,False
minnesotaexteriors.com,True,False,False,False
rogerspetro.com,True,False,False,False
sundanceliving.com,True,False,False,False
thejdkgroup.com,True,False,False,False
twncomm.com,True,False,False,False
E*******s.gov.zm,True,False,False,False
Vicky Foods,True,False,False,False
Hess (hess-gmbh.de),True,False,False,False
TJKM,True,False,False,False
askgs.ma,True,False,False,False
slchc.edu,True,False,False,False
weathersa.co.za,True,False,False,False
"Erie Management Group, LLC",True,False,False,False
curtisint.com,True,False,False,False
britannicahome.com,True,False,False,False
uniquehd.com,True,False,False,False
tomsmithindustries.com,True,False,False,False
Heartcentre,True,False,False,False
North American Spares,True,False,False,False
Accelerator,True,False,False,False
O&S Associates,True,False,False,False
Leading Edge Specialized Dentistry,True,False,False,False
Hammond Trucking & Excavation,True,False,False,False
"BH Aircraft Company, Inc.",True,False,False,False
My New Jersey Dentist,True,False,False,False
Town Counsel Law & Litigation,True,False,False,False
MICRO MANUFACTRING,True,False,False,False
The Brown & Hurley Group,True,False,False,False
Societatea Energetica Electrica S.A.,True,False,False,False
Tie Down Engineering,True,False,False,False
Monroe Transportation Services Inc,True,False,False,False
Kensington Glass Arts,True,False,False,False
EAC Consulting,True,False,False,False
Baltimore Country Club,True,False,False,False
Jildor Shoes,True,False,False,False
Mainline Information Systems,True,False,False,False
Fastighetsservice AB,True,False,False,False
CESI,True,False,False,False
Shinn Fu Company of America,True,False,False,False
ROCK SOLID Stabilization & Reclamation,True,False,False,False
Cold Storage Manufacturing,True,False,False,False
Neaton Auto Products Manufacturing,True,False,False,False
Saint George's College (saintgeorge.cl),True,False,False,False
Aurora Public Schools (aurorak12.org),True,False,False,False
Natures Organics,True,False,False,False
Paignton Zoo,True,False,False,False
SRP Companies,True,False,False,False
Braum's,True,False,False,False
lacold.com,True,False,False,False
The University of Notre Dame Australia (nd.edu.au),True,False,False,False
Wakefield & Associates,True,False,False,False
Prime Trust Financial,True,False,False,False
sehma.com,True,False,False,False
Rogers,True,False,False,False
I.B.G SPA,True,False,False,False
ldi-trucking-inc,True,False,False,False
Wisper Reimer Ingenieure GmbH,True,False,False,False
Unimicron,True,False,False,False
Logix Corporate Solutions,True,False,False,False
sole technology,True,False,False,False
TMC,True,False,False,False
primesourcestaffing.com,True,False,False,False
The Children's Center Of Hamden,True,False,False,False
komline.com,True,False,False,False
bazcooil.com,True,False,False,False
sdfab.com,True,False,False,False
kaplanstahler.com,True,False,False,False
www.jsp.com,True,False,False,False
ekonom.com,True,False,False,False
editel.eu,True,False,False,False
derrytransport.com,True,False,False,False
dana-co.com,True,False,False,False
designdesigninc.com,True,False,False,False
daatagroup.com,True,False,False,False
dunnriteproducts.com,True,False,False,False
d2go.io,True,False,False,False
dynastyfootwear.com,True,False,False,False
dxc.com,True,False,False,False
dundasjafine.com,True,False,False,False
drexel.ca,True,False,False,False
donlen.com,True,False,False,False
dlfna.com,True,False,False,False
directex.net,True,False,False,False
diazfoods.com,True,False,False,False
detecno.com,True,False,False,False
deltaenterprise.com,True,False,False,False
deltachildren.com,True,False,False,False
decrescente.com,True,False,False,False
dbetances.com,True,False,False,False
datapakservices.com,True,False,False,False
coglans.com,True,False,False,False
cycle.local,True,False,False,False
cassinfo.com,True,False,False,False
claw.local,True,False,False,False
cgdc.cottong.local,True,False,False,False
cps.k12.il.us,True,False,False,False
conbraco.com,True,False,False,False
clearon.com,True,False,False,False
crestmills.com,True,False,False,False
cranebsu.com,True,False,False,False
covectra.com,True,False,False,False
connexion-informatique.fr,True,False,False,False
compasshealthbrands.com,True,False,False,False
collectionxiix.com,True,False,False,False
coghlans.com,True,False,False,False
codagami.com,True,False,False,False
cmcoldstores.com,True,False,False,False
classicaccessories.com,True,False,False,False
cinema1.ca,True,False,False,False
cherokeedistributing.com,True,False,False,False
chemstarcorp.com,True,False,False,False
challenger.com,True,False,False,False
cesarcastillo.com,True,False,False,False
cedarsfoods.com,True,False,False,False
cathayhome.com,True,False,False,False
catchuplogistics.com,True,False,False,False
castlewoodapparel.com,True,False,False,False
carlsondistributing.com,True,False,False,False
Enfin,True,False,False,False
D-7 Roofing,True,False,False,False
Recievership Specialists,True,False,False,False
abcapital.com.ph,True,False,False,False
Allen & Pinnix,True,False,False,False
The Pawn,True,False,False,False
Polstermöbel Oelsa GmbH,True,False,False,False
Grail Springs Retreat,True,False,False,False
Rural Health Services,True,False,False,False
Adler Shine LLP,True,False,False,False
SimonMed Imaging,True,False,False,False
PAD Aviation Technics GmbH,True,False,False,False
Serenity Salon & Spa,True,False,False,False
Michael’s Hair Body Mind,True,False,False,False
Greenwich Medical Spa,True,False,False,False
Atlas Commodities,True,False,False,False
Capital Cell Global (CCG),True,False,False,False
ASRAM Medical College and Hospita,True,False,False,False
CAPITALFINEMEATS.COM,True,False,False,False
CALIFORNIARAINLA.COM,True,False,False,False
CAINEWAREHOUSING.COM,True,False,False,False
BARCOMADE.COM,True,False,False,False
BEINOGLOU.GR,True,False,False,False
BIAGIBROS.COM,True,False,False,False
BSIEDI.COM,True,False,False,False
BOZICKDIST.COM,True,False,False,False
BOWANDARROWPET.COM,True,False,False,False
BOSSCHAIR.COM,True,False,False,False
BESTBRANDSINC.COM,True,False,False,False
BERKSHIREINC.COM,True,False,False,False
BENSONMILLS.COM,True,False,False,False
BENBECKER.EU,True,False,False,False
BAYSIDENH.COM,True,False,False,False
BARRETTDISTRIBUTION.COM,True,False,False,False
BACKYARDDISCOVERY.COM,True,False,False,False
ALEGACY.COM,True,False,False,False
AURORAIMPORTING.COM,True,False,False,False
ARLAN.NL,True,False,False,False
ARKIEJIGS.COM,True,False,False,False
APOLLOCORP.COM,True,False,False,False
AOL.COM AJ MISSERT INC,True,False,False,False
ANNABELLECANDY.COM,True,False,False,False
ANDROSNA.COM,True,False,False,False
ANDREWSDISTRIBUTING.COM,True,False,False,False
AMSINO.COM,True,False,False,False
AMERICANLIGHTING.COM,True,False,False,False
ALPADVANTAGE.COM,True,False,False,False
ALLTECH.COM,True,False,False,False
ALLIANCEMERCANTILE.COM,True,False,False,False
AIRLIQUIDE.COM,True,False,False,False
AGILITYAUTOPARTS.COM,True,False,False,False
AFFINITYCANADA.COM,True,False,False,False
ACTIAN.COM,True,False,False,False
ACPIDEAS.COM,True,False,False,False
ACCEM.COM,True,False,False,False
ABCOPRODUCTS.COM,True,False,False,False
3PLSOFTWARE.COM,True,False,False,False
Brockway Hair Design,True,False,False,False
True World Foods,True,False,False,False
MEDES College,True,False,False,False
Glow Medi Spa,True,False,False,False
3FINITY.NET,True,False,False,False
1888MILLS.COM,True,False,False,False
CXTSOFTWARE.COM,True,False,False,False
UNIEKINC.COM,True,False,False,False
STORKCRAFT.COM,True,False,False,False
COMPANY's_PART1,True,False,False,False
Old National Events Plaza,True,False,False,False
Marshall Motor Holdings,True,False,False,False
Albright Institute,True,False,False,False
WhoHire,True,False,False,False
Upstate Glass Tempering,True,False,False,False
Saied Music,True,False,False,False
Kitty cookies,True,False,False,False
www.cisco.com,True,False,False,False
www.cdprojekt.com,True,False,False,False
www.mgl.law,True,False,False,False
www.fudpucker.com,True,False,False,False
ctntelco.com,True,False,False,False
iRidge Inc.,True,False,False,False
Maxvy Technologies Pvt,True,False,False,False
Universitatea Politehnica din Bucuresti,True,False,False,False
Hpisd.org,True,False,False,False
wwcsd.net,True,False,False,False
Israel Police,True,False,False,False
"Gitlabs: Universitatea Politehnica din Bucuresti, Maxvy Technologies Pvt, iRidge Inc.",True,False,False,False
Spectrum Solutions,True,False,False,False
Substitute Teacher Service,True,False,False,False
R******e.tw,True,False,False,False
SAKAI SOUKEN Co.,True,False,False,False
G*********7.com,True,False,False,False
M****s.info,True,False,False,False
cmr24.by,True,False,False,False
phidac.be,True,False,False,False
3SS,True,False,False,False
Fligno,True,False,False,False
Chalmers tekniska högskola,True,False,False,False
herbalcanadaonline.com,True,False,False,False
"Gitlabs: Chalmers tekniska högskola, Fligno, 3SS",True,False,False,False
teamues.com,True,False,False,False
iaaglobal.org,True,False,False,False
Tropical Foods Company Inc,True,False,False,False
sautech.edu,True,False,False,False
autogedal.ro,True,False,False,False
nldappraisals.com,True,False,False,False
renmarkfinancial.com,True,False,False,False
harcoboe.net,True,False,False,False
lowernazareth.com,True,False,False,False
northernresponse.com,True,False,False,False
savoiesfoods.com,True,False,False,False
zsattorneys.com,True,False,False,False
NG-BLU Networks,True,False,False,False
Presence From Innovation (PFI),True,False,False,False
Lexington Electric,True,False,False,False
Robertshaw,True,False,False,False
HARADA,True,False,False,False
SmithDunn&Co,True,False,False,False
DIEM,True,False,False,False
Top Systems,True,False,False,False
eConceptions,True,False,False,False
"Gitlabs: eConceptions, Top Systems, DIEM",True,False,False,False
McCORMICK TAYLOR,True,False,False,False
www.iecsolutions.com,True,False,False,False
corehandf.com,True,False,False,False
Dash Business,True,False,False,False
Hall Chadwick,True,False,False,False
NESCTC Security Services,True,False,False,False
Shinsung Delta Tech,True,False,False,False
Banfi Vintners,True,False,False,False
annegrady.org,True,False,False,False
rablighting.com,True,False,False,False
boostheat.com,True,False,False,False
rattelacademy.com,True,False,False,False
cara.com.my,True,False,False,False
Mid-State Machine & Fabricating Corp,True,False,False,False
Toshapp.com,True,False,False,False
A2b-cargo.com,True,False,False,False
casperstruck.com,True,False,False,False
medicalreportsltd.com,True,False,False,False
Kombinat,True,False,False,False
HE2B,True,False,False,False
Prasaga,True,False,False,False
Propulsion Academy AG,True,False,False,False
X-Pans,True,False,False,False
"Professional Computer Co., Ltd.",True,False,False,False
LUA Coffee,True,False,False,False
GFZ Helmholtz Centre for Geosciences,True,False,False,False
PT. ITPRENEUR INDONESIA TECHNOLOGY,True,False,False,False
Devlion,True,False,False,False
SOLEIL,True,False,False,False
hemio.de,True,False,False,False
Madia,True,False,False,False
X-lab group,True,False,False,False
Bolin Centre for Climate Research,True,False,False,False
"Gitlabs: hemio.de, SOLEIL, Devlion",True,False,False,False
escada.com,True,False,False,False
mielectric.com.br,True,False,False,False
engineeredequip.com,True,False,False,False
emin.cl,True,False,False,False
alphascriptrx.com,True,False,False,False
premierop.com,True,False,False,False
acesaz.com,True,False,False,False
mipa.com.br,True,False,False,False
usm-americas.com,True,False,False,False
feheq.com,True,False,False,False
stewartautosales.com,True,False,False,False
milleraa.com,True,False,False,False
jsfrental.com,True,False,False,False
summitmovinghouston.com,True,False,False,False
dwgp.com,True,False,False,False
easycom.com,True,False,False,False
alfa.com.co,True,False,False,False
westernwoodsinc.com,True,False,False,False
viscira.com,True,False,False,False
elitt-sas.fr,True,False,False,False
cfctech.com,True,False,False,False
armellini.com,True,False,False,False
mbacomputer.com,True,False,False,False
directex.net,True,False,False,False
360energy.com.ar,True,False,False,False
saludsa.com.ec,True,False,False,False
intercomp.com.mt,True,False,False,False
sportadmin.se,True,False,False,False
C & R Molds Inc,True,False,False,False
Commercial Solutions,True,False,False,False
www.aymcdonald.com,True,False,False,False
capstoneins.ca,True,False,False,False
clarkfreightways.com,True,False,False,False
mistralsolutions.com,True,False,False,False
India car owners,True,False,False,False
kksp.com,True,False,False,False
brainsystem.eu,True,False,False,False
Taking stock of 2024| Part 2,True,False,False,False
esle.eu,True,False,False,False
forum-rainbow-rp.forumotion.eu,True,False,False,False
mgainnovation.com,True,False,False,False
cornwelltools.com,True,False,False,False
rashtiandrashti.com,True,False,False,False
alojaimi.com,True,False,False,False
www.aswgr.com,True,False,False,False
heartlandrvs.com,True,False,False,False
gaheritagefcu.org,True,False,False,False
SSMC,True,False,False,False
Rivers Casino and Rush Street Gaming,True,False,False,False
Asterra Properties,True,False,False,False
Caliente Construction,True,False,False,False
C2S Technologies Inc.,True,False,False,False
ITSS,True,False,False,False
brewsterfiredepartment.org,True,False,False,False
derrimon.com,True,False,False,False
globexusa.com,True,False,False,False
Dickerson & Nieman Realtors,True,False,False,False
Sheridan Nurseries,True,False,False,False
The Hill Brush,True,False,False,False
DPC Development,True,False,False,False
Woodway USA,True,False,False,False
Daniel Island Club,True,False,False,False
KWS,True,False,False,False
QGS Development,True,False,False,False
"Gitlabs: Bolin Centre for Climate Research, X-lab group, Madia",True,False,False,False
gruppozaccaria.it,True,False,False,False
Karadeniz Holding (karadenizholding.com),True,False,False,False
Ad***********.ca,True,False,False,False
www.wongfleming.com,True,False,False,False
smithmidland.com,True,False,False,False
www.origene.com,True,False,False,False
Denton Regional Suicide Prevention Coalition,True,False,False,False
fasttrackcargo.com,True,False,False,False
Ponte16 Hotel & Casino,True,False,False,False
"Elslaw.com ( EARLY , LUCARELLI , SWEENEY & MEISENKOTHEN LAW )",True,False,False,False
DRI Title & Escrow,True,False,False,False
DPA Auctions,True,False,False,False
Altair Travel,True,False,False,False
"Civil Design, Inc",True,False,False,False
The Gatesworth Senior Living St. Louis,True,False,False,False
GOVirtual-it.com ( VIRTUAL IT ),True,False,False,False
coel.com.mx,True,False,False,False
Alford Walden Law,True,False,False,False
Pasco Systems,True,False,False,False
MPP Group of Companies,True,False,False,False
realtaxcanada.com,True,False,False,False
Pineland community service board,True,False,False,False
topackt.com,True,False,False,False
usuhs.edu,True,False,False,False
Four Eye Clinics,True,False,False,False
jpcgroupinc.com,True,False,False,False
hreu.eu,True,False,False,False
Tosaf,True,False,False,False
turbomp.com,True,False,False,False
Cyrious Software,True,False,False,False
Medical Associates of Brevard,True,False,False,False
Civic Committee,True,False,False,False
Ayres Law Firm,True,False,False,False
Growth Acceleration Partners,True,False,False,False
fiberskynet.net,True,False,False,False
tirtaraharja.co.id,True,False,False,False
"Gitlabs: PT. ITPRENEUR INDONESIA TECHNOLOGY, GFZ Helmholtz Centre for Geosciences, LUA Cof...",True,False,False,False
myisp.live,True,False,False,False
Zamzow's,True,False,False,False
DATACONSULTANTS.COM,True,False,False,False
CHAMPIONHOMES.COM,True,False,False,False
CIERANT.COM,True,False,False,False
DATATRAC.COM,True,False,False,False
Nano Health,True,False,False,False
St. Nicholas School,True,False,False,False
Héron,True,False,False,False
Tan Teck Seng Electric (Co) Pte Ltd,True,False,False,False
High Learn Ltd,True,False,False,False
CAMRIDGEPORT,True,False,False,False
Falcon Gaming,True,False,False,False
Eascon,True,False,False,False
Utilissimo Transportes,True,False,False,False
GATTELLI SpA,True,False,False,False
Technico,True,False,False,False
Wireless Solutions (Morris.Domain),True,False,False,False
Punjab.gov.pk,True,False,False,False
W*****e.com,True,False,False,False
T*****p.com,True,False,False,False
A**-****o.com,True,False,False,False
Fayez Spa,True,False,False,False
Dolmor Salon,True,False,False,False
Beauty Works Spa,True,False,False,False
Trimaco,True,False,False,False
Farrar Corporation,True,False,False,False
USGlobeCorp,True,False,False,False
"Kats, Jamison & Associates",True,False,False,False
SCP Building Products,True,False,False,False
Engineering Design Initiative,True,False,False,False
Angotti & Reilly,True,False,False,False
Land and Lakes,True,False,False,False
inmobiliariamaspormenos.com,True,False,False,False
Pembina Trails School Division,True,False,False,False
Taking stock of 2024 | Part 1,True,False,False,False
vanguardpaints.com,True,False,False,False
adhydraclean.com,True,False,False,False
rightofwayequipment.net,True,False,False,False
empereon-constar.com,True,False,False,False
ibp.com,True,False,False,False
garcesfruit.com,True,False,False,False
andrewlauren.com,True,False,False,False
centerracoop.com,True,False,False,False
teligentems.com,True,False,False,False
rqsi.com,True,False,False,False
omniflow.com,True,False,False,False
farmatodo.com,True,False,False,False
elf.uk.com,True,False,False,False
foxconstructiongroup.co.uk,True,False,False,False
irisib.com,True,False,False,False
swissit.cz,True,False,False,False
idrefjall.com,True,False,False,False
allbrightcotton.com,True,False,False,False
clarkpower.com,True,False,False,False
ad.snadc.com,True,False,False,False
sgbllp.com,True,False,False,False
isisecurity.com,True,False,False,False
scrantonrealtors.org,True,False,False,False
madisonforms.com,True,False,False,False
simcointeriors.com,True,False,False,False
atr.com,True,False,False,False
calfaucets.com,True,False,False,False
dkgrar.com,True,False,False,False
yhti.com,True,False,False,False
njcar.org,True,False,False,False
cannara.ca,True,False,False,False
atlanticelectrics.com,True,False,False,False
JFGV.ca,True,False,False,False
worldfabricinc.com,True,False,False,False
dms-ksa.com,True,False,False,False
HEXPOL COMPOUNDING AMERICAS,True,False,False,False
Southeast Supply,True,False,False,False
HIKARI SEIKO,True,False,False,False
akran,True,False,False,False
alkodistributors.com,True,False,False,False
ttucorp.com,True,False,False,False
jayaapparelgroup.com,True,False,False,False
johnpaulrichard.com,True,False,False,False
vsstransportationgroup.com,True,False,False,False
sunrise-soya.com,True,False,False,False
"Gitlabs: Professional Computer, X-Pans, Propulsion Academy AG",True,False,False,False
Night Hawk,True,False,False,False
Centromedicoenova,True,False,False,False
nenok.de,True,False,False,False
Perfect Plastic,True,False,False,False
Benuta,True,False,False,False
Ottawa Family Physicians,True,False,False,False
FENSTERMAKER,True,False,False,False
Menway,True,False,False,False
ome.tv,True,False,False,False
Silverado Contractors,True,False,False,False
Engine Power Source,True,False,False,False
soitinlaine.fi,True,False,False,False
Jalaram Produce,True,False,False,False
KPI Engineering,True,False,False,False
Scott Engineering,True,False,False,False
Tri-Sen Systems,True,False,False,False
payahmedabadechallan.org,True,False,False,False
Zschimmer and Schwarz,True,False,False,False
"Gitlabs: Prasaga, HE2B, Kombinat",True,False,False,False
midwaymetals.com.vn,True,False,False,False
SCV Med Group,True,False,False,False
Premierautocredit.com,True,False,False,False
By design,True,False,False,False
Cahoon Farms,True,False,False,False
Marshall & Bruce Printing,True,False,False,False
Johnston,True,False,False,False
Plymouth Foam,True,False,False,False
Boldon James,True,False,False,False
air europa,True,False,False,False
tnlottery.com,True,False,False,False
Commercial & Residential Management Group,True,False,False,False
daVinci,True,False,False,False
TRIVAD,True,False,False,False
Wallin & Klarich,True,False,False,False
Cimarron Telephone Company,True,False,False,False
The Wendt Agency,True,False,False,False
Rossi Real Estate (ROSSIDG.LOCAL),True,False,False,False
Delta Screen & Filtration,True,False,False,False
Turning Leaf (TURNINGLEAF.local),True,False,False,False
Heart to Heart Hospice,True,False,False,False
Strategic Materials,True,False,False,False
City Of Beloit,True,False,False,False
Boutin Jones (boutindentino.com),True,False,False,False
Versalys.com,True,False,False,False
Miles Industries,True,False,False,False
Addison Saws,True,False,False,False
English Braids,True,False,False,False
Aden Footwear,True,False,False,False
NG Automatics,True,False,False,False
Philip Laney & Jolly,True,False,False,False
ARDEX Australia,True,False,False,False
BENASSI IMMOBILIARE SAS DI BENASSI ROBERTO E C.,True,False,False,False
boginmunns.com,True,False,False,False
Menominee Tribal Clinic,True,False,False,False
Mission Locale Montpellier,True,False,False,False
Israel Ministry of National Security,True,False,False,False
delpackaging.com,True,False,False,False
lnetwork,True,False,False,False
Acoustiblok,True,False,False,False
BBLAWFIRM,True,False,False,False
metalurgica roma,True,False,False,False
tsmx.net.br,True,False,False,False
muscogee.k12.ga.us,True,False,False,False
broward.edu,True,False,False,False
INDONESIA TAXPAYER IDENTIFICATION NUMBER (NPWP),True,False,False,False
Carthage Police Department,True,False,False,False
MYINDIHOME TELKOM INDONESIA by ( Babuk Locker ),True,False,False,False
Mark ResolveInc,True,False,False,False
"QCN CO., LTD",True,False,False,False
Kaisersbach.de,True,False,False,False
Neovita.de,True,False,False,False
MYINDIHOME TELKOM INDONESIA,True,False,False,False
sce.org.sg,True,False,False,False
cnnindonesia.com,True,False,False,False
Mercy Supply Collaborative,True,False,False,False
MYPERTAMINA INDONESIA,True,False,False,False
Lee Hartman & Sons,True,False,False,False
Alo Center (hq.aloteknik.se),True,False,False,False
Mapping Solutions,True,False,False,False
Aquasys,True,False,False,False
Grand Fire Protection,True,False,False,False
lhps.org,True,False,False,False
RDC Architects,True,False,False,False
Prinston Pharmaceutical (huahaius.com),True,False,False,False
Mark Resolve Inc,True,False,False,False
copral.com.br,True,False,False,False
qed.co.ug,True,False,False,False
treehotel.co.uk,True,False,False,False
human.de,True,False,False,False
bocagroup.com,True,False,False,False
alentec.com,True,False,False,False
Württemberger Medien,True,False,False,False
viacaojacarei.com.br,True,False,False,False
gelco-s-a.com.br,True,False,False,False
Kurosu & Co.SA - kurosu.com.py,True,False,False,False
zapopan.gob.mx,True,False,False,False
carc.gov.jo,True,False,False,False
nhbg.com.co,True,False,False,False
APMS ( Advanced Physician Management Service LLC,True,False,False,False
a top-tier law firm in Workers Compensation Defense!,True,False,False,False
precisediagnosticspacs.com,True,False,False,False
zetech.ac.ke,True,False,False,False
maxprofit.mcode.me,True,False,False,False
skopje.gov.mk,True,False,False,False
rtdc.gov.mn,True,False,False,False
pbos.gov.pk,True,False,False,False
abd-ong.org,True,False,False,False
mtgazeta.uz,True,False,False,False
sincorpe.org.br,True,False,False,False
pti.agency,True,False,False,False
singularanalysts.com,True,False,False,False
gervetusa.com,True,False,False,False
workers.com.zm,True,False,False,False
wacer.com.au,True,False,False,False
thebetareview.com,True,False,False,False
senseis.xmp.net,True,False,False,False
fpsc-anz.com,True,False,False,False
mandiricoal.net,True,False,False,False
dealplexus.com,True,False,False,False
bee-insurance.com,True,False,False,False
lamundialdeseguros.com,True,False,False,False
indianaerospaceandengineering.com,True,False,False,False
gstpam.org,True,False,False,False
www.shootinghouse.com.br,True,False,False,False
headwaterco.com,True,False,False,False
www.al-shefafarm.ro,True,False,False,False
www.ykp.com.br,True,False,False,False
www.go4kora.tv,True,False,False,False
www.rekamy.com,True,False,False,False
www.dvttechnologyltd.com,True,False,False,False
www.siea.sk,True,False,False,False
www.spmundi.com.br,True,False,False,False
www.merchant.id,True,False,False,False
www.cyncsolutions.com,True,False,False,False
"Baca County Feedyard, Inc",True,False,False,False
www.skywaycoach.ca,True,False,False,False
www.farmaciaflorio.com,True,False,False,False
www.nrshealthcare.com,True,False,False,False
www.hcisystems.net,True,False,False,False
www.betteraccountingsolutions.com,True,False,False,False
www.aretusamilano.it,True,False,False,False
www.agenciahost.com,True,False,False,False
www.constelacion.com.sv,True,False,False,False
www.avantit.no,True,False,False,False
www.industrialdealimentos.com,True,False,False,False
www.lapastina.com,True,False,False,False
www.kovra.com.my,True,False,False,False
www.computan.com,True,False,False,False
www.scadea.com,True,False,False,False
"Weeks, Brucker & Coleman, Ltd | Legal Services",True,False,False,False
International AIDS Vaccine Initiative (iavi.org),True,False,False,False
"Aishu, Eshoo",True,False,False,False
achieverssciencejournal.org,True,False,False,False
www.fgse.cu.edu.eg,True,False,False,False
Let’s Secure Insurance,True,False,False,False
punjab.gov.in,True,False,False,False
Metro Wire & Cable,True,False,False,False
Jan Nygaard,True,False,False,False
DataSociete,True,False,False,False
bigotti.ro,True,False,False,False
mcpathology.com,True,False,False,False
nutripack.eu,True,False,False,False
paradiseschools.org,True,False,False,False
welcomewagon.com,True,False,False,False
cellsciencesystems.com,True,False,False,False
Keepz,True,False,False,False
envirosep.com,True,False,False,False
genrepurchase.bankatm.in,True,False,False,False
PrimoTicketing,True,False,False,False
www.pcm.com.mx,True,False,False,False
OLAMETER.COM,True,False,False,False
USLUGGAGE.COM,True,False,False,False
AMPOL.COM.AU,True,False,False,False
POLARISTRANSPORT.COM,True,False,False,False
CALEXISCS.COM,True,False,False,False
CDRSOFTWARE.COM,True,False,False,False
UTILISMARTCORP.COM,True,False,False,False
SEATTLECHOCOLATES.COM,True,False,False,False
WHITMOR.COM,True,False,False,False
BURRISLOGISTICS.COM,True,False,False,False
ARTIKA.COM,True,False,False,False
SPADERFREIGHT.COM,True,False,False,False
SULLYTRANSPORT.COM,True,False,False,False
BRADLEYCALDWELL.COM,True,False,False,False
MADENGINE.COM,True,False,False,False
SPGUSA.COM,True,False,False,False
EMKAY.COM,True,False,False,False
RUIA.COM,True,False,False,False
BUSINESSSYSINTEG.COM,True,False,False,False
BMIUSA.COM,True,False,False,False
NORTHERNONTARIOWIRES.COM,True,False,False,False
COYOTE.COM,True,False,False,False
HILLBROS.COM,True,False,False,False
KEEACTIONSPORTS.COM,True,False,False,False
INNOTEKEP.COM,True,False,False,False
NOWINC.CA,True,False,False,False
TERRA.COM,True,False,False,False
aws.amazon.com,True,False,False,False
www.usmba.ac.ma,True,False,False,False
www.lnrbda.gov.ng,True,False,False,False
www.shihka.com.hk,True,False,False,False
ORU Mabee Center,True,False,False,False
Wannemacher Enterprises Inc,True,False,False,False
De La Salle High School (dlshs.org),True,False,False,False
ELTEK Group (eltekgroup.com),True,False,False,False
Cabinet JEAN LOUVEL SAOUDI,True,False,False,False
HERTZ.COM,True,False,False,False
CREELED.COM,True,False,False,False
JAKKS.COM,True,False,False,False
C3GROUP.NL,True,False,False,False
ALPINEFOODS.COM,True,False,False,False
SHEERLOGISTICS.COM,True,False,False,False
OFSPORTAL.COM,True,False,False,False
SWEETSTREET.COM,True,False,False,False
CONSULTANTS.COM,True,False,False,False
PREMIERSUPPLIES.COM,True,False,False,False
BREAKTHROUGHFUEL.COM,True,False,False,False
ICERIVERGREENBOTTLECO.COM,True,False,False,False
ENCOMPASSTECH.COM,True,False,False,False
NISSINFOODS.COM,True,False,False,False
COVESTRO.COM,True,False,False,False
STEELBLUE.COM.AU,True,False,False,False
HEARSTPOWER.COM,True,False,False,False
SDITECHNOLOGIES.COM,True,False,False,False
CPS.EDU,True,False,False,False
CLAWLOGISTICS.COM,True,False,False,False
CLEO.COM,True,False,False,False
WESTERNALLIANCEBANK.COM,True,False,False,False
ESPRIGAS.COM,True,False,False,False
LINFOX.COM,True,False,False,False
PISPL.IN,True,False,False,False
BLUEYONDER.COM,True,False,False,False
CENTRIC.EU,True,False,False,False
Berman Brothers,True,False,False,False
Chappell Schools,True,False,False,False
Safco International Gen Trading,True,False,False,False
Hospital El Cruce,True,False,False,False
Arrow Motor Auctions,True,False,False,False
Bwfg.at,True,False,False,False
samsill.com,True,False,False,False
Kooijman Vianen (kooijmanvianen.nl),True,False,False,False
archaeologicalresearchservices.com,True,False,False,False
WorldNet Telecommunications LLC,True,False,False,False
Enghouse (ex. Navita),True,False,False,False
starkaerospace.com,True,False,False,False
punjab.gov.pk,True,False,False,False
www.missionbank.bank,True,False,False,False
FIO,True,False,False,False
PINELAND BHDD COMMUNITY SERVICES,True,False,False,False
Black Hills Regional Eye Institute,True,False,False,False
BBBIND.COM,True,False,False,False
Sawley Lock O'Callaghan,True,False,False,False
Rees NDT Inspection Services,True,False,False,False
Omni Fiber LLC,True,False,False,False
gaylord.org,True,False,False,False
sdkgroup.com,True,False,False,False
www.manpower.com,True,False,False,False
Architects West,True,False,False,False
iptime.com,True,False,False,False
ilemgroup.com,True,False,False,False
www.grohe.com,True,False,False,False
Hayloft Property Management,True,False,False,False
JOMARSOFTCORP.COM,True,False,False,False
www.americanstandard-us.com,True,False,False,False
Christian Community Aid,True,False,False,False
SANTA MARIA LABORATORIO,True,False,False,False
Jacobs & Thompson,True,False,False,False
"Mintz Law Firm, LLC",True,False,False,False
Solaris-pharma.com,True,False,False,False
semesco.com,True,False,False,False
brunetti.com,True,False,False,False
solge.es,True,False,False,False
precisionmechsd.com,True,False,False,False
whychoosebw.com,True,False,False,False
boardman-hamilton.com,True,False,False,False
miedemaproduce.com,True,False,False,False
RETAL Baltic Films,True,False,False,False
navy-mil-bd,True,False,False,False
ayswrewards.cow,True,False,False,False
pre*************.com,True,False,False,False
Wa**********.com,True,False,False,False
ge*******.com,True,False,False,False
icicibank.com,True,False,False,False
Inaya Clinique,True,False,False,False
supremegroup.co.in,True,False,False,False
FAAB Invest Advisors Private Limited,True,False,False,False
Nimbus Facility Services,True,False,False,False
cu-barika.dz,True,False,False,False
thecitybank.com,True,False,False,False
insta.com.pk,True,False,False,False
Bethany Hospital,True,False,False,False
Marukai,True,False,False,False
PetroVietnam Exploration Production Corporation,True,False,False,False
theurswickschool.co.uk,True,False,False,False
malindoair.com,True,False,False,False
Jacquet Weston Engineering,True,False,False,False
compass-underwriting-ltd,True,False,False,False
cana group corp,True,False,False,False
Rabwin,True,False,False,False
Zuk Group,True,False,False,False
Clutch Industries,True,False,False,False
Sentinel Systems,True,False,False,False
Angotti & Reilly,True,False,False,False
D & M Trim,True,False,False,False
"Delta Fabrication and Machine, Inc",True,False,False,False
TG3 Electronics,True,False,False,False
Richardson,True,False,False,False
WELKER | World-Class Manufacturing,True,False,False,False
MERCURYGATE.COM,True,False,False,False
USE Federal Credit Union,True,False,False,False
Refreshment Services Pepsi,True,False,False,False
Marina Family Medical,True,False,False,False
MassDevelopment,True,False,False,False
gonzalesusd.net,True,False,False,False
Kassin & Carrow,True,False,False,False
Gossett Motor Cars,True,False,False,False
nightingalehammerson.org,True,False,False,False
fol-23.fr,True,False,False,False
aquamanaesp.gov.co,True,False,False,False
Divimast,True,False,False,False
VODOTEHNIKA D.D.,True,False,False,False
Chain And Rope SuppliersLTD,True,False,False,False
realtaxcanada.com,True,False,False,False
LYNXSPA,True,False,False,False
Washington Gastroenterology (DHSWA.NET),True,False,False,False
Kilgore College (kilgore.edu),True,False,False,False
peponline.org,True,False,False,False
Taylor Regional Hospital (thcg.local),True,False,False,False
Regina Coeli Convent,True,False,False,False
platinumcollision.com,True,False,False,False
Woodlake,True,False,False,False
Volt Infrastructure,True,False,False,False
The Hoff Brand SL,True,False,False,False
Dona Formosa,True,False,False,False
JD Lighting,True,False,False,False
Farmacia Cofar,True,False,False,False
anupalanonline.com,True,False,False,False
Netform GmbH,True,False,False,False
Delta Dental of Washington,True,False,False,False
bsegroup.it,True,False,False,False
www.solariumrevestimentos.com.br,True,False,False,False
www.liteputer.com.tw,True,False,False,False
Access Capital Partners SA,True,False,False,False
Prestige Maintenance USA,True,False,False,False
safecoastseafoods.com,True,False,False,False
greyform.sg,True,False,False,False
proexequialesresurgir.com,True,False,False,False
bellandgraham.co.nz,True,False,False,False
termopuerto.com,True,False,False,False
equipo-postal.com,True,False,False,False
ddelta.com.mx,True,False,False,False
mts.gov.eg,True,False,False,False
AKConstructors.com,True,False,False,False
combinedpoolandspa.com,True,False,False,False
Lowe Engineers,True,False,False,False
Woodport Doors,True,False,False,False
barilga.gov.mn,True,False,False,False
communisis.com & paragon.world,True,False,False,False
anwsd.org,True,False,False,False
www.eurocert.pl,True,False,False,False
jgele.com,True,False,False,False
DURAYDUNCAN.COM,True,False,False,False
Indus Towers,True,False,False,False
The Metropolitan Borough of Gateshead,True,False,False,False
AVI Southeast,True,False,False,False
Boart & Wire,True,False,False,False
The Chicano Federation,True,False,False,False
udb.net,True,False,False,False
Beyond79,True,False,False,False
WPD.WOODPORTDOORS.COM,True,False,False,False
QualiTech (qualitech.com),True,False,False,False
Kinseth Hospitality Companies,True,False,False,False
"Douglas County, GA (DDCWSA.COM)",True,False,False,False
pittman-construction.com,True,False,False,False
The University of Oklahoma (ou.edu),True,False,False,False
"SciTech Services, Inc.",True,False,False,False
Buttery (butterycompany.com),True,False,False,False
Moinho Globo Alimentos,True,False,False,False
PJ's Rebar,True,False,False,False
Union Studio,True,False,False,False
Wynnewood High School,True,False,False,False
Moraviakov s.r.o.,True,False,False,False
Bring Solution,True,False,False,False
Gebäudereinigungsakademie,True,False,False,False
"Thilges & Bernhardt, Attorneys at Law",True,False,False,False
Clnica CES,True,False,False,False
bluai.ai,True,False,False,False
Sharm Reef Hotel,True,False,False,False
Intelservice.com,True,False,False,False
Solaris Pharma,True,False,False,False
Onecare,True,False,False,False
Biomedical Caledonia Medical Laboratory (calmedlab.local),True,False,False,False
Imperial Valley Respite (ivrespite.com),True,False,False,False
Riverina Medical,True,False,False,False
Spectrum,True,False,False,False
SERGAS Group,True,False,False,False
Nash Brothers Construction (nashdom.local),True,False,False,False
PHG CPAs (bushman.biz),True,False,False,False
Browdy (bl.local),True,False,False,False
Novati Constructions,True,False,False,False
viacaojacarei.com.br,True,False,False,False
gelco-s-a.com.br,True,False,False,False
nicatel.com.uy,True,False,False,False
lamejor.com.co,True,False,False,False
candelasyasociados.es,True,False,False,False
atpformosa.gob.ar,True,False,False,False
oyolasvegas.com,True,False,False,False
Welcomehallmission.com,True,False,False,False
PT PINS Indonesia,True,False,False,False
Delap & Waller,True,False,False,False
Conad (conad.lan),True,False,False,False
healthcarewithinreach.org,True,False,False,False
mymobileforms app,True,False,False,False
kuzstu-nf.ru,True,False,False,False
telering.de,True,False,False,False
mi.edu,True,False,False,False
linxe.com,True,False,False,False
zapopan.gob.mx,True,False,False,False
wissenhive.com,True,False,False,False
Jim Thompson,True,False,False,False
Astaphans,True,False,False,False
cityofwesthaven.com,True,False,False,False
pleasantsconstruction.com,True,False,False,False
T. Hasegawa USA,True,False,False,False
Barber Specialties,True,False,False,False
Costex,True,False,False,False
Patriarche Office of Architecture,True,False,False,False
COROB,True,False,False,False
RocSearch,True,False,False,False
Unisource Information Services,True,False,False,False
seocommarrakech.com,True,False,False,False
schuff.com,True,False,False,False
granbyindustries.com,True,False,False,False
plasmatherm.com,True,False,False,False
arunestates.co.uk,True,False,False,False
brachot.com,True,False,False,False
avril.ca,True,False,False,False
migonline.com,True,False,False,False
bnext.nl,True,False,False,False
EKOMERCIO.COM,True,False,False,False
Peikko,True,False,False,False
Sheyenne Tooling & Manufacturing,True,False,False,False
amerplumb.com,True,False,False,False
Ichikawa North America Corporation,True,False,False,False
Qualinet,True,False,False,False
www.wisesocon.com,True,False,False,False
Thomas J. Henry Law,True,False,False,False
Capesesp,True,False,False,False
Metalmatrix Clamps,True,False,False,False
xtremmedia.com,True,False,False,False
OmniRide (omniride.com),True,False,False,False
www.leaguecenter.org,True,False,False,False
www.temotekstil.com.tr,True,False,False,False
www.excelresourcing.co.uk,True,False,False,False
www.mie.com.my,True,False,False,False
www.rotaryeng.co.th,True,False,False,False
www.primalwear.com,True,False,False,False
www.fairhallzhang.com,True,False,False,False
Evidn,True,False,False,False
EVAS Group,True,False,False,False
depewgillen.com,True,False,False,False
castlehillha.co.uk,True,False,False,False
drive-lines.com,True,False,False,False
pnp.co.za,True,False,False,False
Rent-2-Own,True,False,False,False
alansarioman.com,True,False,False,False
gags.gov.eg,True,False,False,False
mindev.gov.gr,True,False,False,False
hapsch.de,True,False,False,False
Northern Lights Electric,True,False,False,False
Chain And Rope Suppliers LTD,True,False,False,False
Huntington Hotel Group,True,False,False,False
Galfer,True,False,False,False
Permoda,True,False,False,False
Fukoku Co. Ltd.,True,False,False,False
bendixengineering,True,False,False,False
carc.gov.jo,True,False,False,False
kingpower.com,True,False,False,False
Press Color,True,False,False,False
fwmep.edu,True,False,False,False
Surface Combustion,True,False,False,False
Slawson Companies,True,False,False,False
sahpetrol.com.tr,True,False,False,False
acquafertil.com.br,True,False,False,False
Youth Eastside Services,True,False,False,False
"EBL PARTNERS (construction|interiors), Florida",True,False,False,False
General Digital,True,False,False,False
General Digital CRM,True,False,False,False
ndceg.com,True,False,False,False
astaphans.com,True,False,False,False
jimthompson.com,True,False,False,False
Saint-Bar (saintbar.be),True,False,False,False
Arrotex Pharmaceuticals,True,False,False,False
Pus Gmbh,True,False,False,False
Drivestream,True,False,False,False
Drywall Partitions,True,False,False,False
AAA Environmental,True,False,False,False
u0 Excel Transportation,True,False,False,False
D-7 Roofing,True,False,False,False
Bergström Wines,True,False,False,False
Sunflower Medical Group,True,False,False,False
senergy.net,True,False,False,False
HECTARE,True,False,False,False
Lake Shore Public Schools,True,False,False,False
SPORT BOUTIQ,True,False,False,False
CED Solutions Computer IT Training Centers,True,False,False,False
IRO PARIS,True,False,False,False
Weininger Metall System GmbH,True,False,False,False
Omnitravel,True,False,False,False
ASCOM S.p.A.,True,False,False,False
VELSOL.COM,True,False,False,False
WSINC.COM,True,False,False,False
Maverick Constructors,True,False,False,False
A Bar A Ranch,True,False,False,False
yoniot.cn,True,False,False,False
Los Andes,True,False,False,False
Bluegrass Ingredients,True,False,False,False
Action Imports,True,False,False,False
Gunnar Prefab,True,False,False,False
molars.co.ke,True,False,False,False
Akantha,True,False,False,False
Hunter Taubman Fischer & Li,True,False,False,False
Veccio and Company PLLC,True,False,False,False
ribernuez.com,True,False,False,False
bayan-ulgii.cfga.gov.mn,True,False,False,False
gsw.co.in,True,False,False,False
technotouch.co,True,False,False,False
Inventory Management and Counting Solutions,True,False,False,False
HIDROCARBUROS ARGENTINOS S.A.,True,False,False,False
Perú Controls S.A.C.,True,False,False,False
Auxis,True,False,False,False
Montreal North,True,False,False,False
lscd,True,False,False,False
YorkTest Laboratories,True,False,False,False
www.smawins.com,True,False,False,False
maxvaluecredits.com,True,False,False,False
ISOR,True,False,False,False
Amourgis & Associates,True,False,False,False
www.alliancemat.com,True,False,False,False
www.geedingconstruction.com,True,False,False,False
Nikki-Universal Co Ltd,True,False,False,False
Lyons Specialty Co.,True,False,False,False
SolGeo AG Baugelogie and Geotechnik,True,False,False,False
Grupo Buddemeyer,True,False,False,False
VOLTAIRE AVOCATS,True,False,False,False
Jay Enn Corporation,True,False,False,False
Tarnaise des Panneaux SAS,True,False,False,False
Carrollton Orthopaedic Clinic,True,False,False,False
confluxhr.com,True,False,False,False
groupegm.com,True,False,False,False
scps.mp.gov.in,True,False,False,False
Kitevuc - Equipamentos E Veiculos Utilitários E Comerciais,True,False,False,False
lianbeng.sg,True,False,False,False
Cogitis,True,False,False,False
moh.gov.vn,True,False,False,False
tsag-agaar.gov.mn,True,False,False,False
maim.gov.my,True,False,False,False
banksulutgo,True,False,False,False
www.metlife.com,True,False,False,False
Mai***********.de,True,False,False,False
bac***********.com.au,True,False,False,False
Town of Ponoka,True,False,False,False
McCray Lumber,True,False,False,False
Zeifmans,True,False,False,False
Luxury Yacht Group,True,False,False,False
Bettisworth North,True,False,False,False
mof.gov.la,True,False,False,False
apexfootwearltd.com,True,False,False,False
mofaga.gov.np,True,False,False,False
moph.gov.lb,True,False,False,False
dcd.gov.ae,True,False,False,False
bitnato.one,True,False,False,False
equitiesnagain.com,True,False,False,False
Allen Carr’s Easyway,True,False,False,False
royalinsignia.com,True,False,False,False
starkvillesd.com,True,False,False,False
spiro.k12.ok.us,True,False,False,False
byronunionschooldistrict.us,True,False,False,False
multicoasia.com,True,False,False,False
dprinvestments.com,True,False,False,False
UPR.SG,True,False,False,False
asesoriacamen.es,True,False,False,False
www.psccorporation.com,True,False,False,False
Enge Ilha Construção,True,False,False,False
Hi-Raise Constructions Holding,True,False,False,False
Megaexit,True,False,False,False
Wosac,True,False,False,False
Innois,True,False,False,False
Meerapfel Family,True,False,False,False
IEC + EMCO,True,False,False,False
Engenet Informatica,True,False,False,False
deportesapalategui.com,True,False,False,False
Ikav Global Energy,True,False,False,False
Asheville Eye Associates,True,False,False,False
D&G Enviro-Group,True,False,False,False
timely.mn,True,False,False,False
nigico.gr,True,False,False,False
Cell C,True,False,False,False
Watertown Public Schools,True,False,False,False
STEG Stadtentwicklung,True,False,False,False
Ire-Omba SpA,True,False,False,False
asjp.cerist.dz,True,False,False,False
nppvlxdthanhlong.com.vn,True,False,False,False
shoppingcentropioneer.com,True,False,False,False
Atos (Business Services · France),True,False,False,False
falp.org,True,False,False,False
VO Baker,True,False,False,False
diazfoodsolutions.es,True,False,False,False
Inner City Family Health Team (ICFHT.local),True,False,False,False
Primary Health Services Center,True,False,False,False
Family Help & Wellness,True,False,False,False
Ober Mountain (OberGatlinburg.com),True,False,False,False
E-Tank,True,False,False,False
Charlie’s Tax Service,True,False,False,False
Pinno Construction,True,False,False,False
Ramos Law,True,False,False,False
Caframo Limited.,True,False,False,False
McCormick & Priore,True,False,False,False
McFarlane,True,False,False,False
Rio Negro,True,False,False,False
MLP Tax & Financial Services,True,False,False,False
Michelle Accesorios,True,False,False,False
Car Care Plan - Turkey,True,False,False,False
devoutdigital.com,True,False,False,False
Supraterra,True,False,False,False
Aroma Housewares Co (Aromaco.com),True,False,False,False
Reutone,True,False,False,False
Inteleca,True,False,False,False
Tillamook Country Smoker,True,False,False,False
Mint Pharmaceuticals,True,False,False,False
itca.edu.sv,True,False,False,False
etplaw.com,True,False,False,False
Sistem Informasi Pengelolaan Keuangan Daerah (SIPKD),True,False,False,False
Pinger - USA,True,False,False,False
sensualcollection.com,True,False,False,False
netox.net,True,False,False,False
T Smiles Dental,True,False,False,False
2sign.co.il,True,False,False,False
SeaLandAire Technologies,True,False,False,False
polar#####,True,False,False,False
Artik#####,True,False,False,False
busin#####,True,False,False,False
c3gro#####,True,False,False,False
keeac#####,True,False,False,False
ampol#####,True,False,False,False
ofs-p#####,True,False,False,False
MadEn#####,True,False,False,False
datat#####,True,False,False,False
ruia#####,True,False,False,False
pispl#####,True,False,False,False
jakks#####,True,False,False,False
linfo#####,True,False,False,False
coves#####,True,False,False,False
hertz#####,True,False,False,False
jomar#####,True,False,False,False
premi#####,True,False,False,False
uslug#####,True,False,False,False
north#####,True,False,False,False
break#####,True,False,False,False
alpin#####,True,False,False,False
bradl#####,True,False,False,False
cdrso#####,True,False,False,False
arrow#####,True,False,False,False
coyot#####,True,False,False,False
bluey#####,True,False,False,False
utili#####,True,False,False,False
ekome#####,True,False,False,False
steel#####,True,False,False,False
consu#####,True,False,False,False
cleo#####,True,False,False,False
encom#####,True,False,False,False
terra#####,True,False,False,False
sheer#####,True,False,False,False
clawl#####,True,False,False,False
ciera#####,True,False,False,False
weste#####,True,False,False,False
iceri#####,True,False,False,False
spade#####,True,False,False,False
innot#####,True,False,False,False
olame#####,True,False,False,False
burri#####,True,False,False,False
sdite#####,True,False,False,False
datad#####,True,False,False,False
nissi#####,True,False,False,False
champ#####,True,False,False,False
mercu#####,True,False,False,False
whitm#####,True,False,False,False
seatt#####,True,False,False,False
hillb#####,True,False,False,False
emkay#####,True,False,False,False
SPGus#####,True,False,False,False
hear#####,True,False,False,False
smc3#####,True,False,False,False
velso#####,True,False,False,False
cree#####,True,False,False,False
bmius#####,True,False,False,False
calex#####,True,False,False,False
cps#####,True,False,False,False
thoms#####,True,False,False,False
centr#####,True,False,False,False
sully#####,True,False,False,False
espri#####,True,False,False,False
sweet#####,True,False,False,False
datac#####,True,False,False,False
nowin#####,True,False,False,False
Relate Infotech,True,False,False,False
federalbank.co.in (PART1),True,False,False,False
Good Neighbors Credit Union,True,False,False,False
Baker Tilly Morrison Murray,True,False,False,False
Kern Services,True,False,False,False
Farrar & Ball,True,False,False,False
itc.gov.ae with 1K !,True,False,False,False
egyptair.com 5 sell,True,False,False,False
asjp.cerist.dz sell,True,False,False,False
acwlaw.com,True,False,False,False
www.globelink.com.au,True,False,False,False
klingler-installationen-gmbh,True,False,False,False
Flamco,True,False,False,False
intellinet-es.com,True,False,False,False
www.semfin.com,True,False,False,False
www.mccoyglobal.com,True,False,False,False
awimc.com,True,False,False,False
tsebrakes.com,True,False,False,False
marmon-herrington.com,True,False,False,False
egyptair.com 5 with 10K !,True,False,False,False
galatachemicals.com,True,False,False,False
n4telecom.com.br,True,False,False,False
linebank.co.id,True,False,False,False
9fsfalcons.org,True,False,False,False
SmartLynx Airlines SIA,True,False,False,False
kfar-yona.muni.il,True,False,False,False
RODS Surveying (rods.cc),True,False,False,False
Albion College,True,False,False,False
Rhode Island Department of Humain Services,True,False,False,False
asiapacfish.org,True,False,False,False
10M israeli data for sell,True,False,False,False
Forum Architecture & Interior Design (forumarchitecture.com),True,False,False,False
Gallade Chemical (galladechem.com),True,False,False,False
Industria e Comercio Jolitex Ltda (jolitex.com),True,False,False,False
Billet Precision,True,False,False,False
ptcky.com,True,False,False,False
Billet Precision (billetprecision.ca),True,False,False,False
adveo.com,True,False,False,False
Gr****up,True,False,False,False
De****ep,True,False,False,False
Ri****uk,True,False,False,False
NE****IT,True,False,False,False
Wa****ls,True,False,False,False
ST****ng,True,False,False,False
visualsystemas.com.ar,True,False,False,False
casarom.com.ar,True,False,False,False
ibericar,True,False,False,False
gtsportcarrental.com,True,False,False,False
Sicoob,True,False,False,False
Blome International,True,False,False,False
BRIGHT BOLT ENTERPRISES INC,True,False,False,False
Casa Juarez Restaurant Supply Co,True,False,False,False
Davis Products Company Inc,True,False,False,False
Economy Restaurant Equipment And Supply Company,True,False,False,False
GAMKA SALES CO. INC,True,False,False,False
Greater Michigan Distributors,True,False,False,False
GPM Lawn Sprinkler Supply,True,False,False,False
Greene Supply Company,True,False,False,False
Hammons Supply Company,True,False,False,False
J AND S Electrical And Lighting Supply LLC,True,False,False,False
LAMERS ENTERPRISE INC,True,False,False,False
Langford Tool And Drill Co,True,False,False,False
McCally Tool and Supply,True,False,False,False
berkotfoods.com,True,False,False,False
Abrasive Supply Corporation,True,False,False,False
Albert Paper Company,True,False,False,False
Allied Packing And Rubber Inc,True,False,False,False
Avana Electrotek,True,False,False,False
Badger Popcorn And Concession Supply Company,True,False,False,False
news.gdi.gov.kh,True,False,False,False
fusioncharts.com,True,False,False,False
Grupo Bébécar,True,False,False,False
CLARKE CENTRE D'IMAGERIE MEDICALE INC.,True,False,False,False
GNK Golf,True,False,False,False
carsbeat.com,True,False,False,False
www.marietta-city.org,True,False,False,False
www.groupe-setcar.com.tn,True,False,False,False
K****S CORP,True,False,False,False
gilariver.org,True,False,False,False
Accolent ERP Software,True,False,False,False
Genie Healthcare,True,False,False,False
Izmocars,True,False,False,False
Frameworks,True,False,False,False
ndc.energy.mn,True,False,False,False
tabocas.com.br,True,False,False,False
Schenkelberg - Die Medienstrategen (schenkelberg-druck.de),True,False,False,False
Village Community School (vcsnyc.org),True,False,False,False
Circle Electric (circleelectric.com),True,False,False,False
Broker Educational Sales & Training,True,False,False,False
PT Pertamina,True,False,False,False
Howell Township Public Schools (howell.k12.nj.us),True,False,False,False
EP Holdings (epholdingsinc.com),True,False,False,False
Khalil Center,True,False,False,False
Water Utilities Corporation,True,False,False,False
Kai*************.de,True,False,False,False
Ne***********.de,True,False,False,False
Fmp.gob.pe,True,False,False,False
JRT Automatisation,True,False,False,False
planetgroup.co.il,True,False,False,False
www.tekni-plex.com,True,False,False,False
Compliance Solutions Inc,True,False,False,False
Krispy Kreme,True,False,False,False
austinsfs.com.au,True,False,False,False
City of Noblesville,True,False,False,False
HostingExpress.com.mx,True,False,False,False
sklepbaterie.pl,True,False,False,False
Jet Edge (jetedgewaterjets.com),True,False,False,False
Energy Capital Credit Union (eccu.net),True,False,False,False
federalbank.co.in,True,False,False,False
ProCaps Laboratories,True,False,False,False
Jared Beschel and Associates,True,False,False,False
Hide-A-Way Lake Club,True,False,False,False
Leyman Manufacturing,True,False,False,False
agti.eng.br,True,False,False,False
web.vaips.cl,True,False,False,False
EMPRESARIA.COM,True,False,False,False
IMSPLGROUP.COM,True,False,False,False
CK Technology Group,True,False,False,False
Concession Peugeot,True,False,False,False
bataviacontainer.com,True,False,False,False
Banner Day Camp,True,False,False,False
Astaphans,True,False,False,False
Microvision,True,False,False,False
Trev Deeley Motorcycles,True,False,False,False
Development Bank of Jamaica,True,False,False,False
Archetype Group,True,False,False,False
The Good Samaritan Health Center of Cobb,True,False,False,False
National Atomic Energy Commission,True,False,False,False
Smith Tank & Steel (smith-tank.com),True,False,False,False
Verosa LLC,True,False,False,False
chixking.ca,True,False,False,False
flybase.org,True,False,False,False
Nathan American Academy,True,False,False,False
robertfinaleeditions,True,False,False,False
seaislerealty.com,True,False,False,False
abd-ong.org,True,False,False,False
Vroninks Ricker Weyts & Sacre- Notaires (notassoc.be),True,False,False,False
Reliance Connects (relianceconnects.com),True,False,False,False
Archie Cochrane Ford,True,False,False,False
Cottrell Fletcher & Cottrell P.C.,True,False,False,False
"Giordano, DelCollo, Werb & Gagne, LLC.",True,False,False,False
OL Products,True,False,False,False
fote.com,True,False,False,False
bender.de,True,False,False,False
valveworksusa.com,True,False,False,False
wikov.com,True,False,False,False
Skopos,True,False,False,False
activedynamics.com,True,False,False,False
bathfitter.com,True,False,False,False
grimaldialliance.com,True,False,False,False
medion.com,True,False,False,False
bri.co.id,True,False,False,False
Freightlinerof Savannah,True,False,False,False
Black Oak Casino Resort,True,False,False,False
Fullmer Construction,True,False,False,False
massdevelopment.com,True,False,False,False
furmanos.com,True,False,False,False
Modern Dental Group Limited,True,False,False,False
Avstar Fuel Systems,True,False,False,False
Groupe-fimar,True,False,False,False
Tharisa,True,False,False,False
ibram.org.br,True,False,False,False
dinamalar.com,True,False,False,False
choicemg.com,True,False,False,False
medisecure.com.au,True,False,False,False
redknee.com,True,False,False,False
nbleisuretrust.org,True,False,False,False
kuritaamerica.com,True,False,False,False
Billaud,True,False,False,False
chaves,True,False,False,False
Kilgore Industries,True,False,False,False
A Geradora,True,False,False,False
A Beautiful Pools Inc,True,False,False,False
Fireproof Contractors Inc,True,False,False,False
SpeedLine Solutions (speedlinesolutions.com),True,False,False,False
Toscano Law,True,False,False,False
Polskie Wydawnictwo Muzyczne,True,False,False,False
Ouro Verde (ouroverde.net.br),True,False,False,False
Heritage Bank,True,False,False,False
rtdc.gov.mn,True,False,False,False
pbos.gov.pk,True,False,False,False
FINN,True,False,False,False
Williams Tank Lines,True,False,False,False
Engineered Tower Solutions,True,False,False,False
Marine Floats,True,False,False,False
Brockton Neighborhood Health Center,True,False,False,False
Ecritel,True,False,False,False
Total Patient Care LLC;A Sensitive Touch Home Health;Alphastar Home Health Care;Heart of T,True,False,False,False
Artistic Family Dental;Value Dental Center;Sparkling Smiles Family Dentistry,True,False,False,False
phantomsecurity.ca,True,False,False,False
Joshua Grading & Excavating,True,False,False,False
South Plains Implement,True,False,False,False
Chemitex SA Information,True,False,False,False
www.specialtree.com,True,False,False,False
favbet,True,False,False,False
Super Vac,True,False,False,False
Hatfield Consultants,True,False,False,False
Lanigan Ryan,True,False,False,False
Welker,True,False,False,False
eisenhowerlaw.com,True,False,False,False
bushandburchett.com,True,False,False,False
SWDAKOTAH.COM,True,False,False,False
CM Buck & Associates,True,False,False,False
Cognity (cognity.gr),True,False,False,False
Waverley Christian College (wcc.vic.edu.au),True,False,False,False
amlakparto.ir,True,False,False,False
www.prixet.com,True,False,False,False
Time Machine Inc,True,False,False,False
baseisapis.it,True,False,False,False
National Air Vibrator,True,False,False,False
"Simmtech Co., Ltd.",True,False,False,False
Great Plains Bank,True,False,False,False
Rob Levine & Associates,True,False,False,False
Diferencial Energia,True,False,False,False
Acumen Group,True,False,False,False
LaSen,True,False,False,False
www.aflak.com.sa,True,False,False,False
scania.pl,True,False,False,False
GNS Cloud,True,False,False,False
biodimed.com,True,False,False,False
"JSSR Options Co., Ltd. (JSSR)",True,False,False,False
Tumeny Payments Limited,True,False,False,False
akobdc.com,True,False,False,False
indianaerospaceand,True,False,False,False
arkajainuniver,True,False,False,False
gstpam.org,True,False,False,False
rangiamb.org.in,True,False,False,False
pathsalatc.org.in,True,False,False,False
ekitistate.gov.ng,True,False,False,False
Westfield Fire Department,True,False,False,False
North Los Angeles County Regional Center,True,False,False,False
Clarkson Insurance Group,True,False,False,False
www.brachapundak.co.il,True,False,False,False
salesmandiary.com,True,False,False,False
synoveboure.wz.cz,True,False,False,False
snedai.com,True,False,False,False
www.bsisp.ly,True,False,False,False
www.manahotels.in,True,False,False,False
shambhaviayurveda.in,True,False,False,False
www.zawwali.com,True,False,False,False
sadr.ws,True,False,False,False
www.machighway.com,True,False,False,False
mtucker.com,True,False,False,False
wahaj-almassa.com,True,False,False,False
londonsmt.org,True,False,False,False
w3webschools.com,True,False,False,False
inda.edu.uy,True,False,False,False
shintex.by,True,False,False,False
www.whiteleafent.net,True,False,False,False
starlinkvietnam.vn,True,False,False,False
www.beikelogistics.com,True,False,False,False
logikaservicios.cl,True,False,False,False
stleasing.tj,True,False,False,False
hinodes.in,True,False,False,False
oakenglish.com,True,False,False,False
cafunesol.in,True,False,False,False
www.srishtisoft.com,True,False,False,False
eosspartners.com,True,False,False,False
ssfirm.com.sa,True,False,False,False
k-boss.net,True,False,False,False
tekryse.com,True,False,False,False
parkaire.net,True,False,False,False
www.infoer.com.ar,True,False,False,False
eye-ed.com,True,False,False,False
tg777.pub,True,False,False,False
timesexpress.net,True,False,False,False
kpr-rm.com,True,False,False,False
shoor.cc,True,False,False,False
pid.co.zw,True,False,False,False
Midland Turbo,True,False,False,False
First Baptist Church,True,False,False,False
Kandelaar Electrotechniek,True,False,False,False
Light Speed Design,True,False,False,False
Levinlaw.com,True,False,False,False
American Computer Estimating Inc,True,False,False,False
MedRevenu Inc,True,False,False,False
Mid Florida Primary Care,True,False,False,False
zetech.ac.ke,True,False,False,False
maxprofit.mcode.me,True,False,False,False
skopje.gov.mk,True,False,False,False
muswellbrook.nsw.gov.au,True,False,False,False
tekni-plex.com,True,False,False,False
www.hashem-contracting.com,True,False,False,False
aneticaid.com,True,False,False,False
tcpm.com,True,False,False,False
archlou.org,True,False,False,False
Kazyon,True,False,False,False
António Belém & António Gonçalves,True,False,False,False
lamundialdeseguros,True,False,False,False
bee-insurance.com,True,False,False,False
lamundialdeseguros.com,True,False,False,False
An independent private assets manager,True,False,False,False
Luxor Capital Group,True,False,False,False
fuse.io,True,False,False,False
lakhipurmb.org.in,True,False,False,False
Myhealthcarebilling,True,False,False,False
Sigarth,True,False,False,False
Long Beach Convention Center,True,False,False,False
Maxus Group,True,False,False,False
SBW,True,False,False,False
Sunline,True,False,False,False
Talascend,True,False,False,False
Artemis Holding,True,False,False,False
Arnott,True,False,False,False
Goins Law,True,False,False,False
Gills Onions,True,False,False,False
Wintergreen Learning Materials,True,False,False,False
AFD,True,False,False,False
Aptus,True,False,False,False
GBC,True,False,False,False
Southern Acids,True,False,False,False
recope.go.cr,True,False,False,False
"Estar Seguros, S.A.",True,False,False,False
Cristal y Lavisa S.A. de C.V.,True,False,False,False
Brasilmad,True,False,False,False
cityofmarlow.com,True,False,False,False
nbkenney.com,True,False,False,False
Watsonville Community Hospital,True,False,False,False
"Locke Solutions , LLC",True,False,False,False
"CW Lighting, LLC",True,False,False,False
Compass Communications,True,False,False,False
Interforos Casting,True,False,False,False
Sarah Car Care,True,False,False,False
Primary Plus,True,False,False,False
AC Technical Systems,True,False,False,False
Bianco Brain & Spine,True,False,False,False
"Tejas Office Products, Inc.",True,False,False,False
quiztarget.com,True,False,False,False
Planters Telephone Cooperative (planters.net),True,False,False,False
midwest.com,True,False,False,False
www.minerasancristobal.com,True,False,False,False
Westerstrand Urfabrik AB,True,False,False,False
NSK Group ROTA,True,False,False,False
PH ARCHITECTURE,True,False,False,False
Matagrano,True,False,False,False
Renée Blanche,True,False,False,False
Nova Pole International Inc.,True,False,False,False
Rutherford County Schools,True,False,False,False
interspiro.com,True,False,False,False
mandiricoal.net,True,False,False,False
dealplexus.com,True,False,False,False
Inmobiliaria Armas,True,False,False,False
Bergerhof,True,False,False,False
Ainsworth Game Technology Limited,True,False,False,False
Hydra-Matic Packing,True,False,False,False
singularanalysts.com,True,False,False,False
gervetusa.com,True,False,False,False
fpsc-anz.com,True,False,False,False
Ukh-hof.de,True,False,False,False
N************.uk,True,False,False,False
Orthopaedie-hof.de,True,False,False,False
www.appicgarage.com,True,False,False,False
wacer.com.au,True,False,False,False
thebetareview.com,True,False,False,False
senseis.xmp.net,True,False,False,False
fpsc-anz.com Breach,True,False,False,False
tectaamerica.com,True,False,False,False
"Mission Constructors , Inc.",True,False,False,False
Haji Husein Alireza,True,False,False,False
Telecom Namibia,True,False,False,False
kurosu.com.py,True,False,False,False
workers.com.zm,True,False,False,False
leadboxhq.com,True,False,False,False
Matandy (matandy.com),True,False,False,False
workers.com.zm Breach,True,False,False,False
Corporación BJR,True,False,False,False
Global Insurance Agency LLC,True,False,False,False
Conrey Insurance Brokers & Risk Managers,True,False,False,False
Aruba Productions,True,False,False,False
Lakeside Sod Supply,True,False,False,False
Proyectos y Seguros,True,False,False,False
womenscare.com,True,False,False,False
greenscape.us.com,True,False,False,False
Physicians' Primary Care of Southwest Florida,True,False,False,False
nedamaritime.gr,True,False,False,False
Equity & Advisory,True,False,False,False
kurosu.com.py Breach,True,False,False,False
gervetusa.com Breach,True,False,False,False
singularanalysts.com Breach,True,False,False,False
www.lasalleinc.com,True,False,False,False
mpdory.com,True,False,False,False
inia.es,True,False,False,False
precisediagnosticspacs,True,False,False,False
melhorcompraclube.com.br,True,False,False,False
Hosting.co.uk,True,False,False,False
sincorpe.org.br,True,False,False,False
pti.agency,True,False,False,False
copresi.es,True,False,False,False
www.bms.com,True,False,False,False
bankily.mr,True,False,False,False
Cipla,True,False,False,False
Consumers Builders Supply,True,False,False,False
ECBM,True,False,False,False
Pelstar,True,False,False,False
Pb Loader,True,False,False,False
Jamaica Bearings Group,True,False,False,False
Weinberg & Schwartz LLC,True,False,False,False
Milwaukee Cylinder,True,False,False,False
Davis Immigration Law Office,True,False,False,False
Séguin Haché SENCRL,True,False,False,False
Coffee Beanery,True,False,False,False
C Pathe,True,False,False,False
Boston Chinatown Neighborhood Center,True,False,False,False
Town of Whitestown - NY Highway Department,True,False,False,False
spdyn.de technology,True,False,False,False
ncfe.org.in,True,False,False,False
Gulf Petrochemical Services & Trading,True,False,False,False
uniamarmores,True,False,False,False
zero5,True,False,False,False
FunkLocker,True,False,False,False
Matlock Security Services,True,False,False,False
ayswrewards,True,False,False,False
Arc Community Services Inc,True,False,False,False
Black Creek Community Health Centre (bcch.local),True,False,False,False
CO-VER Power Technology SpA,True,False,False,False
T&M Equipment,True,False,False,False
RJM Marketing,True,False,False,False
"Medical Technology Industries, Inc.",True,False,False,False
"Brodsky Renehan Pearlstein & Bouquet, Chartered",True,False,False,False
Precision Walls,True,False,False,False
"Levicoff Law Firm, P.C",True,False,False,False
mtgazeta.uz,True,False,False,False
LTI Trucking Services,True,False,False,False
Blue Yonder,True,False,False,False
pro-mec.com,True,False,False,False
Port of Rijeka,True,False,False,False
Originpath Group,True,False,False,False
Pan Gulf Holding,True,False,False,False
pez.com,True,False,False,False
casaimports.com,True,False,False,False
ktpartners.ca,True,False,False,False
ctsjo.com,True,False,False,False
Standard Calibrations,True,False,False,False
NatAlliance Securities,True,False,False,False
ITO EN,True,False,False,False
Max Trans,True,False,False,False
azpay.me,True,False,False,False
SRP Federal Credit Union,True,False,False,False
Aptus Value Housing Finance India Ltd,True,False,False,False
Anonymous Victim,True,False,False,False
Dorner (dorner-gmbh.de),True,False,False,False
Star Shuttle Inc.,True,False,False,False
hanwhacimarron.com,True,False,False,False
edizionidottrinari,True,False,False,False
altuslab,True,False,False,False
frigopesca.com.ec,True,False,False,False
USA2ME,True,False,False,False
www.aliorbank.pl,True,False,False,False
Donnewalddistributing,True,False,False,False
islandphoto.com,True,False,False,False
troxlerlabs.com,True,False,False,False
hobokennj.gov,True,False,False,False
NTrust,True,False,False,False
Co****ns,True,False,False,False
www.d47.org,True,False,False,False
copral.com.br,True,False,False,False
Deloitte UK,True,False,False,False
uniaomarmores,True,False,False,False
hamptonsecurities.com,True,False,False,False
g-s.co.uk,True,False,False,False
cafezupas.com,True,False,False,False
westbankcorp.com,True,False,False,False
btci.com,True,False,False,False
beko-technologies.com,True,False,False,False
snatt.it,True,False,False,False
medicacorp.com,True,False,False,False
lornestewartgroup.com,True,False,False,False
vossko.de,True,False,False,False
www.certifiedinfosec.com,True,False,False,False
"ISEKI and CO.,LTD",True,False,False,False
FF Steel,True,False,False,False
www.sefiso-atlantique.fr,True,False,False,False
marietta-city.org,True,False,False,False
westbornmarket.com,True,False,False,False
www.lasalle.com,True,False,False,False
kingdom,True,False,False,False
albazaar,True,False,False,False
rscn.org.jo,True,False,False,False
verificativa,True,False,False,False
intbizth,True,False,False,False
xui.one,True,False,False,False
x-cart automotive,True,False,False,False
IFA Paris,True,False,False,False
styched,True,False,False,False
Smart-it-partner,True,False,False,False
USA Network,True,False,False,False
Zero 5,True,False,False,False
Marine Stores Guide,True,False,False,False
EuroDruk,True,False,False,False
InnoGroup,True,False,False,False
TRAFILERIE ALLUMINIO ALEXIA S.P.A.,True,False,False,False
internetway.com.br,True,False,False,False
www.iscinc93.com,True,False,False,False
www.fibrogen.com,True,False,False,False
www.z2data.com,True,False,False,False
www.giorgiovisconti.it,True,False,False,False
www.kiswire.com,True,False,False,False
www.dalgroup.com,True,False,False,False
www.goethe-university-frankfurt.de,True,False,False,False
www.wsgcpa.com,True,False,False,False
Inland Tarp & Liner,True,False,False,False
www.siapenet.gov.br,True,False,False,False
InterCon Construction,True,False,False,False
Conteg,True,False,False,False
Royce Corporation,True,False,False,False
ACM_IT,True,False,False,False
RDC,True,False,False,False
IDN,True,False,False,False
Goodwill North Central Texas,True,False,False,False
Harel Insurance ( Shirbit Server ),True,False,False,False
New Age Micro,True,False,False,False
Billaud Segeba,True,False,False,False
Textiles Coated International,True,False,False,False
salesgig.com,True,False,False,False
KHKKLOW.com,True,False,False,False
Browne McGregor Architects,True,False,False,False
EQ Chartered Accountants,True,False,False,False
"G-ONE AUTO PARTS DE MÉXICO, S.A. DE C.V.",True,False,False,False
Conlin's Pharmacy (conlinspharmacy.com),True,False,False,False
Mmaynewagemicro,True,False,False,False
Avico Spice,True,False,False,False
Down East Granite,True,False,False,False
Wiley Metal Fabricating,True,False,False,False
NT****st,True,False,False,False
shapesmfg.com,True,False,False,False
everde.com,True,False,False,False
qualitybillingservice.com,True,False,False,False
tascosaofficemachines.com,True,False,False,False
costelloeye.com,True,False,False,False
McKibbin,True,False,False,False
Alpine Ear Nose & Throat,True,False,False,False
Agencia Tributaria AEAT,True,False,False,False
Mobigator Technology Group,True,False,False,False
F************.pe,True,False,False,False
Glo**************.com,True,False,False,False
Bw**********.at,True,False,False,False
SCAFF'HOLDING,True,False,False,False
don****************.com,True,False,False,False
Or*************.de,True,False,False,False
Ma************.de,True,False,False,False
o******************v,True,False,False,False
Globalresultspr.com,True,False,False,False
Uk***********.de,True,False,False,False
EP:Schuller,True,False,False,False
www.sansirostadium.com,True,False,False,False
Chema Per,True,False,False,False
backyarddiscovery.com,True,False,False,False
Trace3,True,False,False,False
Bendheim,True,False,False,False
Specialty Bolt And Screw,True,False,False,False
www.aras-group.ae,True,False,False,False
Horsa,True,False,False,False
Weld Racing (weldracing.com),True,False,False,False
Colwell Colour (colwellcolour.com),True,False,False,False
Complete Control (complete-control.com),True,False,False,False
Deutsche Industrie VideoSystem,True,False,False,False
Dfa Ny,True,False,False,False
Cate Equipment,True,False,False,False
CAUDURO SPORTS LTDA,True,False,False,False
Corman Leigh,True,False,False,False
Ilvief,True,False,False,False
Zillertal Bier,True,False,False,False
Lucid Corp,True,False,False,False
Rengo Packaging,True,False,False,False
Lotus Concepts Management,True,False,False,False
4QuartersIT,True,False,False,False
Snelling Paper & Sanitation,True,False,False,False
"Magguilli Law Firm,PPLC",True,False,False,False
Turf Paradise,True,False,False,False
Tillamook Country Smoker (tcsmoker.com),True,False,False,False
Pražské služby,True,False,False,False
Packard Machinery,True,False,False,False
Brookway Landscape &Irrigation,True,False,False,False
Aviosupport,True,False,False,False
Co-op Agro Centre,True,False,False,False
Bennett Porter Wealth Management Insurance,True,False,False,False
Wadsworth Solutions,True,False,False,False
AMI Consulting Engineers,True,False,False,False
HTT Packaging & Design,True,False,False,False
Thomas Greg & Sons Ltda,True,False,False,False
Sanderson Stewart,True,False,False,False
Touchstone Home Products,True,False,False,False
Astor Chocolate,True,False,False,False
"McFarlane, Inc.",True,False,False,False
Summit Hosting,True,False,False,False
Kay & Burton,True,False,False,False
MSR Group,True,False,False,False
Deutsche Industrie Video System,True,False,False,False
First Chatham Bank,True,False,False,False
Metal Finishing,True,False,False,False
Plastic Recycling,True,False,False,False
North Shore Systems,True,False,False,False
Traffics,True,False,False,False
Namforce Life Insurance,True,False,False,False
ppotts.com,True,False,False,False
Delmar International,True,False,False,False
brownpacking.com,True,False,False,False
JTEKT NORTH AMERICA,True,False,False,False
NHS Alder Hey,True,False,False,False
Chanas Assurances S.A. (chanasassurances.com),True,False,False,False
ALLTUB Group (alltub.com),True,False,False,False
Bedminster School (bedminsterschool.org),True,False,False,False
IAС,True,False,False,False
mcleanmortgage.com,True,False,False,False
suit-kote.com,True,False,False,False
andyfrain.com,True,False,False,False
WPM Pathology Laboratory (wpmpath.com),True,False,False,False
visufarma.com,True,False,False,False
briatek.com.ng,True,False,False,False
clubfitsoftware.com.au,True,False,False,False
elwood.k12.in.us,True,False,False,False
scottelec.com,True,False,False,False
helixbermuda.bm,True,False,False,False
australianhearthealth.org.au,True,False,False,False
midlandtool.com,True,False,False,False
cloudofgoods.com,True,False,False,False
gehnaindia.com,True,False,False,False
gajicermat.com,True,False,False,False
corenroll.com,True,False,False,False
ahn.org,True,False,False,False
Contrack Facilities Management,True,False,False,False
Ventana Micro Systems,True,False,False,False
Lu****ng,True,False,False,False
Me****or,True,False,False,False
times-supermarket.com,True,False,False,False
alleghenycontract.com,True,False,False,False
tappi.org,True,False,False,False
Grandview School District,True,False,False,False
www.polleninformation.at,True,False,False,False
R Pac Central America S.A. de C.V.,True,False,False,False
habeshacement.com,True,False,False,False
Gruber Tool & Die (grubertool.com),True,False,False,False
ivylifesciences.com,True,False,False,False
BOCCHI S.r.l.,True,False,False,False
contactsrl.eu,True,False,False,False
弘潔科技股份有限公司,True,False,False,False
avisinterac.it,True,False,False,False
藤森工業株式会社,True,False,False,False
AIAD.IT,True,False,False,False
crollatelecom.it,True,False,False,False
fitcisl,True,False,False,False
NUUO,True,False,False,False
wheelerassoc.com,True,False,False,False
gronercrm.com.br,True,False,False,False
Signal Health Washington (signalhealthwa.com),True,False,False,False
bolognafc.it,True,False,False,False
Interior Metals,True,False,False,False
www.bent-tree.com,True,False,False,False
facilcreditos.co,True,False,False,False
osmedica.com.ar,True,False,False,False
Vermilion Parish School System,True,False,False,False
formpipe.com,True,False,False,False
SILKNET COMPANY,True,False,False,False
Wisconsin Lifting Specialists,True,False,False,False
www.sella.eng.br,True,False,False,False
Pioneer Urban Land & Infrastructure (pioneerurban.in),True,False,False,False
Pinnacle Plastic Products (pinnacleplasitcporducts.com),True,False,False,False
Complete Recycling Services (completerecyclingservices.com),True,False,False,False
GMG,True,False,False,False
Marketing Incentives (leinsterappointments.ie),True,False,False,False
Metroline (metrolinedirect.com),True,False,False,False
reliv.la,True,False,False,False
walkingtree.org,True,False,False,False
SCM GROUP,True,False,False,False
TWRU CPAs & Financial Advisors,True,False,False,False
cal-tool.com,True,False,False,False
OfficeZilla.com,True,False,False,False
waltersgardens.com,True,False,False,False
"CNHW Landscape Design, Ltd",True,False,False,False
tacomaengineers.com,True,False,False,False
mdmcusa.com,True,False,False,False
goformz.com,True,False,False,False
empowersettlementservices.com,True,False,False,False
mydelux.com.my,True,False,False,False
karberinsulation.com,True,False,False,False
Kela Health,True,False,False,False
Fancy Foods,True,False,False,False
glts.net,True,False,False,False
coppelltx.gov,True,False,False,False
isd109.org,True,False,False,False
parkleigh.com,True,False,False,False
dienesusa.com,True,False,False,False
yunker.com,True,False,False,False
minneapolisparks.org,True,False,False,False
maynard.k12.ma.us,True,False,False,False
www.netromsoftware.ro,True,False,False,False
www.itlindia.com,True,False,False,False
INFiLED,True,False,False,False
Everything Breaks,True,False,False,False
Keable & Brown,True,False,False,False
TOC,True,False,False,False
Perfection Plus Services Inc,True,False,False,False
GuangDong South Land pharmaceutical,True,False,False,False
JN attorney,True,False,False,False
"Orshan, Spann & Fernandez-Mesa",True,False,False,False
borohradek,True,False,False,False
atfservices.com.au,True,False,False,False
aclaser.com.au,True,False,False,False
Nicholsons Solicitors,True,False,False,False
Hadwins Volkswagen,True,False,False,False
BeClever,True,False,False,False
Extra,True,False,False,False
Hypertype,True,False,False,False
Ithbar,True,False,False,False
Dardoc,True,False,False,False
inv[...]nator,True,False,False,False
RiverRestHome,True,False,False,False
Co****nt,True,False,False,False
Ace Laboratories Limited,True,False,False,False
titlenine.com,True,False,False,False
Concord Orthopaedics,True,False,False,False
STIIIZY,True,False,False,False
Pastor Real Estate,True,False,False,False
Sa.SS Datentechnik,True,False,False,False
co.cullman.al.us,True,False,False,False
Silicom,True,False,False,False
Nationwide Legal,True,False,False,False
Eassy Life,True,False,False,False
Efi Sales,True,False,False,False
Vogue Homes,True,False,False,False
Service Avicole JGL,True,False,False,False
Darlington EMS,True,False,False,False
Schuck-Gruppe,True,False,False,False
www.protectasecurity.pe,True,False,False,False
rao.hr,True,False,False,False
sfr.fr,True,False,False,False
gureco.pl,True,False,False,False
lgpunjab.gov.in,True,False,False,False
Gulf Energy Maritime,True,False,False,False
IPE Engwicht,True,False,False,False
Jones & Mayer,True,False,False,False
Aeris Energy,True,False,False,False
Alna-Bioscience,True,False,False,False
"Trinity Petroleum Management, LLC",True,False,False,False
blr.com,True,False,False,False
madison-home.com,True,False,False,False
sheboyganwi.gov,True,False,False,False
Suneva Medical,True,False,False,False
LBCO Contracting LTD,True,False,False,False
Calvert Home Mortgage Investment,True,False,False,False
Zimmerman & Frachtman PA Law Firm,True,False,False,False
ABC Group,True,False,False,False
Hronopoulos,True,False,False,False
curenta.com,True,False,False,False
LenelS2,True,False,False,False
Goldsmith & Hull,True,False,False,False
Brueck Golosow Kim & Associates,True,False,False,False
United Bakery Equipment,True,False,False,False
MGEMAL,True,False,False,False
Symantric IT,True,False,False,False
Suneva Medical(sunevamedical.com),True,False,False,False
ViralPitch,True,False,False,False
Zimmerei Buder,True,False,False,False
www.cobeldarou.com,True,False,False,False
www.damcapital.in,True,False,False,False
Hogan Mfg (hoganmfg.com),True,False,False,False
Fifteenfortyseven Critical Systems Realty (1547realty.com),True,False,False,False
Kellerhals Ferguson Kroblin PLLC,True,False,False,False
Silverback Exploration,True,False,False,False
DMF Lighting,True,False,False,False
Stalcop Metal Forming LLC,True,False,False,False
SSV Blockchain Network,True,False,False,False
PK Mulyo,True,False,False,False
Barneek Safety Consultancies,True,False,False,False
Trust Seeds,True,False,False,False
HM Environmental Services,True,False,False,False
IT Networks,True,False,False,False
www.microlise.com,True,False,False,False
Groupe PPA- Mahe,True,False,False,False
Berman Law Group,True,False,False,False
Prime Group US,True,False,False,False
www.ekirkpatrick.com,True,False,False,False
"LaMear & Rapert, LLC - Accounting Firm",True,False,False,False
Alpha Care Medical Group,True,False,False,False
Privat Spitex,True,False,False,False
James H Maloy,True,False,False,False
Automation Tool & Die,True,False,False,False
Tampa State Bank,True,False,False,False
Ship Services,True,False,False,False
Volo Internet Tech,True,False,False,False
Furniture Mart USA,True,False,False,False
PBS AEROSPACE,True,False,False,False
RDS Electric,True,False,False,False
Bishop Ireton High School,True,False,False,False
scalar.co.il,True,False,False,False
CK Power Public Manufacturing,True,False,False,False
inthinking.net,True,False,False,False
Amherstburg Family Health,True,False,False,False
polaraire.com,True,False,False,False
Département de La Réunion,True,False,False,False
Oxford Auto Insurance,True,False,False,False
Camim,True,False,False,False
LiquiTech,True,False,False,False
snowbrand.com.au,True,False,False,False
piburners.com,True,False,False,False
tritonsourcing.co.nz,True,False,False,False
onnicar.it,True,False,False,False
kingswoodpark.ca,True,False,False,False
incocommercial.com,True,False,False,False
euromedix.com,True,False,False,False
BusinessTraining.be,True,False,False,False
ccseniorservices,True,False,False,False
ib-spieth.de,True,False,False,False
Safex.us,True,False,False,False
millerservicecompany.com,True,False,False,False
mcauslan.com,True,False,False,False
stats.gov.bb,True,False,False,False
smartdimensions,True,False,False,False
westwood,True,False,False,False
threadfxinc/bluedogmerch,True,False,False,False
Pronatec,True,False,False,False
Gilazo,True,False,False,False
OMINT,True,False,False,False
NKCE Japan,True,False,False,False
Richmond Hill Primary Academy,True,False,False,False
Active Cosmetic,True,False,False,False
O'mara,True,False,False,False
"Indesign, LLC",True,False,False,False
Henderson Stamping & Production,True,False,False,False
Diamond Brand Gear,True,False,False,False
Dairy Farmers of Canada,True,False,False,False
Miller & Smith,True,False,False,False
Hive Power Engineering,True,False,False,False
CMD,True,False,False,False
IVC Technologies,True,False,False,False
Birdair,True,False,False,False
Vox Printing,True,False,False,False
Burkburnett Independent School District,True,False,False,False
Valley Planing Mill (valleyplaning.com),True,False,False,False
IndicaOnline,True,False,False,False
arabot.io,True,False,False,False
Performance Health & Fitness,True,False,False,False
techguard.in,True,False,False,False
wulffco.com,True,False,False,False
smawins.net,True,False,False,False
chsplumbing.com,True,False,False,False
tempaircompany.com,True,False,False,False
Anderson Miller LTD,True,False,False,False
Premier Tax Services,True,False,False,False
KVF,True,False,False,False
Southern Oregon Veterinary Specialty Center,True,False,False,False
rembe.de,True,False,False,False
brylesresearch.com,True,False,False,False
hartmannbund.de,True,False,False,False
citywestcommercials.co.uk,True,False,False,False
thinkecs.com,True,False,False,False
San Francisco Ballet,True,False,False,False
gfemlaw.com,True,False,False,False
instinctpetfood.com,True,False,False,False
eatonmetal.com,True,False,False,False
continentalserves.com,True,False,False,False
wachter.com,True,False,False,False
jonti-craft.com,True,False,False,False
isaitaly.com,True,False,False,False
rockportmortgage.com,True,False,False,False
kmcglobal.com,True,False,False,False
rauch.de,True,False,False,False
interborosd.org,True,False,False,False
Thebike.com,True,False,False,False
3ccaresystems.com,True,False,False,False
Equentis Wealth,True,False,False,False
Terra Energy,True,False,False,False
Find Great People1,True,False,False,False
www.depewgillen.com,True,False,False,False
"Fleet Equipment Center, Inc.",True,False,False,False
ATD-American,True,False,False,False
K-State College of Veterinary Medicine,True,False,False,False
"UCC Retrievals, Inc.",True,False,False,False
"TBM Consulting Group, Inc.",True,False,False,False
Premier Packaging,True,False,False,False
LINDOSTAR,True,False,False,False
Gough Construction,True,False,False,False
Programs Improving Public Safety,True,False,False,False
Palm Facility Services,True,False,False,False
Kennedy Funding,True,False,False,False
BUROTEC S.A.,True,False,False,False
A & L Auto Recyclers,True,False,False,False
"Alliance Industries, LLC.",True,False,False,False
"CelPlan Technologies, Inc.",True,False,False,False
Panzer Solutions LLC Business Services,True,False,False,False
The Recycler Core,True,False,False,False
Thunderbird Country Club,True,False,False,False
"Istituto di Istruzione Superiore ""Giulio Natta""",True,False,False,False
ANKERSKA PLOVIDBA d.d.,True,False,False,False
Adams Homes,True,False,False,False
A-1 Mobile Lock & Key,True,False,False,False
CURVC Corp,True,False,False,False
Pensacola,True,False,False,False
Think Simple,True,False,False,False
"Patrick Sanders and Company, P.C.",True,False,False,False
"Mullen Wylie, LLC",True,False,False,False
Cmc Construction Material,True,False,False,False
Cucina Tagliani,True,False,False,False
Data Campos Sistemas,True,False,False,False
GC Custom Metal Fabricationsoon,True,False,False,False
Business Systems House FZ-LLC,True,False,False,False
Aberdeen,True,False,False,False
Compra LTD Aruba,True,False,False,False
Minuteman Press,True,False,False,False
Keizer's Collision CSN & Automotive,True,False,False,False
The Municipal Administration of Barranquitas and its Department of Finance,True,False,False,False
The PHOENIX,True,False,False,False
"Nations Homes Commercial & Residential Construction South Carolina, United States",True,False,False,False
PC AfterHours,True,False,False,False
Bells Tax Service,True,False,False,False
Tiendas Carrion & Fernandez,True,False,False,False
LA LUCKY Brand,True,False,False,False
SUSTA S.r.l.,True,False,False,False
Maxeon,True,False,False,False
eastgateauto.com,True,False,False,False
kciaviation.com,True,False,False,False
totaldevelopmentsolutions.com,True,False,False,False
jergenspiping.com,True,False,False,False
sealevelinc.com,True,False,False,False
Jornstax.com,True,False,False,False
waive.com.au,True,False,False,False
allconstructiongroupwv.com,True,False,False,False
Waters Truck and Tractor (waterstruck.com),True,False,False,False
Dorner Law & Title Services,True,False,False,False
Monster Electrical,True,False,False,False
Maxus Group,True,False,False,False
Guard1,True,False,False,False
Bulbrite Industries,True,False,False,False
H2OBX Waterpark,True,False,False,False
Travis Pruitt & Associates,True,False,False,False
HUTTER ACUSTIX,True,False,False,False
Hager Group,True,False,False,False
Followup CRM,True,False,False,False
Mantinga,True,False,False,False
Apple Electric Ltd,True,False,False,False
LEGO Construction Co,True,False,False,False
Logistical Software Ltd,True,False,False,False
Manens-Tifs SpA,True,False,False,False
Conseil scolaire Viamonde,True,False,False,False
Lebenshilfe Heinsberg,True,False,False,False
Oman Oil,True,False,False,False
Culligan,True,False,False,False
Nifast,True,False,False,False
Ge****og,True,False,False,False
Gu****me,True,False,False,False
uatf.edu.bo,True,False,False,False
Nunziaplast Srl,True,False,False,False
Grupo Trisan,True,False,False,False
Buddy Loan,True,False,False,False
hetrhedens.nl,True,False,False,False
texanscan.org,True,False,False,False
edwardsburgschoolsfoundation.org,True,False,False,False
Tri-TechElectronics.com,True,False,False,False
bartow.k12.ga.us,True,False,False,False
paaf.gov.kw,True,False,False,False
hartwick.edu,True,False,False,False
The Egyptian Tax Authority (ETA),True,False,False,False
Dragon Capital,True,False,False,False
brandywinecoachworks.com,True,False,False,False
kapurinc.com,True,False,False,False
American Addiction Centers,True,False,False,False
Grupo_Trisan,True,False,False,False
klarenbeek-transport.nl,True,False,False,False
surgicalassociates.com,True,False,False,False
billyheromans.com,True,False,False,False
kenmore.com,True,False,False,False
www.gob.mx,True,False,False,False
jhs.co.uk,True,False,False,False
potteau.com,True,False,False,False
A&O IT Group,True,False,False,False
Vector Transport (vectortransport.com),True,False,False,False
Bio-Clima Service Srl,True,False,False,False
Total Patient Care LLC,True,False,False,False
A Sensitive Touch Home Health;Alphastar Home Health Care;Heart of Texas Home Healthcare Se,True,False,False,False
marysville.k12.oh.us,True,False,False,False
PHARMATIS-SAS,True,False,False,False
fortinainvestments.com,True,False,False,False
BluMed Health,True,False,False,False
Live Aquaria,True,False,False,False
Wright Engineers,True,False,False,False
El Dorado Stores and Supermarkets,True,False,False,False
Ocean BeautySeafoods,True,False,False,False
AACANet,True,False,False,False
Ocean Park Mechanical,True,False,False,False
Datron WorldCommunications,True,False,False,False
Duplo USA,True,False,False,False
"MONVIA Holding, a.s.",True,False,False,False
Falvey LinenSupply,True,False,False,False
Xtrim TVCable,True,False,False,False
Action COACH,True,False,False,False
Yazoo ValleyElectric Power Assosiation,True,False,False,False
Allegheny Millwork & Lumber,True,False,False,False
Irr Supply Centers,True,False,False,False
SKS Bottle &Packaging,True,False,False,False
REV Engineering,True,False,False,False
Bergeron LLC,True,False,False,False
mk Technology Group,True,False,False,False
Saint Andrews Bureau,True,False,False,False
Ascend Packaging Systems,True,False,False,False
Tedkomp AB,True,False,False,False
"Pemberton Fabricators, Inc (Sexual Harassment videos inside)",True,False,False,False
Burmeister &Wain Scandinavian Contractor,True,False,False,False
Optical Cable Corporation,True,False,False,False
Ultimus,True,False,False,False
Tennis Canada,True,False,False,False
Don’s MobileGlass,True,False,False,False
Mark Thomas,True,False,False,False
Zyloware,True,False,False,False
Pine Belt Cars,True,False,False,False
DieTech North America,True,False,False,False
Cottles Asphalt Maintenance Inc,True,False,False,False
Herron Todd White,True,False,False,False
J.S.T. Espana,True,False,False,False
Karl Malone Toyota,True,False,False,False
OMara Ag Equipment,True,False,False,False
"Pincu Barkan, Law Office and Notary",True,False,False,False
ADT Freight Services Australia Pty Lt,True,False,False,False
Kumla Kommun,True,False,False,False
CP Construplan,True,False,False,False
Dumont Printing,True,False,False,False
Berexco LLC,True,False,False,False
Intercomp,True,False,False,False
DynamicSystems,True,False,False,False
Popular Life Insurance,True,False,False,False
Micon National,True,False,False,False
Kelowna Springs,True,False,False,False
stalyhill-inf.tameside.sch.uk,True,False,False,False
Hellmich,True,False,False,False
AXEON 360,True,False,False,False
COOPERATIVA TELEFONICA DE CALAFATE LTD.,True,False,False,False
G-One Auto Parts de México S.A. de C.V.,True,False,False,False
Schmack,True,False,False,False
Sercomm,True,False,False,False
midstatesindustrial.com,True,False,False,False
nanolive.ch 2.0,True,False,False,False
sunnydayssunshinecenter.com,True,False,False,False
formosacpa.com.tw,True,False,False,False
clayplattefamily.com,True,False,False,False
askyouraccountant.com,True,False,False,False
pmrcenter.com,True,False,False,False
kansasrmc.com,True,False,False,False
Value Dental Center,True,False,False,False
Artistic Family Dental,True,False,False,False
Asaro Dental Aesthetics,True,False,False,False
Axpr Valve Science,True,False,False,False
American Associated Pharmacies,True,False,False,False
Giggle Finance,True,False,False,False
Orange County Pathology Medical Group,True,False,False,False
SK Gas,True,False,False,False
Medigroup.ca,True,False,False,False
steppingstonesd.org,True,False,False,False
Hillandale Farms,True,False,False,False
jst.es,True,False,False,False
jarrellimc.com,True,False,False,False
www.guymontigers.com,True,False,False,False
Banco de Fomento Internacional,True,False,False,False
TaxPros of Clermont,True,False,False,False
National Institute of Administration,True,False,False,False
DSZ,True,False,False,False
Future Metals,True,False,False,False
Plowman Craven,True,False,False,False
Supply Technologies,True,False,False,False
Maxxis International,True,False,False,False
potteau.be,True,False,False,False
Followmont TransportPty Ltd,True,False,False,False
dezinecorp.com,True,False,False,False
Amourgis & Associates,True,False,False,False
Dietzgen Corporation,True,False,False,False
nynewspapers.com,True,False,False,False
comarchs.com,True,False,False,False
tolbertlegal.com,True,False,False,False
Banco Sucredito Regional S.A.U.,True,False,False,False
OxyHealth,True,False,False,False
"Immuno Laboratories, Inc",True,False,False,False
bitquail.com,True,False,False,False
"ATSG, Inc",True,False,False,False
Mizuno (USA),True,False,False,False
"Palmisano & Goodman, P.A.",True,False,False,False
Finger Beton Unternehmensgruppe,True,False,False,False
Karman Inc,True,False,False,False
Siltech (siltechcorp.local),True,False,False,False
emefarmario.com.br,True,False,False,False
Granite School District,True,False,False,False
WimCoCorp,True,False,False,False
NEBRASKALAND,True,False,False,False
"MENZIES CNAC (Jardine Aviation Services, Agility)",True,False,False,False
bartleycorp.com,True,False,False,False
interlabel.be,True,False,False,False
del-electric.com,True,False,False,False
liftkits4less.com,True,False,False,False
www.lamaisonducitron.com,True,False,False,False
www.baldinger-ag.ch,True,False,False,False
Marisa S.A,True,False,False,False
www.assurified.com,True,False,False,False
www.botiga.com.uy,True,False,False,False
ottosimon.co.uk,True,False,False,False
Healthcare Management Systems,True,False,False,False
Intermed Hospital Mongolia,True,False,False,False
vbuzrt.hu,True,False,False,False
MedElite Group,True,False,False,False
nelconinc.biz,True,False,False,False
www.fdc.ie,True,False,False,False
www.cenergica.com,True,False,False,False
www.bluco.com,True,False,False,False
naj.ae,True,False,False,False
Equator Worldwide,True,False,False,False
Lexco,True,False,False,False
geminiindustriesinc.com,True,False,False,False
dzsi.com,True,False,False,False
futuremetals.com,True,False,False,False
plowmancraven.co.uk,True,False,False,False
europe-qualité,True,False,False,False
Winnebago Public School Foundation,True,False,False,False
Alliance Technical Group,True,False,False,False
Jomar Electrical Contractors,True,False,False,False
Howell Electric Inc,True,False,False,False
ucv.es,True,False,False,False
www.msdl.ca,True,False,False,False
Postcard Mania,True,False,False,False
New Law,True,False,False,False
klinkamkurpark,True,False,False,False
hausdesstiftens.org,True,False,False,False
nightnurse.ch,True,False,False,False
fuelco,True,False,False,False
VALLEYFIRM,True,False,False,False
children,True,False,False,False
knoxlawcenter,True,False,False,False
AMERICANVENTURE,True,False,False,False
CSIKBS,True,False,False,False
SANJACINTOCOUNY,True,False,False,False
compassfs,True,False,False,False
lacliniqueducoureur,True,False,False,False
TIVOLI-33,True,False,False,False
qualiform.cz,True,False,False,False
SMARTS-ENGINEER,True,False,False,False
brandenburgerplumbing.com,True,False,False,False
arcoexc.com,True,False,False,False
Lincoln University,True,False,False,False
Cape Cod Regional Technical High School (capetech.us),True,False,False,False
GSR Andrade Architects (gsr-andrade.com),True,False,False,False
metroelectric.com,True,False,False,False
sector5.ro,True,False,False,False
Paragon Plastics,True,False,False,False
Delfin Design & Manufacturing,True,False,False,False
Smitty's Supply,True,False,False,False
S & W Kitchens,True,False,False,False
Dome Construction,True,False,False,False
Interoute agency,True,False,False,False
LmayInteroute agency,True,False,False,False
pacificglazing.com,True,False,False,False
nwhealthporter.com,True,False,False,False
wexfordcounty.org,True,False,False,False
ebrso,True,False,False,False
Model Die & Mold,True,False,False,False
mh-m.org,True,False,False,False
Falco Sult,True,False,False,False
apoyoconsultoria.com,True,False,False,False
Webb Institute,True,False,False,False
Fylde Coast Academy Trust,True,False,False,False
sundt.com,True,False,False,False
www.colonialbh.org,True,False,False,False
Memorial Hospital & Manor,True,False,False,False
Scolari,True,False,False,False
McMillan Electric Company,True,False,False,False
d****I,True,False,False,False
AXIOM,True,False,False,False
maxdata.com.br,True,False,False,False
goodline.com.au,True,False,False,False
kenanasugarcompany.com,True,False,False,False
www.schweiker.de,True,False,False,False
www.drbutlerandassociates.com,True,False,False,False
www.mssupply.com,True,False,False,False
fullfordelectric.com,True,False,False,False
College of Business - Tanzania,True,False,False,False
Ministry of Education - Jordan,True,False,False,False
Schneider Electric - France,True,False,False,False
International University of Sarajevo,True,False,False,False
Whitaker Construction Group,True,False,False,False
San Francisco Ballet,True,False,False,False
European External Action Service (EEAS),True,False,False,False
csucontracting.com,True,False,False,False
redphoenixconstruction.com,True,False,False,False
Air Specialists Heating & Air Conditioning,True,False,False,False
krigerconstruction.com,True,False,False,False
caseconstruction.com,True,False,False,False
lambertstonecommercial.com,True,False,False,False
Doctor 24x7,True,False,False,False
Hemubo,True,False,False,False
Elad municipality,True,False,False,False
The Law Offices of Jed Silverman,True,False,False,False
"Russell Law Firm, LLC",True,False,False,False
"L & B Transport, L.L.C.",True,False,False,False
guardianhc.com,True,False,False,False
bravodigitaltrader.co.uk,True,False,False,False
Imprimerie Peau,True,False,False,False
SVP Worldwide,True,False,False,False
Sumitomo,True,False,False,False
DieTech North America,True,False,False,False
www.sym-global.com,True,False,False,False
www.fatboysfleetandauto.com,True,False,False,False
www.tetco-group.com,True,False,False,False
www.tigre.gob.ar,True,False,False,False
www.usm.cl,True,False,False,False
www.ua4rent.com,True,False,False,False
www.rosito-bisani.com,True,False,False,False
obe.com,True,False,False,False
lighthouseelectric.com,True,False,False,False
JS McCarthy Printers,True,False,False,False
CGR Technologies,True,False,False,False
lumiplan.com,True,False,False,False
United Sleep Diagnostics,True,False,False,False
eap.gr,True,False,False,False
vikurverk.is,True,False,False,False
mirandaproduce.com.ve,True,False,False,False
Cerp Bretagne Nord,True,False,False,False
Hope Valley Recovery,True,False,False,False
lsst.ac,True,False,False,False
Sabesp,True,False,False,False
MENZIES CNAC (Jardine Aviation Services),True,False,False,False
www.mltmua.com,True,False,False,False
DAIKIN THAILAND,True,False,False,False
Heritage Golf,True,False,False,False
Valu-Trac Investment Management,True,False,False,False
propak,True,False,False,False
Aiken Electric Cooperative,True,False,False,False
Groupe Althays,True,False,False,False
"AIMS, Inc. Fuel Business Accounting Software, Jobber Software Wholesale Petroleum Acco",True,False,False,False
Freyberg Petroleum,True,False,False,False
aziz oil,True,False,False,False
PetroSouth,True,False,False,False
patria.hu,True,False,False,False
MCNA Dental,True,False,False,False
Arctrade,True,False,False,False
Houston Housing Authority,True,False,False,False
www.mabeglobal.com,True,False,False,False
Askling Car (asklingbil.se),True,False,False,False
anuenterprise.com.au,True,False,False,False
inhometexas.com,True,False,False,False
caillau.com.br,True,False,False,False
sandray.com,True,False,False,False
mpspromotions.com,True,False,False,False
freedomhomecare.net,True,False,False,False
BULLONERIE GALVIT,True,False,False,False
hacla.org,True,False,False,False
Brancaia,True,False,False,False
TDM Technical Services,True,False,False,False
CAS Software,True,False,False,False
granjazul.com,True,False,False,False
illumin8global.com,True,False,False,False
Transak.com,True,False,False,False
Maval Industries,True,False,False,False
Unlimited Lawn Care,True,False,False,False
Pureflow Airdog,True,False,False,False
iFocus Consulting,True,False,False,False
Pelsue,True,False,False,False
Paul White Company,True,False,False,False
Sunrise Express,True,False,False,False
C**********M,True,False,False,False
Jillamy (jillamy.com),True,False,False,False
IM Cannabis,True,False,False,False
SmartSource (smartsource-inc.com),True,False,False,False
tlie.org,True,False,False,False
nagucoop.com,True,False,False,False
Spirit Lake Community School District,True,False,False,False
www.baymark.com,True,False,False,False
Astac,True,False,False,False
Dana Safety Supply,True,False,False,False
Dirksen Screw Products,True,False,False,False
noblehouse.com.ph,True,False,False,False
hcfinc.com,True,False,False,False
www.ztexconstruction.com,True,False,False,False
daserv.com,True,False,False,False
celo.com,True,False,False,False
CLAS Information Services,True,False,False,False
rosenlegal.com,True,False,False,False
weberpackaging.com,True,False,False,False
Surfnet Communications,True,False,False,False
anhf.org.auh,True,False,False,False
www.trinitesolutions.com,True,False,False,False
www.scopeset.de,True,False,False,False
sokkakreatif.com,True,False,False,False
www.legilog.fr,True,False,False,False
projektalp.ch,True,False,False,False
Jordan Public Schools (https://www.jordan.k12.mn.us/),True,False,False,False
Sage Automotive Interior (sageautomotiveinteriors.com),True,False,False,False
nathcompanies.com,True,False,False,False
Berridge Manufacturing Co.,True,False,False,False
Mastery Schools,True,False,False,False
Accuracy International,True,False,False,False
K&S Tool & Mfg Co.,True,False,False,False
Basilio Advogados,True,False,False,False
CHRISTODOULOS G. VASSILIADES & CO. LLC,True,False,False,False
Fortis,True,False,False,False
[File Tree and Full Data Dump]VOP CZ,True,False,False,False
phxcmp.com,True,False,False,False
barranquitas.pr.gov,True,False,False,False
www.keizers.ca,True,False,False,False
mmpunion.com,True,False,False,False
German Chamber of Commerce,True,False,False,False
flueid.com,True,False,False,False
guymontigers.com,True,False,False,False
harrispersonalinjury.com,True,False,False,False
Evergreen SD50 (evergreensd50.com),True,False,False,False
Triverus,True,False,False,False
ConCash,True,False,False,False
AGAS,True,False,False,False
Drogarias Preço Bom,True,False,False,False
Lakesight Technologies Information,True,False,False,False
Island Coastal Services Ltd,True,False,False,False
BU****IT,True,False,False,False
Mixfame,True,False,False,False
payxpress.co.il,True,False,False,False
Texas Tech University Health Sciences Center,True,False,False,False
melangesystems.com,True,False,False,False
mkarrari.com.br,True,False,False,False
Edmov,True,False,False,False
TV Guide Magazine,True,False,False,False
Positive Business Solutions,True,False,False,False
C & C Industries,True,False,False,False
wescan-services.com 760 GB,True,False,False,False
Westwood Country Club,True,False,False,False
PT Transportasi Gas Indonesia,True,False,False,False
The Eye Clinic Surgicenter,True,False,False,False
Bliss Worldwide,True,False,False,False
wescan-services.com,True,False,False,False
Legacy Treatment Services,True,False,False,False
Premier Work Support,True,False,False,False
TR****GB,True,False,False,False
www.olanocorp.com,True,False,False,False
Doctor24x7,True,False,False,False
Delcaper,True,False,False,False
Government of Brazil,True,False,False,False
NoBroker,True,False,False,False
SW Reclaim,True,False,False,False
Wilson Tarquin,True,False,False,False
Ottawa Valley Handrailing Company Ltd,True,False,False,False
hcsgcorp.com,True,False,False,False
SRS-Stahl GmbH,True,False,False,False
MESHWORKS,True,False,False,False
De Rose Lawyers,True,False,False,False
Matouk Bassiouny,True,False,False,False
Cucamonga Valley Water District (cvwdwater.com),True,False,False,False
Evergreen Local School District (evgvikings.org),True,False,False,False
lolaliza.com,True,False,False,False
Ambica Steels,True,False,False,False
Niko Resources Ltd.,True,False,False,False
ValueMax Group,True,False,False,False
Precision Electrical Systems,True,False,False,False
Denkali,True,False,False,False
The Knesset - Israel,True,False,False,False
HUBBARDHALL.COM,True,False,False,False
deschampsimp.com,True,False,False,False
omara-ag.com,True,False,False,False
nrcs.net,True,False,False,False
Ferrer & Ojeda,True,False,False,False
Groupseco.com,True,False,False,False
zyloware.com,True,False,False,False
unitedsprinkler.com,True,False,False,False
Centrillion Technologies,True,False,False,False
Spine by Villamil MD,True,False,False,False
Aspen Healthcare,True,False,False,False
Pacific Pulmonary Medical Group,True,False,False,False
Digital Engineering,True,False,False,False
www.resourceinternational.com,True,False,False,False
bulloch.solutions,True,False,False,False
www.kciconst.com,True,False,False,False
"McElroy, Quirk & Burch, APC",True,False,False,False
www.oma.aero,True,False,False,False
Drug and Alcohol Treatment Service,True,False,False,False
tuggleduggins.com,True,False,False,False
Value City NJ (valuecitynj.com),True,False,False,False
The Getz Group (getz.com.hk),True,False,False,False
pkaufmann.com,True,False,False,False
modplan.co.uk,True,False,False,False
hpecds.com,True,False,False,False
carolinaarthritis.com,True,False,False,False
Smeg,True,False,False,False
"Apache Mills, Inc. (apachemills.com)",True,False,False,False
thompsoncreek.com,True,False,False,False
www.northernsafety.com,True,False,False,False
mgfsourcing.com,True,False,False,False
appen.com,True,False,False,False
filmai.in,True,False,False,False
drizly.com,True,False,False,False
robinhood.com,True,False,False,False
thebeautyclick.co.uk,True,False,False,False
trans-logik.com,True,False,False,False
www.talonsolutions.co.uk,True,False,False,False
Sandro Forte Financial Support,True,False,False,False
Susan Fischgrund,True,False,False,False
nanolive.ch,True,False,False,False
picsolve.com,True,False,False,False
bcllegal.com,True,False,False,False
F*******M Corp,True,False,False,False
B****A,True,False,False,False
lifeminetx.com,True,False,False,False
LifeMine,True,False,False,False
Iron World Manufacturing,True,False,False,False
Eagle Industries,True,False,False,False
Action Heating & Cooling,True,False,False,False
Mainelli Mechanical Contractors,True,False,False,False
TU Parks,True,False,False,False
Ivanhoe Club,True,False,False,False
Prince Pipes,True,False,False,False
P+B Team Aircargo,True,False,False,False
Gluckstein Personal Injury Lawyers,True,False,False,False
The Povman Law Firm,True,False,False,False
passivecomponent.com,True,False,False,False
By Design LLC,True,False,False,False
Wayne County,True,False,False,False
Youngs Timber Builders Merchants,True,False,False,False
Goshen Central School District (gcsny.org),True,False,False,False
Mar-Bal (mar-bal.com),True,False,False,False
KEE Process,True,False,False,False
Easterseals,True,False,False,False
elnamagnetics.com,True,False,False,False
Tricon Energy,True,False,False,False
shipkar.co.in,True,False,False,False
IdeaLab,True,False,False,False
mm********.com,True,False,False,False
Lincoln University (lincolnu.edu),True,False,False,False
Clear Connection (clearconnection.com),True,False,False,False
Aerotecnic,True,False,False,False
Precision Steel Services,True,False,False,False
tkg.com,True,False,False,False
lpahorticole.faylbillot.educagri.fr,True,False,False,False
bwdtechnology.com,True,False,False,False
davisbrothersinc.com,True,False,False,False
polypane.be,True,False,False,False
dennissupply.com,True,False,False,False
specpro-inc.com,True,False,False,False
semna.fr,True,False,False,False
1doc.sg,True,False,False,False
Automha,True,False,False,False
"American Mechanical, inc",True,False,False,False
American Medical Billing,True,False,False,False
mauguio-carnon.com,True,False,False,False
donbosco-landser.net,True,False,False,False
boloforms.com,True,False,False,False
onedayevent.com,True,False,False,False
autodukan.com,True,False,False,False
fordcountrymotors.mx,True,False,False,False
temple-inc.com,True,False,False,False
milleredge.com,True,False,False,False
gkcorp.com,True,False,False,False
ssbwc.com,True,False,False,False
lewa.com,True,False,False,False
Superline,True,False,False,False
City Of Forest Park,True,False,False,False
Burgess Kilpatrick,True,False,False,False
Welding and Fabrication (Humble Mfg),True,False,False,False
Raeyco Lab Equipment,True,False,False,False
La Tazza D'oro,True,False,False,False
Teddy SpA,True,False,False,False
www.stivo.com,True,False,False,False
Schweiger Transport (schweiger-gmbh.de),True,False,False,False
Philadelphia Macaroni (philamacaroni.com),True,False,False,False
yorozu-corp.co.jp,True,False,False,False
Mercury Theatre,True,False,False,False
Trimarc Financial (trimarc.com),True,False,False,False
Arango Billboard,True,False,False,False
Sanglier Limited,True,False,False,False
qs-group.com,True,False,False,False
Interbel,True,False,False,False
Petropolis Pet Resort,True,False,False,False
Superior Quality Insurance Agency,True,False,False,False
Vasesa,True,False,False,False
Country Club El Bosque,True,False,False,False
Atende Software's,True,False,False,False
Pr****es,True,False,False,False
Di**ng,True,False,False,False
PB**ce,True,False,False,False
apollohospitals.com,True,False,False,False
mh-mech.com,True,False,False,False
sizeloveconstruction.com,True,False,False,False
rcschools.net,True,False,False,False
mopsohio.com,True,False,False,False
Kansas City Hospice,True,False,False,False
KMC Controls,True,False,False,False
Michael J Gurfinkel,True,False,False,False
SPECTRUMCHEMICAL.COM,True,False,False,False
clinicia.com,True,False,False,False
paciente.sempremedico.com.br,True,False,False,False
starhealth.in,True,False,False,False
T-Space,True,False,False,False
Pheim Unit Trusts Berhad,True,False,False,False
Zierick Manufacturing Corporation,True,False,False,False
Open Range Field Services,True,False,False,False
ask.vet,True,False,False,False
Country Inn & Suites by Radisson,True,False,False,False
Wilkinson,True,False,False,False
Mid State Electric,True,False,False,False
Absolute Machine Tools,True,False,False,False
McCody,True,False,False,False
The Strainrite Companies,True,False,False,False
INDIBA Group,True,False,False,False
Astolabs.com,True,False,False,False
Neighbors Credit Union,True,False,False,False
Fromm (FrommBeauty.com),True,False,False,False
Ultra Tune (ultratune.com.au),True,False,False,False
Alqaryahauction.com,True,False,False,False
www.qal.com,True,False,False,False
Q***M,True,False,False,False
CreaGen Inc,True,False,False,False
Dubin Group,True,False,False,False
RDC Control Ltd,True,False,False,False
Racing Forensics Inc,True,False,False,False
Luxwood Software Tools,True,False,False,False
tripxoxo.com,True,False,False,False
www.proflex.ro,True,False,False,False
www.icp.pr.gov,True,False,False,False
www.chiltonisd.org,True,False,False,False
www.kersey.net,True,False,False,False
www.aristoiclassical.org,True,False,False,False
www.camelotservices.com,True,False,False,False
HiCare.net,True,False,False,False
Bigpharmacy.com.my,True,False,False,False
Auxit S.r.l,True,False,False,False
volohealth.in,True,False,False,False
W?l?????n,True,False,False,False
fractal.id,True,False,False,False
Funlab,True,False,False,False
Tankstar,True,False,False,False
Welker (welker.com),True,False,False,False
Cordogan Clark and Associates (cordoganclark.com),True,False,False,False
powiatjedrzejow.pl,True,False,False,False
Astolabs.com ASTO LABS,True,False,False,False
transport-system.com,True,False,False,False
DoctorsToYou.com,True,False,False,False
Horsesportireland.ie,True,False,False,False
Food Sciences Corporation (foodsciences.com),True,False,False,False
synertrade.com,True,False,False,False
G-plans.com,True,False,False,False
Fpapak.org,True,False,False,False
CETRULO,True,False,False,False
Nor-Well,True,False,False,False
Kuhn and Associates,True,False,False,False
moi.gov.ly,True,False,False,False
Corporate Job Bank,True,False,False,False
Lein Law Offices,True,False,False,False
Boston Children's Health Physicians,True,False,False,False
Henry County Schools,True,False,False,False
Central Pennsylvania Food Bank,True,False,False,False
In the depths of software development.,True,False,False,False
"Promise Technology, Inc.",True,False,False,False
basarsoft.com.tr,True,False,False,False
Ideker,True,False,False,False
Ultimate Removal,True,False,False,False
Inner City Education Foundation,True,False,False,False
SystemPavers,True,False,False,False
McMunn & Yates Building Suppliesorp,True,False,False,False
Microworks,True,False,False,False
Parnell Defense,True,False,False,False
Aaren Scientific,True,False,False,False
Nora Biscuits,True,False,False,False
Rescar Companies,True,False,False,False
Concord,True,False,False,False
OzarksGo,True,False,False,False
Byerly Aviation,True,False,False,False
Courtney Construction,True,False,False,False
rudrakshahospitals.com,True,False,False,False
AOSense,True,False,False,False
Henneman Engineering,True,False,False,False
Misionero Vegetables,True,False,False,False
Steel Art Signs,True,False,False,False
Ascires,True,False,False,False
Astero,True,False,False,False
gfm-uk.com,True,False,False,False
caseparts.com,True,False,False,False
compra-aruba.com,True,False,False,False
Durham Region,True,False,False,False
medicato.com,True,False,False,False
FUN-LAB,True,False,False,False
Cathexis Holdings LP,True,False,False,False
Ascires Biomedical Group,True,False,False,False
Rocky Mountain Gastroenterology,True,False,False,False
World Vision Perú,True,False,False,False
Construction Systems inc,True,False,False,False
Timber,True,False,False,False
saizeriya.co.jp,True,False,False,False
confidencegroup.com.bd,True,False,False,False
Modiin Ezrachi,True,False,False,False
OSG Tool,True,False,False,False
NextStage.AI,True,False,False,False
Volta River Authority,True,False,False,False
Protective Industrial Products,True,False,False,False
Therabel Lucien Pharma SAS,True,False,False,False
Rumpke Consolidated Companies,True,False,False,False
Østerås Bygg,True,False,False,False
Unita Turism,True,False,False,False
[i2p-torrent] Roberto Verino Difusion,True,False,False,False
[i2p-torrent]Jangho Group,True,False,False,False
Elmore Goldsmith,True,False,False,False
promise.com,True,False,False,False
practicesuite.us,True,False,False,False
peorialawyers.com,True,False,False,False
extramarks.com,True,False,False,False
Doctors Regional Cancer Center,True,False,False,False
oklahomasleepinstitute.com,True,False,False,False
Axis Health System,True,False,False,False
The Law Office of Omar O Vargas,True,False,False,False
Structural and Steel Products,True,False,False,False
medexhco.com,True,False,False,False
La Futura,True,False,False,False
Barnes Cohen and Sullivan,True,False,False,False
Atlantic Coast Consulting Inc,True,False,False,False
Glacier,True,False,False,False
"Casio Computer Co., Ltd",True,False,False,False
Doscast,True,False,False,False
K***N Corp,True,False,False,False
FortyEighty Architecture,True,False,False,False
RobbJack & Crystallume,True,False,False,False
Universal Companies,True,False,False,False
argofinance.org,True,False,False,False
transfoodbeverage.com,True,False,False,False
SOFPO (Exideuil),True,False,False,False
SCHUMAG AKTIENGESELLSCHAFT,True,False,False,False
Wild Apple Graphics,True,False,False,False
Evlox,True,False,False,False
Hauschild Installationen,True,False,False,False
ErgoFloor,True,False,False,False
Island Grill,True,False,False,False
Volkswagen group,True,False,False,False
Groupe Bayard,True,False,False,False
Kerkstoel,True,False,False,False
Futureguard,True,False,False,False
Daldoss Elevetronic,True,False,False,False
Stone Future inc,True,False,False,False
InCare Technologies,True,False,False,False
Antenne Reunion Radio,True,False,False,False
Gmg Mining Supplies,True,False,False,False
Smart Media Group Bulgaria,True,False,False,False
The Roberts Family Law Firm,True,False,False,False
Gedco,True,False,False,False
EARTHWORKS Group,True,False,False,False
Perfection Fresh,True,False,False,False
Advanced Accounting & Business Advisory,True,False,False,False
Road Distribution Services,True,False,False,False
Lácteos Lorán,True,False,False,False
Curtidos Barbero,True,False,False,False
EasyPay,True,False,False,False
Jumbo Electronics Qatar,True,False,False,False
Navarra & Marzano,True,False,False,False
Costa Del Sol Hotels,True,False,False,False
The Plastic Bag,True,False,False,False
Elevator One,True,False,False,False
March Elevator,True,False,False,False
Suntrust Properties,True,False,False,False
CANEA ONE,True,False,False,False
tankstar.com,True,False,False,False
victrongroup.com,True,False,False,False
FULTON.COM,True,False,False,False
"Orbit Software, Inc.",True,False,False,False
Universite Paris Sud,True,False,False,False
avans.com,True,False,False,False
Eagle Recovery Associates,True,False,False,False
AnVa Industries,True,False,False,False
Smoker's Choice,True,False,False,False
Saratoga Liquor,True,False,False,False
Accounting Resource Group,True,False,False,False
pingan.com,True,False,False,False
Ambassador of Israel in Germany Emails,True,False,False,False
Aaren Scientific,True,False,False,False
blalockcompanies.com,True,False,False,False
Advantage CDC,True,False,False,False
Trinity Wholesale Distributors Inc,True,False,False,False
okcabstract.com,True,False,False,False
Blain Supply,True,False,False,False
Sit & Sleep,True,False,False,False
AIUT,True,False,False,False
Maxdream,True,False,False,False
matki.co.uk,True,False,False,False
corporatejobbank.com,True,False,False,False
Davis Pickren Seydel and Sneed LLP,True,False,False,False
Accurate Railroad Construction Ltd,True,False,False,False
Max Shop,True,False,False,False
autodoc.pro,True,False,False,False
trulysmall.com,True,False,False,False
nspproteins.com,True,False,False,False
The Superior Court of California,True,False,False,False
healthyuturn.in,True,False,False,False
uccretrievals.com,True,False,False,False
premierpackaging.com,True,False,False,False
htetech.com,True,False,False,False
goughconstruction.com,True,False,False,False
fleetequipment.com,True,False,False,False
auto-recyclers.com,True,False,False,False
atd-american.com,True,False,False,False
allianceind.com,True,False,False,False
avioesforza.it,True,False,False,False
tankerska.hr,True,False,False,False
totalelectronics.com,True,False,False,False
Istrail,True,False,False,False
Albany College of Pharmacy,True,False,False,False
Arelance Group,True,False,False,False
Pearl Cohen,True,False,False,False
Broward Realty Corp,True,False,False,False
yassir.com,True,False,False,False
tpgagedcare.com.au,True,False,False,False
IIB ( Israeli Industrial Batteries ) Leaked,True,False,False,False
lyra.officegroup.it,True,False,False,False
aosense.com,True,False,False,False
NASA/AOSense,True,False,False,False
Creative Consumer Concepts,True,False,False,False
Power Torque Services,True,False,False,False
seoulpi.io,True,False,False,False
canstarrestorations.com,True,False,False,False
www.ravencm.com,True,False,False,False
Ibermutuamur,True,False,False,False
betterhalf.ai,True,False,False,False
HARTSON-KENNEDY.COM,True,False,False,False
omniboxx.nl,True,False,False,False
BNBuilders,True,False,False,False
winwinza.com,True,False,False,False
Storck-Baugesellschaft mbH,True,False,False,False
C&L Ward,True,False,False,False
Wilmington Convention Center,True,False,False,False
Guerriere & Halnon,True,False,False,False
Markdom Plastic Products,True,False,False,False
Pete's Road Service,True,False,False,False
releese.io,True,False,False,False
kleberandassociates.com,True,False,False,False
City Of Forest Park - Full Leak,True,False,False,False
Riley Gear Corporation,True,False,False,False
TANYA Creations,True,False,False,False
mullenwylie.com,True,False,False,False
GenPro Inc.,True,False,False,False
CopySmart LLC,True,False,False,False
North American Breaker,True,False,False,False
Amplitude Laser,True,False,False,False
Fursan Travel,True,False,False,False
GW Mechanical,True,False,False,False
Dreyfuss + Blackford Architecture,True,False,False,False
McGaughey & Keaney CPAs,True,False,False,False
Transtec SAS,True,False,False,False
enterpriseoutsourcing.com,True,False,False,False
DPC DATA,True,False,False,False
Lyomark Pharma,True,False,False,False
"Conductive Containers, Inc",True,False,False,False
bbgc.gov.bd,True,False,False,False
CobelPlast,True,False,False,False
Shin Bet,True,False,False,False
Barnes & Cohen,True,False,False,False
TRC Worldwide Engineering (Trcww),True,False,False,False
Rob Levine & Associates (roblevine.com),True,False,False,False
Red Barrels,True,False,False,False
CaleyWray,True,False,False,False
LIFTING.COM,True,False,False,False
Emerson,True,False,False,False
Golden Age Nursing Home,True,False,False,False
mccartycompany.com,True,False,False,False
bypeterandpauls.com,True,False,False,False
domainindustries.com,True,False,False,False
ironmetals.com,True,False,False,False
rollxvans.com,True,False,False,False
ETC Companies,True,False,False,False
Branhaven Chrysler Dodge Jeep Ram,True,False,False,False
Holmes & Brakel,True,False,False,False
Forshey Prostok LLP,True,False,False,False
Israel Prime Minister Emails,True,False,False,False
FoccoERP,True,False,False,False
Quantum Healthcare,True,False,False,False
asobostudio,True,False,False,False
acuity.co.uk,True,False,False,False
United Animal Health,True,False,False,False
Akromold,True,False,False,False
Labib Funk Associates,True,False,False,False
Research Electronics International,True,False,False,False
Cascade Columbia Distribution,True,False,False,False
ShoreMaster,True,False,False,False
marthamedeiros.com.br,True,False,False,False
CSG Consultants,True,False,False,False
aberdeenwa.gov,True,False,False,False
Corantioquia,True,False,False,False
performance-therapies,True,False,False,False
www.galab.com,True,False,False,False
telehealthcenter.in,True,False,False,False
howardcpas.com,True,False,False,False
bshsoft.com,True,False,False,False
credihealth.com,True,False,False,False
datacampos.com,True,False,False,False
verco.co.uk,True,False,False,False
Community Hospital of Anaconda,True,False,False,False
"BELL DATA, Inc",True,False,False,False
Travel Alberta,True,False,False,False
IDEALEASE INC,True,False,False,False
Control Panels USA,True,False,False,False
Spectrum Industries,True,False,False,False
Magenta Photo Studio,True,False,False,False
Brechbuhler Scales Inc,True,False,False,False
MDSi INC,True,False,False,False
carlile-group.com,True,False,False,False
sacredheart.southwark.sch.uk,True,False,False,False
mctas.org.au,True,False,False,False
mnpl.com.sg,True,False,False,False
canstarrestorations.com,True,False,False,False
Lee Hoffoss Injury Lawyers,True,False,False,False
itap.nacc.go.th,True,False,False,False
TOTVS,True,False,False,False
Keller Williams Realty Group,True,False,False,False
"McAbee Construction, Inc",True,False,False,False
decalesp.com,True,False,False,False
Isola,True,False,False,False
"Sub-Zero, Wolf, and Cove",True,False,False,False
Plastics Plus,True,False,False,False
Freshstart Credit Repair,True,False,False,False
MacGillivray Law,True,False,False,False
weisermemorialhospital.org,True,False,False,False
porter.in,True,False,False,False
Bayou DeSiard Country Club,True,False,False,False
poorvika.com,True,False,False,False
Affirm Agency,True,False,False,False
InteriorWorx Commercial Flooring,True,False,False,False
Performance Food Centers,True,False,False,False
Reutter,True,False,False,False
4B Components,True,False,False,False
Andantex USA,True,False,False,False
G/S Solutions,True,False,False,False
"Condere Ip, Infracom Group",True,False,False,False
The Rubber Resources,True,False,False,False
Classic Business Products,True,False,False,False
Garvey,True,False,False,False
Divine Interprises INC,True,False,False,False
DINAS Corp,True,False,False,False
Alvan Blanch,True,False,False,False
cdc-biodiversite.fr,True,False,False,False
Moeller Door and Window,True,False,False,False
OffRoadAction,True,False,False,False
SaniRent,True,False,False,False
markdom.com,True,False,False,False
nfe.fazenda.gov.br,True,False,False,False
Soreq NRC,True,False,False,False
appweb.usinacoruripe.com.br,True,False,False,False
Røros Hotell,True,False,False,False
rockymountaingastro.com,True,False,False,False
www.contegritygroup.com,True,False,False,False
PipelBiz.com,True,False,False,False
Southern Fire Sprinkler,True,False,False,False
Direct Access Partners,True,False,False,False
gccustommetal.com,True,False,False,False
actionfirepros.com,True,False,False,False
Xtera Communications,True,False,False,False
www.law-taxes.pl,True,False,False,False
www.tokiwa-group.co.jp,True,False,False,False
www.careco.se,True,False,False,False
www.vbrlogistica.com.br,True,False,False,False
www.naniwa-pump.co.jp,True,False,False,False
Mile Hi Foods,True,False,False,False
Shenango Area School District,True,False,False,False
KGK Group,True,False,False,False
Zimmerman & Walsh,True,False,False,False
kumhotire.com,True,False,False,False
chcm.us,True,False,False,False
Ful************.com,True,False,False,False
Te***************.net,True,False,False,False
"Schäfer, dein BäckerGmbH & Co. KG",True,False,False,False
English Construction Company,True,False,False,False
lolaliza.com - 250kk,True,False,False,False
Israel foreign affairs minister Emails,True,False,False,False
tolsa.com,True,False,False,False
DETROIT PBS ( PUBLIC TV ),True,False,False,False
Concord Management Services,True,False,False,False
Lawrie Insurance Group,True,False,False,False
ATG Communications Group,True,False,False,False
Luso Cuanzа,True,False,False,False
Hairstore,True,False,False,False
IP blue Software Solutions,True,False,False,False
Pennvet.com,True,False,False,False
triverus.com,True,False,False,False
hindlegroup.com,True,False,False,False
kjtait.com,True,False,False,False
www.amchar.com,True,False,False,False
libraries.delaware.gov,True,False,False,False
gsdwi.org,True,False,False,False
PetEdge,True,False,False,False
"Bogdan Frasco, LLP",True,False,False,False
"John W. Brooker Co., CPAs",True,False,False,False
Hughes Gill Cochrane Tinetti,True,False,False,False
Menninger Clinic,True,False,False,False
Israel defense minister private photos,True,False,False,False
cottlesinc.com,True,False,False,False
Crown Mortgage Company,True,False,False,False
First Choice Sales & Marketing Group (First Choice),True,False,False,False
Frigocenter,True,False,False,False
Partners Air,True,False,False,False
Solutii Sistemas,True,False,False,False
Nova Sinseg,True,False,False,False
Model Engineering,True,False,False,False
tellurianinc.org,True,False,False,False
"Kravit, Hovel & Krawczyk SC",True,False,False,False
BroadGrain Commodities,True,False,False,False
Eurobulk,True,False,False,False
www.datacampos.com,True,False,False,False
cucinatagliani.com,True,False,False,False
cmclb.com,True,False,False,False
f-t.com,True,False,False,False
oleopalma.com.mx,True,False,False,False
Avi Resort & Casino,True,False,False,False
"DIamond Contracting, LLC",True,False,False,False
medicheck.io,True,False,False,False
Benny Gantz,True,False,False,False
Brown Bottling Group,True,False,False,False
bakpilic.com.tr,True,False,False,False
Pureform Radiology Center,True,False,False,False
Idre Fjäll,True,False,False,False
Detroit Public TV,True,False,False,False
ten8fire.com,True,False,False,False
Fabrica Industrial Machinery & Equipment,True,False,False,False
Graminex,True,False,False,False
Canstar Restorations,True,False,False,False
hanwa.co.th,True,False,False,False
Daughterly Care,True,False,False,False
"Woodard , Hernandez , Roth & Day",True,False,False,False
savannahcandy.com,True,False,False,False
Acho.io,True,False,False,False
Jackson Paper Manufacturing,True,False,False,False
Messe C,True,False,False,False
Noble Environmental,True,False,False,False
Omega Industries,True,False,False,False
Pacific Coast Building Products,True,False,False,False
Thompson Construction Supply,True,False,False,False
Visionary Homes,True,False,False,False
KW Realty Group,True,False,False,False
Capital Printing,True,False,False,False
virainsight.com,True,False,False,False
Juice Generation,True,False,False,False
River Region Cardiology Associates,True,False,False,False
Greene Acres Nursing Home,True,False,False,False
aroma.com.tr,True,False,False,False
rarholding.com,True,False,False,False
Fritzøe Engros,True,False,False,False
Wilson & Lafleur,True,False,False,False
Wertachkliniken.de,True,False,False,False
newriverelectrical.com,True,False,False,False
seaglesafety.com,True,False,False,False
rccauto.com,True,False,False,False
itasnatta.edu.it,True,False,False,False
a1mobilelock.com,True,False,False,False
curvc.com,True,False,False,False
patricksanderscompany.com,True,False,False,False
thinksimple.com,True,False,False,False
pesprograms.com,True,False,False,False
palmfs.com,True,False,False,False
kennedyfunding.com,True,False,False,False
advbe.com,True,False,False,False
Sunrise Farms,True,False,False,False
Nusser Mineralöl GmbH,True,False,False,False
avl1.com,True,False,False,False
libertyfirstcu.com,True,False,False,False
Hunter Dickinson Inc.,True,False,False,False
tims.com,True,False,False,False
bspcr.com,True,False,False,False
lakelandchamber.com,True,False,False,False
yesmoke.eu,True,False,False,False
efile.com,True,False,False,False
paybito.com,True,False,False,False
Compass Group (2nd attack),True,False,False,False
Structural Concepts,True,False,False,False
Vidisco,True,False,False,False
IIB ( Israeli Industrial Batteries ),True,False,False,False
Plaisted Companies,True,False,False,False
Bertelkamp Automation,True,False,False,False
DJH Jugendherberge,True,False,False,False
Prentke Romich Company,True,False,False,False
agricola,True,False,False,False
Amerinational Community Services,True,False,False,False
Providence Public School Department,True,False,False,False
AZPIRED,True,False,False,False
Compass Group,True,False,False,False
Chernan Technology,True,False,False,False
gestiriego.com,True,False,False,False
Port of Seattle/Seattle-Tacoma International Airport (SEA),True,False,False,False
Baskervill,True,False,False,False
Protective Industrial Products,True,False,False,False
Inktel,True,False,False,False
Rsp,True,False,False,False
Hariri Pontarini Architects,True,False,False,False
Multidata,True,False,False,False
Environmental Code Consultants Inc,True,False,False,False
EnviroNET Inc,True,False,False,False
Robson Planning Group Inc,True,False,False,False
capecodacademy.org,True,False,False,False
oipip.gda.pl,True,False,False,False
kryptonresources.com,True,False,False,False
www.tta.cls,True,False,False,False
globe.com.bd,True,False,False,False
satiagroup.com,True,False,False,False
duopharmabiotech.com,True,False,False,False
tendam.es,True,False,False,False
www.faithfc.org,True,False,False,False
www.adantia.es,True,False,False,False
topdoctors.com,True,False,False,False
www.8010urbanliving.com,True,False,False,False
www.taperuvicha.com,True,False,False,False
www.plumbersstock.com,True,False,False,False
www.nikpol.com.au,True,False,False,False
www.quenotedeporten.com,True,False,False,False
www.galloway-macleod.co.uk,True,False,False,False
ringpower.com,True,False,False,False
miit.gov.cn,True,False,False,False
New Electric,True,False,False,False
AutoCanada,True,False,False,False
natcoglobal.com,True,False,False,False
Sherr Puttmann Akins Lamb PC,True,False,False,False
peerlessumbrella.com,True,False,False,False
thomas-lloyd.com,True,False,False,False
Cruz Marine (cruz.local),True,False,False,False
SuperCommerce.ai,True,False,False,False
MCNA Dental 1 million patients records,True,False,False,False
ExcelPlast Tunisie,True,False,False,False
northernsafety.com,True,False,False,False
thompsoncreek.com,True,False,False,False
www.atlcc.net,True,False,False,False
accuraterailroad.com,True,False,False,False
advantagecdc.org,True,False,False,False
lafuturasrl.it,True,False,False,False
dowley.com,True,False,False,False
apexbrasil.com.br,True,False,False,False
fivestarproducts.com,True,False,False,False
ignitarium.com,True,False,False,False
nfcaa.org,True,False,False,False
Emtel,True,False,False,False
EAGLE School,True,False,False,False
salaam.af,True,False,False,False
INTERNAL.ROCKYMOUNTAINGASTRO.COM,True,False,False,False
Gino Giglio Generation Spa,True,False,False,False
Rextech,True,False,False,False
Like Family’s,True,False,False,False
UNI-PA A.Ş,True,False,False,False
OnePoint Patient Care,True,False,False,False
Retemex,True,False,False,False
ORCHID-ORTHO.COM,True,False,False,False
jatelindo,True,False,False,False
mivideo.club,True,False,False,False
Micron Internet,True,False,False,False
TECHNOLOG S.r.l.,True,False,False,False
ecbawm.com,True,False,False,False
FD Lawrence Electric,True,False,False,False
True Family Enterprises,True,False,False,False
Dimensional Merchandising,True,False,False,False
Creative Playthings,True,False,False,False
"Law Offices of Michael J Gurfinkel, Inc",True,False,False,False
Hostetler Buildings,True,False,False,False
VIcom Corporation,True,False,False,False
Arch-Con,True,False,False,False
HB Construction,True,False,False,False
Associated Building Specialties,True,False,False,False
www.southeasternretina.com,True,False,False,False
Ascend Analytics (ascendanalytics.com),True,False,False,False
Kingsmill Resort,True,False,False,False
brunswickhospitalcenter.org,True,False,False,False
Carpenter McCadden and Lane LLP,True,False,False,False
CSMR Agrupación de Colaboración Empresaria,True,False,False,False
ICBC (London),True,False,False,False
thornton-inc.com,True,False,False,False
nhbg.com.co,True,False,False,False
mechdyne.com,True,False,False,False
Starr-Iva Water & Sewer District,True,False,False,False
Karakaya Group,True,False,False,False
CNPS Cameroun,True,False,False,False
allamericanpoly.com,True,False,False,False
Charles Darwin School,True,False,False,False
Cathedral Prep (villalan.edu),True,False,False,False
S. Walter Packaging,True,False,False,False
Clatronic International GmbH,True,False,False,False
Advanced Physician Management Services LLC,True,False,False,False
Arville,True,False,False,False
ICBC London,True,False,False,False
Ladov Law Firm,True,False,False,False
Regent Care Center,True,False,False,False
www.vinatiorganics.com,True,False,False,False
Evans Distribution Systems,True,False,False,False
Weldco-Beales Manufacturing,True,False,False,False
PIGGLY WIGGLY ALABAMA DISTRIBUTING,True,False,False,False
Elgin Separation Solutions,True,False,False,False
Bel-Air Bay Club,True,False,False,False
Joe Swartz Electric,True,False,False,False
Virginia Dare Extract Co.,True,False,False,False
Southeast Cooler,True,False,False,False
IDF and Mossad agents,True,False,False,False
rupicard.com,True,False,False,False
Vickers Engineering,True,False,False,False
Controlled Power,True,False,False,False
Arc-Com,True,False,False,False
HDI,True,False,False,False
Myelec Electrical,True,False,False,False
Kadokawa Co Jp,True,False,False,False
Qeco/coeq,True,False,False,False
E-Z Pack Holdings LLC,True,False,False,False
Bank Rakyat,True,False,False,False
americagraphics.com,True,False,False,False
cityofpleasantonca.gov,True,False,False,False
Pennsylvania State Education Association,True,False,False,False
Anniversary Holding,True,False,False,False
Battle Lumber Co.,True,False,False,False
www.unige.it,True,False,False,False
www.dpe.go.th,True,False,False,False
www.bsg.com.au,True,False,False,False
Appellation vins fins,True,False,False,False
schynsassurances.be,True,False,False,False
pv.be,True,False,False,False
kahle cpa,True,False,False,False
"Smart Source, Inc.",True,False,False,False
CAM Tyre Trade Systems & Solutions,True,False,False,False
atlanticice.com,True,False,False,False
Phoenix Air Conditioning & Heating,True,False,False,False
Exitz Technologies,True,False,False,False
株式会社ミヤキ,True,False,False,False
Stratford School Academy,True,False,False,False
cardiovirginia.com,True,False,False,False
Prosolit,True,False,False,False
Grupo Cortefiel,True,False,False,False
Nocciole Marchisio,True,False,False,False
Elsoms Seeds,True,False,False,False
Millsboro Animal Hospital,True,False,False,False
briedis.lt,True,False,False,False
America Voice,True,False,False,False
CK Associates,True,False,False,False
Keya Accounting and Tax Services LLC,True,False,False,False
Arbitech (arb.local),True,False,False,False
ctelift.com,True,False,False,False
SESAM Informatics,True,False,False,False
riomarineinc.com,True,False,False,False
champeau.com,True,False,False,False
cda.be,True,False,False,False
belfius.be,True,False,False,False
dvv.be,True,False,False,False
Custom Security Systems,True,False,False,False
Inglenorth.co.uk,True,False,False,False
cps-k12.org,True,False,False,False
inorde.com,True,False,False,False
tri-tech.us,True,False,False,False
PhD Services,True,False,False,False
kawasaki.eu,True,False,False,False
phdservices.net,True,False,False,False
cbt-gmbh.de,True,False,False,False
www.towellengineering.net,True,False,False,False
rhp.com.br,True,False,False,False
Baird Mandalas Brockstedt LLC,True,False,False,False
Imetame,True,False,False,False
SWISS CZ,True,False,False,False
Cellular Plus,True,False,False,False
Arch Street Capital Advisors,True,False,False,False
Hospital Episcopal San Lucas,True,False,False,False
www.parknfly.ca,True,False,False,False
"Western Supplies, Inc",True,False,False,False
Farmers' Rice Cooperative,True,False,False,False
Bakersfield,True,False,False,False
Crain Group,True,False,False,False
Parrish,True,False,False,False
Seirus Innovation,True,False,False,False
www.galgorm.com,True,False,False,False
www.pcipa.com,True,False,False,False
OSDA Contract Services,True,False,False,False
ych.com,True,False,False,False
www.bennettcurrie.co.nz,True,False,False,False
idom.com,True,False,False,False
plannedparenthood.org,True,False,False,False
Sunrise Erectors,True,False,False,False
gardenhomesmanagement.com,True,False,False,False
simson-maxwell.com,True,False,False,False
balboabayresort.com,True,False,False,False
flodraulic.com,True,False,False,False
mcphillips.co.uk,True,False,False,False
rangeramerican.com,True,False,False,False
Pen*****************.com,True,False,False,False
El**********.hu,True,False,False,False
we****************.de,True,False,False,False
wilmingtoncc.org,True,False,False,False
VOP CZ,True,False,False,False
Turman,True,False,False,False
bluemaven.ca problems,True,False,False,False
Kingsport Imaging Systems,True,False,False,False
www.amberbev.com,True,False,False,False
www.sanyo-bussan.co.jp,True,False,False,False
www.pokerspa.it,True,False,False,False
Removal.AI,True,False,False,False
Project Hospitality,True,False,False,False
Shomof Group,True,False,False,False
www.sanyo-av.com,True,False,False,False
San Francisco Sheriff's Department (sjcso.local),True,False,False,False
www.schneider.ch,True,False,False,False
www.electriforce.com,True,False,False,False
ERoko Distributors + Colonial Countertops,True,False,False,False
Quálitas México,True,False,False,False
welland,True,False,False,False
Caseificio Alta Valsesia,True,False,False,False
White Mountain Backpacks,True,False,False,False
Donco and Sons Inc.,True,False,False,False
Grupo Modesto Cerqueira,True,False,False,False
NOBI AS,True,False,False,False
Instituto Cardiovascular del Cesar,True,False,False,False
Special Oilfield Services Company LLC,True,False,False,False
Southwest Traders,True,False,False,False
Nevada Heart Vascular Center,True,False,False,False
MorningStar Senior Living,True,False,False,False
Goodless Dermatology,True,False,False,False
Effortless Office,True,False,False,False
ciot.com,True,False,False,False
www.nissan-dubai.com,True,False,False,False
"Bogdan & Frasco, LLP",True,False,False,False
BLVD Residential INC,True,False,False,False
"John W. Brooker & Co., CPAs",True,False,False,False
"Khoo and Company, Inc",True,False,False,False
New River Electrical Corporation,True,False,False,False
The Recycler Core Company,True,False,False,False
Tranter (tcn.local),True,False,False,False
Sports & Spine Orthopaedics,True,False,False,False
Mitsubishi Chemical Group,True,False,False,False
grant-associates.uk.com,True,False,False,False
Phyton Biotech,True,False,False,False
Burgess Kilpartick,True,False,False,False
Richmond Auto Mall,True,False,False,False
Seng Tsoi Architect,True,False,False,False
Raeyco Lab Equipment Systems Management,True,False,False,False
Welding and Fabrication (humblemfg),True,False,False,False
City Projects,True,False,False,False
Prism Construction,True,False,False,False
Cotala Cross-Media,True,False,False,False
pfsbrands.com,True,False,False,False
www.timortelecom.tl,True,False,False,False
www.mineduc.gob.gt,True,False,False,False
www.primariatm.ro,True,False,False,False
www.suvacity.org,True,False,False,False
Riverside Resort Hotel and Casino,True,False,False,False
www.iph-bet.fr,True,False,False,False
www.johnkellys.com,True,False,False,False
www.fenceauthority.com,True,False,False,False
www.gruyeria.ch,True,False,False,False
www.lfewines.com,True,False,False,False
www.citebd.org,True,False,False,False
www.ramoncorripio.com,True,False,False,False
www.iiitd.ac.in,True,False,False,False
www.swinburne.edu,True,False,False,False
"Wayne Wright, LLP.",True,False,False,False
ICWI,True,False,False,False
Eric Rossi CPA LLC,True,False,False,False
Lane Supply Inc.,True,False,False,False
Stein Fibers,True,False,False,False
robesoncoso.org,True,False,False,False
designintoto.com.au,True,False,False,False
jutebag.co.uk,True,False,False,False
akanea.com,True,False,False,False
fanningfanning.com,True,False,False,False
gbricambi.it,True,False,False,False
Navitas Semiconductor,True,False,False,False
alconca.com.ve,True,False,False,False
tdsb.on.ca,True,False,False,False
sampoernaagro.com,True,False,False,False
albanybank.com,True,False,False,False
bridgestoneamericas.com,True,False,False,False
hphood.com,True,False,False,False
huntongroup.com,True,False,False,False
inces.com,True,False,False,False
pkf.com.au,True,False,False,False
Hollywood Burbank Airport,True,False,False,False
Risser Oil,True,False,False,False
glasstile.com,True,False,False,False
Clatronic International GmbH,True,False,False,False
Corbally Gartland and Rappleyea,True,False,False,False
Stiller Aesthetics,True,False,False,False
Gortemoller Engineering (gorteng.local),True,False,False,False
malonetoyota.com,True,False,False,False
Appletec Ltd,True,False,False,False
christen-sanitaer.ch,True,False,False,False
"Bayou DeSiard Country Club - Monroe, LA",True,False,False,False
rainierarms.com,True,False,False,False
Epi Breads,True,False,False,False
Software Engineering Associates,True,False,False,False
GDB International,True,False,False,False
ABC Parts International,True,False,False,False
Universal Pure,True,False,False,False
Omicron Granite & Tile,True,False,False,False
Clabots,True,False,False,False
rmn.fr,True,False,False,False
tjs.com,True,False,False,False
ghanare.com,True,False,False,False
JM Thompson,True,False,False,False
medisetter.com,True,False,False,False
agra-services.be,True,False,False,False
"Atwood & Cherny, P.C.",True,False,False,False
Fish Nelson & Holden,True,False,False,False
M.Royo & KlockMetal,True,False,False,False
Scott Pharma Solutions,True,False,False,False
freshairefranchise.com,True,False,False,False
Diamcad,True,False,False,False
tcn.local,True,False,False,False
mykukun.com,True,False,False,False
comtruck.ca,True,False,False,False
codacinc.org,True,False,False,False
Woden,True,False,False,False
Y. Shilat Management Services Ltd,True,False,False,False
Success Microfinance Bank,True,False,False,False
KidKraft,True,False,False,False
Rinehart Butler Hodge Moss & Bryant,True,False,False,False
dpfza.gov.dj,True,False,False,False
www.polycohealthline.com,True,False,False,False
www.chwa.com.tw,True,False,False,False
WT Gruber Steuerberatung GmbH,True,False,False,False
Finlogic S.p.A,True,False,False,False
Academy of Model Aeronautics,True,False,False,False
Mason City Recycling Center,True,False,False,False
Barkal Food Industries,True,False,False,False
Modulkit,True,False,False,False
Artesanía Chopo,True,False,False,False
Crowe,True,False,False,False
securityinstrument.com,True,False,False,False
Microchip Technology,True,False,False,False
Precom,True,False,False,False
All Parks Insurance,True,False,False,False
Vans Lumber and Custom Builders,True,False,False,False
Optimize EGS,True,False,False,False
Complete Payroll Solutions,True,False,False,False
South American Tours,True,False,False,False
www.alabamaplate.com,True,False,False,False
www.smarterp.com,True,False,False,False
htsusa.com,True,False,False,False
www.spie-tec.de,True,False,False,False
Brookshire Dental - Hospitals & Clinics,True,False,False,False
Abatti Companies,True,False,False,False
Imt,True,False,False,False
Law Offices of John E Hill,True,False,False,False
Tryax Realty Management,True,False,False,False
HMW,True,False,False,False
Smith Capital,True,False,False,False
MacEwen Petroleum,True,False,False,False
pocketrisk.com,True,False,False,False
widex.com,True,False,False,False
Blue Maven Group,True,False,False,False
NewsBank,True,False,False,False
US Marshals Service,True,False,False,False
onedayonly.co.za,True,False,False,False
Affordable Tools,True,False,False,False
prasarana.com.my,True,False,False,False
Penn Veterinary Supply INC,True,False,False,False
Meli (BCYF & Bethany),True,False,False,False
dt-technologies,True,False,False,False
autonomous.ai,True,False,False,False
Sable International,True,False,False,False
The University and College Union,True,False,False,False
EPS Tech R&D,True,False,False,False
nwcsb.com,True,False,False,False
Myelec Electrical,True,False,False,False
www.curvc.com,True,False,False,False
Eagle Safety Eyewear,True,False,False,False
Wallace Construction Specialties (wcs.local)),True,False,False,False
Bay Sales (cog.local),True,False,False,False
PBS group,True,False,False,False
Health Quality Council,True,False,False,False
HBGJEWISHCOMMUN,True,False,False,False
ingotbrokers.com,True,False,False,False
Hofmann Malerei AG,True,False,False,False
Studio Legale Associato Isolabella,True,False,False,False
HL Lawson & Sons,True,False,False,False
terralogs.com.br,True,False,False,False
Chama Gaucha,True,False,False,False
idahopacific.com,True,False,False,False
barryavenueplating,True,False,False,False
Crimson Interactive,True,False,False,False
www.seaeng.com,True,False,False,False
Stjamesplace.org,True,False,False,False
Saeilo,True,False,False,False
schoolrush.com,True,False,False,False
Life University,True,False,False,False
Sherwood Stainless & Aluminium,True,False,False,False
Igloo Cellulose,True,False,False,False
Raifalsa-Alelor,True,False,False,False
Deane Roofing and Cladding,True,False,False,False
instadriver.co,True,False,False,False
cincinnatipainphysicians,True,False,False,False
Don’t Waste Group,True,False,False,False
Kronick Moskovitz Tiedemann & Girard,True,False,False,False
UFCW Local 135,True,False,False,False
EBA Ernest Bland Associates,True,False,False,False
level.game,True,False,False,False
antaeustravel.com,True,False,False,False
rylandpeters.com,True,False,False,False
saudi arabia(general secretariat of the military service council),True,False,False,False
Engedi,True,False,False,False
EPS Tech confidential source code ( military ),True,False,False,False
policiaauxiliarcusaem.com.mx,True,False,False,False
Larc,True,False,False,False
kbosecurity.co.uk,True,False,False,False
khonaysser.com,True,False,False,False
beinlaw.co.il - Prof. Bein & Co.,True,False,False,False
The SMS Group,True,False,False,False
Grid Subject Matter Experts,True,False,False,False
Quilvest Capital Partners,True,False,False,False
Armour Coatings,True,False,False,False
RCG,True,False,False,False
Policy Administration Solutions,True,False,False,False
Dunlop Aircraft Tyres,True,False,False,False
Vibo.dk,True,False,False,False
Hvb-ingenieure.de,True,False,False,False
Westermans.com,True,False,False,False
Jinny Corporation,True,False,False,False
BARRYAVEPLATING,True,False,False,False
RSK-IMMOBILIEN,True,False,False,False
capitalfund1.com,True,False,False,False
www.pindrophearing.co.uk,True,False,False,False
www.banhampoultry.co.uk,True,False,False,False
kidkraft.com,True,False,False,False
Luigi Convertini,True,False,False,False
Findel,True,False,False,False
HOERBIGER Holding,True,False,False,False
Olympus Financial,True,False,False,False
spvmhc.org,True,False,False,False
Burns Industrial Equipment,True,False,False,False
globacap.com,True,False,False,False
Codival,True,False,False,False
jpoint.in,True,False,False,False
inlighten.net,True,False,False,False
blowerdempsay.com,True,False,False,False
ATP,True,False,False,False
Rushlift (lks.net),True,False,False,False
North Georgia Brick,True,False,False,False
Akkanat Holding,True,False,False,False
Percento Technologies Internationa,True,False,False,False
imobesidade.com.br,True,False,False,False
OSG.COM,True,False,False,False
Waynesboro Nurseries,True,False,False,False
The Transit Authority of Northern Kentucky (TANK),True,False,False,False
Khonaysser,True,False,False,False
Jangho Group,True,False,False,False
Certified Transmission,True,False,False,False
Bandier,True,False,False,False
ccsdschools.com,True,False,False,False
Ferraro Group,True,False,False,False
kbo,True,False,False,False
Mohawk Valley Cardiology PC,True,False,False,False
PBC Companies,True,False,False,False
Yang Enterprises,True,False,False,False
Carver Companies,True,False,False,False
J&J Network Engineering,True,False,False,False
PER4MANCE,True,False,False,False
SMK Ingenieurbüro,True,False,False,False
Cosmetic Dental Group,True,False,False,False
TELECO,True,False,False,False
peoplewell.com,True,False,False,False
aerworldwide.com,True,False,False,False
awsag.com,True,False,False,False
www.albynhousing.org.uk,True,False,False,False
www.lennartsfors.com,True,False,False,False
www.allanmcneill.co.nz,True,False,False,False
www.martinswood.herts.sch.uk,True,False,False,False
www.gmchc.org,True,False,False,False
www.regentcaravans.com.au,True,False,False,False
www.netconfig.co.za,True,False,False,False
www.manotherm.ie,True,False,False,False
tiendasmacuto.com,True,False,False,False
nrcollecties.nl,True,False,False,False
zyxel,True,False,False,False
www.wmwmeyer.com,True,False,False,False
www.vinakom.com,True,False,False,False
Keios Development Consulting,True,False,False,False
Lennartsfors AB,True,False,False,False
Rostance Edwards,True,False,False,False
SuperDrob S.A.,True,False,False,False
Sterling Rope,True,False,False,False
www.patelco.org,True,False,False,False
Prefeitura do Jaboatão dos Guararapes,True,False,False,False
on365.co.uk,True,False,False,False
ljglaw.com,True,False,False,False
Hiesmayr Haustechnik,True,False,False,False
www.aaconsultinc.com,True,False,False,False
promises2kids.org,True,False,False,False
ccj.edu.lb,True,False,False,False
BTS Biogas,True,False,False,False
www.isnart.it,True,False,False,False
www.atwoodcherny.com,True,False,False,False
Mill Creek Lumber,True,False,False,False
Patterson Health Center,True,False,False,False
www.prinsotel.com,True,False,False,False
Seaway Manufacturing Corp.,True,False,False,False
FD S.R.L,True,False,False,False
The Pyle Group,True,False,False,False
Zydus Pharmaceuticals,True,False,False,False
EPS Tech Ltd,True,False,False,False
MBS Radio,True,False,False,False
Liberty Resources,True,False,False,False
Innoquest,True,False,False,False
megatravel.com.mx,True,False,False,False
Y*********I,True,False,False,False
Entr**************.fr,True,False,False,False
Cb**********.com,True,False,False,False
startaxi.com,True,False,False,False
Boni,True,False,False,False
The Washington Times,True,False,False,False
Benson Kearley IFG - Insurance Brokers & Financial Advisors,True,False,False,False
Texas Centers for Infectious Disease Associates,True,False,False,False
Thompson Davis & Co,True,False,False,False
police.praca.gov.pl,True,False,False,False
mmtransport.com,True,False,False,False
Riley Pope & Laney,True,False,False,False
hugwi,True,False,False,False
Forrec,True,False,False,False
American Contract Systems,True,False,False,False
Element Food Solutions,True,False,False,False
Aerotech Solutions,True,False,False,False
E-Z UP,True,False,False,False
Safefood,True,False,False,False
Gaston Fence,True,False,False,False
Parker Development Company,True,False,False,False
Air International Thermal Systems,True,False,False,False
Adina Design,True,False,False,False
CinemaTech,True,False,False,False
Erie Meats,True,False,False,False
M??? ????k ??????,True,False,False,False
SCHLATTNER,True,False,False,False
deganis,True,False,False,False
The White Center Community Development Association,True,False,False,False
lenmed.co.za,True,False,False,False
gpf.org.za,True,False,False,False
Banner and Associates,True,False,False,False
Southwest Family Medicine Associates,True,False,False,False
glazkov.co.il,True,False,False,False
XPERT Business Solutions GmbH,True,False,False,False
MyFreightWorld,True,False,False,False
cbmm,True,False,False,False
AZIENDA TRASPORTI PUBBLICI S.P.A.,True,False,False,False
briju,True,False,False,False
vindix,True,False,False,False
Albatros,True,False,False,False
NetOne,True,False,False,False
fabamaq.com,True,False,False,False
cyceron.fr,True,False,False,False
bedford.k12.oh.us,True,False,False,False
Warwick Hotels and Resorts,True,False,False,False
nicholsfleet.com,True,False,False,False
VVS-Eksperten,True,False,False,False
Brookshire Dental,True,False,False,False
Alvan Blanch Development,True,False,False,False
parkerdevco.com,True,False,False,False
naturalcuriosities.com,True,False,False,False
TelPro,True,False,False,False
Jeffersoncountyclerk.org,True,False,False,False
Amco Metal Industrial Corporation,True,False,False,False
brockington.leisc.sch.uk,True,False,False,False
Moser Wealth Advisors,True,False,False,False
alliuminteriors.co.nz,True,False,False,False
robertshvac.com,True,False,False,False
dmmerch.com,True,False,False,False
luisoliveras.com,True,False,False,False
legacycpas.com,True,False,False,False
allweatheraa.com,True,False,False,False
soprema.com,True,False,False,False
exol-lubricants.com,True,False,False,False
fremontschools.net,True,False,False,False
acdcexpress.com,True,False,False,False
clinicatezza.com.pe,True,False,False,False
divaris.com,True,False,False,False
sullivansteelservice.com,True,False,False,False
johnllowery.com,True,False,False,False
qespavements.com,True,False,False,False
emanic.net,True,False,False,False
Hanon Systems,True,False,False,False
lmgroup.com,True,False,False,False
kronospublic.com,True,False,False,False
Brontoo Technology Solutions,True,False,False,False
Cydcor,True,False,False,False
Credible Group,True,False,False,False
Nilorngruppen AB,True,False,False,False
www.arkworkplacerisk.co.uk,True,False,False,False
"New TSI Holdings, NYSC",True,False,False,False
Anniversary Holding Company,True,False,False,False
GCA Global Cargo Alliance,True,False,False,False
Majestic Metals,True,False,False,False
Concut (ddm.local),True,False,False,False
dhcgrp.com,True,False,False,False
Boombah Inc.,True,False,False,False
www.dunnsolutions.com,True,False,False,False
Sumter County Sheriff,True,False,False,False
pierrediamonds.com.au,True,False,False,False
golfoy.com,True,False,False,False
inv-dar.com,True,False,False,False
icarasia.com,True,False,False,False
rationalenterprise.com,True,False,False,False
Innovalve 3TB ( $300M ),True,False,False,False
modernceramics.com,True,False,False,False
goftac.com/ firsttx.com First Texas Alliance Corp (FTAC),True,False,False,False
palig.com,True,False,False,False
cognizant.com,True,False,False,False
pwc.com,True,False,False,False
tibaitservices.com,True,False,False,False
mihlfeld.com,True,False,False,False
Horizon View Medical Center,True,False,False,False
comoferta.com,True,False,False,False
NIDEC CORPORATION,True,False,False,False
mercadomineiro.com.br,True,False,False,False
hudsoncivil.com.au,True,False,False,False
www.jgsummit.com.ph,True,False,False,False
Bayhealth Hospital,True,False,False,False
amplicon.com,True,False,False,False
A****N,True,False,False,False
kempe.com.au,True,False,False,False
infotexim.pe,True,False,False,False
suandco.com,True,False,False,False
Miller Boskus Lack Architects (ad.mbl-arch.com),True,False,False,False
Anderson Oil & Gas,True,False,False,False
bonatra.com,True,False,False,False
FatBoy Cellular,True,False,False,False
KLA,True,False,False,False
HUD User,True,False,False,False
msprocuradores.es,True,False,False,False
Johnson Laschober & Associates,True,False,False,False
Cambria Automobiles (summitgroup.local),True,False,False,False
Pyle Group,True,False,False,False
Reef-PCG (pcg.local),True,False,False,False
www.carri.com,True,False,False,False
www.consorzioinnova.it,True,False,False,False
goftac.com/    firsttx.com  First Texas Alliance Corp   (FTAC),True,False,False,False
biw-burger.de,True,False,False,False
www.sobha.com,True,False,False,False
Alternate Energy,True,False,False,False
True Blue Environmental,True,False,False,False
Granit Design,True,False,False,False
KinetX,True,False,False,False
Omni Family Health,True,False,False,False
IOI Corporation Berhad,True,False,False,False
Ziba Design,True,False,False,False
Casco Antiguo,True,False,False,False
Fractalia Group,True,False,False,False
Banx Systems,True,False,False,False
Silipos,True,False,False,False
kierlcpa.com,True,False,False,False
St**************.org,True,False,False,False
Square One Coating Systems,True,False,False,False
Hi-P International,True,False,False,False
Zon Beachside zonbeachside.com,True,False,False,False
HP Distribution,True,False,False,False
exco-solutions.com,True,False,False,False
Maryville Academy,True,False,False,False
Ma****ny,True,False,False,False
notariusze.waw.pl,True,False,False,False
Ranney School,True,False,False,False
hlbpr.com,True,False,False,False
nursing.com,True,False,False,False
Bettis Asphalt,True,False,False,False
fcl.crs,True,False,False,False
CPA Tax Solutions,True,False,False,False
LRN,True,False,False,False
aikenhousing.org,True,False,False,False
David E Shambach Architect,True,False,False,False
Hayes Beer Distributing,True,False,False,False
Jangho Group,True,False,False,False
Khandelwal Laboratories Pvt,True,False,False,False
www.normandydiesel.fr,True,False,False,False
www.bahia-principe.com,True,False,False,False
retaildatallc.com,True,False,False,False
WPG Holdings,True,False,False,False
National Beverage,True,False,False,False
PeoplesHR,True,False,False,False
Dometic Group,True,False,False,False
Remitano,True,False,False,False
Premier Equities,True,False,False,False
Keystone Engineering,True,False,False,False
Kemlon Products & Development Co Inc,True,False,False,False
q-cells.de,True,False,False,False
Veren Inc and Crescent Point Energy,True,False,False,False
coinbv.nl,True,False,False,False
Valley Bulk,True,False,False,False
ENEA Italy,True,False,False,False
mcdowallaffleck.com.au,True,False,False,False
effinghamschools.com,True,False,False,False
warrendale-wagyu.co.uk,True,False,False,False
Adorna & Guzman Dentistry,True,False,False,False
Camp Susque,True,False,False,False
Ali Gohar,True,False,False,False
acsi.org,True,False,False,False
County Linen UK,True,False,False,False
TNT Materials tnt-materials.com,True,False,False,False
Peñoles,True,False,False,False
dahlvalve.com,True,False,False,False
Dd*******uk,True,False,False,False
"EBL PARTNERS (construction interiors), Florida",True,False,False,False
EFRON LAW FIRM,True,False,False,False
wgma.org,True,False,False,False
biggreenegg.com,True,False,False,False
nydj.com,True,False,False,False
www.pharm-int.com,True,False,False,False
fingersstore.com,True,False,False,False
Find Great People,True,False,False,False
Carlex Glass Luxembourg S.A.,True,False,False,False
Durham Manufacturing,True,False,False,False
Kleven Construction,True,False,False,False
"Florence Cement Company, Inc.",True,False,False,False
Sable International.,True,False,False,False
BRASPRESS,True,False,False,False
www.srmedicalcenter.org,True,False,False,False
sandytownshippolice.org,True,False,False,False
atcdi.com.cn,True,False,False,False
frilot.com,True,False,False,False
pbw-india.com,True,False,False,False
agapefrance.org,True,False,False,False
ciberviaxesespecial.net,True,False,False,False
eastern-sales.com,True,False,False,False
"City of Columbus, Ohio",True,False,False,False
St. Thomas Aquinas High School,True,False,False,False
Lake Washington Institute of Technology,True,False,False,False
Network Communications Group,True,False,False,False
verwarmingheyndrickx.be,True,False,False,False
stb.ro,True,False,False,False
chubb-bulleid.co.uk,True,False,False,False
leonardssyrups.com,True,False,False,False
westernwyomingbeverages.com,True,False,False,False
demos.fr,True,False,False,False
denkaiamerica.com,True,False,False,False
Macadam Europe,True,False,False,False
Olschewski Davie,True,False,False,False
Gemicar,True,False,False,False
welevelup.com,True,False,False,False
www.chsd117.org,True,False,False,False
udch.in.th,True,False,False,False
SAGE Publishing,True,False,False,False
Al-Karam Textile Mills Pvt,True,False,False,False
delhihospital.com,True,False,False,False
qatar.vcu.edu,True,False,False,False
tursso.com,True,False,False,False
airedentalarts.com,True,False,False,False
labor-koblenz.de,True,False,False,False
Crownlea Group,True,False,False,False
The Gill Corporation,True,False,False,False
Priefert,True,False,False,False
BASF - Nunhems,True,False,False,False
Gentlemen Group GmbH,True,False,False,False
The Greenhouse People,True,False,False,False
True Blue Environmental,True,False,False,False
Ascent Group,True,False,False,False
zoppo.com,True,False,False,False
intrama-bg,True,False,False,False
hanoverhill.com,True,False,False,False
New Jersey City University,True,False,False,False
Computer Networking Solutions,True,False,False,False
ayurcan,True,False,False,False
Kalaswire.com,True,False,False,False
Community Care Alliance,True,False,False,False
www.neurologicalinstitute.com,True,False,False,False
www.whittakersystem.com,True,False,False,False
www.castelligroup.com,True,False,False,False
City of Cold Lake,True,False,False,False
pioneerworldwide.com,True,False,False,False
summervillepolice.com,True,False,False,False
blankstyle.com,True,False,False,False
Augusta Orthopedic,True,False,False,False
"Karvo Companies, Inc.",True,False,False,False
Planet Group International,True,False,False,False
LITEON,True,False,False,False
Lago Group Spa,True,False,False,False
Texas Tech University,True,False,False,False
Global Industry Analysts,True,False,False,False
Encore,True,False,False,False
Daikin,True,False,False,False
Miami Gardens Florida,True,False,False,False
Nuclep,True,False,False,False
Andersen Tax,True,False,False,False
The Physical Medicine Rehabilitation Center,True,False,False,False
Villarreal and Begum Law Firm,True,False,False,False
ach.co.th,True,False,False,False
bpjaguar.com,True,False,False,False
oficina.oficinadasfinancas.com.br,True,False,False,False
Innovalve 3TB Data Leak ( $300M ),True,False,False,False
glnf.fr,True,False,False,False
Speed Advisory,True,False,False,False
mrhme.org,True,False,False,False
The Computer Merchant,True,False,False,False
Williams Construction,True,False,False,False
Gateway Extrusions,True,False,False,False
Physical & Occupational Therapy Examiners of Texas,True,False,False,False
panitchlaw.com,True,False,False,False
cminsulation.com,True,False,False,False
baytoti.com,True,False,False,False
Gendron & Gendron,True,False,False,False
Golden Business Machines,True,False,False,False
Odyssey Fitness Center,True,False,False,False
OfficeOps,True,False,False,False
BK Aerospace,True,False,False,False
"D&K Group, Inc.",True,False,False,False
Voss Belting & Specialty,True,False,False,False
Tri-Star Display,True,False,False,False
NARSTCO,True,False,False,False
Odessa College,True,False,False,False
orbinox.com,True,False,False,False
KMLG,True,False,False,False
EHS Partnerships,True,False,False,False
Environmental Design International,True,False,False,False
Empereon Constar,True,False,False,False
Norther n Bedford County School District (nbcsc.org),True,False,False,False
Physical & Occupational Therapy Examiners ofTexas,True,False,False,False
CertiCon,True,False,False,False
SOLOMONUS.COM,True,False,False,False
Insula Group,True,False,False,False
tccfleet.com,True,False,False,False
petroassist.co.uk,True,False,False,False
e21c.co.uk,True,False,False,False
Owens Valley Career Development Center,True,False,False,False
Coffrage LD,True,False,False,False
Vivara,True,False,False,False
crimsonwinegroup.com,True,False,False,False
Stienemann,True,False,False,False
Pojoaque,True,False,False,False
Kusum Group of Companies,True,False,False,False
TheLutheranFoundation,True,False,False,False
Melchers Singapore,True,False,False,False
As****fs,True,False,False,False
Valisana,True,False,False,False
simple-solution-systems,True,False,False,False
Bunkhouse Group,True,False,False,False
Playa Vista Job Opportunities and Business Services,True,False,False,False
Accelon Technologies Private,True,False,False,False
SKC West,True,False,False,False
ORBINOX,True,False,False,False
vrd.be,True,False,False,False
Betances Health Center,True,False,False,False
BLEnergy,True,False,False,False
"Jack ""Designer"" Sparrow.",True,False,False,False
American Acryl,True,False,False,False
Electroalfa,True,False,False,False
CALDAN Conveyor,True,False,False,False
forestparkga.gov,True,False,False,False
Regas (regasenergy.com),True,False,False,False
Dimbleby Funeral Homes,True,False,False,False
John Gallin & Son,True,False,False,False
Industrial Bolsera,True,False,False,False
RhinoCorps,True,False,False,False
Congoleum,True,False,False,False
sigmacontrol.eu,True,False,False,False
siParadigm,True,False,False,False
eurovilla.hr,True,False,False,False
Notarkammer Pfalz,True,False,False,False
Win Systems,True,False,False,False
www.byzan.com,True,False,False,False
maingroup,True,False,False,False
Cedar Technologies,True,False,False,False
American Golf,True,False,False,False
Royal Brighton Yacht Club,True,False,False,False
ValeCard,True,False,False,False
H&H Group,True,False,False,False
Jariet Technologies,True,False,False,False
Globes,True,False,False,False
AA Munro Insurance,True,False,False,False
thesourcinggroup.com,True,False,False,False
LawDepot,True,False,False,False
Association Management Strategies(AAMC.local),True,False,False,False
CIMP.COM,True,False,False,False
Wichita State University Campus of Applied Sciences and Technology,True,False,False,False
memc.com,True,False,False,False
SH Pension,True,False,False,False
Guaranteed Supply Company,True,False,False,False
Sibanye-Stillwater,True,False,False,False
Acadian Ambulance,True,False,False,False
Hv*************.de,True,False,False,False
We*******.com,True,False,False,False
Ka******.com,True,False,False,False
RiverSoft,True,False,False,False
Sherbrooke Metals,True,False,False,False
Apex Global | Big leak outlooks - 2tb.,True,False,False,False
Cole Technologies Group,True,False,False,False
Family Wealth Advisors Ltd.,True,False,False,False
Mars 2 LLC,True,False,False,False
KickDown ESET company. No overpayments at 0% (renamed and update),True,False,False,False
Handala’s attack on Israeli organizations,True,False,False,False
Queens County Public Administrator,True,False,False,False
www.garudafood.com,True,False,False,False
Reward Hospitality from EFC Group,True,False,False,False
ESET. PREMIUM.,True,False,False,False
Doodle Tech,True,False,False,False
www.kumagaigumi.co.jp,True,False,False,False
Arcmed Group,True,False,False,False
Leech Lake Gaming,True,False,False,False
A*****D,True,False,False,False
concorddirect.com,True,False,False,False
townandforest.co.uk,True,False,False,False
norton.k12.ma.us,True,False,False,False
energateinc.com,True,False,False,False
plantmachineworks.com,True,False,False,False
piedmonthoist.com,True,False,False,False
gptchb.org,True,False,False,False
assih.com,True,False,False,False
wattlerange.sa.gov.au,True,False,False,False
claycountyin.gov,True,False,False,False
iteam.gr,True,False,False,False
albonanova.at,True,False,False,False
lothar-rapp.de,True,False,False,False
goldstarmetal.com,True,False,False,False
glsco.com,True,False,False,False
paysdelaloire.fr,True,False,False,False
troyareasd.org,True,False,False,False
barkingwell.gr,True,False,False,False
fbrlaw.com,True,False,False,False
customssupport.be,True,False,False,False
joliet86.org,True,False,False,False
KuiperCompagnons,True,False,False,False
www.glowfm.nl,True,False,False,False
Law Offices of the Public Defender - New Mexico,True,False,False,False
Infomedika,True,False,False,False
Next step healthcar,True,False,False,False
Northeast Rehabilitation Hospital Network,True,False,False,False
Seamon Whiteside,True,False,False,False
Santa Rosa,True,False,False,False
all-mode.com,True,False,False,False
www.erma-rtmo.it,True,False,False,False
metalfrio.com.br,True,False,False,False
www.newcastlewa.gov,True,False,False,False
pgd.pl,True,False,False,False
Modernauto,True,False,False,False
Modern Automotive Group,True,False,False,False
Gandara Center,True,False,False,False
C???o???m,True,False,False,False
Hayden Power Group,True,False,False,False
MIPS Technologies,True,False,False,False
ZSZAALEJI.cz,True,False,False,False
Eyal Baror the key official of the 8200 unit,True,False,False,False
labline.it,True,False,False,False
www.hlbpr.com,True,False,False,False
isometrix.com,True,False,False,False
A.L.P. Lighting Components,True,False,False,False
VITALDENT,True,False,False,False
BENICULTURALI.IT,True,False,False,False
MONTERO & SEGURA,True,False,False,False
crosswear.co.uk,True,False,False,False
sacities.net,True,False,False,False
zb.co.zw,True,False,False,False
"The Law Office of Omar O. Vargas, P.C.",True,False,False,False
STUDIO NOTARILE BUCCI – OLMI,True,False,False,False
GroupePRO-B,True,False,False,False
Greenheck,True,False,False,False
CBIZ Inc,True,False,False,False
Hewlett Packard Enterprise,True,False,False,False
BCS Systems,True,False,False,False
Guhring,True,False,False,False
Odfjell Drilling,True,False,False,False
Golan Christie Taglia,True,False,False,False
First Commonwealth Federal Credit Union,True,False,False,False
Geelong Lutheran College,True,False,False,False
Asbury Theological Seminary,True,False,False,False
Djg Projects,True,False,False,False
Verweij Elektrotechniek,True,False,False,False
Alvin Independent School District,True,False,False,False
West Allis-West Milwaukee School District,True,False,False,False
German University of Technology in Oman,True,False,False,False
ceopag.com.br / ceofood.com.br,True,False,False,False
[temporary] Warning for Eyal Baror,True,False,False,False
www.benchinternational.com,True,False,False,False
www.cameronhodges.com,True,False,False,False
Braum's Inc,True,False,False,False
Lantronix Inc.,True,False,False,False
HOYA Corporation,True,False,False,False
Mainland Machinery,True,False,False,False
SBRPCA,True,False,False,False
verco.co.uk,True,False,False,False
Nuevatel,True,False,False,False
Innovalve Bio Medical,True,False,False,False
www.baiminstitute.org,True,False,False,False
integraservices,True,False,False,False
XENAPP-GLOBER,True,False,False,False
Gramercy Surgery Center,True,False,False,False
posiplus.com,True,False,False,False
hpecds.com,True,False,False,False
Amino Transport,True,False,False,False
"Goede, DeBoest & Cross, PLLC.",True,False,False,False
Sheba Medical Center,True,False,False,False
usdermpartners.com,True,False,False,False
atos.com,True,False,False,False
Gibbs Hurley Chartered Accountants,True,False,False,False
ComNet Communications,True,False,False,False
MS Ultrasonic Technology Group,True,False,False,False
RZO,True,False,False,False
thompsoncreek.com_wa,True,False,False,False
northernsafety.com_wa,True,False,False,False
upcli.com,True,False,False,False
Vi*********.dk,True,False,False,False
greenlightbiosciences.com,True,False,False,False
valleylandtitleco.com - UPD,True,False,False,False
luzan5.com,True,False,False,False
BrownWinick,True,False,False,False
Texas Alcohol & Drug Testing Service,True,False,False,False
a-g.com - data publication 38gb (150K),True,False,False,False
gbhs.org Publication 51gb,True,False,False,False
eni.com&mellitahog.ly,True,False,False,False
Kenya Urban Roads Authority,True,False,False,False
Carigali Hess Operating Company,True,False,False,False
gbhs.org 07/12 Publication 51gb,True,False,False,False
The Coffee Bean & Tea Leaf,True,False,False,False
State of Alabama - Alabama Department Of Education,True,False,False,False
erne,True,False,False,False
ARISTA,True,False,False,False
Preferred IT Group,True,False,False,False
Wagner-Meinert,True,False,False,False
painproclinics.com,True,False,False,False
www.zepter.de,True,False,False,False
www.riteaid.com,True,False,False,False
GED Lawyers,True,False,False,False
UMBRELLA PROPERTIES,True,False,False,False
UMAPS,True,False,False,False
fidelia-consulting.com,True,False,False,False
olympusgrp.com,True,False,False,False
www.donaanita.com,True,False,False,False
perfeitaplastica.com.br,True,False,False,False
www.respirarlondrina.com.br,True,False,False,False
Hyperice,True,False,False,False
diligentusa.com,True,False,False,False
Image Microsystems,True,False,False,False
www.lynchaluminum.com,True,False,False,False
www.eurostrand.de,True,False,False,False
www.netavent.dk,True,False,False,False
Financoop,True,False,False,False
Sigma,True,False,False,False
Sonol ( Gas Stations ),True,False,False,False
www.bfcsolutions.com,True,False,False,False
Texas Electric Cooperatives,True,False,False,False
The 21st Century Energy Group,True,False,False,False
T P C I,True,False,False,False
City of Cedar Falls,True,False,False,False
P448,True,False,False,False
Beowulfchain,True,False,False,False
Qinao,True,False,False,False
Athlon,True,False,False,False
Usina Alta Mogiana S/A,True,False,False,False
Ronglian Group,True,False,False,False
O***M,True,False,False,False
Inland Audio Visual,True,False,False,False
Indika Energy,True,False,False,False
Excelsior Orthopaedics,True,False,False,False
Heidmar,True,False,False,False
REPLIGEN,True,False,False,False
HITC.VN,True,False,False,False
Raffmetal Spa,True,False,False,False
Allied Industrial Group,True,False,False,False
Esedra,True,False,False,False
Federated Co-operatives,True,False,False,False
Guhring USA,True,False,False,False
noab.nl,True,False,False,False
Strauss Brands,True,False,False,False
Harry Perkins Institute of medical research,True,False,False,False
Viasat,True,False,False,False
Olympus Group,True,False,False,False
MYC Media,True,False,False,False
a-g.com 7/10/24 - data publication 38gb (150K),True,False,False,False
baiminstitute.org,True,False,False,False
The Wacks Law Group,True,False,False,False
pomalca.com.pe,True,False,False,False
Center for Human Capital Innovation (centerforhci.org),True,False,False,False
waupacacounty-wi.gov,True,False,False,False
waupaca.wi.us,True,False,False,False
ws-stahl.eu,True,False,False,False
homelandvinyl.com,True,False,False,False
eicher.in,True,False,False,False
National Health Laboratory Services,True,False,False,False
Un Museau,True,False,False,False
Lexibar,True,False,False,False
Haylem,True,False,False,False
Elyria Foundry,True,False,False,False
Texas Recycling,True,False,False,False
INDA's,True,False,False,False
Innerspec Technologies,True,False,False,False
Prairie Athletic Club,True,False,False,False
Fareri Associates,True,False,False,False
Island Transportation Corp.,True,False,False,False
"Legend Properties, Inc.",True,False,False,False
Transit Mutual Insurance Corporation,True,False,False,False
hcri.edu,True,False,False,False
Creative Realities,True,False,False,False
Сoquitlam Concrete,True,False,False,False
Multisuns Communication,True,False,False,False
gerard-perrier.com,True,False,False,False
Abileneisd.org,True,False,False,False
Dun*****************uk,True,False,False,False
sequelglobal.com,True,False,False,False
Explomin,True,False,False,False
Alimac,True,False,False,False
midamea.comAuction,True,False,False,False
badel1862.hr,True,False,False,False
ramservices.com,True,False,False,False
aedifica.com,True,False,False,False
foremedia.net,True,False,False,False
www.swcs-inc.com,True,False,False,False
valleylandtitleco.com,True,False,False,False
F*****H,True,False,False,False
K*****S,True,False,False,False
merrymanhouse.org,True,False,False,False
fairfieldmemorial.org,True,False,False,False
www.daesangamerica.com,True,False,False,False
www.finecopneumatica.com,True,False,False,False
www.hauptmann.at,True,False,False,False
P1 Technologies,True,False,False,False
Conexus Medstaff,True,False,False,False
Salton,True,False,False,False
www.sfmedical.de,True,False,False,False
WheelerShip,True,False,False,False
Grand Rapids Gravel,True,False,False,False
Franciscan Friars of the Atonement,True,False,False,False
Elite Fitness,True,False,False,False
Gray & Adams,True,False,False,False
Vermont Panurgy,True,False,False,False
floridahealth.gov,True,False,False,False
www.nttdata.ro,True,False,False,False
Super Gardens,True,False,False,False
Hampden Veterinary Hospital,True,False,False,False
Indonesia Terkoneksi,True,False,False,False
SYNERGY PEANUT,True,False,False,False
Ethypharm,True,False,False,False
latinusa.co.id,True,False,False,False
kbc-zagreb.hr,True,False,False,False
maxcess-logistics.com,True,False,False,False
Independent Education System,True,False,False,False
Bartlett & Weigle Co. LPA.,True,False,False,False
Wayne Memorial Hospital,True,False,False,False
P********.pl,True,False,False,False
Unit*****************.com,True,False,False,False
a4hs-dom.local,True,False,False,False
lambertz.de,True,False,False,False
life.vet.br,True,False,False,False
pandacare.ae,True,False,False,False
DRM Resources,True,False,False,False
Clima Lodi,True,False,False,False
DatAnalítica,True,False,False,False
Freightliner of Grand Rapids & Kalamazoo,True,False,False,False
Puyallup Tribe (ptoi.local),True,False,False,False
City Of Coon Rapids,True,False,False,False
Cambridge University Press & Assessment,True,False,False,False
Spandex.com,True,False,False,False
midamea.com,True,False,False,False
ASI,True,False,False,False
Power Lube Industrial,True,False,False,False
Wilmots (Legal services),True,False,False,False
Francesco Parisi,True,False,False,False
Gestores Administrativos Reunidos,True,False,False,False
GBA GROUP,True,False,False,False
equinocioplay.com.br,True,False,False,False
www.cipl.org.in,True,False,False,False
buyeazzy.com,True,False,False,False
promarkbrands.com,True,False,False,False
landmarklife.com,True,False,False,False
conferenceusa.com,True,False,False,False
www.mangimifusco.it,True,False,False,False
www.cloudeurope.it,True,False,False,False
coca-cola.com - Myanmar office,True,False,False,False
daniellegroup.com,True,False,False,False
H*******Y,True,False,False,False
Ocasa,True,False,False,False
Gallos Metal Solutions,True,False,False,False
KADOKAWA Corporation,True,False,False,False
GED Lawyers – Sells Open,True,False,False,False
Total Revisjon DA,True,False,False,False
Ontario West and Bill Blaney Insurance Brokers,True,False,False,False
North Coast Petroleum,True,False,False,False
Longviewbridge.com,True,False,False,False
Ruland-viersen.de,True,False,False,False
Waterbury Newton,True,False,False,False
YKS,True,False,False,False
US Dermatology Partners,True,False,False,False
Better Business Bureau,True,False,False,False
PCI Developments,True,False,False,False
Beckett Thermal Solutions,True,False,False,False
Utility Datacenter,True,False,False,False
competenz.co.nz,True,False,False,False
decreditos.com,True,False,False,False
Planar,True,False,False,False
peregrinegp.com (178gb + private SQL_DB 24gb),True,False,False,False
rbbschools.net,True,False,False,False
axiavg.com,True,False,False,False
catiglass.com,True,False,False,False
ibewlocal1.org,True,False,False,False
doityoungs.com,True,False,False,False
keeservices.com,True,False,False,False
theeyeclinicsurgicenter.com,True,False,False,False
sanglier.org.uk,True,False,False,False
arangobillboard.com,True,False,False,False
keybenefit.com,True,False,False,False
scrubsandbeyond.com,True,False,False,False
tpocc.org,True,False,False,False
middletown-township.org,True,False,False,False
www.harrisranchbeef.com,True,False,False,False
www.concisa.eng.br,True,False,False,False
hydmech.com,True,False,False,False
westfalia-automotive.com,True,False,False,False
Agron (Five Ten) Adidas TERREX,True,False,False,False
multi-wing.com,True,False,False,False
bitzsoftwares.com.br,True,False,False,False
www.sicoob.com.br,True,False,False,False
Compagnia Trasporti Integrati S.R.L,True,False,False,False
VTWin.ca,True,False,False,False
hiawathahomes.org,True,False,False,False
Revolution Resources,True,False,False,False
TPI,True,False,False,False
Harvey Construction,True,False,False,False
Belle Tire,True,False,False,False
Hedrick Brothers Construction,True,False,False,False
World inquest,True,False,False,False
Bunger Steel,True,False,False,False
RRCA Accounts Management,True,False,False,False
ProMotion Holdings,True,False,False,False
Custom Concrete,True,False,False,False
federalreserve.gov,True,False,False,False
Ladco,True,False,False,False
millimages.com,True,False,False,False
www.glynmarais.co.za,True,False,False,False
hundhausen.de,True,False,False,False
fbttransport.com,True,False,False,False
daystar.com,True,False,False,False
qftemb.com,True,False,False,False
deskcenter.com,True,False,False,False
Tri-City College Prep High School,True,False,False,False
"Fitzgerald, DePietro & Wojnas CPAs, P.C.",True,False,False,False
AJE ,True,False,False,False
Zerto Security,True,False,False,False
CIFSOLUTIONS.COM,True,False,False,False
marvell.com,True,False,False,False
at-global.com,True,False,False,False
City of Newburgh,True,False,False,False
Cityofnewburgh-ny.gov,True,False,False,False
Erivan Gecom Inc,True,False,False,False
"CBIZ, Inc",True,False,False,False
Greenheck Fan,True,False,False,False
D*****S,True,False,False,False
Rotor Team,True,False,False,False
Heli Securite,True,False,False,False
BLADE,True,False,False,False
Maryhaven (MHCLINICAL.LOCAL),True,False,False,False
Ashtons Legal LLP,True,False,False,False
Longview Oral & Maxillofacial Surgery,True,False,False,False
MEL aviation Ltd,True,False,False,False
prinsotel.com,True,False,False,False
oexpress.id,True,False,False,False
LCS and Partners,True,False,False,False
Topserve Service Solutions,True,False,False,False
TC Capital Asia Limited,True,False,False,False
Wise Construction,True,False,False,False
"Taiyo Kogyo Co., Ltd.",True,False,False,False
"Hokushinko Co., Ltd.",True,False,False,False
www.gbricambi.it [UPDATE],True,False,False,False
www.clevo.com.twDisclose,True,False,False,False
Sacred Heart Community Service (shcstheheart.org),True,False,False,False
Gorrie-Regan,True,False,False,False
Exhaustpro shops,True,False,False,False
BankSelfStorage,True,False,False,False
GED Lawyers & ..,True,False,False,False
Gokals Consumer Electronics & Computers Retail · Fiji,True,False,False,False
Basement Systems,True,False,False,False
ASST Rhodense,True,False,False,False
Maintel,True,False,False,False
Access Group,True,False,False,False
SAWA INTERNATIONAL,True,False,False,False
Ojai srl,True,False,False,False
www.invisio.com,True,False,False,False
Behavioral Health Response (bhr.local),True,False,False,False
Encinajpa,True,False,False,False
Synnovis,True,False,False,False
suminoe.us,True,False,False,False
Lindermayr,True,False,False,False
Perfumes & Companhia,True,False,False,False
First Baptist Medical Center,True,False,False,False
DERBY SCHOOL,True,False,False,False
Circle K Atlanta,True,False,False,False
kinslerfamilydentistry,True,False,False,False
sofidel.com,True,False,False,False
sky-light.com,True,False,False,False
reawire.com,True,False,False,False
malca-amit.com,True,False,False,False
www.gbricambi.it,True,False,False,False
Seoyon E-Hwa,True,False,False,False
GIANNI CUCUINI,True,False,False,False
OCEANAIR,True,False,False,False
The Kansas City Kansas Police Department,True,False,False,False
northcottage.com,True,False,False,False
A-Line Staffing Solutions,True,False,False,False
www.racalacoustics.com [UPDATE],True,False,False,False
www.liderit.es,True,False,False,False
St Vincent de Paul Catholic School,True,False,False,False
Sensory Spectrum,True,False,False,False
Acteon Group,True,False,False,False
pkaufmann.com,True,False,False,False
modplan.co.uk,True,False,False,False
wielton.com.pl,True,False,False,False
grupoamper.com,True,False,False,False
"TETRA Technologies, Inc.",True,False,False,False
parlorenzo.com,True,False,False,False
www.domainatcleveland.com,True,False,False,False
Virum Apotek,True,False,False,False
SolidCAM 2024 SP0,True,False,False,False
Next Step Healthcare,True,False,False,False
cosimti.com,True,False,False,False
fifcousa.com,True,False,False,False
mgfsourcing.com,True,False,False,False
journohq.com,True,False,False,False
colfax.k12.wi.us,True,False,False,False
Production Machine & Enterprises,True,False,False,False
CETOS Services,True,False,False,False
Kiemle-Hankins,True,False,False,False
Legrand CRM,True,False,False,False
MRI,True,False,False,False
Ma’agan Michael Kibbutz,True,False,False,False
Oahu Transit Services,True,False,False,False
"Sun City Pediatrics PA (USA, TX)",True,False,False,False
"InVogue Women Healthcare, PLLC (USA,TX)",True,False,False,False
"Lee Trevino Dental (USA,TX)",True,False,False,False
Peregrine Petroleum,True,False,False,False
Mountjoy,True,False,False,False
svmasonry.com,True,False,False,False
MBE CPA,True,False,False,False
EnviroApplications,True,False,False,False
www.gannons.co.uk,True,False,False,False
New Balance Commodities,True,False,False,False
Victoria Racing Club,True,False,False,False
Mundocar.eu,True,False,False,False
ab*******.org,True,False,False,False
"Cukierski & Associates, LLC",True,False,False,False
Diogenet S.r.l.,True,False,False,False
2K Dental,True,False,False,False
Dordt University,True,False,False,False
Borrer Executive Search,True,False,False,False
www.bigalsfoodservice.co.uk,True,False,False,False
www.racalacoustics.com,True,False,False,False
Kito Canada,True,False,False,False
"Bock & Associates, LLP",True,False,False,False
Walder Wyss and Partners,True,False,False,False
Celluphone,True,False,False,False
Me Too Shoes,True,False,False,False
Ab Monsteras Metall,True,False,False,False
Amarilla Gas,True,False,False,False
Aldenhoven,True,False,False,False
ANTECH-GUTLING Gruppe,True,False,False,False
Refcio & Associates,True,False,False,False
City Builders,True,False,False,False
Eurotrol B.V.,True,False,False,False
Seagulf Marine Industries,True,False,False,False
Western Mechanical,True,False,False,False
Trisun Land Services,True,False,False,False
GEMCO Constructors ,True,False,False,False
Dynamo Electric ,True,False,False,False
Farnell Packaging,True,False,False,False
hydefuel.com,True,False,False,False
Diverse Technology Industrial,True,False,False,False
Air Cleaning Specialists,True,False,False,False
Corbin Turf & Ornamental Supply,True,False,False,False
Kinter,True,False,False,False
Goodman Reichwald-Dodge,True,False,False,False
3GL Technology Solutions,True,False,False,False
Brainworks Software,True,False,False,False
Eagle Materials,True,False,False,False
Great Lakes International Trading,True,False,False,False
Smartweb,True,False,False,False
Peterbilt of Atlanta,True,False,False,False
Chroma Color,True,False,False,False
Shinnick & Ryan,True,False,False,False
ZeepLive,True,False,False,False
belcherpharma.com,True,False,False,False
www.clevo.com.tw<UPDATED>,True,False,False,False
Concrete,True,False,False,False
IPM Group (Multimedia Information & Production Company),True,False,False,False
manncorp.com,True,False,False,False
sgvfr.com,True,False,False,False
CBSTRAINING,True,False,False,False
Kutes.com,True,False,False,False
www.novabitsrl.it,True,False,False,False
smicusa.com,True,False,False,False
www.ham.org.br,True,False,False,False
NJORALSURGERY.COM,True,False,False,False
SolidCAM LEAK,True,False,False,False
Zuber Gardner CPAs pt.2,True,False,False,False
Seafrigo,True,False,False,False
Special Health Resources,True,False,False,False
WinFashion ERP,True,False,False,False
apex.uk.net,True,False,False,False
AlphaNovaCapital,True,False,False,False
AMI Global Assistance,True,False,False,False
filmetrics corporation,True,False,False,False
CentralSecurities.com,True,False,False,False
"Embotits Espina, SLU",True,False,False,False
a-agroup,True,False,False,False
Harper Industries,True,False,False,False
nordspace.lt,True,False,False,False
www.ugrocapital.com,True,False,False,False
Arge Baustahl,True,False,False,False
transportlaberge.com,True,False,False,False
sanyo-shokai.co.jp,True,False,False,False
wave2.co.kr,True,False,False,False
jmthompson.com,True,False,False,False
ctsystem.com,True,False,False,False
ctgbrands.com,True,False,False,False
SolidCAM,True,False,False,False
Rockford Public School District,True,False,False,False
CONTROLNET,True,False,False,False
EvoEvents,True,False,False,False
Barrett Eye Care,True,False,False,False
Parrish-McCall Constructors,True,False,False,False
California Rice Exchange,True,False,False,False
Above All Store Fronts,True,False,False,False
PFAM,True,False,False,False
Logimodal Operações Logísticas,True,False,False,False
Allied Toyota Lift,True,False,False,False
Hoppecke,True,False,False,False
Elite Limousine Plus Inc,True,False,False,False
ccmaui.org,True,False,False,False
talalayglobal.com,True,False,False,False
akdenizchemson.com,True,False,False,False
Reinhold Sign Service,True,False,False,False
lo***********.com,True,False,False,False
Axip Energy Services,True,False,False,False
aloft,True,False,False,False
RAVEN Mechanical,True,False,False,False
dmedelivers.com,True,False,False,False
fpr-us.com,True,False,False,False
TBMCG.com,True,False,False,False
www.vet.k-state.edu,True,False,False,False
www.uccretrievals.com,True,False,False,False
robson.com,True,False,False,False
elutia.com,True,False,False,False
ssiworld.com,True,False,False,False
driver-group.com,True,False,False,False
HTE Technologies,True,False,False,False
goughhomes.com,True,False,False,False
Baker Triangle,True,False,False,False
www.tankerska.hr,True,False,False,False
cityofpensacola.com,True,False,False,False
thunderbirdcc.org,True,False,False,False
www.itasnatta.edu.it,True,False,False,False
panzersolutions.com,True,False,False,False
lindostar.it,True,False,False,False
burotec.biz,True,False,False,False
celplan.com,True,False,False,False
adamshomes.com,True,False,False,False
dynasafe.com,True,False,False,False
Panasonic Australia,True,False,False,False
Health People,True,False,False,False
IPPBX ,True,False,False,False
Market Pioneer International Corp,True,False,False,False
Mercy Drive Inc,True,False,False,False
Radiosurgery New York ,True,False,False,False
Inside Broadway,True,False,False,False
Oracle Advisory Services ,True,False,False,False
Women's Sports Foundation,True,False,False,False
www.crezit.com,True,False,False,False
"""Moshe Kahn Advocates""",True,False,False,False
craigsteven.com,True,False,False,False
Elfi-Tech,True,False,False,False
Davis & Young,True,False,False,False
Dubai Municipality,True,False,False,False
E-T-A,True,False,False,False
www.ykp.com.br,True,False,False,False
www.al-shefafarm.ro,True,False,False,False
www.headwaterco.com,True,False,False,False
www.shootinghouse.com.br,True,False,False,False
www.merchant.id,True,False,False,False
www.spmundi.com.br,True,False,False,False
www.siea.sk,True,False,False,False
www.dvttechnologyltd.com,True,False,False,False
www.rekamy.com,True,False,False,False
www.go4kora.tv,True,False,False,False
www.scadea.com,True,False,False,False
www.computan.com,True,False,False,False
www.kovra.com.my,True,False,False,False
www.lapastina.com,True,False,False,False
www.industrialdealimentos.com,True,False,False,False
www.wisd.net,True,False,False,False
www.pgesco.com,True,False,False,False
www.avantit.no,True,False,False,False
www.constelacion.com.sv,True,False,False,False
www.agenciahost.com,True,False,False,False
www.aretusamilano.it,True,False,False,False
www.betteraccountingsolutions.com,True,False,False,False
www.hcisystems.net,True,False,False,False
www.nrshealthcare.com,True,False,False,False
www.farmaciaflorio.com,True,False,False,False
www.skywaycoach.ca,True,False,False,False
www.cyncsolutions.com,True,False,False,False
www.robesoncoso.org,True,False,False,False
www.eebpsa.com.co,True,False,False,False
www.grupocuevas.es,True,False,False,False
www.fabricainfo.com,True,False,False,False
nepa.gov.af&dfr.gov.af,True,False,False,False
www.harmanrealtors.com,True,False,False,False
www.europeanprof.es,True,False,False,False
www.designintoto.com.au,True,False,False,False
www.precisiontimesystems.com,True,False,False,False
www.jutebag.co.uk,True,False,False,False
www.polaris.es,True,False,False,False
www.extraco.ae,True,False,False,False
www.thaayakam.co.uk,True,False,False,False
www.kamojou.co.za,True,False,False,False
www.portosaofrancisco.com.br,True,False,False,False
www.lalengineering.com,True,False,False,False
iseta.fr,True,False,False,False
www.confins.com.br,True,False,False,False
www.eucatex.com.br,True,False,False,False
www.rockymountainsales.com,True,False,False,False
www.neodesha.org,True,False,False,False
www.oriux.com,True,False,False,False
www.chuoss.co.jp,True,False,False,False
www.houstonwastesolutions.com,True,False,False,False
www.mataderodegijon.es,True,False,False,False
www.brittanyhorne.com,True,False,False,False
www.throttleup.io,True,False,False,False
www.acslabtest.com,True,False,False,False
www.christies.com,True,False,False,False
www.psgbdvor.rs,True,False,False,False
www.bjurholm.se,True,False,False,False
SIAED.it,True,False,False,False
Frontier.com,True,False,False,False
www.clevo.com.tw,True,False,False,False
Premium Broking House,True,False,False,False
Vimer Industrie Grafiche Italiane,True,False,False,False
Voorhees Family Office Services,True,False,False,False
Mahindra Racing,True,False,False,False
naprodgroup.com,True,False,False,False
Madata Data Collection & Internet Portals,True,False,False,False
Río Negro,True,False,False,False
Langescheid GbR,True,False,False,False
Franja IT Integradores de Tecnología,True,False,False,False
Duque Saldarriaga,True,False,False,False
BHMAC,True,False,False,False
Botselo,True,False,False,False
Immediate Transport – UK,True,False,False,False
cfymca.org,True,False,False,False
Northern Minerals Limited,True,False,False,False
ISETO CORPORATION,True,False,False,False
Nidec Motor Corporation,True,False,False,False
Anderson Mikos Architects,True,False,False,False
My City application,True,False,False,False
www.eastshoresound.com,True,False,False,False
smithandcaugheys.co.nz,True,False,False,False
Frontier ,True,False,False,False
powertestdyno.com,True,False,False,False
St. Helena,True,False,False,False
dollmar.com,True,False,False,False
familyguardian.com,True,False,False,False
espackeuro.com,True,False,False,False
TriLiteral,True,False,False,False
New Hampshire PublicRadio,True,False,False,False
biremote.net,True,False,False,False
keytronic.com,True,False,False,False
Sems and Specials ,True,False,False,False
aytosanlorenzo.es,True,False,False,False
www.indigoent.ca,True,False,False,False
strikeusa.com,True,False,False,False
Rob's Whole Health Pharmacy,True,False,False,False
Faultless Brands,True,False,False,False
DreamWall,True,False,False,False
Excel Security Corp.,True,False,False,False
UNICRED.COM.AR,True,False,False,False
Wichita County Mounted Patrol,True,False,False,False
Brownell Boat Stands & Equipment Company,True,False,False,False
MagicLand,True,False,False,False
Elmhurst Group,True,False,False,False
WALSER AUTOMOTIVE GROUP,True,False,False,False
FPL Food,True,False,False,False
Ntv,True,False,False,False
Credit Central,True,False,False,False
heras.co.uk,True,False,False,False
Western Dovetail,True,False,False,False
I.L.A. Local 1964,True,False,False,False
mcmtelecom.com,True,False,False,False
Aircod.com,True,False,False,False
Bjurholms kommun,True,False,False,False
pedsurology.com,True,False,False,False
theblakefirm.com,True,False,False,False
ueg1.com,True,False,False,False
allenblastingandcoating.com,True,False,False,False
semilab.com,True,False,False,False
fightingforfairness.com,True,False,False,False
oconnellmahon.ie,True,False,False,False
ekiconsult.com,True,False,False,False
iiexperts.com,True,False,False,False
neosmteam.com,True,False,False,False
glenwoodnyc.com,True,False,False,False
s-f-concrete.com,True,False,False,False
college-park.com,True,False,False,False
This entry has been removed following a request from the company.,True,False,False,False
Arrabawn Co-op,True,False,False,False
Avelina,True,False,False,False
Brett Slater Solicitors,True,False,False,False
OTR,True,False,False,False
PSG BANATSKI DVOR D.O.O. NOVI SAD (SERBIA),True,False,False,False
American Clinical Solutions(acslabtest.com)auctioning,True,False,False,False
SIAED.it - HOSTER/DEV FOR ITALY BIGGEST BANKS,True,False,False,False
Christies Auction House - christies.com,True,False,False,False
S L B TRANSIT INC,True,False,False,False
Information Technology,True,False,False,False
Natsume Tax Accountant Corporation,True,False,False,False
The Kelly Group,True,False,False,False
Osaka Motorcycle Business Cooperative,True,False,False,False
Matusima,True,False,False,False
Shirasaki,True,False,False,False
Architecture LEJEUNE GIOVANELLI,True,False,False,False
Hytera US Inc,True,False,False,False
alliedtelesis.com,True,False,False,False
Datanet,True,False,False,False
CNPC Sport,True,False,False,False
Esc Pau Etudes-Conseils,True,False,False,False
Aéroport de Pau,True,False,False,False
Israel Textile,True,False,False,False
Israel Massad Quality,True,False,False,False
Israel largest cyber security college,True,False,False,False
Israel 99 Digital!,True,False,False,False
Israel Radars!,True,False,False,False
Kashin Distillery,True,False,False,False
High Group,True,False,False,False
Amigour Company,True,False,False,False
Harmony Pharm,True,False,False,False
Ramat Gan Academic College,True,False,False,False
National Publisher Services LLC,True,False,False,False
Payne & Jones,True,False,False,False
"Wind Composite Services Group, LLC",True,False,False,False
Assist Informatica,True,False,False,False
multigroup.info,True,False,False,False
pressurejet.com,True,False,False,False
mgops.sedziszow-mlp.pl,True,False,False,False
kharafiglobal.com,True,False,False,False
sunpetro.com,True,False,False,False
cafesnovell.com,True,False,False,False
highwaystrust.com,True,False,False,False
sysroad.com,True,False,False,False
longviewoms.com,True,False,False,False
Access Sports Medicine & Orthopaedics,True,False,False,False
Crandall ISD (CISD.crandallisd.org),True,False,False,False
Pediatric Urology Associates,True,False,False,False
S&F Concrete Contractors,True,False,False,False
$150.00 ,True,False,False,False
bnsgroup.co.uk,True,False,False,False
Ipsotek LTD,True,False,False,False
Vannguard Utility Partners,True,False,False,False
workscapes.com,True,False,False,False
EMPIRECOMFORT.COM,True,False,False,False
kns.com,True,False,False,False
Audubon Nature Institute (auduboninstitute.org),True,False,False,False
colfax.k12.wi.us - $150.000,True,False,False,False
Sichuan Dowell Science and Technology Company Inc,True,False,False,False
hiawathahomes,True,False,False,False
valleylandtitleco.com,True,False,False,False
umbrellaproperties.com PART2,True,False,False,False
brightwayconsultants.co.uk,True,False,False,False
Nutec Group,True,False,False,False
United Urology Group,True,False,False,False
Hands TheFamilyHelpNetwork.ca,True,False,False,False
iseta.fr (institut des Sciences de l'Environnement et des Territoires d'Annecy),True,False,False,False
ICC,True,False,False,False
Royal Star & Garter,True,False,False,False
Advance Press,True,False,False,False
Newman Ferrara,True,False,False,False
IZOMAT Praha,True,False,False,False
GRANVILLE FOOD CARE LIMITED,True,False,False,False
J & N Stone,True,False,False,False
Cressex Community School,True,False,False,False
Hedbergs,True,False,False,False
Richland City Hall,True,False,False,False
Midwest Covenant Home,True,False,False,False
First Nations Health Authority (fnha.local),True,False,False,False
Golden Acre,True,False,False,False
Ryder Scott Co.,True,False,False,False
Tri-state General Contractors,True,False,False,False
Starostwo Powiatowe w Świebodzinie,True,False,False,False
Aspire Tax,True,False,False,False
The Louis G Freeman,True,False,False,False
Experis Technology Group,True,False,False,False
Anchorage Daily News,True,False,False,False
RDI-USA,True,False,False,False
Ardenbrook,True,False,False,False
Visa Lighting,True,False,False,False
Semicore Equipment,True,False,False,False
Levin Porter Associates,True,False,False,False
Critchfield & Johnston,True,False,False,False
shamrocktradingcorp.com,True,False,False,False
londondrugs.com,True,False,False,False
schmittyandsons.com,True,False,False,False
ThrottleUp ,True,False,False,False
ramfoam.com,True,False,False,False
ALO diamonds,True,False,False,False
Brittany Horne ,True,False,False,False
William S. Hein & Co.,True,False,False,False
Aztec Services Group,True,False,False,False
International Modern Hospital,True,False,False,False
Heras ,True,False,False,False
Rul**********.de,True,False,False,False
levian.com,True,False,False,False
lactanet.ca,True,False,False,False
mfgroup.it,True,False,False,False
grupocadarso.com,True,False,False,False
atlasoil.com,True,False,False,False
trugreen.com,True,False,False,False
Matadero de Gijón - Biogas energy plant - mataderodegijon.es,True,False,False,False
American Clinical Solutions(acslabtest.com),True,False,False,False
ORIUX: Experts in Mobility ,True,False,False,False
Jess-link Products,True,False,False,False
MAH Machine,True,False,False,False
Marigin,True,False,False,False
GE Aerospace,True,False,False,False
Crooker,True,False,False,False
Embellir,True,False,False,False
LEMKEN,True,False,False,False
Berge Bulk,True,False,False,False
California Highway Patrol (SVEL237.org),True,False,False,False
qualityplumbingassociates.com,True,False,False,False
Regional Obstetrical Consultants,True,False,False,False
Delano Adult School (DJUHSD.ORG),True,False,False,False
Specialty Market Managers,True,False,False,False
Sterling Transportation Services (sts.local),True,False,False,False
Continuing Healthcare Solutions (chs.local),True,False,False,False
schuettemetals.com,True,False,False,False
allied-mechanical-services-inc,True,False,False,False
Patriot Machine,True,False,False,False
carcajou.fr,True,False,False,False
equinoxinc.org,True,False,False,False
unisi.it,True,False,False,False
Widdop & Co.,True,False,False,False
Colégio Nova Dimensão,True,False,False,False
catiglass.com $100.000,True,False,False,False
Bluebonnet Nutrition,True,False,False,False
Center for Digestive Health,True,False,False,False
drmsusa.com,True,False,False,False
WEICON,True,False,False,False
County Connection,True,False,False,False
Elm Grove,True,False,False,False
Comwave ,True,False,False,False
Mesopolys,True,False,False,False
Pittsburgh’s Trusted Orthopaedic Surgeons,True,False,False,False
Sullairargentina.com,True,False,False,False
www.belcherpharma.com,True,False,False,False
orga-soft.de,True,False,False,False
Houston Waste Solutions ,True,False,False,False
"Shyang Shin Bao Ind. Co., Ltd. (hereinafter referred to as ''SSB'')",True,False,False,False
Vision Mechanical,True,False,False,False
Gantan Beauty Industry,True,False,False,False
ABS-CBN Broadcasting,True,False,False,False
Isaacs Odinocki,True,False,False,False
aharvey.nf.ca,True,False,False,False
PRIMARYSYS.COM,True,False,False,False
Formosa Plastics USA,True,False,False,False
Dean Lumber & Supply,True,False,False,False
WindCom,True,False,False,False
For sale. Contact through admin. $100.000,True,False,False,False
agranibank.org,True,False,False,False
laxmicapital.com.np,True,False,False,False
pricemodern.com,True,False,False,False
OKUANT - okuant.com,True,False,False,False
valleyjoist.com,True,False,False,False
fulcrum.pro,True,False,False,False
Insurance Agency Marketing Services,True,False,False,False
Neovia,True,False,False,False
Baeckerei-raddatz.de,True,False,False,False
Colonial Surety Company ,True,False,False,False
kauffmanschool.org,True,False,False,False
ema-eda.com,True,False,False,False
twpunionschools.org,True,False,False,False
"Chuo System Service Co.,Ltd ",True,False,False,False
East Shore Sound,True,False,False,False
thermalsolutionsllc.com,True,False,False,False
escriba.com.br,True,False,False,False
RIO TECHNOLOGY,True,False,False,False
Egyptian Sudanese,True,False,False,False
Consulting Radiologists,True,False,False,False
FIAB SpA,True,False,False,False
project sold,True,False,False,False
Malone,True,False,False,False
Hardings Transport,True,False,False,False
Connelly Security Systems,True,False,False,False
Motor Munich,True,False,False,False
epsd.org,True,False,False,False
district70.org,True,False,False,False
keuka.edu,True,False,False,False
allcare-med.com,True,False,False,False
Coplosa,True,False,False,False
Surrey Place Healthcare & Rehabilitation,True,False,False,False
daubertchemical.com,True,False,False,False
BRAZIL GOV,True,False,False,False
Braz Assessoria Contábil,True,False,False,False
Thibabem Atacadista,True,False,False,False
FILSCAP,True,False,False,False
Cusat,True,False,False,False
Frigrífico Boa Carne,True,False,False,False
GOLD RH S.A.S,True,False,False,False
Grupo SASMET,True,False,False,False
City of Neodesha,True,False,False,False
gravetye-manor,True,False,False,False
Wealth Depot LLC,True,False,False,False
morrisgroupint.com,True,False,False,False
pierfoundry.com,True,False,False,False
Fiskars Group,True,False,False,False
Bruno generators (Italian manufacturing),True,False,False,False
"GMJ & Co, Chartered Accountants",True,False,False,False
Rocky Mountain Sales ,True,False,False,False
Talley Group,True,False,False,False
acla.de,True,False,False,False
Watt Carmichael,True,False,False,False
500gb/www.confins.com.br/10kk/BR/Come to chat or we will attack you again.,True,False,False,False
eucatex.com.br,True,False,False,False
LPDB KUMKM LPDB.ID/LPDB.GO.ID,True,False,False,False
Accurate Lock and Hardware,True,False,False,False
Monocon International Refractory,True,False,False,False
Persyn,True,False,False,False
Aero Tec Laboratories,True,False,False,False
Altipal,True,False,False,False
Municipalité La Guadeloupe,True,False,False,False
Eden Project Ltd,True,False,False,False
Helapet Ltd,True,False,False,False
oseranhahn.com,True,False,False,False
jmjcorporation.com,True,False,False,False
countyins.com,True,False,False,False
utc-silverstone.co.uk,True,False,False,False
hesperiausd.org,True,False,False,False
Eden Project,True,False,False,False
umbrellaproperties.com,True,False,False,False
Treasury of Cote d'Ivoire,True,False,False,False
scanda.com.mx,True,False,False,False
acfin.cl,True,False,False,False
New Boston Dental Care,True,False,False,False
Service public de Wallonie,True,False,False,False
Cushman Contracting Corporation,True,False,False,False
Costa Edutainment SpA,True,False,False,False
Sigmund Espeland AS,True,False,False,False
Brovedani Group,True,False,False,False
Fic Expertise,True,False,False,False
W.I.S. Sicherheit,True,False,False,False
Brick Court Chambers,True,False,False,False
Seaman's Mechanical,True,False,False,False
Deeside Timberframe,True,False,False,False
McSweeney / Langevin,True,False,False,False
NITEK International LLC,True,False,False,False
"National Metalwares, L.P",True,False,False,False
Romeo Pitaro Injury & Litigation Lawyers,True,False,False,False
NHS (press update),True,False,False,False
Jackson County,True,False,False,False
For sale. Contact through admin.,True,False,False,False
21stcenturyvitamins.com,True,False,False,False
Montgomery County Board of Developmental Disabilities Services,True,False,False,False
LiveHelpNow,True,False,False,False
NK Parts Industries,True,False,False,False
Badger Tag & Label,True,False,False,False
Haumiller Engineering,True,False,False,False
Crescent Point Energy,True,False,False,False
Barid soft,True,False,False,False
Pella,True,False,False,False
Reading Electric,True,False,False,False
Kuhn Rechtsanwlte GmbH,True,False,False,False
colonialsd.org,True,False,False,False
wisconsinindustrialcoatings.com,True,False,False,False
amsoft.cl,True,False,False,False
cultivarnet.com.br,True,False,False,False
ecotruck.com.br,True,False,False,False
iaconnecticut.com,True,False,False,False
incegroup.com,True,False,False,False
Banco central argentina,True,False,False,False
Administração do Porto de São Francisco do Sul (APSFS),True,False,False,False
lavalpoincon.com,True,False,False,False
ccimp.com,True,False,False,False
ufresources.com,True,False,False,False
cloudminds.com,True,False,False,False
calvia.com,True,False,False,False
manusa.com,True,False,False,False
habeco.com.vn,True,False,False,False
rehub.ie,True,False,False,False
torrepacheco.es,True,False,False,False
ccofva.com,True,False,False,False
dagma.com.ar,True,False,False,False
Edlong,True,False,False,False
dpkv.cz,True,False,False,False
hetero.com,True,False,False,False
vikrantsprings.com,True,False,False,False
doublehorse.in,True,False,False,False
iitm.ac.in,True,False,False,False
cttxpress.com,True,False,False,False
garage-cretot.fr,True,False,False,False
hotel-ostella.com,True,False,False,False
vm3fincas.es,True,False,False,False
thaiagri.com,True,False,False,False
tegaindustries.com,True,False,False,False
kioti.com,True,False,False,False
taylorcrane.com,True,False,False,False
grc-c.co.il,True,False,False,False
mogaisrael.com,True,False,False,False
ultragasmexico.com,True,False,False,False
eif.org.na,True,False,False,False
auburnpikapp.org,True,False,False,False
acla-werke.com,True,False,False,False
college-stemarie-elven.org,True,False,False,False
snk.sk,True,False,False,False
mutualclubunion.com.ar,True,False,False,False
rfca.com,True,False,False,False
hpo.pe,True,False,False,False
spu.ac.th,True,False,False,False
livia.in,True,False,False,False
cinealbeniz.com,True,False,False,False
truehomesusa.com,True,False,False,False
uniter.net,True,False,False,False
itss.com.tr,True,False,False,False
elements-ing.com,True,False,False,False
heartlandhealthcenter.org,True,False,False,False
dsglobaltech.com,True,False,False,False
alian.mx,True,False,False,False
evw.k12.mn.us,True,False,False,False
mpeprevencion.com,True,False,False,False
binder.de,True,False,False,False
interfashion.it,True,False,False,False
vstar.in,True,False,False,False
brfibra.com,True,False,False,False
museu-goeldi.br,True,False,False,False
doxim.com,True,False,False,False
essinc.com,True,False,False,False
sislocar.com,True,False,False,False
depenning.com,True,False,False,False
asafoot.com,True,False,False,False
frankmiller.com,True,False,False,False
vitema.vi.gov,True,False,False,False
snapethorpeprimary.co.uk,True,False,False,False
agencavisystems.com,True,False,False,False
salmonesaysen.cl,True,False,False,False
kowessex.co.uk,True,False,False,False
totto.com,True,False,False,False
randi-group.com,True,False,False,False
grupopm.com,True,False,False,False
ondozabal.com,True,False,False,False
orsiniimballaggi.com,True,False,False,False
vinatiorganics.com,True,False,False,False
peninsulacrane.com,True,False,False,False
brockington.leics.sch.uk,True,False,False,False
cargotrinidad.com,True,False,False,False
Pinnacle Orthopaedics,True,False,False,False
Protected: HIDE NAME,True,False,False,False
Softura,True,False,False,False
Zuber Gardner CPAs,True,False,False,False
Corr & Corr,True,False,False,False
rexmoore.com,True,False,False,False
Northeast Orthopedics and Sports Medicine,True,False,False,False
Glenwood Management,True,False,False,False
College Park Industries,True,False,False,False
Holstein Association USA,True,False,False,False
Unimed Vales do Taquari e Rio Pardo,True,False,False,False
Electric Mirror Inc,True,False,False,False
Richelieu Foods,True,False,False,False
Trade-Mark Industrial,True,False,False,False
Dragon Tax and Management INC,True,False,False,False
Mewborn & DeSelms,True,False,False,False
"Merritt Properties, LLC",True,False,False,False
"Autobell Car Wash, Inc",True,False,False,False
fortify.pro,True,False,False,False
Fribin,True,False,False,False
consultingradiologists.com,True,False,False,False
Electric Mirror,True,False,False,False
Intuitae,True,False,False,False
Tholen Building Technology Group,True,False,False,False
williamsrdm.com,True,False,False,False
inforius,True,False,False,False
Kamo Jou Trading ,True,False,False,False
wichita.gov,True,False,False,False
City of Buckeye (buckeyeaz.gov),True,False,False,False
Hibser Yamauchi Architects,True,False,False,False
Noritsu America Corp.,True,False,False,False
Autohaus Ebert,True,False,False,False
Elbers GmbH & Co. KG,True,False,False,False
"Jetson Specialty Marketing Services, Inc.",True,False,False,False
Vega Reederei GmbH & Co. KG,True,False,False,False
Max Wild GmbH,True,False,False,False
woldae.com,True,False,False,False
Information Integration Experts,True,False,False,False
One Toyota of Oakland ,True,False,False,False
Chemring Group ,True,False,False,False
lalengineering,True,False,False,False
skanlog.com,True,False,False,False
ctc-corp.net,True,False,False,False
uslinen.com,True,False,False,False
tu-ilmenau.de,True,False,False,False
thede-culpepper.com,True,False,False,False
kimmelcleaners.com,True,False,False,False
emainc.net,True,False,False,False
southernspecialtysupply.com,True,False,False,False
lenmed.co.za,True,False,False,False
churchill-linen.com,True,False,False,False
rollingfields.com,True,False,False,False
srg-plc.com,True,False,False,False
gorrias-mercedes-benz.fr,True,False,False,False
JFK Financial Inc.,True,False,False,False
"SBC Global, Bitfinex, Coinmama, and Rutgers University Part 2 Leak",True,False,False,False
Central Florida Equipment,True,False,False,False
High Performance Services,True,False,False,False
Mauritzon,True,False,False,False
Somerville,True,False,False,False
Donco Air,True,False,False,False
Affordable Payroll & Bookkeeping Services,True,False,False,False
Utica Mack,True,False,False,False
KC Scout,True,False,False,False
Sentry Data Management,True,False,False,False
NELLESFRERES,True,False,False,False
aletech.com.br,True,False,False,False
Young Consulting,True,False,False,False
Thaayakam LTD ,True,False,False,False
The Weinstein Firm,True,False,False,False
Nikolaus & Hohenadel,True,False,False,False
NRS Healthcare ,True,False,False,False
gammarenax.ch,True,False,False,False
oraclinical.com,True,False,False,False
acsistemas.com,True,False,False,False
cpashin.com,True,False,False,False
epr-groupe.fr,True,False,False,False
isee.biz,True,False,False,False
cdev.gc.ca,True,False,False,False
netspectrum.ca,True,False,False,False
qstartlabs.com,True,False,False,False
syntax-architektur.at,True,False,False,False
carespring.com,True,False,False,False
grand-indonesia.com,True,False,False,False
remagroup.com,True,False,False,False
telekom.com,True,False,False,False
aev-iledefrance.fr,True,False,False,False
elarabygroup.com,True,False,False,False
thebiglifegroup.com,True,False,False,False
sonoco.com,True,False,False,False
ville-bouchemaine.fr,True,False,False,False
eskarabajo.mx,True,False,False,False
Rafael Viñoly Architects,True,False,False,False
TRC Talent Solutions,True,False,False,False
M2E Consulting Engineers,True,False,False,False
sunray.com,True,False,False,False
eviivo.com,True,False,False,False
kras.hr,True,False,False,False
tdt.aero,True,False,False,False
svenskakyrkan.se,True,False,False,False
htcinc.com,True,False,False,False
irc.be,True,False,False,False
geotechenv.com,True,False,False,False
ishoppes.com,True,False,False,False
parat-techology.com,True,False,False,False
getcloudapp.com,True,False,False,False
yucatan.gob.mx,True,False,False,False
arcus.pl,True,False,False,False
Nestoil,True,False,False,False
Patterson & Rothwell Ltd,True,False,False,False
Boyden,True,False,False,False
W.F. Whelan,True,False,False,False
Coinmama,True,False,False,False
"SBC Global, Bitfinex, Coinmama, and Rutgers University Part 2",True,False,False,False
Seneca Nation Health System,True,False,False,False
"SBC Global, Bitfinex, Coinmom, and Rutgers University Part 2",True,False,False,False
COMPEXLEGAL.COM,True,False,False,False
ikfhomefinance.com,True,False,False,False
The Islamic Emirat of Afghanistan National Environmental Protection Agency ,True,False,False,False
"Accounting Professionals LLC. Price, Breazeale & Chastang",True,False,False,False
cmactrans.com,True,False,False,False
ids-michigan.com,True,False,False,False
provencherroy.ca,True,False,False,False
swisspro.ch,True,False,False,False
olsonsteel.com,True,False,False,False
teaspa.it,True,False,False,False
ayesa.com,True,False,False,False
synlab.com,True,False,False,False
active-pcb.com,True,False,False,False
gai-it.com,True,False,False,False
Macildowie Associates,True,False,False,False
cli*********.com,True,False,False,False
bae************.de,True,False,False,False
Mainline Health Systems (MHS.local),True,False,False,False
Dr Charles A Evans,True,False,False,False
Universidad Nacional Autónoma de México  ,True,False,False,False
thelawrencegroup.com,True,False,False,False
Bitfinex,True,False,False,False
SBC Global,True,False,False,False
Rutgers University,True,False,False,False
Coinmoma,True,False,False,False
kc.co.kr,True,False,False,False
sharik,True,False,False,False
tdra,True,False,False,False
fanr.gov.ae,True,False,False,False
Bayanat,True,False,False,False
kidx,True,False,False,False
MCS,True,False,False,False
Tohlen Building Technology Group,True,False,False,False
Stainless Foundry & Engineering,True,False,False,False
US-Saudi Arabian Business Council,True,False,False,False
Ayoub & associates CPA Firm,True,False,False,False
www.servicepower.com,True,False,False,False
www.credio.eu,True,False,False,False
Lopez Hnos,True,False,False,False
GWF Frankenwein,True,False,False,False
Reederei Jüngerhans,True,False,False,False
Gr****en,True,False,False,False
Me****ng,True,False,False,False
Po****,True,False,False,False
extraco.ae,True,False,False,False
watergate,True,False,False,False
Canatal Industries,True,False,False,False
SHAMASS.ORG,True,False,False,False
Lewis Brothers Bakeries,True,False,False,False
S.A. Piazza & Associates,True,False,False,False
MyoVision,True,False,False,False
Woodfords Family Services,True,False,False,False
Imedi L,True,False,False,False
"Calumet Civil Contractors, Inc.",True,False,False,False
It4 Solutions Robras Corp,True,False,False,False
Trylon Srl,True,False,False,False
Sobieski Services Inc,True,False,False,False
Azteca Tax Systems,True,False,False,False
Clinica de Salud del Valle de Salinas,True,False,False,False
bulldogbag.com,True,False,False,False
frenckengroup.com,True,False,False,False
synology.com,True,False,False,False
tpa-group.sk,True,False,False,False
Triathlon.group,True,False,False,False
awwg.com,True,False,False,False
KyungChang,True,False,False,False
"Y. Hata & Co., Ltd.",True,False,False,False
Skender Construction,True,False,False,False
Creative Business Interiors,True,False,False,False
cochraneglobal.com,True,False,False,False
Studio Libeskind,True,False,False,False
UK government,True,False,False,False
hookerfurniture.com,True,False,False,False
alimmigration.com,True,False,False,False
anatomage.com,True,False,False,False
bluegrasstechnologies.net,True,False,False,False
PINNACLEENGR.COM,True,False,False,False
MCKINLEYPACKAGING.COM,True,False,False,False
PILOTPEN.COM,True,False,False,False
colonial.edu,True,False,False,False
cordish.com,True,False,False,False
concorr.com,True,False,False,False
yupousa.com,True,False,False,False
peaseinc.com,True,False,False,False
bdcm.com,True,False,False,False
MORTON WILLIAMS,True,False,False,False
Advanced Business Networks,True,False,False,False
Profile Products,True,False,False,False
firstmac.com.au,True,False,False,False
GCH Hotel Group,True,False,False,False
tudio Libeskind,True,False,False,False
C?????l I????????s,True,False,False,False
sbsofbak.com,True,False,False,False
ottlite.com,True,False,False,False
ch-cannes.fr,True,False,False,False
"Mellitah Oil & Gas / Enigas Ly (Eni Electricity, Oil & Gas)",True,False,False,False
Drogaria Preco Bom,True,False,False,False
Sunlux Group,True,False,False,False
Algen Healthcare,True,False,False,False
Bitz Softwares,True,False,False,False
Lumina Americas,True,False,False,False
"The Line Up, Inc",True,False,False,False
Medizinische Grosshandlung GmbH,True,False,False,False
Thinkadam,True,False,False,False
B*****.hu,True,False,False,False
CORTEX Chiropractic & Clinical Neuroscience,True,False,False,False
todoagro,True,False,False,False
Mr Bean,True,False,False,False
SM EMBALLAGE,True,False,False,False
Surewerx USA,True,False,False,False
Fifisystems,True,False,False,False
Fliesenstudio am Rhein,True,False,False,False
melting-mind.de,True,False,False,False
hospitalescultural.com.br,True,False,False,False
Magicolor,True,False,False,False
Herron Todd White,True,False,False,False
Human Technology Inc.,True,False,False,False
Anders Group,True,False,False,False
Ce***.com,True,False,False,False
polaris-SOLUCIONES TECNOLÓGICAS PARA EMPRESAS   -- polaris.es,True,False,False,False
iddink.nl,True,False,False,False
thelawrencegroup.com_privat,True,False,False,False
Axip Energy Services,True,False,False,False
sesenergy.org,True,False,False,False
Original Herkimer Cheese,True,False,False,False
Precision Fluid Controls,True,False,False,False
Yale Mortgage,True,False,False,False
Madata,True,False,False,False
Legislative Bill Drafting Commission,True,False,False,False
Toolmarts,True,False,False,False
New Hudson Facades,True,False,False,False
sandipuniversity.edu.in,True,False,False,False
SSS Australia,True,False,False,False
Rocky Mountain Sales,True,False,False,False
Erler & Kalinowski,True,False,False,False
Hong Kong College of Technology,True,False,False,False
CDSHotels,True,False,False,False
Precision Time Systems ,True,False,False,False
Jutebag ,True,False,False,False
Protected: HIDE NAME SELL DATA SOON,True,False,False,False
atriline.by,True,False,False,False
Pedsurology,True,False,False,False
The Blake Law Firm,True,False,False,False
United Equitable Group,True,False,False,False
Allen Blasting and Coating,True,False,False,False
Semilab,True,False,False,False
O'Connell Mahon Architects,True,False,False,False
RSH legal,True,False,False,False
Les Miroirs St-Antoine Inc,True,False,False,False
Design Intoto ,True,False,False,False
Beloinlaw,True,False,False,False
bzrastreador.com.br,True,False,False,False
Peter Condakes,True,False,False,False
hominemclinic.com.br,True,False,False,False
Central Power Systems and Services,True,False,False,False
Mainwein,True,False,False,False
STERCH - INTERNATIONAL s.r.o.,True,False,False,False
Army Welfare Trust,True,False,False,False
The Council of Fashion Designers of America,True,False,False,False
Principle Cleaning Services,True,False,False,False
EUROPEANPROF - Expertos en Seguridad y Altura - ,True,False,False,False
true.co.uk,True,False,False,False
CORIENT ,True,False,False,False
[Published]Constelacion Savings and Credit Society,True,False,False,False
https://goftac.com/    firsttx.com  First Texas Alliance Corp   (FTAC),True,False,False,False
Hirsh Industries,True,False,False,False
www.drwilliansegalin.com.br,True,False,False,False
Octapharma Plasma,True,False,False,False
Ministerio de Desarrollo Local,True,False,False,False
rangam.com,True,False,False,False
defi SOLUTIONS.,True,False,False,False
ghimli.com,True,False,False,False
Bank Pembangunan Daerah Banten Tbk PT,True,False,False,False
draandrearechia.com.br,True,False,False,False
www.trifecta.com,True,False,False,False
jean-nouvel,True,False,False,False
HARMAN - CYNC SOLUTIONS client,True,False,False,False
saglobal.com,True,False,False,False
concordegroup.ca,True,False,False,False
ebir.com,True,False,False,False
coastalcargogroup.com,True,False,False,False
Texas Retina Associates,True,False,False,False
Wasserkraft Volk AG,True,False,False,False
Speedy France,True,False,False,False
The Tech Interactive,True,False,False,False
Bieler + Lang GmbH,True,False,False,False
FEB31st,True,False,False,False
United Carton Industries Company,True,False,False,False
Ruwac Industrial Vacuums,True,False,False,False
Diagnostica Stago,True,False,False,False
Bombardier Recreational Products,True,False,False,False
Consorci Sanitari Integral,True,False,False,False
Badan Urusan Logistik,True,False,False,False
Jacobs Farm / Del Cabo,True,False,False,False
DVision Architecture,True,False,False,False
Telecommunications Services of Trinidad and Tobago,True,False,False,False
Ministry of Defense of Peru,True,False,False,False
Asteco,True,False,False,False
"D'amico & Pettinicchi, LLC",True,False,False,False
Optometric Physicians of Middle Tennessee,True,False,False,False
www.rosalvoautomoveis.com.br,True,False,False,False
www.drlincoln.com.br,True,False,False,False
charlesparsons (Attack again),True,False,False,False
Ma****in,True,False,False,False
La****up,True,False,False,False
Ted Brown Music,True,False,False,False
mulfordconstruction.com,True,False,False,False
taylorlaw.net,True,False,False,False
NORTHEAST OHIO NEIGHBORHOOD HEALTH SERVICES (NEON) ,True,False,False,False
Continuing Healthcare Solutions,True,False,False,False
Lutheran Social Services of Indiana,True,False,False,False
kjf-augsburg.de,True,False,False,False
eurosko.com,True,False,False,False
CYNC SOLUTIONS - The unexpected target.,True,False,False,False
Targus.com,True,False,False,False
The law firm Dr. Fingerle Rechtsanwälte,True,False,False,False
call4health.com,True,False,False,False
tascoplumbing.com,True,False,False,False
fluenthome.com,True,False,False,False
macphie.com,True,False,False,False
cavotec.com,True,False,False,False
hymer-alu.de,True,False,False,False
azdel.com,True,False,False,False
www.lawdcm.com,True,False,False,False
www.horizonparts.com,True,False,False,False
insidesource.com,True,False,False,False
leezeragency.com,True,False,False,False
welbro.com,True,False,False,False
yaleappliance.com,True,False,False,False
armstrongconsultants.com,True,False,False,False
ibacos.com,True,False,False,False
petersenjohnson.com,True,False,False,False
www.c-v-e.com,True,False,False,False
www.buymesco.com,True,False,False,False
www.webberrestaurantgroup.com,True,False,False,False
universalproperties.ca,True,False,False,False
cftvyv.com,True,False,False,False
www.fennpest.com,True,False,False,False
arietishealth.com,True,False,False,False
tjx.com,True,False,False,False
pbinfo.com,True,False,False,False
mesvision.com,True,False,False,False
goalsolutions.com,True,False,False,False
gnc.com,True,False,False,False
gensler.com,True,False,False,False
genesisenergy.com,True,False,False,False
garrettmotion.com,True,False,False,False
fanucamerica.com,True,False,False,False
darlingconsulting.com,True,False,False,False
chevronfcu.org,True,False,False,False
cap.org,True,False,False,False
joneslanglasalle.com,True,False,False,False
tricoproducts.com,True,False,False,False
enterprisebanking.com,True,False,False,False
deltadental.com,True,False,False,False
salelytics.com,True,False,False,False
adaresec.com,True,False,False,False
chuckecheese.com,True,False,False,False
deloitte.com,True,False,False,False
wsp.com,True,False,False,False
planethomelending.com,True,False,False,False
virginpulse.com,True,False,False,False
vitalitygroup.com,True,False,False,False
hallmarkchannel.com,True,False,False,False
hillrom.com,True,False,False,False
pro2col.com,True,False,False,False
orau.org,True,False,False,False
aclara.com,True,False,False,False
quark.com,True,False,False,False
convergeone.com,True,False,False,False
amerisave.com,True,False,False,False
kellyservices.com,True,False,False,False
hubbell.com,True,False,False,False
dma.us,True,False,False,False
ventivtech.com,True,False,False,False
bluefin.com,True,False,False,False
esteelauder.com,True,False,False,False
itt.com,True,False,False,False
aa.com,True,False,False,False
rci.com,True,False,False,False
notablefrontier.com,True,False,False,False
grace.com,True,False,False,False
hess.com,True,False,False,False
pinnacletpa.com,True,False,False,False
gripa.org,True,False,False,False
ufcu.org,True,False,False,False
discovery.com,True,False,False,False
motherson.com,True,False,False,False
amctheatres.com,True,False,False,False
marykay.com,True,False,False,False
cytomx.com,True,False,False,False
americannational.com,True,False,False,False
bcdtravel.com,True,False,False,False
jprmp.com,True,False,False,False
fmfcu.org,True,False,False,False
jackentertainment.com,True,False,False,False
nasco.com,True,False,False,False
radiusgs.com,True,False,False,False
consolenergy.com,True,False,False,False
sccu.com,True,False,False,False
riteaid.com,True,False,False,False
pioneerelectronics.com,True,False,False,False
fiscdp.com,True,False,False,False
kernagency.com,True,False,False,False
uoflhealth.org,True,False,False,False
wolterskluwer.com,True,False,False,False
bankwithunited.com,True,False,False,False
quorumfcu.org,True,False,False,False
enstargroup.com,True,False,False,False
cpiai.com,True,False,False,False
fisglobal.com,True,False,False,False
hornbeckoffshore.com,True,False,False,False
unitedregional.org,True,False,False,False
tdecu.org,True,False,False,False
jackson.com,True,False,False,False
starmountlife.com,True,False,False,False
proskauer.com,True,False,False,False
abbvie.com,True,False,False,False
se.com,True,False,False,False
emsshi.com,True,False,False,False
datasite.com,True,False,False,False
leggett.com,True,False,False,False
careservicesllc.com,True,False,False,False
gesa.com,True,False,False,False
nuance.com,True,False,False,False
bostonglobe.com,True,False,False,False
icsystem.com,True,False,False,False
aplusfcu.org,True,False,False,False
eastwestbank.com,True,False,False,False
powerfi.org,True,False,False,False
brault.us,True,False,False,False
cuanswers.com,True,False,False,False
bankers-bank.com,True,False,False,False
schnabel-eng.com,True,False,False,False
shutterfly.com,True,False,False,False
tgidirect.com,True,False,False,False
honeywell.com,True,False,False,False
agilysys.com,True,False,False,False
ricohacumen.com,True,False,False,False
emerson.com,True,False,False,False
radissonhotelsamericas.com,True,False,False,False
westat.com,True,False,False,False
crowe.com,True,False,False,False
autozone.com,True,False,False,False
energytransfer.com,True,False,False,False
netscout.com,True,False,False,False
cadencebank.com,True,False,False,False
trellisware.com,True,False,False,False
putnam.com,True,False,False,False
ironbow.com,True,False,False,False
citynational.com,True,False,False,False
andesaservices.com,True,False,False,False
enzo.com,True,False,False,False
delawarelife.com,True,False,False,False
aon.com,True,False,False,False
uhcsr.com,True,False,False,False
paycor.com,True,False,False,False
ancillae.org,True,False,False,False
spauldingclinical.com,True,False,False,False
charm.com,True,False,False,False
elliott-turbo.com,True,False,False,False
unitex.com,True,False,False,False
dso.org,True,False,False,False
mandnmanagement.com,True,False,False,False
laalliance.org,True,False,False,False
cna-aiic.ca,True,False,False,False
usa-intech.com,True,False,False,False
mdihospital.org,True,False,False,False
modestogov.com,True,False,False,False
liveaction.com,True,False,False,False
www.empowerins.com,True,False,False,False
www.tclchinesetheatres.com,True,False,False,False
www.grandview.org,True,False,False,False
www.mgrc.com,True,False,False,False
www.physicianpartnersofamerica.com,True,False,False,False
fullertonindia.com,True,False,False,False
tgh.org,True,False,False,False
lfdcs.org,True,False,False,False
cefcostores.com,True,False,False,False
www.stginternational.com,True,False,False,False
hoosierco.com,True,False,False,False
zurifurniture.com,True,False,False,False
seamlessglobalsolutions.com,True,False,False,False
aaanchorbolt.com,True,False,False,False
sinopecthc.com,True,False,False,False
crtl.com,True,False,False,False
thaiho.com,True,False,False,False
chahousing.org,True,False,False,False
thecondorgroup.com,True,False,False,False
gulfcoastwindows.com,True,False,False,False
itis-technology.com,True,False,False,False
colonialgeneral.com,True,False,False,False
handrhealthcare.com,True,False,False,False
amazing-global.com,True,False,False,False
rkfoodland.com,True,False,False,False
veolus.com,True,False,False,False
rgvfirm.com,True,False,False,False
miguelmechanical.com,True,False,False,False
parkavedoors.com,True,False,False,False
fabricatedpipe.com,True,False,False,False
arcessex.org,True,False,False,False
olsenlawgroup.com,True,False,False,False
tucsoneyecare.com,True,False,False,False
myerspower.com,True,False,False,False
coreautomation.com,True,False,False,False
ziapueblo.org,True,False,False,False
royallepage.ca,True,False,False,False
diavaz.com,True,False,False,False
servicesfinanciersjdf.com,True,False,False,False
elliotthomes.com,True,False,False,False
lsa-international.com,True,False,False,False
plasmasurgical.com,True,False,False,False
newbridge.org,True,False,False,False
nlsmichigan.org,True,False,False,False
audio-technica.com,True,False,False,False
kisp.com,True,False,False,False
heidelbergbread.com,True,False,False,False
favoritefoods.com,True,False,False,False
inphenix.com,True,False,False,False
brandywine-homes.com,True,False,False,False
meinet.com,True,False,False,False
greggardnergm.com,True,False,False,False
wyckoffcomfort.com,True,False,False,False
schradercamargo.com,True,False,False,False
plasticproductsco.com,True,False,False,False
waldogeneral.com,True,False,False,False
cityofallenpark.org,True,False,False,False
bakermech.com,True,False,False,False
mangalagroup.com,True,False,False,False
wcso.us,True,False,False,False
alliedtools.com,True,False,False,False
hacla.org,True,False,False,False
wcinet.com,True,False,False,False
revvaviation.com,True,False,False,False
prlabs.com,True,False,False,False
dana-group.com,True,False,False,False
biosonicsinc.com,True,False,False,False
servex-us.com,True,False,False,False
crystalcreamery.com,True,False,False,False
vanderkaay.com,True,False,False,False
sandycove.org,True,False,False,False
psenergy.com,True,False,False,False
pinelandschool.org,True,False,False,False
islandinsurance.ca,True,False,False,False
sbhc.us,True,False,False,False
garrottbros.com,True,False,False,False
esinsa.com,True,False,False,False
layherna.com,True,False,False,False
namibmills.com,True,False,False,False
gocontec.com,True,False,False,False
viseg.com,True,False,False,False
norcorp.com,True,False,False,False
enovationcontrols.com,True,False,False,False
shoreregional.org,True,False,False,False
csagh.org,True,False,False,False
ebdlab.com,True,False,False,False
nosm.ca,True,False,False,False
fredfeet.com,True,False,False,False
ourrelentlesschurch.com,True,False,False,False
birdair.com,True,False,False,False
pittsburg.k12.ca.us,True,False,False,False
realcomp.com,True,False,False,False
billhurst.com,True,False,False,False
newhorizonsmedical.org,True,False,False,False
mundocuervo.com,True,False,False,False
surfsidefoods.com,True,False,False,False
aquidneckclub.com,True,False,False,False
bbrook.org,True,False,False,False
tedpella.com,True,False,False,False
oneexchangecorp.com,True,False,False,False
betalandservices.com,True,False,False,False
greatlakesmbpm.com,True,False,False,False
co.langlade.wi.us,True,False,False,False
haynesintl.com,True,False,False,False
pointpleasant.k12.nj.us,True,False,False,False
tetco.com,True,False,False,False
armortex.com,True,False,False,False
iqcontrols.com,True,False,False,False
scottevest.com,True,False,False,False
independenceia.org,True,False,False,False
etisaleg.com,True,False,False,False
el-cerrito.org,True,False,False,False
asfcustomers.com,True,False,False,False
meaf.com,True,False,False,False
distribuidoradavidsa.com,True,False,False,False
younghomes.com,True,False,False,False
cloverbrook.com,True,False,False,False
carolfoxassociates.com,True,False,False,False
mergerecords.com,True,False,False,False
greenside-sch.org,True,False,False,False
wkclawfirm.com,True,False,False,False
sherwin-electric.com,True,False,False,False
uprepschool.org,True,False,False,False
lhvisionclinic.com,True,False,False,False
csem.qc.ca,True,False,False,False
godbeylaw.com,True,False,False,False
millwgs.com,True,False,False,False
gosslaw.com,True,False,False,False
sd69.org,True,False,False,False
co.grant.mn.us,True,False,False,False
faithfamilyacademy.org,True,False,False,False
commercialfluidpower.com,True,False,False,False
mipe.com,True,False,False,False
ohiohistory.org,True,False,False,False
trois-i.com,True,False,False,False
aluminumsandcastingsfoundry.com,True,False,False,False
arcc.org,True,False,False,False
tayloredservices.com,True,False,False,False
fcps1.org,True,False,False,False
cote-expert-equipements.com,True,False,False,False
eemotors.com,True,False,False,False
cfsigroup.ca,True,False,False,False
smart-union.org,True,False,False,False
thecsi.com,True,False,False,False
hgmonline.com,True,False,False,False
nirolaw.com,True,False,False,False
chs.ca,True,False,False,False
psmicorp.com,True,False,False,False
abhmfg.com,True,False,False,False
nckb.com,True,False,False,False
studio483.com,True,False,False,False
wjtowell.com,True,False,False,False
aten.com,True,False,False,False
quifatex.com,True,False,False,False
goodhopeholdings.com,True,False,False,False
phihydraulics.com,True,False,False,False
onyourmark.org,True,False,False,False
aldoshoes.com,True,False,False,False
midlandindustries.com,True,False,False,False
citizenswv.com,True,False,False,False
phillipsglobal.us,True,False,False,False
greenbriersportingclub.com,True,False,False,False
ccadm.org,True,False,False,False
bboed.org,True,False,False,False
dobsystems.com,True,False,False,False
ontariopork.on.ca,True,False,False,False
hendelsinc.com,True,False,False,False
co.pickens.sc.us,True,False,False,False
ajcfood.com,True,False,False,False
buckprop.com,True,False,False,False
brownintegratedlogistics.com,True,False,False,False
ducont.com,True,False,False,False
mechema.com,True,False,False,False
unidad-de-oftalmologia-y-catarata.negocio.site,True,False,False,False
signatureperformance.com,True,False,False,False
lipsg.com,True,False,False,False
umaps.hn,True,False,False,False
myhomecarellc.com,True,False,False,False
navalaviationmuseum.org,True,False,False,False
nationalflightacademy.com,True,False,False,False
Hey everyone! Some private keys here.,True,False,False,False
Hey cisco!,True,False,False,False
CD Projekt!,True,False,False,False
sierraconstruction.ca,True,False,False,False
Alltruck Bodies,True,False,False,False
SIS Automatisering,True,False,False,False
Pennsylvania Convention Center,True,False,False,False
Engineered Automation of Maine,True,False,False,False
JE Owens,True,False,False,False
P??????? & ????,True,False,False,False
Mid-South Health Systems,True,False,False,False
etateam.be,True,False,False,False
dc.gov,True,False,False,False
JE Owens & Company PA.,True,False,False,False
Western Saw Inc.,True,False,False,False
Myers Automotive Group,True,False,False,False
xdconnects.com,True,False,False,False
sagaciousresearch.com,True,False,False,False
ablinc.com,True,False,False,False
ht-hospitaltechnik.de,True,False,False,False
Mercatino S.r.l.  https://www.mercatinousato.com,True,False,False,False
Precision Pulley & Idler,True,False,False,False
https://geodis.com,True,False,False,False
FábricaInfo ,True,False,False,False
doyon.com | doyondrilling.com,True,False,False,False
Mercatino  https://www.mercatinousato.com,True,False,False,False
Delano Joint Union High School District,True,False,False,False
"Serfilco, RP Adams, Baron Blakeslee, Pacer, Service Filtration of Canada, Polymar.",True,False,False,False
tristatetruckandequip.com,True,False,False,False
craigwire.com,True,False,False,False
Lee University ,True,False,False,False
TrueNet Communications Corp,True,False,False,False
drmarbys.com,True,False,False,False
rehab.ie,True,False,False,False
D&V Electronics,True,False,False,False
Len Dubois Trucking,True,False,False,False
"Pioneer Oil Company, Inc.",True,False,False,False
Empresa de energía del Bajo Putumayo ,True,False,False,False
Lopesan Hotels,True,False,False,False
Change HealthCare - OPTUM Group - United HealthCare Group - FOR SALE,True,False,False,False
UPC Technology Corporation,True,False,False,False
Wright Brothers Construction,True,False,False,False
Medequip Assistive Technology,True,False,False,False
hbmolding.com,True,False,False,False
Lotz Trucking,True,False,False,False
Studio LAMBDA,True,False,False,False
"City of St. Cloud, Florida",True,False,False,False
Grupo Cuevas,True,False,False,False
The Royal Family of Great Britain,True,False,False,False
Thermodyn Corporation,True,False,False,False
St. Cloud Florida,True,False,False,False
UnivationTechnologies,True,False,False,False
Autoglass,True,False,False,False
charlesparsons,True,False,False,False
Po****sa,True,False,False,False
Cembell Industries,True,False,False,False
Heritage Cooperative,True,False,False,False
Druckman Law Group,True,False,False,False
Pulaski academy,True,False,False,False
Chicony Electronics,True,False,False,False
Fullington Trailways,True,False,False,False
bigtoe.yoga,True,False,False,False
regulatormarine.com,True,False,False,False
jeyesfluid.co.uk,True,False,False,False
Deacon Jones,True,False,False,False
Biggs Cardosa Associates,True,False,False,False
The Post and Courier,True,False,False,False
Best Reward Federal Credit Union,True,False,False,False
LYON TERMINAL,True,False,False,False
"R.B. Woodcraft, Inc.",True,False,False,False
GPI Corporate,True,False,False,False
SOA Architecture,True,False,False,False
ASMFC: Atlantic States Marine Fisheries Commission,True,False,False,False
The Souza Agency Inc.,True,False,False,False
LEMODOR,True,False,False,False
Council for Relationships,True,False,False,False
compagniedephalsbourg.com,True,False,False,False
ndpaper.com,True,False,False,False
qint.com.br,True,False,False,False
Sev********.com,True,False,False,False
Jack Doheny Company,True,False,False,False
Traverse City Area Public Schools ,True,False,False,False
Omni Hotels & Resorts,True,False,False,False
countryvillahealth.com,True,False,False,False
disb.dc.gov,True,False,False,False
Williams County Abstract Company ,True,False,False,False
Solano County Library ,True,False,False,False
Alliance Mercantile,True,False,False,False
Novus International,True,False,False,False
Toyota Brazil,True,False,False,False
Kablutronik SRL,True,False,False,False
Caxton and CTP Publishers and Printers,True,False,False,False
NanoLumens,True,False,False,False
Integrated Control,True,False,False,False
Frederick Wildman and Sons,True,False,False,False
oraclecms.com,True,False,False,False
thsp.co.uk,True,False,False,False
tommyclub.co.uk,True,False,False,False
Notions Marketing,True,False,False,False
Jordano's Inc.,True,False,False,False
Bojangles’ International,True,False,False,False
Snchez-Betances Sifre & Muñoz-Noya,True,False,False,False
Feldstein & Stewart,True,False,False,False
Agate Construction,True,False,False,False
H??????? C??????????,True,False,False,False
Robeson County Sheriff's Office ,True,False,False,False
MCP GROUP Commercial Contractor Topeka,True,False,False,False
Hernando County,True,False,False,False
baheyabeauty.com,True,False,False,False
baheya.com,True,False,False,False
Oki Golf,True,False,False,False
Gimex,True,False,False,False
Victor Fauconnier,True,False,False,False
Un****es,True,False,False,False
Al****ch,True,False,False,False
Se****bH,True,False,False,False
MoldTech,True,False,False,False
Theatrixx Technologies,True,False,False,False
Access Intelligence,True,False,False,False
New England Wooden Ware,True,False,False,False
LS Networks,True,False,False,False
The MBTW Group,True,False,False,False
Wencor.com,True,False,False,False
Theharriscenter.org,True,False,False,False
Community Alliance,True,False,False,False
"Henningson & Snoxell, Ltd.",True,False,False,False
Optima Manufacturing,True,False,False,False
hawkremote2.com,True,False,False,False
hawkremote.com,True,False,False,False
hirebus.com,True,False,False,False
ezeldsolutions.com,True,False,False,False
zanebenefits.com,True,False,False,False
taskhound.com,True,False,False,False
lankacom.net,True,False,False,False
adachikan.com,True,False,False,False
agribazaar.com,True,False,False,False
wexer.com,True,False,False,False
Missouri Electric Cooperatives,True,False,False,False
F???s???? & ??????t,True,False,False,False
Inszone Insurance Services,True,False,False,False
Nexperia,True,False,False,False
Samart,True,False,False,False
Robertson Cheatham Farmers,True,False,False,False
specialoilfield.com,True,False,False,False
Consilux (Brazil),True,False,False,False
processsolutions.com,True,False,False,False
numotion.com,True,False,False,False
siemensmfg.com,True,False,False,False
Parklane Group,True,False,False,False
sermo.com,True,False,False,False
schlesingerlaw.com,True,False,False,False
robar.com,True,False,False,False
atlascontainer.com,True,False,False,False
patersoncooke.com,True,False,False,False
arch-con.com,True,False,False,False
New Production Concept,True,False,False,False
Precision Pulley &amp;amp;amp;amp; Idler,True,False,False,False
columbiapipe.com,True,False,False,False
T A Khoury,True,False,False,False
Kadushisoft,True,False,False,False
Saint Cecilia's Church of England School,True,False,False,False
Swansea & South Wales,True,False,False,False
MajuHome Concept,True,False,False,False
Team Locum,True,False,False,False
Rigcon,True,False,False,False
Vstblekinge Miljo,True,False,False,False
JM Heaford,True,False,False,False
Eagle Hydraulic Components,True,False,False,False
MULTI-FILL,True,False,False,False
Central Carolina Insurance Agency Inc.,True,False,False,False
Panacea Healthcare Services,True,False,False,False
"Baca County Feedyard, Inc",True,False,False,False
Brewer & Company of WV,True,False,False,False
Olea Kiosks,True,False,False,False
Hudson Supplies,True,False,False,False
Homeocan,True,False,False,False
Macuz,True,False,False,False
speditionlangen.de,True,False,False,False
maccarinelli.it,True,False,False,False
Skyway Coach Lines and Shuttle Services   --   skywaycoach.ca,True,False,False,False
John R. Wood Properties ,True,False,False,False
Paulmann Licht,True,False,False,False
PGF Technology Group,True,False,False,False
REV Drill Sales & Rentals,True,False,False,False
PHARMACY ETTORE FLORIO SNC - Online Pharmacy Italy ,True,False,False,False
Paducah Dermatology,True,False,False,False
"Domestic Violence Project, Inc",True,False,False,False
Rairdon Automotive Group ,True,False,False,False
Integration International ,True,False,False,False
Tarrant Appraisal District ,True,False,False,False
Speditionweise.de,True,False,False,False
Mu*****.eu,True,False,False,False
Cv*****.com,True,False,False,False
"Mahoney Foundry, Inc.",True,False,False,False
"DUNN, PITTMAN, SKINNER and CUSHMAN, PLLC",True,False,False,False
Inno-soft Info Systems Pte Ltd,True,False,False,False
"Z Development Services, LLC",True,False,False,False
Change HealthCare - OPTUM Group - United HealthCare Group,True,False,False,False
PalauGov,True,False,False,False
Ellsworth Cooperative Creamery,True,False,False,False
SERVICES INFORMATIQUES POUR PROFESSIONNELS(SIP),True,False,False,False
Malaysian Industrial Development Finance,True,False,False,False
easchangesystems,True,False,False,False
Carrozzeria Aretusa srl ,True,False,False,False
"HCI Systems, Inc. ",True,False,False,False
Madero,True,False,False,False
Chambers Construction,True,False,False,False
"On Q Financial, LLC",True,False,False,False
Better Accounting Solutions ,True,False,False,False
TermoPlastic S.R.L,True,False,False,False
truehomes.com,True,False,False,False
Good Morning,True,False,False,False
casio india,True,False,False,False
emalon.co.il,True,False,False,False
Aussizz Group,True,False,False,False
Doctorim,True,False,False,False
Agencia Host ,True,False,False,False
Commerce Dental Group,True,False,False,False
Sit,True,False,False,False
Guy's Floor Service,True,False,False,False
Everbrite,True,False,False,False
Orientrose Contracts ,True,False,False,False
Sutton Dental Arts,True,False,False,False
Inspection Services,True,False,False,False
Radiant Canada,True,False,False,False
Constelacion Savings and Credit Society,True,False,False,False
Remitano - Cryptocurrency Exchange,True,False,False,False
mcalvain.com,True,False,False,False
Precision Pulley &amp;amp;amp; Idler,True,False,False,False
Gi****ex,True,False,False,False
Wacks Law Group,True,False,False,False
BeneCare Dental Insurance,True,False,False,False
Interface,True,False,False,False
DataBank,True,False,False,False
Beaver Run Resort,True,False,False,False
Benetton Group,True,False,False,False
Citi Trends,True,False,False,False
Intersport,True,False,False,False
West Idaho Orthopedics,True,False,False,False
Norman Urology Associates,True,False,False,False
Phillip Townsend Associates,True,False,False,False
San Pasqual Band of Mission Indians,True,False,False,False
East Baton Rouge Sheriff's Office,True,False,False,False
Leicester City Council,True,False,False,False
Ringhoffer Verzahnungstechnik GmbH and Co. KG,True,False,False,False
Samhwa Paint Ind. Ltd,True,False,False,False
Tamura Corporation,True,False,False,False
Apex Business Advisory,True,False,False,False
Pim,True,False,False,False
Innomotive Systems Hainichen GmbH,True,False,False,False
Seven Seas Technology,True,False,False,False
casajove.com,True,False,False,False
delhipolice.gov.in,True,False,False,False
regencyfurniture.com,True,False,False,False
KICO GROUP,True,False,False,False
GRUPOCREATIVO HERRERA,True,False,False,False
Fincasrevuelta Data Leak,True,False,False,False
Precision Pulley &amp;amp; Idler,True,False,False,False
W.P.J. McCarthy and Company,True,False,False,False
Crimsgroup Data Leak,True,False,False,False
Gaia Herbs,True,False,False,False
Sterling Plumbing Inc,True,False,False,False
C&C Casa e Construção Ltda,True,False,False,False
TUBEX Aluminium Tubes,True,False,False,False
Wyoming Machinery,True,False,False,False
Roberson & Sons Insurance Services,True,False,False,False
Partridge Venture Engineering,True,False,False,False
anwaltskanzlei-kaufbeuren.de,True,False,False,False
pdq-airspares.co.uk,True,False,False,False
aerodynamicinc.com,True,False,False,False
besttrans.com,True,False,False,False
"Xenwerx Initiatives, LLC",True,False,False,False
Blueline Associates,True,False,False,False
Sisu Healthcare,True,False,False,False
rjcorp.in,True,False,False,False
lavelle.com,True,False,False,False
Claro,True,False,False,False
Pavilion Construction LLC,True,False,False,False
Williams County Abstract Company,True,False,False,False
W?????? ????????y,True,False,False,False
Control Technology,True,False,False,False
Graypen Ltd,True,False,False,False
Sysmex,True,False,False,False
rameywine.com,True,False,False,False
Lodan Electronics Inc,True,False,False,False
PSEC Church,True,False,False,False
Tech-Quip Inc,True,False,False,False
K2systems.ca,True,False,False,False
Sfi-wfc.com,True,False,False,False
Bendallmednick,True,False,False,False
Comohotels.com,True,False,False,False
Aluminumtrailer.com,True,False,False,False
Southcoindustries.com,True,False,False,False
Kogok.com,True,False,False,False
Baystate.edu,True,False,False,False
Tecnolite.com,True,False,False,False
Solucionesls.com,True,False,False,False
Saglobal.com,True,False,False,False
Thors-Data.dk,True,False,False,False
Avant IT Norway,True,False,False,False
Lakes Precision,True,False,False,False
Neurobehavioral Medicine Consultants,True,False,False,False
Santa Cruz Seaside,True,False,False,False
Florida Memorial University,True,False,False,False
Reeves-Wiedeman,True,False,False,False
Exela Technologies,True,False,False,False
Primeimaging Data Leak,True,False,False,False
"Otolaryngology Associates, LLC",True,False,False,False
anovahealth.com,True,False,False,False
PT Bank Pembangunan Daerah Banten Tbk,True,False,False,False
vilis.com,True,False,False,False
pstrans.com,True,False,False,False
fpdcompany.com,True,False,False,False
northamericansigns.com,True,False,False,False
otrwheel.com,True,False,False,False
prodrive.com,True,False,False,False
dgse.com,True,False,False,False
Summer Fresh,True,False,False,False
Pavilion Construction,True,False,False,False
Boingo Graphics,True,False,False,False
bulwarkpestcontrol.com,True,False,False,False
lagunitas.com,True,False,False,False
carolinafoodsinc.com,True,False,False,False
ero-etikett.com,True,False,False,False
amerlux.com,True,False,False,False
organizedliving.com,True,False,False,False
mjcelco.com,True,False,False,False
kmbdg.com,True,False,False,False
pctinternational.com,True,False,False,False
theshootingwarehouse.com,True,False,False,False
Mermet,True,False,False,False
Tbr Kowalczyk,True,False,False,False
JM Thompson,True,False,False,False
Weld Plus,True,False,False,False
qosina.com,True,False,False,False
Festspielhaus Baden-Baden,True,False,False,False
West Monroe,True,False,False,False
Frawner,True,False,False,False
Alber Law Group,True,False,False,False
Hartz,True,False,False,False
Quality Enclosures,True,False,False,False
Lawrence Semiconductor Research Laboratory,True,False,False,False
Lambda Energy Resources,True,False,False,False
dkpvlaw.com,True,False,False,False
lifelinedatacenters.com,True,False,False,False
countryvillahealthservices.com,True,False,False,False
lindquistinsurance.com,True,False,False,False
pcscivilinc.com,True,False,False,False
krueth.de,True,False,False,False
NHS Scotland,True,False,False,False
tmt-mc.jp,True,False,False,False
contenderboats.com,True,False,False,False
HC Querétaro,True,False,False,False
UNDP,True,False,False,False
Lindos Group Of Companies,True,False,False,False
isophon glas GmbH,True,False,False,False
Miki Travel Limited,True,False,False,False
nampak.com,True,False,False,False
El Debate,True,False,False,False
SummerFresh,True,False,False,False
polycab.com,True,False,False,False
Barrie and Community Family Health Team,True,False,False,False
Lieberman LLP,True,False,False,False
Affiliated Dermatologists and Dermatologic Surgeons,True,False,False,False
Koi Design,True,False,False,False
Tanis Brush,True,False,False,False
Crimsgroup,True,False,False,False
Woodsboro ISD,True,False,False,False
regencymedia.com.au,True,False,False,False
wblight.com,True,False,False,False
CLARK Material Handling Company,True,False,False,False
Dunbier Boat Trailers,True,False,False,False
Big Issue Group,True,False,False,False
Greenline Service,True,False,False,False
Teton Orthopaedics,True,False,False,False
Calida,True,False,False,False
Vita IT,True,False,False,False
European Centre for Compensation,True,False,False,False
Burnham Wood Charter Schools,True,False,False,False
kh.org,True,False,False,False
Ejército del Per,True,False,False,False
"Law Offices of John V. Orrick, P.L.",True,False,False,False
Pantana CPA,True,False,False,False
Hallesche Kraftverkehrs & Speditions GmbH,True,False,False,False
ACS,True,False,False,False
Vhs-vaterstetten.de,True,False,False,False
Gascontec.com,True,False,False,False
Equatorial Energia,True,False,False,False
SchwarzGrantz,True,False,False,False
Title Management Inc,True,False,False,False
Pascoe International,True,False,False,False
Regina Dental Group,True,False,False,False
Impac Mortgage Holdings,True,False,False,False
Power Generation  Engineering and Services Company (PGESCo) - pgesco.com,True,False,False,False
Bira 91,True,False,False,False
Chambers Construction Co.,True,False,False,False
newagesys.com,True,False,False,False
kelson.on.ca,True,False,False,False
flynncompanies.com,True,False,False,False
Casa Santiveri,True,False,False,False
ptsmi.co.id,True,False,False,False
Industrial de Alimentos EYL SA,True,False,False,False
politiaromana.ro,True,False,False,False
rabitbd.com,True,False,False,False
pbgbank.com,True,False,False,False
excellifecoaching.com,True,False,False,False
keralapolice.gov.in,True,False,False,False
"Henry County, Illinois",True,False,False,False
northerncasket.com,True,False,False,False
tmbs.ch,True,False,False,False
pathologie-bochum.de,True,False,False,False
La Pastina ,True,False,False,False
Yuxin Automobile Co.Ltd,True,False,False,False
24/7 Express Logistics,True,False,False,False
Aceromex,True,False,False,False
Chung Hwa Chemical Industrial Works,True,False,False,False
SUMMIT VETERINARY PHARMACEUTICALS LIMITED,True,False,False,False
Informist Media,True,False,False,False
ALAB laboratoria,True,False,False,False
Di Martino Group,True,False,False,False
Rockford Gastroenterology Associates,True,False,False,False
HALLIDAYS GROUP LIMITED,True,False,False,False
Die Unfallkasse Thüringen,True,False,False,False
Wurzbacher,True,False,False,False
Ranzijn,True,False,False,False
SHORTERM GROUP,True,False,False,False
In****GmbH,True,False,False,False
KI****UP,True,False,False,False
St****nc,True,False,False,False
Sc****tz,True,False,False,False
MarineMax,True,False,False,False
Suburban Surgical Care Specialists,True,False,False,False
igf-inc.com,True,False,False,False
logistasolutions.com,True,False,False,False
oceaneering.com,True,False,False,False
interluxury.com,True,False,False,False
Kolbe Striping,True,False,False,False
Springfield Sign,True,False,False,False
ÖSTENSSONS LIVS AB,True,False,False,False
Filexis AG Treuhand und Immobilien,True,False,False,False
South Star Electronics,True,False,False,False
"Accipiter Capital Management, LLC ",True,False,False,False
Urban Strategies,True,False,False,False
Sting AD,True,False,False,False
Jasper-Dubois County Public Library,True,False,False,False
Therapeutic Health Services,True,False,False,False
Panzeri Cattaneo,True,False,False,False
Retirement Line,True,False,False,False
Delta Pipeline,True,False,False,False
"Mayer Antonellis Jachowicz & Haranas, LLP",True,False,False,False
P&B Capital Group,True,False,False,False
"Butler, Lavanceau & Sober",True,False,False,False
Dr. Leeman ENT,True,False,False,False
******************,True,False,False,False
HSI,True,False,False,False
AGL,True,False,False,False
Sun Holdings,True,False,False,False
paginesi,True,False,False,False
eclinicalsol.com,True,False,False,False
grupatopex.com,True,False,False,False
activeconceptsllc.com,True,False,False,False
Romark Laboratories ,True,False,False,False
RSHP,True,False,False,False
crinetics.com,True,False,False,False
highfashion.com.hk,True,False,False,False
Ramdev Chemical Industries,True,False,False,False
Rafum Group,True,False,False,False
Autorità di Sistema Portuale del Mar Tirreno Settentrionale It,True,False,False,False
Elior UK ,True,False,False,False
Indoarsip,True,False,False,False
Bwizer,True,False,False,False
Topa Partners,True,False,False,False
HUDSONBUSSALES.COM,True,False,False,False
Desco Steel,True,False,False,False
Metzger Veterinary Services,True,False,False,False
Consolidated Benefits Resources,True,False,False,False
agribank.com.na,True,False,False,False
triella.com,True,False,False,False
rrib.com,True,False,False,False
newmans-online.co.uk,True,False,False,False
hdstrading.com,True,False,False,False
duttonbrock.com,True,False,False,False
colefabrics.com,True,False,False,False
bergmeister.eu,True,False,False,False
automotionshade.com,True,False,False,False
Miki Travel,True,False,False,False
certifiedcollection.com,True,False,False,False
Acculabs Inc,True,False,False,False
oyaksgs.com.tr,True,False,False,False
ATMCo,True,False,False,False
elezabypharmacy.com,True,False,False,False
South St Paul Public Schools,True,False,False,False
ATL Leasing,True,False,False,False
lostlb,True,False,False,False
education.eeb-lost,True,False,False,False
worthenind.com,True,False,False,False
rushenergyservices.com,True,False,False,False
sbmandco.com,True,False,False,False
mckimcreed.com,True,False,False,False
moperry.com,True,False,False,False
Cosmocolor,True,False,False,False
voidinteractive.net you are welcome in our chat,True,False,False,False
journeyfreight.com,True,False,False,False
dhanisisd.net,True,False,False,False
mioa.gov,True,False,False,False
gfad.de,True,False,False,False
"Keboda Technology Co., Ltd.",True,False,False,False
iamdesign.com,True,False,False,False
yarco.com,True,False,False,False
McKim & Creed ,True,False,False,False
SBM & Co ,True,False,False,False
Summit Almonds,True,False,False,False
Encina Wastewater Authority,True,False,False,False
SBM & Co,True,False,False,False
Felda Global Ventures Holdings Berhad,True,False,False,False
geruestbau.com,True,False,False,False
Judge Rotenberg Center,True,False,False,False
Dörr Group,True,False,False,False
Kovra ,True,False,False,False
Brewer Davidson,True,False,False,False
Forstinger Österreich GmbH,True,False,False,False
vsexshop.ru,True,False,False,False
QEO Group,True,False,False,False
ATL,True,False,False,False
duvel.com | boulevard.com,True,False,False,False
Hu********.ca,True,False,False,False
Kenneth Young Center,True,False,False,False
sunholdings.net,True,False,False,False
xcelbrands.com,True,False,False,False
cpacsystems.se,True,False,False,False
elmatic.de,True,False,False,False
keystonetech.com,True,False,False,False
dutyfreeamericas.com,True,False,False,False
sierralobo.com,True,False,False,False
contechs.co.uk,True,False,False,False
creativeenvironments.com,True,False,False,False
linksunlimited.com,True,False,False,False
imperialtrading.com,True,False,False,False
Brooks Tropicals,True,False,False,False
Withall,True,False,False,False
WALKERSANDFORD,True,False,False,False
Kaplan,True,False,False,False
Federchimica,True,False,False,False
CHRG,True,False,False,False
Sprimoglass,True,False,False,False
Schokinag,True,False,False,False
Zips Car Wash,True,False,False,False
Bechtold,True,False,False,False
Canada Revenue Agency,True,False,False,False
White Oak Partners,True,False,False,False
Ruda Auto,True,False,False,False
Image Pointe,True,False,False,False
Grassmid Transport,True,False,False,False
Fashion UK,True,False,False,False
QI Group,True,False,False,False
BiTec,True,False,False,False
Bridger Insurance,True,False,False,False
SREE Hotels,True,False,False,False
Q?? ??o??,True,False,False,False
Premier Technology,True,False,False,False
londonvisionclinic.com,True,False,False,False
lec-london.uk,True,False,False,False
Computan ,True,False,False,False
plymouth.com,True,False,False,False
neigc.com,True,False,False,False
gpaa.gov.za,True,False,False,False
NetVigour,True,False,False,False
cleshar.co.uk,True,False,False,False
ammega.com,True,False,False,False
renypicot.es,True,False,False,False
Scadea Solutions ,True,False,False,False
https://www.consorzioinnova.it,True,False,False,False
DVT ,True,False,False,False
Rekamy ,True,False,False,False
go4kora ,True,False,False,False
H + G EDV Vertriebs,True,False,False,False
Fincasrevuelta,True,False,False,False
Lindsay Municipal Hospital,True,False,False,False
Group Health Cooperative - Rev 500kk,True,False,False,False
ACE Air Cargo,True,False,False,False
Watsonclinic.com,True,False,False,False
Continental Aerospace Technologies,True,False,False,False
redwoodcoastrc.org,True,False,False,False
PowerRail Distribution,True,False,False,False
Denninger’s ,True,False,False,False
SIEA ,True,False,False,False
Hozzify ,True,False,False,False
vdhelm,True,False,False,False
PFLEET,True,False,False,False
elsapspa,True,False,False,False
CHOCOTOPIA,True,False,False,False
mirel,True,False,False,False
rmhfranchise.com,True,False,False,False
New York Home Healthcare,True,False,False,False
"Palmer Construction Co., Inc",True,False,False,False
en-act-architecture,True,False,False,False
Merchant ID ,True,False,False,False
SP Mundi ,True,False,False,False
duvel,True,False,False,False
www.loghmanpharma.com,True,False,False,False
MainVest,True,False,False,False
C?????????? A???????e T???????????,True,False,False,False
Haivision MCS,True,False,False,False
Tocci Building Corporation,True,False,False,False
JVCKENWOOD ,True,False,False,False
American Renal Associates ,True,False,False,False
US #1364 Federal Credit Union,True,False,False,False
viadirectamarketing,True,False,False,False
Liquid Environmental Solutions,True,False,False,False
Infosoft,True,False,False,False
brightwires.com.sa,True,False,False,False
Medical Billing Specialists,True,False,False,False
Telecentro,True,False,False,False
Steiner (Austrian furniture makers),True,False,False,False
Biomedical Research Institute,True,False,False,False
K???o???,True,False,False,False
Enplast,True,False,False,False
Kudulis Reisinger Price,True,False,False,False
Global Zone,True,False,False,False
Mediplast AB,True,False,False,False
airbogo,True,False,False,False
sunwave.com.cn,True,False,False,False
SJCME.EDU,True,False,False,False
central.k12.or.us,True,False,False,False
iemsc.com,True,False,False,False
hawita-gruppe,True,False,False,False
Future Generations Foundation,True,False,False,False
Seven Seas Group,True,False,False,False
Paul Davis Restoration,True,False,False,False
Veeco,True,False,False,False
dismogas,True,False,False,False
everplast,True,False,False,False
"DiVal Safety Equipment, Inc.",True,False,False,False
America Chung Nam orACN,True,False,False,False
jovani.com,True,False,False,False
valoremreply.com,True,False,False,False
"Martin's, Inc.",True,False,False,False
Prompt Financial Solutions ,True,False,False,False
Sophiahemmet University ,True,False,False,False
Centennial Law Group LLP,True,False,False,False
Eastern Rio Blanco Metropolitan,True,False,False,False
Chris Argiropoulos Professional,True,False,False,False
THAISUMMIT.US,True,False,False,False
THESAFIRCHOICE.COM,True,False,False,False
ipmaltamira,True,False,False,False
earnesthealth.com,True,False,False,False
Ward Transport & Logistics,True,False,False,False
Ponoka.ca,True,False,False,False
Stoney Creek Furniture,True,False,False,False
stockdevelopment.com,True,False,False,False
Ewig Usa,True,False,False,False
aerospace.com,True,False,False,False
starkpower.de,True,False,False,False
roehr-stolberg.de,True,False,False,False
schuett-grundei.de,True,False,False,False
unitednotions.com,True,False,False,False
smuldes.com,True,False,False,False
esser-ps.de,True,False,False,False
Skyland Grain,True,False,False,False
American Nuts,True,False,False,False
A&A Wireless,True,False,False,False
Powill Manufacturing & Engineering,True,False,False,False
Trans+Plus Systems,True,False,False,False
Hedlunds,True,False,False,False
Red River Title,True,False,False,False
Compact Mould,True,False,False,False
Winona Pattern & Mold,True,False,False,False
Marketon,True,False,False,False
Stack Infrastructure,True,False,False,False
Coastal Car,True,False,False,False
New Bedford Welding Supply,True,False,False,False
Influence Communication,True,False,False,False
Kool-air,True,False,False,False
FBi Construction,True,False,False,False
SBM & Co,True,False,False,False
Shooting House ,True,False,False,False
Crystal Window & Door Systems,True,False,False,False
Gilmore Construction,True,False,False,False
Petrus Resources Ltd,True,False,False,False
CoreData,True,False,False,False
Gansevoort Hotel Group,True,False,False,False
DJI Company,True,False,False,False
Kick,True,False,False,False
Shein,True,False,False,False
Kumagai Gumi Group,True,False,False,False
Gilmore & Associates,True,False,False,False
hvd.host,True,False,False,False
Allan Berger & Associates,True,False,False,False
Faison,True,False,False,False
Erwat,True,False,False,False
Artissimo Designs,True,False,False,False
Array Networks,True,False,False,False
goodinabernathy.com,True,False,False,False
scullionlaw.com,True,False,False,False
fcw.ch,True,False,False,False
haas4.com,True,False,False,False
alanritchey.com,True,False,False,False
Benthanh Group,True,False,False,False
sunharbormanor.com,True,False,False,False
HSPG & Associates,True,False,False,False
gapsolutions.com.au,True,False,False,False
Essential Labs,True,False,False,False
Dinamic Oil,True,False,False,False
HAL Allergy,True,False,False,False
"Hotel Avenida, Hostal Espoz y Mina, Hostal Arriazu, Pension Alemana",True,False,False,False
easternshipbuilding.com,True,False,False,False
J A Piper Roofing,True,False,False,False
etairoshealth.com,True,False,False,False
Bangladesh Police,True,False,False,False
"Hypertension Nephrology Associates, P.C.",True,False,False,False
Medall Healthcare Pvt Ltd.,True,False,False,False
Change Healthcare - Optum - UnitedHealth,True,False,False,False
DTN Management Company,True,False,False,False
vertdure.com,True,False,False,False
sundbirsta.com,True,False,False,False
abtexelgroup.com,True,False,False,False
Frencken,True,False,False,False
Orange Public School District,True,False,False,False
Saudia MRO,True,False,False,False
Bertani Trasporti Spa,True,False,False,False
Acies Srl,True,False,False,False
ROYAL INSIGNIA,True,False,False,False
RWF Frömelt,True,False,False,False
verbraucherzentrale hessen,True,False,False,False
Ireland's Department of Foreign Affairs,True,False,False,False
JS International,True,False,False,False
npgandour.com,True,False,False,False
EpicGames,True,False,False,False
Electro Marteix,True,False,False,False
moore-tibbits.co.uk,True,False,False,False
Ann & Robert H. Lurie Children's Hospital of Chicago,True,False,False,False
Hardeman County Community Health Center,True,False,False,False
WEL Partners,True,False,False,False
Ironrock,True,False,False,False
ch-armentieres.fr,True,False,False,False
metal7.com,True,False,False,False
prattindustries.com,True,False,False,False
PEDDIE.ORG,True,False,False,False
BRADSHAW-MEDICAL.COM,True,False,False,False
Penn Cinema ,True,False,False,False
GCA Nederland,True,False,False,False
Headwater Companies LLC,True,False,False,False
Webber International University,True,False,False,False
BAZAARVOICE.COM,True,False,False,False
Southwest Industrial Sales,True,False,False,False
The Professional Liability Fund ,True,False,False,False
silganhodlings.com,True,False,False,False
Angeles Medical Centers,True,False,False,False
Bjuvs kommun,True,False,False,False
S+C Partners,True,False,False,False
silganholdings.com,True,False,False,False
ernesthealth.com,True,False,False,False
Abelsantosyasoc,True,False,False,False
calcomp,True,False,False,False
KAI,True,False,False,False
pcmarket,True,False,False,False
bombaygrills,True,False,False,False
apeagers.com.au,True,False,False,False
Pot O’ Gold Coffee,True,False,False,False
AL SHEFA FARM,True,False,False,False
dunaway.com,True,False,False,False
crbgroup.com,True,False,False,False
nationaldentex.com,True,False,False,False
equilend.com,True,False,False,False
magierp.com,True,False,False,False
Wangkanai Group,True,False,False,False
Spine West,True,False,False,False
Roncelli Plastics,True,False,False,False
Worthen Industries [FULL DATA],True,False,False,False
GRUPOCREATIVO,True,False,False,False
kinematica.ch,True,False,False,False
Welch's,True,False,False,False
IJM Corporation,True,False,False,False
Family Health center,True,False,False,False
Rapid Granulator,True,False,False,False
remkes.nl,True,False,False,False
Po****.ca,True,False,False,False
APEX - apexspedition.de,True,False,False,False
Acorn,True,False,False,False
Pressco Technology,True,False,False,False
H*********** *********y **********,True,False,False,False
ANDFLA SRL,True,False,False,False
"C and J Industries, Inc.",True,False,False,False
W???h?,True,False,False,False
team.jobs,True,False,False,False
Quik Pawn Shop,True,False,False,False
PEER Consultants,True,False,False,False
mtmrobotics.com,True,False,False,False
abcor.com.au,True,False,False,False
nfllp.com,True,False,False,False
climatech.com,True,False,False,False
usmerchants.com,True,False,False,False
birchallfoodservice.co.uk,True,False,False,False
dilweg.com,True,False,False,False
zircodata.com,True,False,False,False
Hardeman County Community Health Center,True,False,False,False
Worthen Industries [We're giving you one last chance to save your business],True,False,False,False
KHSS (You have 3 days),True,False,False,False
Lancaster,True,False,False,False
Desarrollo De Tecnologia y Sistemas Ltda,True,False,False,False
HRTec Inc,True,False,False,False
Marchassociates,True,False,False,False
Austen Consultants,True,False,False,False
dasteam.ch,True,False,False,False
doneff.com,True,False,False,False
Helical Technology,True,False,False,False
Axel Johnson,True,False,False,False
we****.com,True,False,False,False
The************.org,True,False,False,False
Sped**********.de,True,False,False,False
INFINITIUSA.COM,True,False,False,False
River Delta Unified School District,True,False,False,False
Finlay Screening & Crushing Systems,True,False,False,False
Raocala,True,False,False,False
advancedprosolutions.com,True,False,False,False
loransrl,True,False,False,False
soco.be,True,False,False,False
se.com,True,False,False,False
First Professional Services,True,False,False,False
aivi.it,True,False,False,False
ki.se,True,False,False,False
Compression Leasing Services,True,False,False,False
Westward 360,True,False,False,False
aeromechinc.com,True,False,False,False
carlfischer.com,True,False,False,False
Bimbo Bakeries,True,False,False,False
bucher-strauss.ch,True,False,False,False
VSP Dental,True,False,False,False
Greater Napanee,True,False,False,False
Tiete Automobile,True,False,False,False
Voice Technologies,True,False,False,False
Aftrp,True,False,False,False
Chicago Zoological Society,True,False,False,False
BS&B Safety Systems L.L.C,True,False,False,False
Wapiti Energy,True,False,False,False
PSI,True,False,False,False
CP Communications,True,False,False,False
Prudential Financial,True,False,False,False
LoanDepot,True,False,False,False
www.cogans.ie,True,False,False,False
The Chas. E. Phipps,True,False,False,False
delia.pl,True,False,False,False
BRONSTEIN-CARMONA.COM,True,False,False,False
davidsbridal.com,True,False,False,False
Réseau Ribé,True,False,False,False
BRAM Auto Group,True,False,False,False
etisalat.ae,True,False,False,False
theclosingagent.com,True,False,False,False
spaldingssd.com,True,False,False,False
tormetal.cl,True,False,False,False
Concello de Teo,True,False,False,False
pacifica.co.uk,True,False,False,False
Ribe-Groupe,True,False,False,False
Griffin Dewatering,True,False,False,False
Dobrowski Stafford & Pierce,True,False,False,False
LD Davis,True,False,False,False
von Hagen,True,False,False,False
"Norman, Fox",True,False,False,False
HR Ewell & Hy-tec,True,False,False,False
Mechanical Reps,True,False,False,False
Onclusive,True,False,False,False
MeerServices,True,False,False,False
DuBose Strapping,True,False,False,False
SilverLining,True,False,False,False
Schuster Trucking Company,True,False,False,False
Asam,True,False,False,False
Advantage Orthopedic & Sports Medicine Clinic,True,False,False,False
Rush Energy Services Inc [Time's up],True,False,False,False
Hawbaker Engineering,True,False,False,False
ASP BasilicataASM MateraIRCCS CROB,True,False,False,False
champion.com.co,True,False,False,False
coreengg.com,True,False,False,False
sitrack.com,True,False,False,False
hatsinteriors.com,True,False,False,False
pradiergranulats.fr,True,False,False,False
centralepaysanne.lu,True,False,False,False
ASA Electronics [2.7 TB],True,False,False,False
bombaygrills.com,True,False,False,False
 calcomp.co.th,True,False,False,False
studiogalbusera.com,True,False,False,False
Nekoosa School District,True,False,False,False
BM Catalysts    bmcatalysts.co.uk,True,False,False,False
America Movil,True,False,False,False
FALCO Electronics,True,False,False,False
vanwingerden.com,True,False,False,False
KALEEDS,True,False,False,False
conseguros,True,False,False,False
kabat.pl,True,False,False,False
Sindicato de Enfermería (SATSE),True,False,False,False
wsnelson.com,True,False,False,False
fultoncountyga.gov,True,False,False,False
UNIFER,True,False,False,False
"Institutional Casework, Inc",True,False,False,False
ATB SA Ingénieurs-conseils SIA,True,False,False,False
mmiculinary.com,True,False,False,False
adioscancer.com,True,False,False,False
giraud,True,False,False,False
rajawali.com,True,False,False,False
motilaloswal.com,True,False,False,False
barberemerson.com,True,False,False,False
ffppkg.co.uk,True,False,False,False
patriziapepe.com,True,False,False,False
btl.info,True,False,False,False
globalrescue.com,True,False,False,False
ssmnlaw.com,True,False,False,False
leonardssyrups.com,True,False,False,False
ROOSENS BÉTONS,True,False,False,False
universalservicesms.com,True,False,False,False
Communication Federal Credit Union,True,False,False,False
doprastav.sk,True,False,False,False
The Source,True,False,False,False
ArcisGolf,True,False,False,False
Trans-Northern Pipelines,True,False,False,False
Herrs,True,False,False,False
Procopio,True,False,False,False
New Indy Containerboard,True,False,False,False
auruminstitute.org,True,False,False,False
SOPEM,True,False,False,False
Satse,True,False,False,False
Sanok Rubber CompanySpólka Akcyjna,True,False,False,False
garonproducts.com,True,False,False,False
tecasrl.it,True,False,False,False
Antunovich Associates,True,False,False,False
DHX–Dependable Hawaiian Express,True,False,False,False
Forgepresion.com,True,False,False,False
bv*********.com,True,False,False,False
ga*******.com,True,False,False,False
Rush Energy Services Inc [You have 48 hours],True,False,False,False
SERCIDE,True,False,False,False
"Lower Valley Energy, Inc",True,False,False,False
Modern Kitchens ,True,False,False,False
vhprimary.com,True,False,False,False
germaintoiture.fr,True,False,False,False
Disaronno International,True,False,False,False
Allmetal Inc.,True,False,False,False
Freedom Munitions,True,False,False,False
Arlington Perinatal Associates,True,False,False,False
jacksonvillebeach.org,True,False,False,False
robs.org,True,False,False,False
parkhomeassist.co.uk,True,False,False,False
grotonschools.org,True,False,False,False
isspol.gov,True,False,False,False
lyon.co.uk,True,False,False,False
dienerprecisionpumps.com,True,False,False,False
envie.org,True,False,False,False
sealco-leb.com,True,False,False,False
camarotto.it,True,False,False,False
paltertonprimary.co.uk,True,False,False,False
fidcornelis.be,True,False,False,False
plexustelerad.com,True,False,False,False
cabc.com.ar,True,False,False,False
textiles.org.tw,True,False,False,False
silverairways.com,True,False,False,False
Kreyenhop & Kluge,True,False,False,False
Kadac Australia,True,False,False,False
LILI'S BROWNIES,True,False,False,False
Amoskeag Network Consulting Group LLC,True,False,False,False
lacolline-skincare.com,True,False,False,False
Upper Merion Township,True,False,False,False
YKP LTDA,True,False,False,False
Village of Skokie,True,False,False,False
Lancaster County Sheriff's Office,True,False,False,False
Nastech,True,False,False,False
Benchmark Management Group,True,False,False,False
SOPEM Tunisie,True,False,False,False
Impact Energy Services,True,False,False,False
Groupe Goyette,True,False,False,False
Dalmahoy Hotel & Country Club,True,False,False,False
Carespring Health Care,True,False,False,False
Avianor Aircraft,True,False,False,False
mranet.org,True,False,False,False
aisg-online.com,True,False,False,False
maddockhenson,True,False,False,False
verdimed.es,True,False,False,False
Pacific American Fish Company Inc.,True,False,False,False
water.cc,True,False,False,False
CTSI,True,False,False,False
J.P. Original,True,False,False,False
TechNet Kronoberg AB,True,False,False,False
magi-erp.com,True,False,False,False
"Capozzi Adler, P.C.",True,False,False,False
Drost Kivlahan McMahon & O'Connor LLC,True,False,False,False
Grace Lutheran Foundation,True,False,False,False
ZGEO,True,False,False,False
alfiras.com,True,False,False,False
wannago.cloud,True,False,False,False
grupomoraval.com,True,False,False,False
cdtmedicus.pl,True,False,False,False
soken-ce.co.jp,True,False,False,False
maximumresearch.com,True,False,False,False
indoramaventures.com,True,False,False,False
willislease.com,True,False,False,False
northseayachtsupport.nl,True,False,False,False
seymourct.org,True,False,False,False
bsaarchitects.com,True,False,False,False
moneyadvicetrust.org,True,False,False,False
posen.com,True,False,False,False
macqueeneq.com,True,False,False,False
parksite.com,True,False,False,False
galbusera.it,True,False,False,False
solveindustrial.com,True,False,False,False
Ducont,True,False,False,False
perkinsmfg.com,True,False,False,False
originalfootwear.com,True,False,False,False
Jewish Home Lifecare,True,False,False,False
Distecna,True,False,False,False
Western Municipal Construction,True,False,False,False
Southwest Binding & Laminating,True,False,False,False
TeraGo,True,False,False,False
transaxle.com,True,False,False,False
PWS - The Laundry Company,True,False,False,False
PJ Green Inc,True,False,False,False
Worthen Industries,True,False,False,False
CERALP,True,False,False,False
Harinck,True,False,False,False
Anderco PTE LTD,True,False,False,False
Tetrosyl Group Limited,True,False,False,False
Therme Laa Hotel and Silent Spa,True,False,False,False
Karl Rieker GmbH and Co. KG,True,False,False,False
YRW Limited - Chartered Accountants,True,False,False,False
axsbolivia.com,True,False,False,False
vimarequipment.com,True,False,False,False
Shipleys LLP,True,False,False,False
deltron.com,True,False,False,False
B&B Electric Inc,True,False,False,False
AVer Information,True,False,False,False
Celeste,True,False,False,False
"Hbl Cpas, P.C.",True,False,False,False
ArpuPlus,True,False,False,False
gocco.com,True,False,False,False
spbglobal.com,True,False,False,False
Modern Kitchens,True,False,False,False
Greenwich Leisure,True,False,False,False
Ready Mixed Concrete,True,False,False,False
Northeastern Sheet Metal,True,False,False,False
Hannon Transport,True,False,False,False
McMillan Pazdan Smith,True,False,False,False
Mason Construction,True,False,False,False
Albert Bartlett,True,False,False,False
Perry-McCall Construction,True,False,False,False
Virgin Islands Lottery,True,False,False,False
Premier Facility Management,True,False,False,False
Douglas County Libraries,True,False,False,False
Leaders Staffing,True,False,False,False
asecos.com,True,False,False,False
GRUPO SCA（Release of all data),True,False,False,False
themisbourne.co.uk,True,False,False,False
Vail-Summit Orthopaedics & Neurosurgery (VSON),True,False,False,False
hutchpaving.com,True,False,False,False
davis-french-associates.co.uk,True,False,False,False
Campaign for Tobacco-Free Kids,True,False,False,False
VCS Observation,True,False,False,False
noe.wifi.at,True,False,False,False
ksa-architecture.com,True,False,False,False
GRTC Transit System,True,False,False,False
semesco.com,True,False,False,False
ultraflexx.com,True,False,False,False
tgestiona.br,True,False,False,False
philogen.com,True,False,False,False
prima.com,True,False,False,False
logtainer.com,True,False,False,False
portline.pt,True,False,False,False
DOD contractors you are welcome in our chat.,True,False,False,False
cxm.com,True,False,False,False
"Cole, Cole, Easley & Sciba",True,False,False,False
Commonwealth Sign,True,False,False,False
FEPCO Zona Franca SAS,True,False,False,False
pbwtulsa.com,True,False,False,False
Digitel Venezuela,True,False,False,False
Abelsantosyasoc.com.ar,True,False,False,False
"Chaney, Couch, Callaway, Carter & Associates Family Dentistry.",True,False,False,False
manitou-group.com,True,False,False,False
AbelSantosyAsociados,True,False,False,False
lexcaribbean.com,True,False,False,False
Law Office of Michael H Joseph,True,False,False,False
Tandem,True,False,False,False
Innovex Downhole Solutions,True,False,False,False
CityDfDefiance(Disclosure of all),True,False,False,False
DIROX LTDA (Vietnã),True,False,False,False
vh********en.de,True,False,False,False
etsolutions.com.mx,True,False,False,False
gatesshields.com,True,False,False,False
manchesterfertility.com,True,False,False,False
stemcor.com,True,False,False,False
Borah Goldstein Altschuler Nahins & Goidel,True,False,False,False
dms-imaging,True,False,False,False
bandcllp.com,True,False,False,False
taloninternational.com,True,False,False,False
Southwark Council,True,False,False,False
"Robert D. Clements Jr Law Group, LLLP",True,False,False,False
CNPC Peru S.A.,True,False,False,False
Primeimaging database for sale,True,False,False,False
mnorch.org,True,False,False,False
apeagers.au,True,False,False,False
derrama.org.pe,True,False,False,False
"Galaxy Fireworks, Inc",True,False,False,False
SportsMEDIA Technology,True,False,False,False
LeClair Group,True,False,False,False
Hydraflow,True,False,False,False
Sefin,True,False,False,False
North Hill,True,False,False,False
Ausa,True,False,False,False
Genesis Motors,True,False,False,False
CMG Drainage Engineering,True,False,False,False
Daher Contracting,True,False,False,False
sahchicago.org,True,False,False,False
mrm.com.mx,True,False,False,False
Elliott Wave International,True,False,False,False
VVD Elettrotecnica Srl,True,False,False,False
Basin Trucking and Oilfield Services LLC,True,False,False,False
Nbbl,True,False,False,False
Meag Va-system AB,True,False,False,False
Séquano,True,False,False,False
Geographe,True,False,False,False
"Diamond Technical Services, Inc.",True,False,False,False
Able One a Quadbridge Company,True,False,False,False
clackamas.edu,True,False,False,False
MA Engineering,True,False,False,False
TECHNICA - HACKED AND MORE THEN 300 GB DATA LEAKED!,True,False,False,False
grimme.dk,True,False,False,False
ese.com,True,False,False,False
crowe.com.za,True,False,False,False
Lomma Crane & Rigging,True,False,False,False
Castilleja School,True,False,False,False
Get Away Today,True,False,False,False
Safe Plating,True,False,False,False
Chamber of Deputies of Romania (Camera Deputaților din România),True,False,False,False
ABECOM LTDA,True,False,False,False
Black Butte Coal Co,True,False,False,False
Waterford Country School Inc,True,False,False,False
Benjamin Plumbing Inc,True,False,False,False
CORBETT EXTERMINATING Inc,True,False,False,False
Dutton Brock,True,False,False,False
North American University,True,False,False,False
mordfin,True,False,False,False
oogp.com,True,False,False,False
vidalung.ai,True,False,False,False
Kansas City Area Transportation Authority,True,False,False,False
Cislo & Thomas LLP,True,False,False,False
Image Craft,True,False,False,False
Shoma group,True,False,False,False
ehsd.org,True,False,False,False
US government (private data) +Rothschild&Rockefeller,True,False,False,False
sipicorp.com,True,False,False,False
Brazilian Business Park,True,False,False,False
elandenergy.com         Eland Energy,True,False,False,False
Valley TeleCom Group,True,False,False,False
securinux.net,True,False,False,False
jaygroup.com,True,False,False,False
Draneas Huglin Dooley LLC,True,False,False,False
Lush,True,False,False,False
"OrthoNY, Orthopedic Care",True,False,False,False
Four Hands LLC,True,False,False,False
CloudFire Italy,True,False,False,False
leclairgroup.com,True,False,False,False
NOVA Business Law Group,True,False,False,False
The Wiser Financial Group,True,False,False,False
ANI Networks,True,False,False,False
caravanclub.co.uk,True,False,False,False
Toronto Zoo,True,False,False,False
wannagocloud,True,False,False,False
neafidi,True,False,False,False
Brightstar Care,True,False,False,False
Hawbaker Engineering,True,False,False,False
Charles Trent,True,False,False,False
Innovative Automation,True,False,False,False
Tamdown,True,False,False,False
Thorite Group,True,False,False,False
US government (private data),True,False,False,False
icn-artem.com,True,False,False,False
SANDALAWOFFICES.COM,True,False,False,False
For**********.com,True,False,False,False
IntegrityInc.org   Integrity Inc,True,False,False,False
https://www.carri.com,True,False,False,False
https://www.gadotbio.com/  Gadot Biochemical Industries Ltd,True,False,False,False
accolade-group.com + levelwear.com +Taiwan  microelectronics(CRM).,True,False,False,False
a24group.com  ambition24hours.co.za,True,False,False,False
https://www.mikeferry.com,True,False,False,False
Dirig Sheet Metal,True,False,False,False
Winona Pattern & Mold,True,False,False,False
Signature Performance Insurance,True,False,False,False
MBC Law Professional Corporation,True,False,False,False
Groupe Sweetco,True,False,False,False
Bikesportz Imports,True,False,False,False
La Ligue,True,False,False,False
Midwest Service Center,True,False,False,False
Sunfab Hydraulics AB,True,False,False,False
Glimstedt,True,False,False,False
"FULL LEAK! Busse & Busee, PC Attorneys at Law",True,False,False,False
synergyfinancialgrp.com,True,False,False,False
micrometals.com,True,False,False,False
lyonshipyard.com,True,False,False,False
sierrafrontgroup.com,True,False,False,False
Cryopak,True,False,False,False
fairmontfcu.com,True,False,False,False
ktbslaw.com,True,False,False,False
dupont-restauration.fr,True,False,False,False
kivibros.com,True,False,False,False
haes.ca,True,False,False,False
cinfab.com,True,False,False,False
prudentpublishing.com,True,False,False,False
unitedindustries.co.nz,True,False,False,False
stemcor.com,True,False,False,False
Wilhoit Properties,True,False,False,False
Milestone Environmental Contracting,True,False,False,False
Total Air Solutions,True,False,False,False
Double Eagle Energy Holdings IV,True,False,False,False
R.C. Moore Trucking,True,False,False,False
envea.global,True,False,False,False
Herrs (You have 72 hours),True,False,False,False
Smith Capital - Press Release,True,False,False,False
ARPEGE,True,False,False,False
C and F Packing Company Inc.,True,False,False,False
HOE Pharmaceuticals Sdn Bhd,True,False,False,False
davidsbridal.com,True,False,False,False
agc.com,True,False,False,False
Double Eagle Development,True,False,False,False
southernwater.co.uk,True,False,False,False
Waldner's,True,False,False,False
Pozzi Italy,True,False,False,False
The Gainsborough Bath ,True,False,False,False
Richmond Fellowship Scotland,True,False,False,False
ANS COMPUTER [72hrs],True,False,False,False
deknudtframes.be,True,False,False,False
synnex-grp.com,True,False,False,False
gattoplaters.com,True,False,False,False
duconind.com,True,False,False,False
wittmann.at,True,False,False,False
qtc-energy.com,True,False,False,False
hughessupplyco.com,True,False,False,False
umi-tiles.com,True,False,False,False
cct.or.th,True,False,False,False
cmmt.com.tw,True,False,False,False
shenandoahtx.us,True,False,False,False
stjohnrochester.org,True,False,False,False
bmc-cpa.com,True,False,False,False
jasman.com.mx,True,False,False,False
North Star Tax And Accounting,True,False,False,False
KC Pharmaceuticals,True,False,False,False
Martinaire Aviation,True,False,False,False
subway.com,True,False,False,False
tvjahnrheine.de,True,False,False,False
marxan.es,True,False,False,False
home-waremmien.be,True,False,False,False
wendy.mx,True,False,False,False
swiftair.com,True,False,False,False
Worthen Industries [You have three days],True,False,False,False
Anna Jaques Hospital,True,False,False,False
pratt.edu,True,False,False,False
seiu1000.org,True,False,False,False
"Sykes Consulting, Inc.",True,False,False,False
dywidag.com,True,False,False,False
TPG Architecture,True,False,False,False
jdbchina.com,True,False,False,False
Hamilton-Madison House,True,False,False,False
Hydratek,True,False,False,False
"Busse & Busee, PC Attorneys at Law",True,False,False,False
evit.edu,True,False,False,False
Alupar Investimento SA,True,False,False,False
PROJECTSW,True,False,False,False
foxsemicon.com,True,False,False,False
Malongo France,True,False,False,False
Samuel Sekuritas Indonesia & Samuel Aset Manajemen,True,False,False,False
Premier Facility Management,True,False,False,False
Fertility North,True,False,False,False
Vision Plast,True,False,False,False
uffs.edu.br,True,False,False,False
Groveport Madison Schools,True,False,False,False
GROWTH by NCRC,True,False,False,False
LT Business Dynamics,True,False,False,False
digipwr.com,True,False,False,False
jaffeandasher.com,True,False,False,False
Gallup McKinley County Schools,True,False,False,False
aercap.com,True,False,False,False
DENHAM the Jeanmaker,True,False,False,False
"Stone, Avant & Daniels",True,False,False,False
Axfast AB,True,False,False,False
JspPharma,True,False,False,False
Syndicat Général des Vignerons de la Champagne,True,False,False,False
Washtech,True,False,False,False
SIVAM Coatings S.p.A.,True,False,False,False
Nexus Telecom Switzerland AG,True,False,False,False
nobleweb.com,True,False,False,False
selmi.com.br,True,False,False,False
onyx-fire.com,True,False,False,False
millgate.co.uk,True,False,False,False
Becker Logistics,True,False,False,False
Bestway Sales,True,False,False,False
TGS Transportation,True,False,False,False
Premium Guard,True,False,False,False
F J O'Hara & Sons,True,False,False,False
Donear Industries,True,False,False,False
Beit Handesai,True,False,False,False
shinwajpn.co.jp,True,False,False,False
maisonsdelavenir.com,True,False,False,False
vasudhapharma.com,True,False,False,False
hosted-it.co.uk,True,False,False,False
Ausa,True,False,False,False
"Republic Shipping Consolidators, Inc",True,False,False,False
Northeast Spine and Sports Medicine's,True,False,False,False
SPARTAN Light Metal Products,True,False,False,False
Hartl European Transport Company,True,False,False,False
American International College,True,False,False,False
"www.kai.id ""FF""",True,False,False,False
amenitek.com,True,False,False,False
turascandinavia.com,True,False,False,False
Lee Spring,True,False,False,False
Charm Sciences,True,False,False,False
Malabar Gold & Diamonds,True,False,False,False
Banco Promerica,True,False,False,False
arrowinternational.com,True,False,False,False
thecsi.com,True,False,False,False
pharrusa.com,True,False,False,False
Builcore,True,False,False,False
hotelcontinental.no,True,False,False,False
olea.com,True,False,False,False
asburyauto.com,True,False,False,False
Washington School For The Deaf,True,False,False,False
Former S.p.A.,True,False,False,False
International Trade Brokers and Forwarders,True,False,False,False
BALLAY MENUISERIES,True,False,False,False
"Anderson King Energy Consultants, LLC",True,False,False,False
Sems and Specials Incorporated,True,False,False,False
acutis.com,True,False,False,False
dtsolutions.net,True,False,False,False
intercityinvestments.com,True,False,False,False
hi-cone.com,True,False,False,False
Alliedwoundcare,True,False,False,False
Primeimaging,True,False,False,False
Blackburn College,True,False,False,False
Vincentz Network,True,False,False,False
Limburg,True,False,False,False
Water For People,True,False,False,False
pactchangeslives.com,True,False,False,False
Triella,True,False,False,False
Ursel Phillips Fellows Hopkinson,True,False,False,False
SHIBLEY RIGHTON,True,False,False,False
automotionshade.com,True,False,False,False
R Robertson Insurance Brokers,True,False,False,False
molnar&partner,True,False,False,False
hartalega.com.my,True,False,False,False
agnesb.eu,True,False,False,False
twt.co.za,True,False,False,False
tiautoinvestments.co.za,True,False,False,False
Group Bogart,True,False,False,False
Delco Automation,True,False,False,False
Viridi,True,False,False,False
Ito Pallpack Gruppen,True,False,False,False
Corinth Coca-Cola Bottling Works,True,False,False,False
Precision Tune Auto Care,True,False,False,False
Erbilbil Bilgisayar,True,False,False,False
HALLEONARD,True,False,False,False
Van Buren Public Schools,True,False,False,False
Heller Industries,True,False,False,False
"CellNetix Pathology & Laboratories, LLC",True,False,False,False
mciwv.com,True,False,False,False
morganpilate.com,True,False,False,False
capitalhealth.org,True,False,False,False
Flash-Motors Last Warning,True,False,False,False
Agro Baggio LTDA,True,False,False,False
Maas911.com,True,False,False,False
GRUPO SCA,True,False,False,False
Televerde,True,False,False,False
The Lutheran World Federation,True,False,False,False
Geologics,True,False,False,False
Proax Technologies LTD,True,False,False,False
Somerset Logistics,True,False,False,False
ips-securex.com,True,False,False,False
Project M.O.R.E.,True,False,False,False
Thermosash Commercial Ltd,True,False,False,False
"Gunning & LaFazia, Inc.",True,False,False,False
Diablo Valley Oncology and Hematology Medical Group - Press Release,True,False,False,False
Kershaw County School District,True,False,False,False
Bradford Health,True,False,False,False
Madison Capital & WPM & The Time Group,True,False,False,False
groupe-idea.com,True,False,False,False
SAED International,True,False,False,False
graebener-group.com,True,False,False,False
leonardsexpress.com,True,False,False,False
nals.com,True,False,False,False
MPM Medical Supply,True,False,False,False
DELPHINUS.COM,True,False,False,False
Aspiration Training,True,False,False,False
Southeast Vermont Transit (MOOver),True,False,False,False
"Morgan, Chambers & Wright & The Green Group",True,False,False,False
Keyser Mason Ball,True,False,False,False
Xerox Corp,True,False,False,False
Kenya Airways,True,False,False,False
Clearwinds,True,False,False,False
contimade.cz,True,False,False,False
eagersautomotive.com.au,True,False,False,False
Okada Manilla,True,False,False,False
Erbilbil Bilgisayar (You have 72 hours),True,False,False,False
Banco Promerica de la República Dominicana,True,False,False,False
krijnen.be,True,False,False,False
bellgroup.co.uk,True,False,False,False
coop.se,True,False,False,False
tridon.com.au,True,False,False,False
Nej Inc was hacked,True,False,False,False
americanalarm.com,True,False,False,False
gdi.com,True,False,False,False
bachoco.com.mx,True,False,False,False
pbssystems.com,True,False,False,False
Northland Mechanical Contractors,True,False,False,False
Wesgar Inc,True,False,False,False
CVR Associates,True,False,False,False
hoffmanestates.org,True,False,False,False
coastalplainsctr.org,True,False,False,False
webblaw.com,True,False,False,False
Ohio Lottery,True,False,False,False
EPS.RS,True,False,False,False
Lake of the Woods County,True,False,False,False
M********org,True,False,False,False
Ma******.com,True,False,False,False
Ultra Intelligence & Communications,True,False,False,False
"Aura Engineering, LLC",True,False,False,False
FIRST 5 Santa Clara County,True,False,False,False
ecom.gov.il,True,False,False,False
maytronics.com,True,False,False,False
richmont.edu,True,False,False,False
coaxis.com,True,False,False,False
smbw.com.au,True,False,False,False
Regarding FM,True,False,False,False
carolinalemke.com,True,False,False,False
ari.co.il,True,False,False,False
Abdali Hospital,True,False,False,False
Tshwane University of Technology,True,False,False,False
Blaine County Schools,True,False,False,False
pcmarket.uz,True,False,False,False
International Electronic Machines Corp,True,False,False,False
co.pickens.sc.us,True,False,False,False
walkro.eu,True,False,False,False
ontariopork.on.ca,True,False,False,False
zrvp.ro,True,False,False,False
tecnifibre.com,True,False,False,False
hendelsinc.com,True,False,False,False
Horizon Pool and Spa,True,False,False,False
Davis Cedillo and Mendoza Inc,True,False,False,False
Ono Academic College,True,False,False,False
dorimedia,True,False,False,False
gav.co.il,True,False,False,False
ZIV Hospital,True,False,False,False
Prefeitura Municipal de Itabira,True,False,False,False
bkf-fleuren.de,True,False,False,False
avescorent.ch,True,False,False,False
allot.com,True,False,False,False
Bay Orthopedic & Rehabilitation Supply,True,False,False,False
forabank.ru,True,False,False,False
vasexperts.ru,True,False,False,False
zurcherodioraven.com,True,False,False,False
quakerwindows.com,True,False,False,False
bconnect.co.il,True,False,False,False
super-pharm.co.il,True,False,False,False
PriceSmart (Update),True,False,False,False
castores.com.mx,True,False,False,False
VF Corporation,True,False,False,False
ciasc.mx,True,False,False,False
csmsa.com.ar,True,False,False,False
whafh.com,True,False,False,False
hotelplan.co.uk,True,False,False,False
Nissan Australia,True,False,False,False
xeinadin.com,True,False,False,False
igs-inc.com,True,False,False,False
teldor.com,True,False,False,False
erco.co.il,True,False,False,False
esepac.com,True,False,False,False
fager-mcgee.com,True,False,False,False
goldenc.com,True,False,False,False
sterlinghomes.com.au,True,False,False,False
denford.co.uk,True,False,False,False
comtrade.com,True,False,False,False
zewailcity.edu.eg,True,False,False,False
evn.com.vn,True,False,False,False
inwi.ma,True,False,False,False
rmutto.ac.th,True,False,False,False
trabzon.edu.tr,True,False,False,False
ACE Air Cargo,True,False,False,False
Kinetic Leasing,True,False,False,False
dillarddoor.com,True,False,False,False
cts.co.uk,True,False,False,False
hunterbuildings.com,True,False,False,False
larlyn.com,True,False,False,False
wkw-group.com,True,False,False,False
dbmgroup.com,True,False,False,False
Jon Richard,True,False,False,False
Concept Data,True,False,False,False
Packaging Solutions,True,False,False,False
Owen Quilty Professional,True,False,False,False
zonesoft.pt,True,False,False,False
zonesoft.pt,True,False,False,False
Yakult Australia,True,False,False,False
Bladen County Public Library,True,False,False,False
smudlers.com,True,False,False,False
Unite Here,True,False,False,False
tefentech.com,True,False,False,False
zoko.co.il,True,False,False,False
Di Martino Group ,True,False,False,False
Rockford Gastroenterology Associates ,True,False,False,False
HALLIDAYS GROUP LIMITED ,True,False,False,False
Die Unfallkasse Thüringen ,True,False,False,False
NIDEC GPM GmbH,True,False,False,False
dobsystems.com,True,False,False,False
des-igngroup.com,True,False,False,False
Navigation Financial Group,True,False,False,False
udhaiyamdhall.com,True,False,False,False
bigcenters.rs,True,False,False,False
aek.mk,True,False,False,False
metalnet.nl,True,False,False,False
interfides.de,True,False,False,False
lzaim38.ru,True,False,False,False
qb2b.ru,True,False,False,False
emprint.com,True,False,False,False
lapostemobile.fr,True,False,False,False
acac.com,True,False,False,False
krasnoyarsk.amaks,True,False,False,False
avrora24.ru,True,False,False,False
habarovsk.amaks,True,False,False,False
maritimebank.com,True,False,False,False
croc.ru,True,False,False,False
carmoney.ru,True,False,False,False
roomhotel-sochi.ru,True,False,False,False
atol.ru,True,False,False,False
gaztranscom.ru,True,False,False,False
kailos.ru,True,False,False,False
promproektspb.ru,True,False,False,False
auditexpertnn.ru,True,False,False,False
Air Sino-Euro Associates Travel Pte. Ltd,True,False,False,False
LCGB,True,False,False,False
CETEC Ingénierie,True,False,False,False
The International School of Management,True,False,False,False
Employ Milwaukee,True,False,False,False
Horizon Pool & Spa,True,False,False,False
socadis,True,False,False,False
Davis Cedillo & Mendoza Inc,True,False,False,False
spiritleatherworks.com,True,False,False,False
WELBRO Building Corporation,True,False,False,False
strauss-group.com,True,False,False,False
RCSB PDB,True,False,False,False
mtsd-vt.org,True,False,False,False
Viking Therapeutics,True,False,False,False
www.pts-tools.com,True,False,False,False
www.plasson-pead.com.br,True,False,False,False
www.nistx.com,True,False,False,False
www.ktstooling.com,True,False,False,False
www.herrickindustrial.com,True,False,False,False
www.drillmex.com,True,False,False,False
www.dixie-tool.com,True,False,False,False
www.copreinternacional.com,True,False,False,False
www.butlerbros.com,True,False,False,False
www.atwoodindustries.com,True,False,False,False
wsies.com,True,False,False,False
vehicle.touch-ins.co.il,True,False,False,False
tryhardindustrial.ca,True,False,False,False
sys.udidagan.co.il,True,False,False,False
sys.touch-ins.co.il,True,False,False,False
sys-cspartnershq1.caesarstone.com,True,False,False,False
sys-cspartners.caesarstoneus.com,True,False,False,False
sys-cspartners.caesarstone.sg,True,False,False,False
sys-cspartners.caesarstone.co.uk,True,False,False,False
sys-cspartners.caesarstone.com.au,True,False,False,False
sys-cspartners.caesarstone.ca,True,False,False,False
sys.biopet.co.il,True,False,False,False
store.toolneeds.com,True,False,False,False
store.brunswickindustrial.com,True,False,False,False
stage.kravitz.co.il,True,False,False,False
shop.smithindustrialsupply.com,True,False,False,False
shop.shopsupply.net,True,False,False,False
shop.reggiemckenzieindustrial.com,True,False,False,False
shop.qct.tools,True,False,False,False
shop.lgindustrial.com,True,False,False,False
shop.emprecise.com,True,False,False,False
shop.clador.com,True,False,False,False
shop.britecon.com,True,False,False,False
shefa-online.co.il,True,False,False,False
selwayindustrialsupply.com,True,False,False,False
rocket-supply.com,True,False,False,False
rmpis.com,True,False,False,False
reserved-il.com,True,False,False,False
pts-tools.com,True,False,False,False
product.touch-ins.co.il,True,False,False,False
pmt-usa.com,True,False,False,False
phoenix.touch-ins.co.il,True,False,False,False
pet.touch-ins.co.il,True,False,False,False
pet.biopet.co.il,True,False,False,False
paragon-supply.com,True,False,False,False
old.shefa-online.co.il,True,False,False,False
norviktools.com,True,False,False,False
northernprecisionsales.com,True,False,False,False
newstore.johnstoncompanies.com,True,False,False,False
mortgage.touch-ins.co.il,True,False,False,False
morsecuttingtools.com,True,False,False,False
mitchellmckinney.com,True,False,False,False
mgisales.com,True,False,False,False
m.biopet.co.il,True,False,False,False
libertytool.com,True,False,False,False
ktstooling.com,True,False,False,False
knightesupply.com,True,False,False,False
keter.com,True,False,False,False
keter.co.il,True,False,False,False
its-supply.com,True,False,False,False
h-o.co.il,True,False,False,False
goronco.com,True,False,False,False
gordonindustrial.com,True,False,False,False
global.keter.com,True,False,False,False
giddirect.com,True,False,False,False
gfwdsupply.com,True,False,False,False
fugatesales.com,True,False,False,False
drillmex.com,True,False,False,False
dixie-tool.com,True,False,False,False
dctsupply.com,True,False,False,False
cspartnershq1.caesarstone.com,True,False,False,False
cspartners.caesarstoneus.com,True,False,False,False
cspartners.caesarstone.sg,True,False,False,False
cspartners.caesarstone.co.uk,True,False,False,False
cspartners.caesarstone.com.au,True,False,False,False
cspartners.caesarstone.ca,True,False,False,False
core.touch-ins.co.il,True,False,False,False
copreinternacional.com,True,False,False,False
colmarindustrial.com,True,False,False,False
cmtindustrial.com,True,False,False,False
cdt1.com,True,False,False,False
catalog.ustg.net,True,False,False,False
catalog.toolkrib.com,True,False,False,False
catalog.fotcnc.com,True,False,False,False
cartersoshkosh.co.il,True,False,False,False
butlerbros.com,True,False,False,False
blueashsupply.com,True,False,False,False
berkshireesupply.com,True,False,False,False
barindustrial.com,True,False,False,False
badgermill.com,True,False,False,False
atwoodindustries.com,True,False,False,False
arieladar.com,True,False,False,False
api.touch-ins.co.il,True,False,False,False
apisinc.com,True,False,False,False
amtektool.com,True,False,False,False
alleghenytool.net,True,False,False,False
alcornindustrial.com,True,False,False,False
ustg.net,True,False,False,False
chuzefitness.com,True,False,False,False
brintons.co.uk,True,False,False,False
pecofoods.com,True,False,False,False
Kauno Technologijos Universitetas,True,False,False,False
Blackstone Valley Community Health Care,True,False,False,False
Richard Harris Personal Injury Law Firm,True,False,False,False
Schoepe Display,True,False,False,False
Waldner's,True,False,False,False
Succes Schoonmaak,True,False,False,False
DYWIDAG-Systems & American Transportation,True,False,False,False
C?????z????,True,False,False,False
The CM Paula,True,False,False,False
parat-technology.com,True,False,False,False
Viking Therapeutics reported to the SEC following a breach,True,False,False,False
naandanjain.com,True,False,False,False
LAJOLLAGROUP,True,False,False,False
Ta-Supply.com,True,False,False,False
Electrical Connections,True,False,False,False
navitaspet.com,True,False,False,False
vyera.com,True,False,False,False
hallidays.co.uk,True,False,False,False
techno-rezef.com,True,False,False,False
curver.com,True,False,False,False
dorot.com,True,False,False,False
graf.co.il,True,False,False,False
brother.co.il,True,False,False,False
ATCO Products Inc,True,False,False,False
Biomatrix LLC,True,False,False,False
TechKids aka MindX,True,False,False,False
SKF.com,True,False,False,False
Colonial Pipeline,True,False,False,False
rodo.co.uk,True,False,False,False
E & J Gallo Winery,True,False,False,False
Kraft Foods,True,False,False,False
Spaulding Clinical,True,False,False,False
Crace Medical Centre,True,False,False,False
DSG-US.COM,True,False,False,False
New York School of Interior Design,True,False,False,False
CTS,True,False,False,False
kohlwholesale.com,True,False,False,False
Insidesource,True,False,False,False
hebeler.com,True,False,False,False
Nexiga,True,False,False,False
MEDIMARKET,True,False,False,False
ODALYS,True,False,False,False
CIE,True,False,False,False
NNDOMAIN,True,False,False,False
ISC,True,False,False,False
DILLARD,True,False,False,False
Fred Hutchinson Cancer Research Center,True,False,False,False
bemes.com,True,False,False,False
mcs360.com,True,False,False,False
goldwind.com,True,False,False,False
converzemedia.com,True,False,False,False
rpassoc.com,True,False,False,False
"Chaney, Couch, Callaway, Carter & Associates Family Dentistry",True,False,False,False
Commonwealth Capital,True,False,False,False
Greenbox Loans Inc.,True,False,False,False
Hyman Hayes Associates,True,False,False,False
grandrapidswomenshealth.com,True,False,False,False
pcli.com,True,False,False,False
austen-it.com,True,False,False,False
Akir Metal San Tic Ltd ti was hacked. All confidential information was stolen,True,False,False,False
Gaido-fintzen.com,True,False,False,False
"DAIHO INDUSTRIAL Co.,Ltd.",True,False,False,False
cityofdefiance.com,True,False,False,False
Heart of Texas Region MHMR,True,False,False,False
PCTEL,True,False,False,False
Agl Welding Supply,True,False,False,False
Grayhill,True,False,False,False
Leedarson Lighting,True,False,False,False
Coca-Cola Singapore,True,False,False,False
Shorts,True,False,False,False
World Emblem International,True,False,False,False
The GBUAHN,True,False,False,False
Baden,True,False,False,False
Dafiti Argentina,True,False,False,False
Lunacon Construction Group,True,False,False,False
Tglt,True,False,False,False
Seven Seas,True,False,False,False
Decina,True,False,False,False
Cooper Research Technology,True,False,False,False
Greater Cincinnati Behavioral Health,True,False,False,False
ccadm.org,True,False,False,False
dawsongroup.co.uk,True,False,False,False
altezze.com.mx,True,False,False,False
Tulane University,True,False,False,False
thirdstreetbrewhouse.com   carolinabeveragegroup.com,True,False,False,False
Advantage Group International,True,False,False,False
Dameron Hospital,True,False,False,False
agy.com,True,False,False,False
alexander-dennis.com,True,False,False,False
Dillard Door & Security,True,False,False,False
cms.law,True,False,False,False
SBK Real Estate,True,False,False,False
CACG,True,False,False,False
VAC-U-MAX,True,False,False,False
Hawkins Sales,True,False,False,False
William Jackson Food Group,True,False,False,False
Groupe PROMOBE,True,False,False,False
Soethoudt metaalbewerking b.v.,True,False,False,False
REUS MOBILITAT I SERVEIS,True,False,False,False
Tim Davies Landscaping,True,False,False,False
"King Aerospace, Inc.",True,False,False,False
GlobalSpec,True,False,False,False
dena.de,True,False,False,False
woodruffenterprises.com,True,False,False,False
shareharris.com,True,False,False,False
SmartWave Technologies,True,False,False,False
Mitrani Caballero Ojam & Ruiz Moreno - Abogados,True,False,False,False
"The Teaching Company, LLC",True,False,False,False
Memorial Sloan Kettering Cancer Center,True,False,False,False
petrotec.com.qa,True,False,False,False
tradewindscorp-insbrok.com,True,False,False,False
airtechthelong.com.vn,True,False,False,False
kitahirosima.jp,True,False,False,False
Grupo Jose Alves,True,False,False,False
Insomniac Games,True,False,False,False
phillipsglobal.us,True,False,False,False
greenbriersportingclub.com,True,False,False,False
ipp-sa.com,True,False,False,False
r-ab.de,True,False,False,False
Azienda USL di Modena,True,False,False,False
igt.nl,True,False,False,False
Bayer Heritage Federal Credit Union,True,False,False,False
MSD Information technology,True,False,False,False
Goiasa,True,False,False,False
Hinsdale School District ,True,False,False,False
"Independent Recovery Resources, Inc.",True,False,False,False
Studio MF,True,False,False,False
zailaboratory.com,True,False,False,False
ISC Consulting Engineers,True,False,False,False
The Glendale Unified School District,True,False,False,False
pronatindustries.com,True,False,False,False
policia.gob.pe,True,False,False,False
Holding Slovenske elektarne,True,False,False,False
Hse,True,False,False,False
Qatar Racing and Equestrian Club,True,False,False,False
Graphic Solutions Group Inc,True,False,False,False
OpTransRights - 2,True,False,False,False
Telerad,True,False,False,False
Technical University of Mombasa,True,False,False,False
National Office for centralized procurement,True,False,False,False
Portland Government & United states government,True,False,False,False
Staples,True,False,False,False
Deqing County,True,False,False,False
Colombian National Registry,True,False,False,False
HMW - Press Release,True,False,False,False
livanova.com,True,False,False,False
Ga***********.com,True,False,False,False
Jerry Pate Energy (hack from Saltmarsh Financial Advisors),True,False,False,False
GOLFZON,True,False,False,False
aw-lawyers.com,True,False,False,False
midlandindustries.com,True,False,False,False
Idaho National Laboratory,True,False,False,False
Operation Israel - 1,True,False,False,False
Cellcom,True,False,False,False
Bezeq,True,False,False,False
"GNSS, BACNet & ModBus",True,False,False,False
Operation Jane,True,False,False,False
Atlassian,True,False,False,False
Faroe Islands,True,False,False,False
NATO Leak - 2,True,False,False,False
NATO Leak - 1,True,False,False,False
Travian Games,True,False,False,False
Grupo Televisa,True,False,False,False
Tcman,True,False,False,False
California Innovations,True,False,False,False
SMRT,True,False,False,False
"Intrepid Sea, Air & Space Museum",True,False,False,False
Postworks,True,False,False,False
PLS Logistics,True,False,False,False
Ridge Vineyards,True,False,False,False
AJO,True,False,False,False
PHIBRO GMBH,True,False,False,False
denave.com,True,False,False,False
Precision Technologies Group Ltd,True,False,False,False
Silvent North America,True,False,False,False
GreenWaste Recovery,True,False,False,False
Burton Wire & Cable,True,False,False,False
Capespan,True,False,False,False
Becker Furniture World,True,False,False,False
Payne Hicks Beach,True,False,False,False
Vitro Plus,True,False,False,False
GVM,True,False,False,False
Planbox,True,False,False,False
AG Consulting Engineering,True,False,False,False
Greater Richmond Transit,True,False,False,False
Kuriyama of America,True,False,False,False
bluewaterstt.com,True,False,False,False
omegapainclinic.com,True,False,False,False
AMCO Proteins,True,False,False,False
SML Group,True,False,False,False
stormtech,True,False,False,False
Garda,True,False,False,False
Tri-city Medical Center,True,False,False,False
Tasteful Selections,True,False,False,False
Ware Manufacturing,True,False,False,False
Neurology Center of Nevada,True,False,False,False
CIE Automotive,True,False,False,False
National Nail Corp,True,False,False,False
citizenswv.com,True,False,False,False
directradiology.com,True,False,False,False
signiflow.com,True,False,False,False
bpce.com,True,False,False,False
hopto.com,True,False,False,False
usherbrooke.ca,True,False,False,False
Visan,True,False,False,False
Tryax Realty Management - Press Release,True,False,False,False
Campbell County Schools ,True,False,False,False
Deutsche Energie-Agentur,True,False,False,False
Compass Group Italia,True,False,False,False
Aqualectra Holdings,True,False,False,False
Acero Engineering,True,False,False,False
syrtech.com,True,False,False,False
ACCU Reference Medical Lab,True,False,False,False
Sagent,True,False,False,False
fpz.com,True,False,False,False
labelians.fr,True,False,False,False
polyclinique-cotentin.com,True,False,False,False
"Lischkoff and Pitts, P.C.",True,False,False,False
SMG Confrere,True,False,False,False
Calgary TELUS Convention Centre,True,False,False,False
astley.,True,False,False,False
"Henry Schein Inc - Henry's "" LOST SHINE """,True,False,False,False
TraCS Florida FSU,True,False,False,False
aldoshoes.com,True,False,False,False
laprensani.com,True,False,False,False
mapc.org,True,False,False,False
ussignandmill.com,True,False,False,False
Rudolf-Venture Chemical Inc - Part 1,True,False,False,False
Supply Technology,True,False,False,False
Akumin,True,False,False,False
CLATSKANIEPUD,True,False,False,False
restargp.com,True,False,False,False
concertus.co.uk,True,False,False,False
Bowden Barlow Law PA,True,False,False,False
Rosens Diversified Inc ,True,False,False,False
Henry County Schools,True,False,False,False
fps.com,True,False,False,False
Full access to the school network USA,True,False,False,False
CMS Communications,True,False,False,False
Tipalti,True,False,False,False
Great Lakes Technologies,True,False,False,False
Midea Carrier,True,False,False,False
ychlccsc.edu.hk,True,False,False,False
nlt.com,True,False,False,False
Getrix,True,False,False,False
Evnhcmc,True,False,False,False
UF Resources,True,False,False,False
Nida Corp,True,False,False,False
mirle.com.tw,True,False,False,False
Bern Hotels & Resorts,True,False,False,False
"Tipalti claimed as a victim - but we'll extort Roblox and Twitch, two of their affected cl",True,False,False,False
"Tipalti claimed as a victim - but we'll extort Roblox, one of their affected clients, indi",True,False,False,False
"Lisa Mayer CA, Professional Corporation",True,False,False,False
bboed.org,True,False,False,False
hnncsb.org,True,False,False,False
elsewedyelectric.com,True,False,False,False
Austal USA,True,False,False,False
inseinc.com,True,False,False,False
royaleinternational.com,True,False,False,False
Dörr Group,True,False,False,False
IRC Engineering,True,False,False,False
Hello Cristina from Law Offices of John E Hill,True,False,False,False
Hello Jacobs from RVC,True,False,False,False
Austal,True,False,False,False
St. Johns River Water Management District,True,False,False,False
Kellett & Bartholow PLLC,True,False,False,False
Centroedile Milano,True,False,False,False
Iptor,True,False,False,False
farwickgrote.de,True,False,False,False
skncustoms.com,True,False,False,False
euro2000-spa.it,True,False,False,False
Thenewtrongroup.com,True,False,False,False
Bankofceylon.co.uk,True,False,False,False
carranza.on.ca,True,False,False,False
Agamatrix,True,False,False,False
Grupo PRIDES,True,False,False,False
HTC Global Services,True,False,False,False
Rudolf GmbH & Rudolf Venture Chemicals Inc - Press Release,True,False,False,False
Bauwerk Boen Group,True,False,False,False
Covenant Care,True,False,False,False
A**** *********** Inc,True,False,False,False
FUTURA Fundamentsysteme was hacked,True,False,False,False
Contitec Empresarial,True,False,False,False
Wakefield & Associates,True,False,False,False
DePauw University,True,False,False,False
aurobindousa.com,True,False,False,False
andersonandjones.com,True,False,False,False
Science History Institute,True,False,False,False
Yale Appliance,True,False,False,False
Verdecora,True,False,False,False
Protected: Name is hidden,True,False,False,False
Chetu ,True,False,False,False
New River Community Technical College,True,False,False,False
jacobsfarmdelcabo.com,True,False,False,False
***s****** ***t*** *e****** ***,True,False,False,False
**o** ******l*****,True,False,False,False
AQIPA,True,False,False,False
skalar.com,True,False,False,False
"Lydall, Inc.",True,False,False,False
NCCU.EDU,True,False,False,False
Alpura,True,False,False,False
ALPS Ltd,True,False,False,False
Great Valley School District ,True,False,False,False
Servicio Móvil,True,False,False,False
Teleflora,True,False,False,False
King Edward VII's Hospital,True,False,False,False
masterk.com,True,False,False,False
Maldives Ports Limited,True,False,False,False
Montachusett Regional Vocational Technical School District,True,False,False,False
Museum für Naturkunde,True,False,False,False
ALVImedica,True,False,False,False
Kologik,True,False,False,False
Tyson Foods,True,False,False,False
Hunt Guillot & Associates,True,False,False,False
Canadian Psychological Association,True,False,False,False
tcw.com,True,False,False,False
Canderel Management,True,False,False,False
OLA Consulting Engineers,True,False,False,False
Labtopia,True,False,False,False
SC Hydraulic Engineering,True,False,False,False
Unitransfer,True,False,False,False
Incisive Media,True,False,False,False
Honey Birdette,True,False,False,False
GOLDMUND,True,False,False,False
Wild Republic,True,False,False,False
Groupe Apex-Isast,True,False,False,False
Leezer Agency,True,False,False,False
Cimbali National Accounts,True,False,False,False
Fortiss LLC,True,False,False,False
Noble Mountain Tree Farm,True,False,False,False
nal.res.in,True,False,False,False
dawsongroup.uk,True,False,False,False
hi-schoolpharmacy.com,True,False,False,False
EDGE Realty Partners,True,False,False,False
SurvTech Solutions,True,False,False,False
Byfod,True,False,False,False
Retailer Web Services,True,False,False,False
Sparex,True,False,False,False
Continental Shipping Line,True,False,False,False
MooreCo,True,False,False,False
AMERICAN INSULATED GLASS,True,False,False,False
Elston-nationwide,True,False,False,False
Thillens,True,False,False,False
SinglePoint Outsourcing,True,False,False,False
China Petrochemical Development,True,False,False,False
First Housing Development,True,False,False,False
JD Sprinter Holdings 2010 SL,True,False,False,False
FYIdoctors,True,False,False,False
Axiom Construction & Consulting,True,False,False,False
Medi-Market,True,False,False,False
Odalys Vacances,True,False,False,False
First Financial Security,True,False,False,False
North Texas Municipal Water District,True,False,False,False
Yanfeng,True,False,False,False
Bangkok University,True,False,False,False
NC Central University,True,False,False,False
Imt - Press Release,True,False,False,False
Law Offices of John E Hill - Press Release,True,False,False,False
stsaviationgroup.com,True,False,False,False
InstantWhip,True,False,False,False
Vertex Resource Group,True,False,False,False
Fischione Instruments Inc,True,False,False,False
Legacy Mail Management,True,False,False,False
carrellblanton.com,True,False,False,False
Plastic Molding Technology Inc.,True,False,False,False
New River Community & Technical College,True,False,False,False
Huber Heights,True,False,False,False
sillslegal,True,False,False,False
Katsky Korins,True,False,False,False
AlJaber Engineering,True,False,False,False
ALAB laboratoria ,True,False,False,False
kenso.com.my,True,False,False,False
SWISHSMILES.COM,True,False,False,False
TXWES.EDU,True,False,False,False
SWEETLAKE.COM,True,False,False,False
SGMGROUP.COM,True,False,False,False
MORSKATEMANUFACTURING.COM,True,False,False,False
Hampton Newport News CSB (Last chance),True,False,False,False
Energy China,True,False,False,False
TALENTUM Temporal SAS,True,False,False,False
carriereindustrial.com,True,False,False,False
"Albert, Righter & Tittmann architechts, inc.",True,False,False,False
nrtw.org,True,False,False,False
preidlhof.it,True,False,False,False
ribolia.com,True,False,False,False
Lincoln Office,True,False,False,False
LCA Consultores,True,False,False,False
TJM PRODUCTS PTY. LTD,True,False,False,False
Spectrum Solutions LLC,True,False,False,False
Giti,True,False,False,False
WemaBank,True,False,False,False
Es Saadi,True,False,False,False
Zenithpharma,True,False,False,False
Back Roads,True,False,False,False
Equaldex,True,False,False,False
Vanderbilt University Medical Center,True,False,False,False
Standard Filter,True,False,False,False
des-ae.com,True,False,False,False
unidesign-jewel.com,True,False,False,False
Eckell Sparks Law Firm,True,False,False,False
officinaverdedesign.it,True,False,False,False
B+P Gerüstbau GmbH,True,False,False,False
DM Civil Construction Co,True,False,False,False
Ingo Money Inc,True,False,False,False
Nicole Miller,True,False,False,False
Pro Metals LLC,True,False,False,False
Springfield Area Chamber of Commerce,True,False,False,False
Trylon TSF Inc.,True,False,False,False
McHale Landscape Design,True,False,False,False
Fidelity National Financial,True,False,False,False
Alspec,True,False,False,False
"Custom Engineering &Fabrication, Inc.",True,False,False,False
IQ Supply Solutions,True,False,False,False
NESPOLI GROUP,True,False,False,False
Community Hospital,True,False,False,False
merz-elektro.de,True,False,False,False
art-eco.it,True,False,False,False
therobisongroup.com,True,False,False,False
ds-granit.fr,True,False,False,False
APVL ingénierie,True,False,False,False
Cold Car Spa,True,False,False,False
La Contabile Spa,True,False,False,False
DMC Luxembourg,True,False,False,False
Hills Legal Group Ltd,True,False,False,False
Brown's Bay Packing Company,True,False,False,False
"Hahn and Clay, Inc.",True,False,False,False
Imperiali AG,True,False,False,False
[DATA] Bakrie Group & Bakrie Sumatera Plantations,True,False,False,False
floydskerenlaw.com,True,False,False,False
bnpmedia.com,True,False,False,False
Verhelst,True,False,False,False
Petersen Health Care,True,False,False,False
Paul Stuart,True,False,False,False
Crystal Lake Health Center,True,False,False,False
qautomotive.com.au,True,False,False,False
martinique.no,True,False,False,False
phihydraulics.com,True,False,False,False
St Edmund's College & Prep School,True,False,False,False
helifrusa.com,True,False,False,False
*** ****e**,True,False,False,False
Bolidt,True,False,False,False
C* ** ******s ** ****de++++,True,False,False,False
Growers Express,True,False,False,False
NSEIT Limited (a subsidiary of the National Stock Exchange of India),True,False,False,False
P*******,True,False,False,False
P******** T******,True,False,False,False
Rc Moore Inc,True,False,False,False
Enware Australia Pty Ltd,True,False,False,False
sabre.co.uk,True,False,False,False
nybravestfcu.org,True,False,False,False
Hampton Newport News CSB,True,False,False,False
jlgmarine.com,True,False,False,False
Studio D.EL.LA. SRL,True,False,False,False
Barnett Millworks,True,False,False,False
"Dreyfuss Williams & Associates Co., LPA",True,False,False,False
onyourmark.org,True,False,False,False
agrovi.dk,True,False,False,False
arenaproducts.com,True,False,False,False
etude-villa.fr,True,False,False,False
UPDATE! FEAM Maintenance,True,False,False,False
brownintegratedlogistics.com,True,False,False,False
British Library,True,False,False,False
"Hahn & Clay, Inc.",True,False,False,False
Tackle West,True,False,False,False
U.L. COLEMAN COMPANIES,True,False,False,False
Autonomous Flight - @autonomousfly,True,False,False,False
Al****ia ,True,False,False,False
The DMC,True,False,False,False
nealbrothers.co.uk,True,False,False,False
generalrefrig.com,True,False,False,False
PruittHealth,True,False,False,False
ajcfood.com,True,False,False,False
CENTRE D'AUTO P.R.N. SALABERRY IN,True,False,False,False
McCray & Withrow ,True,False,False,False
Metro MPLS,True,False,False,False
HAESUNG DS CO Ltd,True,False,False,False
"Kwik Industries, Inc.",True,False,False,False
WellLife Network Inc.,True,False,False,False
ATC SA,True,False,False,False
Select Education Group,True,False,False,False
edc.dk,True,False,False,False
villanuevadelaserena.es,True,False,False,False
Admilla ELAP,True,False,False,False
Aceromex ,True,False,False,False
Chung Hwa Chemical Industrial Works ,True,False,False,False
SUMMIT VETERINARY PHARMACEUTICALS LIMITED ,True,False,False,False
Informist Media ,True,False,False,False
Epstein Law,True,False,False,False
Toyota Financial,True,False,False,False
owensgroup.uk,True,False,False,False
hsksgreenhalgh.co.uk,True,False,False,False
krblaw.com,True,False,False,False
communitydentalme.org,True,False,False,False
chicagotrading.com,True,False,False,False
adyne.com,True,False,False,False
goodhopeholdings.com,True,False,False,False
planethomelending.com,True,False,False,False
Decatur Independent School District,True,False,False,False
Consilium staffing llc,True,False,False,False
"Yamaha Motor Philippines,Inc.",True,False,False,False
Guardian Alarm,True,False,False,False
SCOLARI Srl,True,False,False,False
uchlogistics.co.uk,True,False,False,False
citycontainer.dk,True,False,False,False
FEAM Maintenance,True,False,False,False
thewalkerschool,True,False,False,False
MeridianLink fails to file with the SEC..so we do it for them + 24 hours to pay,True,False,False,False
EOS,True,False,False,False
"THK Co., Ltd.",True,False,False,False
Cardinal MetalWorks,True,False,False,False
ADH Health Products Inc,True,False,False,False
Ingeniería FULCRUM,True,False,False,False
Scheidt GmbH,True,False,False,False
"Gallagher Tire, Inc.",True,False,False,False
"MODERNGRAB, S.A.",True,False,False,False
"Storey Trucking Company, Inc.",True,False,False,False
APREVYA,True,False,False,False
Lanificio Luigi Colombo S.p.A.,True,False,False,False
MERRILL Technologies Group,True,False,False,False
Ontario Pork,True,False,False,False
Parsons Investments,True,False,False,False
kwhfreeze.fi,True,False,False,False
PIKE Technologies,True,False,False,False
Proforma Albrecht,True,False,False,False
Fgs,True,False,False,False
Trademark Property,True,False,False,False
Nomot,True,False,False,False
Global Technologies Racing Ltd,True,False,False,False
Thompson Candy,True,False,False,False
Road Scholar Transport,True,False,False,False
KaDeWe,True,False,False,False
Wyatt Detention Center,True,False,False,False
Guntert & Zimmerman,True,False,False,False
ConSpare,True,False,False,False
Premise Health,True,False,False,False
MeridianLink,True,False,False,False
Gnome Landscapes,True,False,False,False
agromatic.de,True,False,False,False
cmcsheetmetal.com,True,False,False,False
rekord.de,True,False,False,False
boulangerieauger.com,True,False,False,False
maytec.de,True,False,False,False
SheelaFoam,True,False,False,False
Naftor and Grupa Pern (Naftoport/ SIARKOPOL/ SARMATIA/ NAFTOSERWIS) is the most dangerous ,True,False,False,False
4set.es,True,False,False,False
diagnostechs,True,False,False,False
Execuzen,True,False,False,False
Lander County Convention & Tourism Authority,True,False,False,False
Southeastern Orthopaedic Specialists,True,False,False,False
Carespring,True,False,False,False
Warren General Hospital,True,False,False,False
shopbentley.com,True,False,False,False
tarltonandson.com,True,False,False,False
ASM GLOBAL,True,False,False,False
portadelaidefc,True,False,False,False
St. Lucie County Tax Collector’s,True,False,False,False
Bartec Top Holding GmbH,True,False,False,False
"Garr Silpe, P.C.",True,False,False,False
United Africa Group Ltd.,True,False,False,False
"IDESA group, S.A. De C.V.",True,False,False,False
DrilMaco,True,False,False,False
"Builders Hardware and Hollow Metal, Inc.",True,False,False,False
Homeland Inc.,True,False,False,False
Deegenbergklinik,True,False,False,False
Owens Group,True,False,False,False
"TCI Co., Ltd.",True,False,False,False
Medjet,True,False,False,False
United Site Services,True,False,False,False
NSEIT LIMITED,True,False,False,False
Moneris Solutions,True,False,False,False
muellersystems.com,True,False,False,False
msim.de,True,False,False,False
Mpr Lifts,True,False,False,False
Putzel Electrical Contractors Inc,True,False,False,False
aegean.gr,True,False,False,False
thewalkerschool.org,True,False,False,False
modafabrics.com,True,False,False,False
wombleco.com,True,False,False,False
cityofclarksville.com,True,False,False,False
digitaldruck-esser.de,True,False,False,False
hotelemc2.com,True,False,False,False
carsonteam.com,True,False,False,False
plati.it,True,False,False,False
hotel-ampere-paris.com,True,False,False,False
Pricesmart,True,False,False,False
roth-werkzeugbau.de,True,False,False,False
heinrichseegers.de,True,False,False,False
aten.com,True,False,False,False
quifatex.com,True,False,False,False
vital.co.za,True,False,False,False
creatz3d.sg,True,False,False,False
loiret.fr,True,False,False,False
PAR Group Co,True,False,False,False
MHM Health,True,False,False,False
estes-express.com,True,False,False,False
shawneemilling.com,True,False,False,False
motordepot.co.uk,True,False,False,False
Dragos Inc,True,False,False,False
floortex.com,True,False,False,False
planning.org,True,False,False,False
Who Is MONTY? ;),True,False,False,False
Sidockgroup. Published,True,False,False,False
ayakitchens.com,True,False,False,False
browardfactory.com,True,False,False,False
boslogistics.eu,True,False,False,False
morningstarco.com,True,False,False,False
"Mariposa Landscapes, Inc",True,False,False,False
Azienda Ospedaliera Universitaria Integrata di Verona,True,False,False,False
aei.cc,True,False,False,False
Action Santé Travail,True,False,False,False
Sinotech Group Taiwan,True,False,False,False
Ezi Floor Products,True,False,False,False
Rudolf Venture Chemical Inc - Press Release,True,False,False,False
Magsaysay Maritime - Press Release,True,False,False,False
SALUS Controls,True,False,False,False
"Battle Motors (CraneCarrier, CCC)",True,False,False,False
gotocfr.com,True,False,False,False
City Furniture Hire,True,False,False,False
Autocommerce,True,False,False,False
Koh Brothers,True,False,False,False
Cogdell Memorial Hospital,True,False,False,False
Simons Petroleum/Maxum Petroleum/Pilot Thomas Logistics,True,False,False,False
Jeffcoat Mechanical Services Inc,True,False,False,False
ggarabia.com,True,False,False,False
JS Hovnanian & Sons,True,False,False,False
Identification Products,True,False,False,False
M.R. Williams,True,False,False,False
DESIGNA Verkehrsleittechnik,True,False,False,False
The Supply Room Companies & Citron WorkSpaces,True,False,False,False
Ackerman-Estvold,True,False,False,False
Meindl,True,False,False,False
Conditioned Air,True,False,False,False
Inclinator,True,False,False,False
Crown Supply Co,True,False,False,False
fawry.com,True,False,False,False
amberhillgroup.com,True,False,False,False
califanocarrelli.it,True,False,False,False
Orion Township Public Library,True,False,False,False
sheehyware.com,True,False,False,False
Michael Garron Hospital,True,False,False,False
foley.k12.mn.us,True,False,False,False
OE Federal Credit Union,True,False,False,False
Avianor Group,True,False,False,False
gitiusa.com,True,False,False,False
allenovery.com,True,False,False,False
NeoDomos,True,False,False,False
Bakrie Group & Bakrie Sumatera Plantations,True,False,False,False
Indah Water Konsortium,True,False,False,False
Truck Bodies & Equipment International,True,False,False,False
Access to the large database of a US Medical organization,True,False,False,False
h-tube.com,True,False,False,False
torrescpa.com,True,False,False,False
tt-engineering.nl,True,False,False,False
nicecloud.nl,True,False,False,False
triflex.nl,True,False,False,False
cozwolle.nl,True,False,False,False
Certified Mortgage Planners,True,False,False,False
BioPower SustainableEnergy Corporation,True,False,False,False
BITZER,True,False,False,False
acawtrustfunds.ca,True,False,False,False
secci.ca,True,False,False,False
Hopewell Area School District,True,False,False,False
panaya,True,False,False,False
prime-art,True,False,False,False
ccdrc.pt,True,False,False,False
Yuxin Automobile Co.Ltd ,True,False,False,False
Aceromex (Unpay-Start Leaking),True,False,False,False
"Japan Aviation Electronics Industry, Ltd",True,False,False,False
sacksteinlaw.com,True,False,False,False
good-lawyer.com,True,False,False,False
EFU Life Assurance Ltd,True,False,False,False
kbrlaw.com,True,False,False,False
eyephy.com,True,False,False,False
Mount St. Mary's Seminary,True,False,False,False
concretevalue.com,True,False,False,False
howlandlaw.net,True,False,False,False
GEOCOM,True,False,False,False
MultiMasters,True,False,False,False
UTI Group,True,False,False,False
Comfloresta,True,False,False,False
Currax Pharmaceuticals,True,False,False,False
Advarra leak,True,False,False,False
Weidmann & Associates,True,False,False,False
Unimed Blumenau,True,False,False,False
Leaguers,True,False,False,False
Zon Beachside,True,False,False,False
Canadian Psychological Association,True,False,False,False
Corsica-Ferries,True,False,False,False
penanshin,True,False,False,False
lathamcenters.org,True,False,False,False
Assurius.be,True,False,False,False
unique-relations.at,True,False,False,False
SMH Group,True,False,False,False
nckb.com,True,False,False,False
egco.com,True,False,False,False
benya.capital,True,False,False,False
global-value-web.com,True,False,False,False
aseankorea.org,True,False,False,False
brlogistics.net,True,False,False,False
bresselouhannaiseintercom.fr,True,False,False,False
nfcc.gov.my,True,False,False,False
sansasecurity.com,True,False,False,False
emiliacentrale.it,True,False,False,False
letillet.btprms.com,True,False,False,False
ospedalecoq.it,True,False,False,False
springeroil.com,True,False,False,False
szutest.cz,True,False,False,False
mat-antriebstechnik.de,True,False,False,False
studio483.com,True,False,False,False
infosysbpm.com,True,False,False,False
tks.co.th,True,False,False,False
GeoPoint Surveying,True,False,False,False
APERS,True,False,False,False
translink.se,True,False,False,False
tasl.co.th,True,False,False,False
abhmfg.com,True,False,False,False
Livability,True,False,False,False
portlandtractor.com,True,False,False,False
unimed.coop.br,True,False,False,False
jewell.edu,True,False,False,False
microtrain.net,True,False,False,False
labor force Inc,True,False,False,False
Agile Display Solutions,True,False,False,False
Warning to Advarra & Gadi!,True,False,False,False
Bry-Air,True,False,False,False
JDRM Engineering,True,False,False,False
Craft-Maid,True,False,False,False
Hilyard's,True,False,False,False
North Dakota Grain Inspection Services,True,False,False,False
Gsp Components,True,False,False,False
Ricardo,True,False,False,False
bindagroup.com,True,False,False,False
lafase.cl,True,False,False,False
shimano.com,True,False,False,False
Contact Cottrell and McCullough,True,False,False,False
psmicorp.com,True,False,False,False
imancorp.es,True,False,False,False
AF Supply,True,False,False,False
GO! Handelsschool Aalst,True,False,False,False
Groupe Faubourg,True,False,False,False
HAL Allergy,True,False,False,False
Schwob AG,True,False,False,False
R N Wooler & Co Ltd,True,False,False,False
Detroit Symphony Orchestra,True,False,False,False
degregoris.com,True,False,False,False
Bluewater Health (CA) and others,True,False,False,False
vitaresearch.com,True,False,False,False
sanmiguel.iph,True,False,False,False
steelofcarolina.com,True,False,False,False
raumberg-gumpenstein.at,True,False,False,False
kitprofs.com,True,False,False,False
imprex.es,True,False,False,False
Software Systems ,True,False,False,False
"Hawkeye Area Community Action Program, Inc",True,False,False,False
Advarra Inc,True,False,False,False
summithealth.com,True,False,False,False
US Claims Solutions,True,False,False,False
strongtie.com,True,False,False,False
ampersand.tv,True,False,False,False
baccarat.com,True,False,False,False
piemmeonline.it,True,False,False,False
fortive.com,True,False,False,False
gannons.co.uk,True,False,False,False
gsp.com.br,True,False,False,False
TANATEX Chemicals,True,False,False,False
edwardian.com,True,False,False,False
bionpharma.com,True,False,False,False
stantonwilliams.com,True,False,False,False
hugohaeffner.com,True,False,False,False
intred.it,True,False,False,False
Town of Lowa,True,False,False,False
Traxall France,True,False,False,False
Armstrong Consultants,True,False,False,False
JAI A/S,True,False,False,False
Schöler Fördertechnik AG,True,False,False,False
Vinovalie,True,False,False,False
"Advarra Inc.(PFIZER,GILEAD ETC AFFECTED)",True,False,False,False
Romulo Law Offices,True,False,False,False
Kingsport Times-News,True,False,False,False
Mario de Cecco - Workwear & Corporate Wear IT,True,False,False,False
Universal Sewing Supply Inc,True,False,False,False
G??P???? S????y???,True,False,False,False
Patriotisk Selskab,True,False,False,False
riohondo.edu,True,False,False,False
utec.com.sa,True,False,False,False
bildco.ae,True,False,False,False
ageroute.sn,True,False,False,False
Auswide Services,True,False,False,False
B*****,True,False,False,False
Prasan Enterprises,True,False,False,False
smartuigroup.com.au,True,False,False,False
Mount Carmel Care Center,True,False,False,False
Dynametal Technologies Inc,True,False,False,False
Spolzino Termosanitari Srl,True,False,False,False
PR Clinical,True,False,False,False
McKeag & Co,True,False,False,False
STRUMET,True,False,False,False
St Raphael'S Hospice,True,False,False,False
Two Saints,True,False,False,False
Kinesis Film Srl,True,False,False,False
BMW Munique Motors,True,False,False,False
Benefit Management,True,False,False,False
Intellipop Fiber Internet,True,False,False,False
il Centro,True,False,False,False
Emmea Srl,True,False,False,False
Michels Markisen GmbH,True,False,False,False
Pontifica Universidad Católica de Chile,True,False,False,False
Veneto Transportes,True,False,False,False
Brodart,True,False,False,False
ecabusinessenergy.com,True,False,False,False
frontlineequipment.com.au,True,False,False,False
groupemontclair.com,True,False,False,False
aces-int.com,True,False,False,False
aiq.com.mx,True,False,False,False
Freeman Johnson,True,False,False,False
RANSOMEDVC is for sale,True,False,False,False
Jockey Club,True,False,False,False
topcharoen.co.th,True,False,False,False
mottamaholdings.com,True,False,False,False
Global Export Marketing Co. Ltd.,True,False,False,False
WACOSA,True,False,False,False
IBACOS,True,False,False,False
Dallas County,True,False,False,False
Alpha Mortgage,True,False,False,False
Encompass Elements,True,False,False,False
CK Associates,True,False,False,False
Yingling Aviation,True,False,False,False
Sam Tell Companies,True,False,False,False
Waterstone Faucets,True,False,False,False
Bush Refrigeration,True,False,False,False
Drug Emporium,True,False,False,False
Online Development,True,False,False,False
KDI Office Technology,True,False,False,False
Het Veer,True,False,False,False
TNT Plastic Molding,True,False,False,False
Morrison Community Hospital FULL HUGE LEAK + BONUS,True,False,False,False
ISRAEL STOP GENOCIDE IN GAZA,True,False,False,False
boeing.com,True,False,False,False
Alam Flora Sdn Bhd,True,False,False,False
Telecommunications Services of Trinidad and Tobago (tstt.co.tt),True,False,False,False
tilden-coil.com,True,False,False,False
Mutual Underwriters,True,False,False,False
Stanford University,True,False,False,False
VOLEX.COM,True,False,False,False
Wilson Lewis,True,False,False,False
ZINSER GmbH,True,False,False,False
CBS,True,False,False,False
maniland.co.uk,True,False,False,False
Laiho Group,True,False,False,False
caminorealcs.org,True,False,False,False
doverchem.com,True,False,False,False
SG World,True,False,False,False
claimtek.com,True,False,False,False
apexga.bank,True,False,False,False
Versatile Card Technology Private Limited,True,False,False,False
Fortive Corporation,True,False,False,False
M&n Management,True,False,False,False
Ancillae-Assumpta Academy,True,False,False,False
Direct Mail Corporation,True,False,False,False
Carter Transport Claims,True,False,False,False
AVA Limited,True,False,False,False
"Pine River Pre-Pack, Inc",True,False,False,False
Harmann Studios Inc,True,False,False,False
Broad River Retail/Ashley Store,True,False,False,False
"Paul-Alexandre Doïcesco, Notaires Associés",True,False,False,False
Cardiovascular Consultants Ltd,True,False,False,False
LBA,True,False,False,False
camico.com,True,False,False,False
excon.cl,True,False,False,False
martinsonservices.com,True,False,False,False
Florists Supply Ltd,True,False,False,False
City of Victorville,True,False,False,False
fern-plastics.co.uk,True,False,False,False
ambic.co.uk,True,False,False,False
mgbwlaw.com,True,False,False,False
linkmicrotek.com,True,False,False,False
CMC Group,True,False,False,False
City of Pittsburg,True,False,False,False
EDUARDO G. BARROSO,True,False,False,False
grupocobra.com,True,False,False,False
SURTECO North America,True,False,False,False
3-D Engineering/ 3-D Precision Machine,True,False,False,False
www.portage.k12.in.us,True,False,False,False
Newconcepttech,True,False,False,False
University of Defence - Full Leak,True,False,False,False
Penfield Fire Company,True,False,False,False
Korea Petroleum Industries Company,True,False,False,False
Gasmart Organization,True,False,False,False
"KBS Accountants, Tax Specialists & Lawyers",True,False,False,False
INSTANT ACCESS,True,False,False,False
Misterminit,True,False,False,False
Central University of Bayamón,True,False,False,False
Motorcycles of Charlotte & Greensboro,True,False,False,False
International Community Schools,True,False,False,False
Order of Psychologists of Lombardy,True,False,False,False
Panificio Grandolfo,True,False,False,False
3-D Engineering,True,False,False,False
Safpro,True,False,False,False
EHPAD,True,False,False,False
Beaver Lake Cree Nation,True,False,False,False
Native Counselling Services of Alberta,True,False,False,False
Ada-Borup-West School,True,False,False,False
wellons.org,True,False,False,False
harlingentx.gov,True,False,False,False
mamu.be,True,False,False,False
Ransomedvc Launches A forum,True,False,False,False
"Dr. Jaime Schwartz MD, FACS",True,False,False,False
Edwards Business Systems,True,False,False,False
Brunton Shaw,True,False,False,False
JC Roman Construction,True,False,False,False
APS - Automotive Parts Solutions,True,False,False,False
Foursquare Healthcare,True,False,False,False
chs.ca,True,False,False,False
Panetteria Grandolfo,True,False,False,False
Simpson Strong-Tie,True,False,False,False
Sidockgroup.,True,False,False,False
The Law Offices of Julian Lewis Sanders & Associates FULL LEAK!,True,False,False,False
Williamson Foodservice,True,False,False,False
Epaccsys,True,False,False,False
Tru-val Electric,True,False,False,False
Bridgeport Fittings,True,False,False,False
Kobi Karp Architecture and Interior Design,True,False,False,False
RADISE,True,False,False,False
Polar Tech Industries,True,False,False,False
Ipswich Bay Glass,True,False,False,False
Hygieneering,True,False,False,False
The Fountain Group,True,False,False,False
Venture Plastics,True,False,False,False
Milk Source,True,False,False,False
We Hire Pentesters(5BTC Payout),True,False,False,False
uaes.com,True,False,False,False
degrootgroep.nl,True,False,False,False
charleystaxi.com,True,False,False,False
UK Stratton Primary School,True,False,False,False
Royal College of Physicians and Surgeonsof Glasgow,True,False,False,False
Southland IntegratedServices,True,False,False,False
Protector Fire Services,True,False,False,False
kvc constructors inc,True,False,False,False
Superline - Full Leak,True,False,False,False
Government of Brazil - Business Information Brazil,True,False,False,False
Associated Wholesale Grocers,True,False,False,False
Visionary Integration Professionals,True,False,False,False
Inventum Øst,True,False,False,False
nirolaw.com,True,False,False,False
QuadraNet Enterprises,True,False,False,False
hgmonline.com,True,False,False,False
salaw.com,True,False,False,False
frs-fnrs.be,True,False,False,False
thecsi.com,True,False,False,False
smart-union.org,True,False,False,False
Innovattel LLC,True,False,False,False
CADRE,True,False,False,False
fdf.org,True,False,False,False
U***** S*** S******* Inc,True,False,False,False
"** P*************s, Inc",True,False,False,False
Dow Golub Remels & Gilbreath,True,False,False,False
"Griffing & Company, P.C",True,False,False,False
International Biomedical Ltd,True,False,False,False
Jebsen & Co. Ltd.,True,False,False,False
KBS Accountants,True,False,False,False
Rotorcraft Leasing Company,True,False,False,False
Catarineau & Givens P.A. FULL LEAK!,True,False,False,False
kasperekusaoptical.com,True,False,False,False
SIIX Corporation,True,False,False,False
STANTON WILLIAMS,True,False,False,False
Edwardian Hotels London,True,False,False,False
HAFFNER GmbH Co.,True,False,False,False
Intred,True,False,False,False
Ampersand,True,False,False,False
BACCARAT,True,False,False,False
PIEMME S.p.A.,True,False,False,False
Greenpoint Technologies Inc,True,False,False,False
Gasmart,True,False,False,False
cpstate.org,True,False,False,False
ATI Traduction,True,False,False,False
EDB ,True,False,False,False
Global Product Sales,True,False,False,False
Symposia Organizzazione Congressi S.R.L,True,False,False,False
sdproducts.co.uk,True,False,False,False
SCS SpA,True,False,False,False
OmniVision Technologies,True,False,False,False
Believe Productions,True,False,False,False
Ransomedvc Pentest Services!,True,False,False,False
Mount Holly Nissan,True,False,False,False
Boise Rescue Mission Ministries,True,False,False,False
DOMAIN-BACCARAT_2,True,False,False,False
NCC_2,True,False,False,False
RE : Clarification,True,False,False,False
Rob Lee Evidence : Sneak Peek,True,False,False,False
Cogal Industry,True,False,False,False
Islamic Azad University Electronic Campus,True,False,False,False
Colonial Pipeline Company,True,False,False,False
Accenture Breach Evidence & Debunking Rob Lee’s Lies,True,False,False,False
webpag.com.br database leaked,True,False,False,False
QSI INC - Credit Cards & Transaction Processing,True,False,False,False
DUHOCAAU,True,False,False,False
The Law Offices of Julian Lewis Sanders & Associates,True,False,False,False
Jahesh Innovation,True,False,False,False
Northwest Eye Care Professionals,True,False,False,False
Intech,True,False,False,False
Catholic Charities,True,False,False,False
Kimia Tadbir Kiyan,True,False,False,False
Korea Petroleum Industrial Co. Ltd,True,False,False,False
Cleveland City Schools,True,False,False,False
Alconex Specialty Products,True,False,False,False
Multidev Technologies,True,False,False,False
Morrison Community Hospital,True,False,False,False
Hospital Italiano de Buenos Aires,True,False,False,False
AKBASOGLU HOLDING Trans KA,True,False,False,False
Metroclub.org,True,False,False,False
Optimity UK,True,False,False,False
Baumit Bulgaria,True,False,False,False
novoingresso.com.br,True,False,False,False
webpag.com.br,True,False,False,False
rodoviariaonline.com.br,True,False,False,False
"Kasida.bg Database Leaked, Download",True,False,False,False
"I&G Brokers Database, Download Now",True,False,False,False
"pilini.bg Database, Download Now!",True,False,False,False
iLife.bg,True,False,False,False
Fuck Palestine! We buy your access!!,True,False,False,False
NEW TWITTER,True,False,False,False
Vicon industries inc.,True,False,False,False
Seattle Housing Authority,True,False,False,False
FPZ,True,False,False,False
Tri-Way Manufacturing Technologies,True,False,False,False
Neodata,True,False,False,False
Evasión ,True,False,False,False
SIMTA ,True,False,False,False
ZOUARY & Associés ,True,False,False,False
"Comtek Advanced Structures, a Latecoere Company",True,False,False,False
KTUA Landscape Architecture and Planning,True,False,False,False
Scotbeef Ltd. - Leaks,True,False,False,False
LDLC ASVEL,True,False,False,False
Institut Technologique FCBA,True,False,False,False
Instant Access Co,True,False,False,False
Eicon Controle Inteligentes,True,False,False,False
Air Canada,True,False,False,False
Pelindo,True,False,False,False
Instron & ITW Inc,True,False,False,False
Mid-America Real Estate Group,True,False,False,False
Village Building Co.,True,False,False,False
STANTONWILLIAMS,True,False,False,False
REH,True,False,False,False
HAEFFNER-ASP,True,False,False,False
GREGAGG,True,False,False,False
Catarineau & Givens P.A,True,False,False,False
Sobieski,True,False,False,False
We monetize your corporate access,True,False,False,False
Metro Transit,True,False,False,False
Effigest Capital Services,True,False,False,False
Alliance Virgil Roberts Leadership Academy,True,False,False,False
foremostgroups.com,True,False,False,False
"National Health Mission. Department of Health & Family Welfare, Govt. of U.P",True,False,False,False
mountstmarys,True,False,False,False
ExdionInsurance,True,False,False,False
"National Health Mission. Department of Heath & Family Welfare, Govt. of U.P",True,False,False,False
Van Oirschot,True,False,False,False
Elbe-Obst Fruchtverarbeitung GmbH,True,False,False,False
Ordine Degli Psicologi Della Lombardia,True,False,False,False
Saltire Energy,True,False,False,False
Starr Finley,True,False,False,False
WCM Europe,True,False,False,False
NachtExpress Austria GmbH,True,False,False,False
Centek industries,True,False,False,False
M??? T??????,True,False,False,False
Hughes Gill Cochrane Tinetti,True,False,False,False
Penfield Fire Co,True,False,False,False
Centre Du Sablon,True,False,False,False
GEACAM,True,False,False,False
Guhring was hacked. Thousands of confidential files stolen.,True,False,False,False
"Wyndemere Senior Care, LLC",True,False,False,False
First Judicial Circuit - Florida Court,True,False,False,False
atlantatech.edu,True,False,False,False
starplast.ft,True,False,False,False
WT PARTNERSHIP,True,False,False,False
Superline - Press Release,True,False,False,False
dothanhauto.com,True,False,False,False
vsmpo-tirus.com,True,False,False,False
Law Society of South Africa,True,False,False,False
enerjet.com.pe,True,False,False,False
i-Can Advisory Group inc,True,False,False,False
BrData Tecnologia,True,False,False,False
Southern Arkansas University,True,False,False,False
securicon.co.za,True,False,False,False
Islamic Azad University of Shiraz,True,False,False,False
urc-automation.com,True,False,False,False
IKM,True,False,False,False
Petersen Johnson,True,False,False,False
University Obrany - Part 2 (Tiny Leak),True,False,False,False
DallBogg Breach,True,False,False,False
Partnership With Breachforums,True,False,False,False
The Hurley Group,True,False,False,False
Healix,True,False,False,False
sogebank.com,True,False,False,False
International Presence Ltd - Leaked,True,False,False,False
For UNOB,True,False,False,False
NTT Docomo,True,False,False,False
(SALE) District Of Columbia Elections 600k lines VOTERS DATA,True,False,False,False
Agència Catalana de Notícies (ACN),True,False,False,False
cote-expert-equipements.com,True,False,False,False
sinedieadvisor.com,True,False,False,False
tatatelebusiness.com,True,False,False,False
eemotors.com,True,False,False,False
bm.co.th,True,False,False,False
picosoft.biz,True,False,False,False
litung.com.tw,True,False,False,False
Granger Medical Clinic,True,False,False,False
Camara Municipal de Gondomar,True,False,False,False
sirva.com,True,False,False,False
Low Keng Huat (Singapore) Limited,True,False,False,False
W******** ***d*** & ******g,True,False,False,False
G****** ******s,True,False,False,False
Cornerstone Projects Group,True,False,False,False
RICOR Global Limited,True,False,False,False
Learning Partnership West - Leaked,True,False,False,False
Terwilliger Land Survey Engineers,True,False,False,False
UPDATED: INC RANSOMWARE...,True,False,False,False
Healthy Baby Essentials Inc,True,False,False,False
DiTRONICS Financial Services,True,False,False,False
suncoast-chc.org,True,False,False,False
Meridian Cooperative,True,False,False,False
Roof Management,True,False,False,False
Security Instrument,True,False,False,False
Filtration Control,True,False,False,False
Cinepolis USA,True,False,False,False
CHARMANT Group,True,False,False,False
Stavanger Municipality,True,False,False,False
Gruskin Group,True,False,False,False
McLaren Health Care Corporation,True,False,False,False
LEAKED! Motel One,True,False,False,False
US Liner Company & American Made LLC,True,False,False,False
General Directorate of Migration of the Dominican Republic,True,False,False,False
University of Defence - Part 1,True,False,False,False
Toscana Promozione,True,False,False,False
MD LOGISTICS,True,False,False,False
Maxco Supply,True,False,False,False
Groupe Fructa Partner - Leaked,True,False,False,False
Somagic,True,False,False,False
The One Group,True,False,False,False
aicsacorp.com,True,False,False,False
co.rock.wi.us,True,False,False,False
Sabian Inc,True,False,False,False
Ted Pella Inc.,True,False,False,False
GDL Logística Integrada S.A,True,False,False,False
Measuresoft,True,False,False,False
El Colegio De San Luis,True,False,False,False
SEFAG Zrt,True,False,False,False
BELLSONICA CORPORATION,True,False,False,False
RAT.,True,False,False,False
AllCare Pharmacy,True,False,False,False
Confidential files,True,False,False,False
Pain Care,True,False,False,False
Windak,True,False,False,False
Pasouk biological company,True,False,False,False
Karam Chand Thapar & Bros Coal Sales,True,False,False,False
Kirkholm Maskiningeniører,True,False,False,False
Federal University of Mato Grosso do Sul,True,False,False,False
erga.com,True,False,False,False
thermae.nl,True,False,False,False
ckgroup.com.tw,True,False,False,False
raeburns.co.uk,True,False,False,False
tayloredservices.com,True,False,False,False
fcps1.org,True,False,False,False
laspesainfamiglia.coop,True,False,False,False
Cascade Family Dental - Press Release,True,False,False,False
Rainbow Travel Service - Press Release,True,False,False,False
Shirin Travel Agency,True,False,False,False
Flamingo Holland,True,False,False,False
Aria Care Partners,True,False,False,False
Portesa,True,False,False,False
Grupo Boreal,True,False,False,False
Quest International,True,False,False,False
Arga Medicali,True,False,False,False
Network Pacific Real Estate - Leak,True,False,False,False
Astre - Leaked,True,False,False,False
Motel One,True,False,False,False
INC RANSOMWARE...,True,False,False,False
MNGI Digestive Health (TIME IS UP),True,False,False,False
mclaren health care,True,False,False,False
palaciodosleiloes.com.br,True,False,False,False
solveindustrial.com,True,False,False,False
Garn Mason Orthodontics was hacked. All insurance and personal data of customers was stole,True,False,False,False
Belzona UK Ltd,True,False,False,False
Andalusia Group,True,False,False,False
Vertical Development,True,False,False,False
MNGI Digestive Health,True,False,False,False
C.F. Service and Supply,True,False,False,False
C.F. Service & Supply,True,False,False,False
Kona Equity,True,False,False,False
Jacobson,True,False,False,False
Robuck Homes,True,False,False,False
Webb Landscape,True,False,False,False
Amanzi Marble & Granite,True,False,False,False
BAMO,True,False,False,False
Van Eck Transport,True,False,False,False
Terralogic,True,False,False,False
Kessler Collins,True,False,False,False
Plumbase,True,False,False,False
fdf.org.uk,True,False,False,False
Wexas,True,False,False,False
ezpaybuildings.net,True,False,False,False
rexgroup.co.uk,True,False,False,False
Jacobsen Construction,True,False,False,False
simmonsequip.com,True,False,False,False
Kentie Systeemtechniek BV,True,False,False,False
Hochschule Furtwangen University,True,False,False,False
Notel,True,False,False,False
Civic San Diego,True,False,False,False
UTC Overseas,True,False,False,False
Unitex Textile Rental Services,True,False,False,False
The Polish AmericanAssociation,True,False,False,False
Muenz-Engineered Sales,True,False,False,False
Acoustic Center ,True,False,False,False
LANDSTAR POWER ONTARIO INC,True,False,False,False
Scara,True,False,False,False
Robins & Morton,True,False,False,False
CannonDesign,True,False,False,False
Siamese Asset,True,False,False,False
Roper & Vertafore,True,False,False,False
Go-Ahead Group,True,False,False,False
GCserv.com,True,False,False,False
Ropertech.com & Vertafore.com,True,False,False,False
Orthum Bau,True,False,False,False
Astro Lighting,True,False,False,False
Istituto Prosperius,True,False,False,False
Woody Anderson Ford,True,False,False,False
Nordic Security Services,True,False,False,False
Prestige Care,True,False,False,False
C***** - *,True,False,False,False
"Kramer Tree Specialists, Inc",True,False,False,False
N****** O***********,True,False,False,False
P******* U**********,True,False,False,False
T****** H********** G****,True,False,False,False
W***** C***** A******** D******* D*****,True,False,False,False
Lutheran Church and Preschool,True,False,False,False
Saint Mark Catholic Church,True,False,False,False
BestPack Packaging,True,False,False,False
Arazoza Brothers,True,False,False,False
Popovici Niu Stoica & Asociaii,True,False,False,False
Procab,True,False,False,False
Hoosier Uplands Economic Development,True,False,False,False
Oasys Technologies,True,False,False,False
Merced City School District,True,False,False,False
Morgan School District,True,False,False,False
Ferguson Wellman,True,False,False,False
TORMAX,True,False,False,False
Brown and Streza,True,False,False,False
Bit,True,False,False,False
Glassline,True,False,False,False
SydganCorp,True,False,False,False
"Alexander City, Alabama",True,False,False,False
SPEC Engineering,True,False,False,False
Jersey College,True,False,False,False
JSM Group,True,False,False,False
Key Construction,True,False,False,False
Leiblein & Kollegen Steuerberatungsgesellschaft,True,False,False,False
Liberty Lines,True,False,False,False
LoopLoc,True,False,False,False
Reload SPA,True,False,False,False
Ananda Temple,True,False,False,False
Omniatel,True,False,False,False
Paradise Custom Kitchens,True,False,False,False
Specialty Process Equipment,True,False,False,False
The WorkPlace,True,False,False,False
Professional Moving Company - Mackie Group,True,False,False,False
Mexican Government,True,False,False,False
Central Trenching,True,False,False,False
Immanuel Christian School,True,False,False,False
Cullum Services,True,False,False,False
Gold Coin Restaurant,True,False,False,False
Marlboro Township Public School,True,False,False,False
Carmocal,True,False,False,False
Johnson Boiler Works,True,False,False,False
EnCom Polymers,True,False,False,False
Ambrosini Holding,True,False,False,False
Colors Dress,True,False,False,False
THEATER LEAGUE INC,True,False,False,False
GI Medical Services,True,False,False,False
Gordon Law Firm,True,False,False,False
Contraband Control Specialists,True,False,False,False
I&Y Senior Care,True,False,False,False
EWBizservice,True,False,False,False
Center Township Trustee,True,False,False,False
Garlick & Markison,True,False,False,False
Double V Construction,True,False,False,False
Swann's Furniture & Design,True,False,False,False
Gateseven Media Group,True,False,False,False
Asia Vegetable,True,False,False,False
Carnelutti Law Firm,True,False,False,False
Foundation Professionals of Florida,True,False,False,False
WEBBER RESTAURANT GROUP,True,False,False,False
Pond Security,True,False,False,False
SUD TRADING COMPANY,True,False,False,False
gov.la,True,False,False,False
mango.bg,True,False,False,False
ebag.bg,True,False,False,False
popolo.bg,True,False,False,False
andrews.bg,True,False,False,False
ardes.bg,True,False,False,False
myshoes.bg,True,False,False,False
ecco.bg,True,False,False,False
districtshoes.bg,True,False,False,False
footshop.bg,True,False,False,False
Punto.bg,True,False,False,False
bnm.bg,True,False,False,False
SONY.COM,True,False,False,False
NTT Docomo - Japan 1st Mobile Operator,True,False,False,False
Waterloo Media,True,False,False,False
Powerhouse Retail Services LLC,True,False,False,False
zzcoldstores.com,True,False,False,False
ZZColdstores,True,False,False,False
Nusmiles Hospital,True,False,False,False
Ministry Of Finance (Kuwait),True,False,False,False
Stratesys Full data leak,True,False,False,False
Praxis Arndt und Langer,True,False,False,False
PRETZEL-STOUFFER,True,False,False,False
"J.T. Cullen Co., Inc.",True,False,False,False
Springer Eubank,True,False,False,False
MNGI Digestive Health2,True,False,False,False
altmanplants.com,True,False,False,False
Leekes Ltd,True,False,False,False
Epson,True,False,False,False
Phil-Data Business Systems was hacked. A lot of critical data was stolen. We've gained acc,True,False,False,False
Clarion is the most dangerous electronics to use that can cause you to be hacked,True,False,False,False
Interep,True,False,False,False
BPR Properties LLC,True,False,False,False
"Franktronics, Inc",True,False,False,False
Philippine Health Insurance ,True,False,False,False
F Hinds,True,False,False,False
FabricATE Engineering,True,False,False,False
The Envelope Works Ltd,True,False,False,False
Ort Harmelin College of Engineering,True,False,False,False
SMWLLC.COM,True,False,False,False
marshallindtech.com,True,False,False,False
precisionpractice.com,True,False,False,False
Agilitas IT Solutions Limited,True,False,False,False
CLX Logistics,True,False,False,False
Progressive Leasing ( 40 million Customers PII Data ),True,False,False,False
Announcement: COMECA Group going to be Leaked,True,False,False,False
SAGAM Groupe - a company with dozens of vulnerabilities in its network has been hacked and,True,False,False,False
Pik Rite,True,False,False,False
Announcement: Skatax Accounting company going to be leaked,True,False,False,False
pelmorex.com,True,False,False,False
Carlo Ditta,True,False,False,False
Hospice of Huntington,True,False,False,False
Yusen Logistics,True,False,False,False
haciendazorita.com,True,False,False,False
fi-tech.com,True,False,False,False
Retail House - Full Leak,True,False,False,False
Yakima Valley Radiology,True,False,False,False
neuraxpharm.com,True,False,False,False
Holon Institute of Technology,True,False,False,False
PainCare,True,False,False,False
TAOGLAS,True,False,False,False
Auckland University of Technology,True,False,False,False
Mole Valley Farmers,True,False,False,False
ruko.de,True,False,False,False
Unique Engineering is the most collaborative and dangerous construction company in Asia,True,False,False,False
Arail,True,False,False,False
Cosal is a company that distributes personal and confidential data of its customers and re,True,False,False,False
ende.co.ao is a company you can test corporate network hack on and have 100% hacking succe,True,False,False,False
Announcement: Stratesys solutions going to be leaked,True,False,False,False
Announcement: Stratesys solutions going to b,True,False,False,False
C****** ***** ***m**********,True,False,False,False
Road Safety,True,False,False,False
Smartfren Telecom,True,False,False,False
A** ******,True,False,False,False
DM Civil,True,False,False,False
Hawkins Delafield Wood,True,False,False,False
NOVEXCO,True,False,False,False
Radley and Co,True,False,False,False
messner.com,True,False,False,False
IKP,True,False,False,False
Kool-Air Inc,True,False,False,False
Küng Ag Bern,True,False,False,False
Chait,True,False,False,False
Gulf American Lines,True,False,False,False
hwwealth.com,True,False,False,False
constantinecannon.com,True,False,False,False
bauscherhepp.com,True,False,False,False
compass-inc.com,True,False,False,False
ENTRUST Solutions Group,True,False,False,False
Federal Labor Relations Authority,True,False,False,False
Leoch Battery Corp,True,False,False,False
Bacon Universal,True,False,False,False
Spuncast,True,False,False,False
payrollselectservices.com,True,False,False,False
Al Ashram Contracting,True,False,False,False
University Obrany - Press Release,True,False,False,False
fersan.com.tr,True,False,False,False
Announcement: Groupe Fructa Partner will be leaked soon,True,False,False,False
American University of Antigua,True,False,False,False
"Gossler, Gobert & Wolters Group.",True,False,False,False
Agilitas IT Solutions Limited,True,False,False,False
Peacock Bros,True,False,False,False
Hacketts printing services,True,False,False,False
CEFCO,True,False,False,False
ZILLI,True,False,False,False
Florida Department of Veterans' Affairs,True,False,False,False
CITIZEN company LEAKED,True,False,False,False
First Line,True,False,False,False
Rea Magnet Wire,True,False,False,False
RTA,True,False,False,False
TSC,True,False,False,False
PASCHAL - Werk G Maier,True,False,False,False
Vucke,True,False,False,False
Elemetal,True,False,False,False
Glovis America,True,False,False,False
************,True,False,False,False
Fuji Seal International (US branch),True,False,False,False
Hoteles Xcaret,True,False,False,False
Agriloja.pt Full Leak,True,False,False,False
Dustin J Will LCC / Dustin J Will Sole MBR,True,False,False,False
Lopez & Associates Inc,True,False,False,False
Auckland Transport,True,False,False,False
Araújo e Policastro Advogados,True,False,False,False
Announcement: Retail House going to be LEAKED,True,False,False,False
Delta Group,True,False,False,False
TransTerra,True,False,False,False
Marston Domsel,True,False,False,False
tuvsud.com,True,False,False,False
perfectlaw.com,True,False,False,False
beamconstruction.com,True,False,False,False
scottpartners.com,True,False,False,False
eljayoil.com,True,False,False,False
dasholding.ae,True,False,False,False
faithfamilyacademy.org,True,False,False,False
syntech.com.sg,True,False,False,False
piramidal.com.br,True,False,False,False
tlip2.com,True,False,False,False
energyinsight.co.za,True,False,False,False
mehmetceylanyapi.com.tr,True,False,False,False
aeroportlleida.cat,True,False,False,False
lamaisonmercier.com,True,False,False,False
neolaser.es,True,False,False,False
commercialfluidpower.com,True,False,False,False
glat.zapweb.co.il,True,False,False,False
motsaot.co.il,True,False,False,False
gsaenz.com.mx,True,False,False,False
ipsenlogistics.com,True,False,False,False
Financial Decisions,True,False,False,False
P1 Technical Services,True,False,False,False
CON-STRUCT,True,False,False,False
Polanglo,True,False,False,False
"Jeff Wyler Automotive Family, Inc.",True,False,False,False
KIRWIN FRYDAY MEDCALF Lawyers LLP,True,False,False,False
Danbury Public Schools,True,False,False,False
Aspect Structural Engineers,True,False,False,False
ToyotaLift Northeast,True,False,False,False
"Updates: Israel ""MYMC""",True,False,False,False
hollandspecial,True,False,False,False
pelicanwoodcliff.com,True,False,False,False
hillsboroughschools.org,True,False,False,False
Steelforce,True,False,False,False
wdgroup.com.my,True,False,False,False
pvbfabs.com,True,False,False,False
intechims.com,True,False,False,False
zero-pointorganics.com,True,False,False,False
visitingphysiciansnetwork.com,True,False,False,False
clearwaterlandscape.com,True,False,False,False
Statement on MGM Resorts International: Setting the record straight,True,False,False,False
etsi.uy,True,False,False,False
Ja Quith Press Release,True,False,False,False
East Baking Press Release,True,False,False,False
American Steel & Aluminum,True,False,False,False
Harmonic Accounting,True,False,False,False
Imperador S.R.L,True,False,False,False
Waterford Retirement Residence,True,False,False,False
Shelly Engineering Metal Work,True,False,False,False
RSV Centrale Bvba,True,False,False,False
Soprovise,True,False,False,False
carthagehospital.com,True,False,False,False
Fondation Vincent De Paul,True,False,False,False
"EDUCAL, SA de CV",True,False,False,False
Enpos,True,False,False,False
clearcreek.org,True,False,False,False
Financial Services Commission,True,False,False,False
Cedar Holdings,True,False,False,False
Benefit Management INC,True,False,False,False
Dpc & S,True,False,False,False
Carpet One,True,False,False,False
"Markentrainer Werbeagentur, Elwema Automotive",True,False,False,False
Tanachira Group,True,False,False,False
Accuride,True,False,False,False
SAC Finance,True,False,False,False
Abbeyfield,True,False,False,False
Morgan Smith Industries LLC,True,False,False,False
Decarie Motors Inc,True,False,False,False
sinloc.com,True,False,False,False
M-Extend / MANIP,True,False,False,False
BF&S Civil Engineers,True,False,False,False
Dee Sign,True,False,False,False
Credifiel was hacked and a lot of personal customer and financial information was stolen,True,False,False,False
Derrimon Trading was hacked. Critical data of the company and its customers was stolen,True,False,False,False
CORTEL Technologies,True,False,False,False
Alps Alpine,True,False,False,False
24/7 Express Logistics (Unpay-Start Leaking),True,False,False,False
International Joint Commission,True,False,False,False
Altmann Dental GmbH & Co KG,True,False,False,False
"AdSage Technology Co., Ltd.",True,False,False,False
deeroaks.com,True,False,False,False
Cmranallolaw.com,True,False,False,False
Wardlaw Claims Service,True,False,False,False
I****** ****,True,False,False,False
**** **e ******e* ***e*********,True,False,False,False
*e**** & Co. Ltd.,True,False,False,False
I************ *********l Ltd.,True,False,False,False
Levine Bagade Han,True,False,False,False
Leekes,True,False,False,False
My Insurance Broker,True,False,False,False
Unimarketing,True,False,False,False
cfsigroup.ca,True,False,False,False
Wave Hill,True,False,False,False
Steripharma ,True,False,False,False
co.grant.mn.us,True,False,False,False
KUITS Solicitors,True,False,False,False
Ford Covesa,True,False,False,False
New Venture Escrow,True,False,False,False
BOZOVICH TIMBER PRODUCTS INC,True,False,False,False
njsba.com,True,False,False,False
Singing River Health System,True,False,False,False
Core Desktop,True,False,False,False
Kirby Risk,True,False,False,False
airelec.bg,True,False,False,False
pilini.bg,True,False,False,False
kasida.bg,True,False,False,False
proxy-sale.com,True,False,False,False
IT-Center Syd,True,False,False,False
www.northriverco.com,True,False,False,False
Low Keng Huat,True,False,False,False
sd69.org,True,False,False,False
milbermakris.com,True,False,False,False
monaco-technologies.com,True,False,False,False
UNIVERSAL REALTY GROUP,True,False,False,False
Geo Tek,True,False,False,False
hanwha.com,True,False,False,False
Custom Powder Systems,True,False,False,False
JSS Almonds,True,False,False,False
atWork Office Furniture,True,False,False,False
BRiC Partnership,True,False,False,False
PAUL-ALEXANDRE DOICESCO,True,False,False,False
WACOAL,True,False,False,False
Linktera,True,False,False,False
24/7 Express Logistics ,True,False,False,False
FOCUS Business Solutions,True,False,False,False
Chambersburg Area School District,True,False,False,False
Pvc-ms,True,False,False,False
toua.net,True,False,False,False
Omniatel,True,False,False,False
Conselho Superior da Justiça do Trabalho,True,False,False,False
K***** **** ***********,True,False,False,False
Sebata Holdings (MICROmega Holdings),True,False,False,False
TORMAX USA,True,False,False,False
West Craft Manufacturing,True,False,False,False
Trimaran Capital Partners,True,False,False,False
Specialised Management Services,True,False,False,False
nobleweb.com,True,False,False,False
protosign.it,True,False,False,False
concrejato.com.br,True,False,False,False
meroso.be,True,False,False,False
qsoftnet.com,True,False,False,False
ragasa.com.mx,True,False,False,False
I Keating Furniture World,True,False,False,False
onyx-fire.com,True,False,False,False
gormanusa.com,True,False,False,False
Israel Medical Center - leaked,True,False,False,False
It4 Solutions Robras,True,False,False,False
Smead,True,False,False,False
Solano-Napa Pet Emergency Clinic,True,False,False,False
Ayass BioScience,True,False,False,False
Sabre Corporation,True,False,False,False
Energy One,True,False,False,False
FRESH TASTE PRODUCE USA AND ASSOCIATES INC.,True,False,False,False
Chula Vista Electric (CVE),True,False,False,False
"Precisely, Winshuttle",True,False,False,False
Kikkerland Design,True,False,False,False
Markentrainer Werbeagentur,True,False,False,False
Master Interiors,True,False,False,False
Bordelon Marine,True,False,False,False
Majestic Spice,True,False,False,False
Infinity Construction Company,True,False,False,False
Maxxd Trailers,True,False,False,False
MINEMAN Systems,True,False,False,False
Promotrans,True,False,False,False
Seymours,True,False,False,False
Strata Plan Australia FULL LEAK,True,False,False,False
TissuPath Australia FULL LEAK,True,False,False,False
Marfrig Global Foods,True,False,False,False
Brooklyn Premier Orthopedics FULL LEAK!,True,False,False,False
Barry Plant LEAK!,True,False,False,False
Barsco,True,False,False,False
Foroni SPA,True,False,False,False
Hornsyld Købmandsgaard,True,False,False,False
Lagarde Meregnani,True,False,False,False
spmblaw.com,True,False,False,False
Unimed,True,False,False,False
Cyberport,True,False,False,False
godbeylaw.com,True,False,False,False
Firmdale Hotels,True,False,False,False
easydentalcare.us,True,False,False,False
quantinuum.com,True,False,False,False
laasr.eu,True,False,False,False
medcenter-tambov.ru,True,False,False,False
makflix.eu,True,False,False,False
nucleus.live,True,False,False,False
wantager.com,True,False,False,False
Zurvita ,True,False,False,False
Piex Group ,True,False,False,False
Yuxin Automobile Co.Ltd (裕信汽車) ,True,False,False,False
I****n ,True,False,False,False
24****r ,True,False,False,False
He****rk ,True,False,False,False
Mulkay Cardiology Consultants,True,False,False,False
HBME LLC,True,False,False,False
Northwave s.r.l.,True,False,False,False
Balcan,True,False,False,False
Barco Uniforms,True,False,False,False
Swipe.bg,True,False,False,False
Balmit Bulgaria,True,False,False,False
cdwg.com,True,False,False,False
Betton France,True,False,False,False
Jules B,True,False,False,False
VVandA,True,False,False,False
Prodegest Assessors,True,False,False,False
Knight Barry Title,True,False,False,False
phms.com.au,True,False,False,False
paynesvilleareainsurance.com,True,False,False,False
SKF.com,True,False,False,False
gosslaw.com,True,False,False,False
marianoshoes.com,True,False,False,False
Arkopharma,True,False,False,False
Taylor University,True,False,False,False
Riverside Logistics,True,False,False,False
Estes Design & Manufacturing,True,False,False,False
Aiphone,True,False,False,False
DDB Unlimited (ddbunlimited.com),True,False,False,False
Rick Ramos Law (rickramoslaw.com),True,False,False,False
Newton Media A.S,True,False,False,False
Lawsonlundell,True,False,False,False
glprop.com,True,False,False,False
Strata Plan Australia,True,False,False,False
TissuPath Australia,True,False,False,False
seasonsdarlingharbour.com.au,True,False,False,False
nerolac.com,True,False,False,False
ramlowstein.com,True,False,False,False
Barry Plant Real Estate Australia,True,False,False,False
sterncoengineers.com,True,False,False,False
attorneydanwinder.com,True,False,False,False
designlink.us,True,False,False,False
gh2.com,True,False,False,False
DOIT - Canadian IT company allowed leak of its own clients.,True,False,False,False
SKF.com,True,False,False,False
Powersportsmarketing.com,True,False,False,False
Statefarm.com,True,False,False,False
Aban Tether & OK exchange,True,False,False,False
cc-gorgesardeche.fr,True,False,False,False
"GORDON, MUIR & FOLEY LLP",True,False,False,False
Rs Logistics Ltd,True,False,False,False
cciamp.com,True,False,False,False
*** ******,True,False,False,False
L******* C***** and P********,True,False,False,False
N**** **** *** and *c********,True,False,False,False
Templeman Consulting Group Inc,True,False,False,False
vodatech.com.tr,True,False,False,False
F??????? ?????s,True,False,False,False
Hawaii Health System,True,False,False,False
hamilton-techservices.com,True,False,False,False
aquinas.qld.edu.au,True,False,False,False
konkconsulting.com,True,False,False,False
Piex Group,True,False,False,False
Yuxin Automobile Co.Ltd(裕信汽車),True,False,False,False
guyer.com.uy,True,False,False,False
deschamps.fr,True,False,False,False
mayair.com.my,True,False,False,False
chevalerias.com,True,False,False,False
MetroCLub DC,True,False,False,False
abzarsara.com,True,False,False,False
Valley Mountain Regional Center,True,False,False,False
New York & Company,True,False,False,False
Children's Home of Wyoming Conference,True,False,False,False
www.lasaterandmartin.com,True,False,False,False
Vivtok,True,False,False,False
Rivers Casino,True,False,False,False
S&P,True,False,False,False
Powersports Marketing,True,False,False,False
Pifer's Auction & Realty,True,False,False,False
Tisher Liner FC Law Australia,True,False,False,False
millwgs.com,True,False,False,False
biso.at,True,False,False,False
Wilder & Co,True,False,False,False
Alpizar Law Firm,True,False,False,False
Eckell Sparks Attorneys at Law,True,False,False,False
Fenn Termite and Pest Control,True,False,False,False
antioch.edu,True,False,False,False
vitalitygroup.com,True,False,False,False
zep.it,True,False,False,False
skystar.it,True,False,False,False
rydershealth.com,True,False,False,False
nieul-sur-mer.fr,True,False,False,False
tavlit.co.il,True,False,False,False
mariocoelho.com,True,False,False,False
grebe-korbach.de,True,False,False,False
optoflux.com,True,False,False,False
alpepipesystems.com,True,False,False,False
losh.com,True,False,False,False
greensboro.edu,True,False,False,False
emec.com.eg,True,False,False,False
auto-pieces.fr,True,False,False,False
guillerm-habitat.fr,True,False,False,False
acolea.org,True,False,False,False
otltd.co.uk,True,False,False,False
annals.edu.sg,True,False,False,False
inouemfg.com,True,False,False,False
potenciamaquinaria.com,True,False,False,False
locaparc.fr,True,False,False,False
dollinger-pierre.fr,True,False,False,False
feuille-erable.fr,True,False,False,False
texline-global.com,True,False,False,False
O'Brien Steel Service,True,False,False,False
Aranui Cruises,True,False,False,False
Skynet,True,False,False,False
Renton School District,True,False,False,False
Brooklyn Premier Orthopedics,True,False,False,False
lhvisionclinic.com,True,False,False,False
"Felling Trailers, Inc.",True,False,False,False
PRIDE GLOBAL CONSULTING SL,True,False,False,False
Petkus Brothers,True,False,False,False
Pasquale Bruni Ltd,True,False,False,False
Ningbo Yinzhou Vocational High School,True,False,False,False
sherwin-electric.com,True,False,False,False
beniculturali.it,True,False,False,False
jamaicainn.com,True,False,False,False
uprepschool.org,True,False,False,False
Zurvita,True,False,False,False
Y****e,True,False,False,False
2****r,True,False,False,False
I****n,True,False,False,False
casa-andina.com,True,False,False,False
renaultinantwerpen.be,True,False,False,False
greenside-sch.org,True,False,False,False
wkclawfirm.com,True,False,False,False
distribuidoradavidsa.com,True,False,False,False
cm.gov.nc.tr,True,False,False,False
younghomes.com,True,False,False,False
fimadev.fr,True,False,False,False
immoselekt.be,True,False,False,False
cloverbrook.com,True,False,False,False
carolfoxassociates.com,True,False,False,False
mergerecords.com,True,False,False,False
ukseung.co.kr,True,False,False,False
michalovich.co.il,True,False,False,False
Wright Moore DeHart Dupuis & Hutchinson,True,False,False,False
"Forsyth County, GA",True,False,False,False
Green Diamond Resource,True,False,False,False
esprigas.com,True,False,False,False
Agriloja pt.3,True,False,False,False
PT. Cahaya Benteng Mas,True,False,False,False
infinigate.ch,True,False,False,False
Kendrion.com,True,False,False,False
PSM,True,False,False,False
QI Holdings Ltd.,True,False,False,False
Iina Ba Inc,True,False,False,False
Asian Network Pacific Home Care & Hospice,True,False,False,False
HealthIndia TPA Services Pvt Ltd,True,False,False,False
Jasper High School,True,False,False,False
Superior Communications,True,False,False,False
Intertek,True,False,False,False
Penny Publications,True,False,False,False
"Voss Enterprises, Divvies",True,False,False,False
Cutler-Smith,True,False,False,False
GYP New Tree SA,True,False,False,False
grupomartex.com,True,False,False,False
jhilburn.com,True,False,False,False
Metropolitan Club DC,True,False,False,False
"Shanghai FRP Research Institute Co., Ltd.",True,False,False,False
Fullerton India (SMFG India Credit),True,False,False,False
State Farm,True,False,False,False
Community Council of South Central Texas,True,False,False,False
SKYROOT,True,False,False,False
Varna Packaging,True,False,False,False
KLM Laboratories Pvt. Ltd,True,False,False,False
Gujarat Industries Power Company Ltd.,True,False,False,False
"Alfagomma, Argus Fluidhandling Ltd",True,False,False,False
Trimaran Capital Partners,True,False,False,False
LEN Italia,True,False,False,False
Durham Fasteners,True,False,False,False
Axis Elevators ,True,False,False,False
SMS-SME refused to protect customer and business data,True,False,False,False
Demcointer (Tunisia),True,False,False,False
EPF,True,False,False,False
HFH Capital,True,False,False,False
Prince George's County Public Schools,True,False,False,False
"SMS-SME was hacked. A huge amount of confidential information was stolen, information of c",True,False,False,False
Community Action,True,False,False,False
INSTITUTO NACIONAL DE ELECTRIFICACION,True,False,False,False
FA Foundry,True,False,False,False
Sydenham Laboratories,True,False,False,False
Fiocruz,True,False,False,False
senacrs.com.br,True,False,False,False
Edmonds School District,True,False,False,False
Storm Tight Windows,True,False,False,False
Groupe Marchand Architecture & Design Inc,True,False,False,False
Bahamas Medical and Surgical Supplies,True,False,False,False
Ontellus,True,False,False,False
A**** ***** ***,True,False,False,False
C****** *******,True,False,False,False
Constellation Kidney Group,True,False,False,False
Prospect Medical Holdings,True,False,False,False
Arus-gmbh,True,False,False,False
Sportlab-srl,True,False,False,False
BONI-PASSAU.DE,True,False,False,False
lusis-avocats.com,True,False,False,False
werk33.com,True,False,False,False
GRIDINSTALLERS.com,True,False,False,False
surapon.com,True,False,False,False
mps-24.com,True,False,False,False
gruppomoba.com,True,False,False,False
stshcpa.com.tw,True,False,False,False
ihopmexico.com,True,False,False,False
Nicer technology,True,False,False,False
binhamoodah.ae,True,False,False,False
first-resources-ltd,True,False,False,False
Sbs-Berlin,True,False,False,False
imtmro.com,True,False,False,False
INCOBEC,True,False,False,False
still95.it,True,False,False,False
gsh-cargo.com,True,False,False,False
flamewarestudios.com,True,False,False,False
ALEZZELPOWER.com,True,False,False,False
Notaires.fr,True,False,False,False
Sonabhy.bf,True,False,False,False
KVFCU.ORG,True,False,False,False
Hoosick Falls Central School District,True,False,False,False
Royal Oak Pet Clinic,True,False,False,False
Mil-Ken Travel,True,False,False,False
Kevills Solicitors,True,False,False,False
The Law Offices of Steven H. Heisler,True,False,False,False
Bahamas Medical & Surgical Supplies,True,False,False,False
qintess.com,True,False,False,False
iledefrance-nature.fr,True,False,False,False
newsupri.com.br,True,False,False,False
IMS Computer Solutions,True,False,False,False
Transunion,True,False,False,False
Jhooker,True,False,False,False
Optimity.co.uk,True,False,False,False
Mambo,True,False,False,False
Nipun,True,False,False,False
Jasper,True,False,False,False
Econocom,True,False,False,False
digitalinsight.no,True,False,False,False
mcnamaradrass.com,True,False,False,False
sti company,True,False,False,False
A???? F??????????? Ltd,True,False,False,False
tonystark.com,True,False,False,False
Sirius Computer Solutions,True,False,False,False
Atlantic Federal Credit Union,True,False,False,False
decrolyamericano.edu.gt,True,False,False,False
NE-BIC,True,False,False,False
sicl.lk,True,False,False,False
GROUPHC,True,False,False,False
"Softverg Co., Ltd.",True,False,False,False
FYTISA Industrial Felts and FabricsSL,True,False,False,False
Infuance Communication Inc,True,False,False,False
Pierce College,True,False,False,False
Department of Defence South African (DARPA),True,False,False,False
apdparcel.com.au,True,False,False,False
TRIUNE TECHNOFAB PRIVATE LIMITED WAS HACKED,True,False,False,False
I&G Brokers,True,False,False,False
A1,True,False,False,False
Department of Defence South African,True,False,False,False
Davidoff Hutcher & Citron,True,False,False,False
Seiko Group Corporation,True,False,False,False
stockwellharris.com,True,False,False,False
hallbergengineering.com,True,False,False,False
cloudtopoffice.com,True,False,False,False
equip-reuse.com,True,False,False,False
cochraninc.com,True,False,False,False
Novi Pazar put ad,True,False,False,False
The International Civil Defense Organization,True,False,False,False
Sartrouville  France,True,False,False,False
goldmedalbakery,True,False,False,False
s3groupltd.com,True,False,False,False
macuspana.gob.mx,True,False,False,False
phitoformulas.com.br,True,False,False,False
ABS Auto Auctions,True,False,False,False
DSA Law Pty Ltd,True,False,False,False
Miami Management,True,False,False,False
BTC Power,True,False,False,False
Stanford Transportation Inc,True,False,False,False
Bolton Group,True,False,False,False
Legends Limousine,True,False,False,False
Oneonline,True,False,False,False
purever.com,True,False,False,False
neolife.com,True,False,False,False
mitchcointernational.com,True,False,False,False
tedpella.com,True,False,False,False
au Domain Administration Ltd,True,False,False,False
Contact 121 Pty Ltd,True,False,False,False
umchealth.com,True,False,False,False
sgl.co.th,True,False,False,False
Agriloja.pt demo-leak,True,False,False,False
RIMSS,True,False,False,False
SFJAZZ.ORG,True,False,False,False
mybps.us,True,False,False,False
kriegerklatt.com,True,False,False,False
ALLIANCE,True,False,False,False
DEUTSCHELEASING,True,False,False,False
VDVEN,True,False,False,False
SYNQUESTLABS,True,False,False,False
TWINTOWER,True,False,False,False
Camino Nuevo CharterAcademy,True,False,False,False
Smart-swgcrc.org,True,False,False,False
The Clifton Public Schools,True,False,False,False
MBO-PPS.COM,True,False,False,False
MBOAMERICA.COM,True,False,False,False
KOMORI.COM,True,False,False,False
Dillon Supply,True,False,False,False
Epicure,True,False,False,False
Coswell,True,False,False,False
BOB Automotive Group,True,False,False,False
Seoul Semiconductor,True,False,False,False
Kraiburg Austria GmbH,True,False,False,False
Autohaus Ebert GmbH,True,False,False,False
CVO Antwerpen,True,False,False,False
ICON Creative Studio,True,False,False,False
Heilmann Gruppe,True,False,False,False
Schwälbchen Molkerei AG,True,False,False,False
Münchner Verlagsgruppe GmbH,True,False,False,False
Cequint,True,False,False,False
Tally Energy Services,True,False,False,False
* *i***,True,False,False,False
CORDELLCORDELL,True,False,False,False
Municipality of Ferrara,True,False,False,False
Hemmink,True,False,False,False
ToyotaLift Northeast,True,False,False,False
FTRIA CO. LTD,True,False,False,False
Recaro,True,False,False,False
Postel SpA,True,False,False,False
ABA Research - Business Information 2,True,False,False,False
Keystone Insurance Services,True,False,False,False
ANS,True,False,False,False
Aspect Structural Engineers,True,False,False,False
Fondation De Verdeil,True,False,False,False
Freeport-McMoran - NYSE: FCX,True,False,False,False
jhillburn.com,True,False,False,False
qbcqatar.com.qa,True,False,False,False
John L Lowery & Associates,True,False,False,False
Federal Bar Association,True,False,False,False
leecorpinc.com,True,False,False,False
econsult.com,True,False,False,False
Saint Xavier University,True,False,False,False
Agriloja.pt,True,False,False,False
CB Energy Australlia,True,False,False,False
Borets (Levare.com) ,True,False,False,False
majan.com,True,False,False,False
luterkort.se,True,False,False,False
difccourts.ae,True,False,False,False
zaun.co.uk,True,False,False,False
roxcel.com.tr,True,False,False,False
meaf.com,True,False,False,False
stmarysschool.co.za,True,False,False,False
rappenglitz.de,True,False,False,False
siampremier.co.th,True,False,False,False
National Institute of Social Services for Retirees and Pensioners,True,False,False,False
Armortex,True,False,False,False
**a******,True,False,False,False
arganoInterRel,True,False,False,False
Rite Technology,True,False,False,False
zain.com,True,False,False,False
Top Light,True,False,False,False
Algorry Zappia & Associates,True,False,False,False
EAI,True,False,False,False
The Belt Railway Company of Chicago,True,False,False,False
Optimum Technology,True,False,False,False
Boson,True,False,False,False
Stockdale Podiatry,True,False,False,False
oneatlas.com,True,False,False,False
Lower Yukon School District,True,False,False,False
Thermenhotel Stoiser,True,False,False,False
el-cerrito.org,True,False,False,False
fashions-uk.com,True,False,False,False
cbcstjohns.co.za,True,False,False,False
octoso.de,True,False,False,False
ricks-motorcycles.com,True,False,False,False
janus-engineering.com,True,False,False,False
csem.qc.ca,True,False,False,False
asfcustomers.com,True,False,False,False
sekuro.com.tr,True,False,False,False
TIMECO,True,False,False,False
chula.ac.th,True,False,False,False
etisaleg.com,True,False,False,False
2plan.com,True,False,False,False
Sabalan Azmayesh,True,False,False,False
Optimum Health Solutions,True,False,False,False
unitycouncil.org,True,False,False,False
independenceia.org,True,False,False,False
www.finitia.net,True,False,False,False
Ramtha,True,False,False,False
Batesville didn't react on appeal and allows Full Leak,True,False,False,False
ZESA Holdings,True,False,False,False
Magic Micro Computers,True,False,False,False
Emerson School District,True,False,False,False
CH informatica,True,False,False,False
Thonburi Energy Storage Systems (TESM),True,False,False,False
G***** *******,True,False,False,False
T********,True,False,False,False
Räddningstjänsten Västra Blekinge,True,False,False,False
Papel Prensa SA,True,False,False,False
Avertronics Inc,True,False,False,False
Republican Vilnius Psychiatric Hospital,True,False,False,False
Kreacta,True,False,False,False
Parsian Bitumen,True,False,False,False
varian.com,True,False,False,False
Delaney Browne Recruitment,True,False,False,False
IBL,True,False,False,False
Draje food industrial group,True,False,False,False
Oregon Sports Medicine,True,False,False,False
premierbpo.com,True,False,False,False
SatCom Marketing,True,False,False,False
Rayden Solicitors,True,False,False,False
haynesintl.com,True,False,False,False
Kovair Software Data Leak,True,False,False,False
Henlaw,True,False,False,False
mipe.com,True,False,False,False
armortex.com,True,False,False,False
iqcontrols.com,True,False,False,False
scottevest.com,True,False,False,False
atser.com,True,False,False,False
Galicia en Goles,True,False,False,False
tetco.com,True,False,False,False
P****X,True,False,False,False
Z****ta,True,False,False,False
SBS Construction,True,False,False,False
Koury Engineering,True,False,False,False
Pharmatech Repblica Dominicana was hacked. All sensitive company and customer information ,True,False,False,False
"Grupo Garza Ponce was hacked! Due to a massive company vulnerability, more than 2 TB of se",True,False,False,False
seaside-kish co,True,False,False,False
Studio Domaine LLC,True,False,False,False
THECHANGE,True,False,False,False
Ofimedic,True,False,False,False
Abatti Companies - Press Release,True,False,False,False
H********** ********* ***,True,False,False,False
Spokane Spinal Sports Care Clinic,True,False,False,False
AFTA Isfahan,True,False,False,False
hamyari Shahrdari golestan,True,False,False,False
Haraz dairy,True,False,False,False
150k sib360 Database,True,False,False,False
Padena Factory,True,False,False,False
pointpleasant.k12.nj.us,True,False,False,False
Roman Catholic Diocese of Albany,True,False,False,False
Venture General Agency,True,False,False,False
INSULCANA CONTRACTING LTD,True,False,False,False
Datawatch Systems,True,False,False,False
admsc.com,True,False,False,False
United Tractors,True,False,False,False
"RevZero, Inc",True,False,False,False
"Rossman Realty Group, inc.",True,False,False,False
riggsabney,True,False,False,False
fec-corp.com,True,False,False,False
bestmotel.de,True,False,False,False
Tempur Sealy International,True,False,False,False
constructioncrd.com,True,False,False,False
Helen F. Dalton Lawyers,True,False,False,False
Grupo SCA - Business Information,True,False,False,False
TGRWA,True,False,False,False
Guido,True,False,False,False
Bickel & Brewer - Press Release,True,False,False,False
SHERMAN.EDU,True,False,False,False
COSI,True,False,False,False
ohiohistory.org,True,False,False,False
unicorpusa.com,True,False,False,False
Garage Living,True,False,False,False
The Dispenser USA,True,False,False,False
Aapd,True,False,False,False
"Birch, Horton, Bittner & Cherot",True,False,False,False
DAL-TECH Engineering,True,False,False,False
Coral Resort,True,False,False,False
Professionnel France,True,False,False,False
ACTIVA Group,True,False,False,False
Aquatlantis,True,False,False,False
Kogetsu,True,False,False,False
Parathon by JDA eHealth Systems,True,False,False,False
KIMCO Staffing Service,True,False,False,False
Pea River Electric Cooperative,True,False,False,False
MBS Equipment TTI,True,False,False,False
gerb.bg,True,False,False,False
Newton IT Solutions,True,False,False,False
persingerlaw.com,True,False,False,False
Jacklett Construction LLC,True,False,False,False
Great Opportunity to monetize your corporate access,True,False,False,False
nbcc.org,True,False,False,False
obrelli.it,True,False,False,False
paretophone.com,True,False,False,False
"Batesville Tool & Die, Inc will be leaked in 3 Days",True,False,False,False
4murs.com,True,False,False,False
Arabian Computer Supplies co.,True,False,False,False
spsr-law.com,True,False,False,False
E.A. Gibson Shipbrokers,True,False,False,False
BridgeMill Athletic Club,True,False,False,False
Garac - Business Information,True,False,False,False
"Fushimitsu Gumi Co., Ltd",True,False,False,False
hydrex.co.uk,True,False,False,False
txmplant.co.uk,True,False,False,False
TELNET Redes Inteligentes S.A.,True,False,False,False
Retail Information Systems,True,False,False,False
westoaksschool.co.uk,True,False,False,False
llombart.de,True,False,False,False
Ace Micromatic Group,True,False,False,False
St Landry Parish School Board ,True,False,False,False
Contec Systems,True,False,False,False
All States Ag Parts,True,False,False,False
twv-staderland.de,True,False,False,False
Hungarian Investment Promotion Agency,True,False,False,False
Thaire,True,False,False,False
Bluelinea,True,False,False,False
Decimal Point Analytics Pvt,True,False,False,False
Muncy Homes,True,False,False,False
AT&S,True,False,False,False
Village Church of Barrington,True,False,False,False
Modern Eyez,True,False,False,False
One Health Solutions,True,False,False,False
N** ******* ******,True,False,False,False
Coachella Valley Collection Service,True,False,False,False
Alinabal,True,False,False,False
ESMOD,True,False,False,False
Frost & Sullivan,True,False,False,False
Chu De Rennes,True,False,False,False
CMC Marine,True,False,False,False
Dekko Window Systems,True,False,False,False
ESKA Erich Schweizer,True,False,False,False
McAlester Regional Health Center,True,False,False,False
Regional Family Medicine,True,False,False,False
Rouzbeh Educational Complex,True,False,False,False
Protected: INSULCANA CONTRACTING LTD,True,False,False,False
Handi Quilter,True,False,False,False
Morehead State University (MSU),True,False,False,False
Offutt Nord,True,False,False,False
West Cargo,True,False,False,False
scmh.org.tw,True,False,False,False
Kovair Software,True,False,False,False
Azimut - Time of publication!,True,False,False,False
Ville de Chevilly-Larue,True,False,False,False
BEIJER REF,True,False,False,False
Addison Electronique,True,False,False,False
important information（Knight）,True,False,False,False
MACOM.COM,True,False,False,False
KALEPW.COM,True,False,False,False
DATAENGINE.EU,True,False,False,False
SAUL.ORG.UK,True,False,False,False
CCED.COM.OM,True,False,False,False
VIRGINPULSE.COM,True,False,False,False
ACLARA.COM,True,False,False,False
QUARK.COM,True,False,False,False
INFINIGATE.CH (INFINIGATE.CO.UK),True,False,False,False
INFORMATICA.COM,True,False,False,False
ALOHACARE.ORG,True,False,False,False
SOFTTECH.NL,True,False,False,False
ALOGENT.COM,True,False,False,False
CONVERGEONE.COM,True,False,False,False
AMERISAVE.COM,True,False,False,False
KELLYSERVICES.COM,True,False,False,False
HUBBELL.COM,True,False,False,False
ALEKTUM.COM,True,False,False,False
HOERMANN-GRUPPE.COM,True,False,False,False
SALELYTICS.COM,True,False,False,False
FLUTTER.COM,True,False,False,False
ENTERPRISEBANKING.COM,True,False,False,False
MECHANICSBANK.COM,True,False,False,False
TRICOPRODUCTS.COM,True,False,False,False
JONESLANGLASALLE.COM,True,False,False,False
ARISTOCRAT.COM,True,False,False,False
ADARESEC.COM,True,False,False,False
TTIGROUP.COM,True,False,False,False
CHUCKECHEESE.COM,True,False,False,False
DELOITTE.COM,True,False,False,False
SIU.EDU,True,False,False,False
WSP.COM,True,False,False,False
SAFILOGROUP.COM,True,False,False,False
SLEEPCOUNTRY.CA,True,False,False,False
PLANETHOMELENDING.COM,True,False,False,False
TOYOTA-BOSHOKU.BE,True,False,False,False
DDCOS.COM,True,False,False,False
THEVITALITYGROUP.COM,True,False,False,False
METROBANK.COM.PH,True,False,False,False
GENESISENERGY.COM,True,False,False,False
GNC.COM,True,False,False,False
INFORMA.COM,True,False,False,False
EMSBILLING.COM,True,False,False,False
AWAZE.COM,True,False,False,False
PAYBACK.GROUP,True,False,False,False
GARRETTMOTION.COM,True,False,False,False
SMURFITKAPPA.COM,True,False,False,False
MCW.EDU,True,False,False,False
GOALSOLUTIONS.COM,True,False,False,False
GENSLER.COM,True,False,False,False
HINDUJAGROUP.COM,True,False,False,False
FANUCAMERICA.COM,True,False,False,False
CHEVRONFCU.ORG,True,False,False,False
FERRING.COM,True,False,False,False
SBMOFFSHORE.COM,True,False,False,False
CAP.ORG,True,False,False,False
QBITS.CH,True,False,False,False
MESVISION.COM,True,False,False,False
PBINFO.COM,True,False,False,False
HALLMARKCHANNEL.COM,True,False,False,False
MAXIMUS.COM,True,False,False,False
ARROW.COM,True,False,False,False
AJOOMAL.COM,True,False,False,False
DRYDOCKS.GOV.AE,True,False,False,False
HILLROM.COM,True,False,False,False
PRO2COL.COM,True,False,False,False
ENCOREANYWHERE.COM,True,False,False,False
AMF.SE,True,False,False,False
ORAU.ORG,True,False,False,False
AGILYSYSAP.COM,True,False,False,False
Scherr Legate | scherrlegatecom,True,False,False,False
NorthEast Coverages | northeastcoveragescom,True,False,False,False
HyLife,True,False,False,False
Southwark Metal Manufacturing Co  |   southwarkmetalcom,True,False,False,False
threesixtysourcingcom,True,False,False,False
Phyllis Browning Company | phyllisbrowningcom,True,False,False,False
IKPT,True,False,False,False
Quantel Medical | quantel-medicalcom,True,False,False,False
JinkoSolarcom (NYSE: JKS),True,False,False,False
GEMS Education | gemseducationcom,True,False,False,False
Noble Oil | nobleoilcom,True,False,False,False
Bullfrog International | bullfrogspascom,True,False,False,False
MTB,True,False,False,False
unapeninternal,True,False,False,False
Bradsby Group | bradsbygroupcom,True,False,False,False
"KELLY,REMMEL&ZIMMERMAN first part",True,False,False,False
Maintainco Inc | maintaincocom | starliftcom,True,False,False,False
inibsacom | inibsadentalcom | inibsanet 2TB FULL DATA,True,False,False,False
LW Group,True,False,False,False
Relationships Australia,True,False,False,False
VOYAGER DISTRIBUTING COMPANY PTY LTD,True,False,False,False
CASTGROUPCOMBR,True,False,False,False
DC Solutions FR&Switzerland (dcsolutionch),True,False,False,False
Rudsak Inc | rudsakcom,True,False,False,False
Dober,True,False,False,False
SSW Consulting,True,False,False,False
WKPZ Law,True,False,False,False
Favoris Holding AG (favoris-agch),True,False,False,False
NECSUM,True,False,False,False
NECSUM TRISON,True,False,False,False
wwwinnotecgroupcom,True,False,False,False
Enoah Isolutions,True,False,False,False
bet9jacom | goldbetit,True,False,False,False
North Carolina A&T State University (wwwncatedu),True,False,False,False
Florida International University (wwwfiuedu),True,False,False,False
tgscomar,True,False,False,False
wallyedgarcom | Wally Edgar Chevrolet,True,False,False,False
Barakat Travel and Private Jet was Hacked,True,False,False,False
eNoah it solutions,True,False,False,False
"Monteleone & McCrory, LLP",True,False,False,False
secovacom | Secova Inc,True,False,False,False
North View Escrow Corp,True,False,False,False
Trace Midstream,True,False,False,False
Alliant Physical Therapy DATA,True,False,False,False
adlerdisplaycom | Adler Display,True,False,False,False
dudacom,True,False,False,False
GSE - Gestore Servizi Energetici,True,False,False,False
"Ta Chen Stainless Pipe Co, Ltd",True,False,False,False
pro office Büro + Wohnkultur GmbH,True,False,False,False
Philippine Economic Zone Authority (PEZA) pezagovph,True,False,False,False
Pendulum Associates public website of data leak,True,False,False,False
It Works Global,True,False,False,False
CF Assicurazioni,True,False,False,False
DC ADVISORY,True,False,False,False
Calvetti Ferguson,True,False,False,False
"Richardson & Pullen, PC",True,False,False,False
FRISAcom,True,False,False,False
j-w-andersoncom,True,False,False,False
"Davis Law Group, PC",True,False,False,False
Phoenix/Packaging Inc,True,False,False,False
Municipio de Quito,True,False,False,False
"Innotec, Corp",True,False,False,False
BRITISH LINK KUWAIT,True,False,False,False
"Horwitz Law, Horwitz & Associates",True,False,False,False
The People's Federal Credit Union | tpfcucom,True,False,False,False
Campbell & Partners Consulting,True,False,False,False
YCUA,True,False,False,False
Boom Logistics (boomlogisticscomau),True,False,False,False
Tecnopack,True,False,False,False
SYSOL,True,False,False,False
Land Kärnten,True,False,False,False
GREEN MOUNTAIN ELECTRIC SUPPLY (gmescom),True,False,False,False
Imagen Television,True,False,False,False
Klasner Solomon & Partners Chartered Professional Accountants,True,False,False,False
M+A Partners,True,False,False,False
Whitehall (OH),True,False,False,False
AMS-Gruppe,True,False,False,False
Alexandria (LA),True,False,False,False
eivp-parisfr,True,False,False,False
Purvis Industries,True,False,False,False
vanderpol's,True,False,False,False
The University of Pisa,True,False,False,False
theallisoncom,True,False,False,False
Plainedge Public Schools,True,False,False,False
Matco Electric,True,False,False,False
nutiscom,True,False,False,False
HANSA KONTAKT,True,False,False,False
Dusit D2 Kenz Hotel Dubai,True,False,False,False
The Royal Commission for Riyadh City (RCRC),True,False,False,False
Podhurst Orseck,True,False,False,False
Chen Moore and Associates,True,False,False,False
COUNT+CARE | ENTEGADE,True,False,False,False
Bandai Namco,True,False,False,False
Hydraelectric,True,False,False,False
"Duda Farm Fresh Foods  A Duda & Sons , Inc  Duda  A Duda & Sons  Duda Farm Fresh Foods Inc",True,False,False,False
Unisuper SA,True,False,False,False
KKJM Lawfirm,True,False,False,False
Reed Pope Law,True,False,False,False
Continental Management,True,False,False,False
OGLETREE,True,False,False,False
HANDLER Bau GmbH,True,False,False,False
Holland CPA,True,False,False,False
JOHN A BODZIAK ARCHITECT AIA,True,False,False,False
herccombr,True,False,False,False
tnqcoin,True,False,False,False
Nelsonslaw LLP,True,False,False,False
Creos Luxembourg,True,False,False,False
MarioSinacola,True,False,False,False
AD Consulting Group,True,False,False,False
Hometrust Mortgage Company,True,False,False,False
Accelya,True,False,False,False
Justman Packaging & Display Information,True,False,False,False
Laferté,True,False,False,False
Josef Saller Services eK - Saller Bau,True,False,False,False
GHT CORP,True,False,False,False
Fiveninefive,True,False,False,False
PCSupport,True,False,False,False
Tri-Supply,True,False,False,False
The Checker Transportation Group,True,False,False,False
Artic Building Services,True,False,False,False
HAYAT GROUP,True,False,False,False
( POST HAS BEEN UPDATED 1400GB LEAK AVAILABLE ) County Suffolk and contractors,True,False,False,False
Boyes Turner LLP,True,False,False,False
trisupplyhomecom,True,False,False,False
CARITAS,True,False,False,False
Circles of Care,True,False,False,False
SolarCraft,True,False,False,False
ASSOCIATED RETAILERS LIMITED HACKED MORE THEN 500G SENSITIVE DATA LEAKED,True,False,False,False
ID-ware,True,False,False,False
NJVC [ post has been updated ],True,False,False,False
Midwest Petroleum,True,False,False,False
Bilthoven Biologicals,True,False,False,False
Simex Defence Inc,True,False,False,False
Clarion Communication Management Ltd,True,False,False,False
Knoll,True,False,False,False
Pinnacle Incorporated,True,False,False,False
Home Dynamix,True,False,False,False
Deutsche Saatveredelung AG,True,False,False,False
Notos Com,True,False,False,False
The Hibbert Group,True,False,False,False
Döhler HACKED! More then 800 GB sensitive data LEAKED!,True,False,False,False
Triten,True,False,False,False
Jam Filled Entertainment,True,False,False,False
RecordTV,True,False,False,False
Events DC | eventsdccom,True,False,False,False
Longhorn Investments,True,False,False,False
Egyptian Electric Cooperative Association,True,False,False,False
Mdaemon Technologies,True,False,False,False
unipilotoeduco,True,False,False,False
GMM Grammy Public Company Limited,True,False,False,False
Comando Conjunto de las Fuerzas Armadas Del Ecuador,True,False,False,False
SUMITOMO BAKELITE | sbna-inccom,True,False,False,False
Rankam China Manufacturing,True,False,False,False
Kolas Law Firm,True,False,False,False
Bosselman Energy Inc,True,False,False,False
Network Communications Inc,True,False,False,False
HUSSEY GAY BELL,True,False,False,False
CONFORAMA - HACKED AND MORE THEN 1TB DATA LEAKED!,True,False,False,False
nobilityrcmcom / altapartnersllccom  /  MFASTcom / MSBSbiz sym / elitemedicalbillcom,True,False,False,False
CENTRAL BANK OF GAMBIA HACKED 2 TB OF CRITICAL DATA WAS STOLEN,True,False,False,False
rjyoungcom,True,False,False,False
Motionalcom,True,False,False,False
Comresearch,True,False,False,False
KlamoyaCasino,True,False,False,False
Nok Air,True,False,False,False
ENPPI - HACKED AND MORE THEN 1100 GB DATA LEAKED!,True,False,False,False
SEED CO LTD,True,False,False,False
Jubilant,True,False,False,False
"Shenzhen INVT Electric Co,Ltd",True,False,False,False
LJ Hooker Palm Beach,True,False,False,False
Grupo NGN,True,False,False,False
Cappagh Contractors Construction (London) Ltd,True,False,False,False
moruga it,True,False,False,False
Elias Motsoaledi Local Municiapality,True,False,False,False
Novak Law Offices,True,False,False,False
NCI CABLING INC,True,False,False,False
Requena,True,False,False,False
Warren County Community College,True,False,False,False
TEIJIN AUTOMOTIVE TECHNOLOGIES,True,False,False,False
Aeroproductsco,True,False,False,False
dothousehealthorg,True,False,False,False
Schnee Berger,True,False,False,False
Events DC,True,False,False,False
Protecmedia,True,False,False,False
ELOTECH - HACKED AND MORE THEN 100 GB DATA LEAKED!,True,False,False,False
STRESSER ASSOCIATES CPA,True,False,False,False
Empresas Públicas de Medellín,True,False,False,False
FARMSCOM,True,False,False,False
CR&R,True,False,False,False
Meyer & Meyer Holding SE & Co KG,True,False,False,False
SSI Schäfer Shop,True,False,False,False
"JAKKS Pacific, Inc",True,False,False,False
SUMITOMO BAKELITE USA,True,False,False,False
Dental One,True,False,False,False
Grupo Estrategas EMM,True,False,False,False
Fruttagel,True,False,False,False
Koo Wee Rup Secondary College,True,False,False,False
Liebra Permana,True,False,False,False
TIME TECHNOPLAST LIMITED,True,False,False,False
Fu Yu Corporation,True,False,False,False
NextGen,True,False,False,False
Crescent Crown Distributing,True,False,False,False
Pharmacare,True,False,False,False
IFPA,True,False,False,False
CHARLES P VONDERHAAR CPA WAS HACKED MORE TNAH 50GB SENSETIVE DATA LEAKEDCHARLES P VONDERHA,True,False,False,False
Copper Mountain,True,False,False,False
SOLAR INDUSTRIES INDIA WAS HACKED MORE THAN 2TB SECRET MILITARY DATA LEAKED,True,False,False,False
Ultrabulk,True,False,False,False
Vision Technologies,True,False,False,False
V3 Companies,True,False,False,False
Stibbs & Co,True,False,False,False
Bregman Berbert Schwartz & Gilday,True,False,False,False
PARIC CORPORATION,True,False,False,False
Westmont Hospitality Group,True,False,False,False
SOTO Consulting Engineers,True,False,False,False
Portnoff Law Associates,True,False,False,False
"Five Guys Enterprises, LLC",True,False,False,False
El-Mohandes,True,False,False,False
Menken Orlando,True,False,False,False
JReynolds,True,False,False,False
Cork Institute of Technology & Munster Technological University,True,False,False,False
Vitas,True,False,False,False
Banco Sol,True,False,False,False
Leal Group,True,False,False,False
"Hengmei Optoelectronics Co,Ltd",True,False,False,False
Cansew,True,False,False,False
Wawasee Community School Corporation,True,False,False,False
SINGLESOURCE,True,False,False,False
La Filipina,True,False,False,False
Markas,True,False,False,False
Summit Brands,True,False,False,False
FUTURE BUILDINGS WAS HACKED MORE THAN 150GB SENSETIVE DATA LEAKED,True,False,False,False
City of Lakewood,True,False,False,False
EncinoEnergy,True,False,False,False
PRESTIGE MAINTENANCE USA WAS HACKED,True,False,False,False
Kendall Hunt Publishing,True,False,False,False
"Empresa Distribuidora de Electricidad del Este, Revenue $6336M",True,False,False,False
Glovers Solicitors LLP,True,False,False,False
The Keen Group,True,False,False,False
Smarter Capital,True,False,False,False
thinkweltycom,True,False,False,False
INDIKA ENERGY GLOBAL,True,False,False,False
Kimko Realty,True,False,False,False
Traffic Ticket Office,True,False,False,False
SkyFiber Networks,True,False,False,False
CMMG Inc,True,False,False,False
Welty Building Company,True,False,False,False
blackswanhealth,True,False,False,False
Lehigh Valley Health Network,True,False,False,False
Law Foundation of Silicon Valley,True,False,False,False
Dancenter,True,False,False,False
Optieng,True,False,False,False
McEwan Fraser Legal,True,False,False,False
Lehigh Valley Health Network 2,True,False,False,False
Guardian Capital,True,False,False,False
Ring: Security Systems,True,False,False,False
WALSHALBERT,True,False,False,False
npauctionscom (copartcom),True,False,False,False
Los Altos Foods,True,False,False,False
Collins Electrical,True,False,False,False
James Group,True,False,False,False
"Kerber, Eck & Braeckel LLP",True,False,False,False
FABREGA MOLINO (fmmcompa),True,False,False,False
Sunward Pharmaceutical (Sunward),True,False,False,False
Coole Bevis Solicitors,True,False,False,False
Kress,True,False,False,False
bluebirdnetwork,True,False,False,False
Teklas,True,False,False,False
lclattorneyscom,True,False,False,False
wbactc,True,False,False,False
Sun Global Media Usa Ltd,True,False,False,False
Rob Levine & Associates Lawyers,True,False,False,False
"Buffco Production, Inc",True,False,False,False
All4Labels,True,False,False,False
Mutual de Seguros de Chile,True,False,False,False
Dalumi Group,True,False,False,False
Electronic SYSTEMS SpA,True,False,False,False
The Sage Next,True,False,False,False
Hull Property Group,True,False,False,False
UnitedLex,True,False,False,False
Noteboom - The Law Firm,True,False,False,False
PALM HILLS DEVELOPMENT,True,False,False,False
"quilts,inc",True,False,False,False
b&h patterninc,True,False,False,False
coremain,True,False,False,False
The Zalkin Law Firm PC,True,False,False,False
Yucatan,True,False,False,False
SAFHOLLAND,True,False,False,False
Leadway Assurance Company Limited,True,False,False,False
Western Intelligence or Western Digital: The Fine Line Between Selling Drives and Espionag,True,False,False,False
7G Distributing,True,False,False,False
Insurance Agency Marketing Services,True,False,False,False
Ruekert & Mielke,True,False,False,False
Sasacom - Malaysian most unsecured retailer was hacked and leaked a huge amount of confide,True,False,False,False
Lisa Logística was hacked A great amount of critical information has been stolen,True,False,False,False
JK Residential Services was hacked A lot of personal data was stolen,True,False,False,False
CA de Seguros La Occidental was hacked A huge amount of confidential data was stolen,True,False,False,False
Banco Comercial do Huambo was hacked Africa's most insecure bank has leaked a huge amount ,True,False,False,False
Eastern Cape Gambling Board was hacked The most dangerous gambling company for cooperation,True,False,False,False
Albert Ziegler - one of Germany's most insecure companies has leaked a huge amount of pers,True,False,False,False
VOPAK WAS HACKED A LOT OF CRITICAL CONFIDENTIAL INFORMATION WAS STOLEN,True,False,False,False
Classic Stripes Pvt and Astarc Group was hacked A huge amount of confidential data has bee,True,False,False,False
Global Polymers was haked A massive amount of confidential information was stolen,True,False,False,False
NAIVAS WAS HACKED A LARGE AMOUNT OF CONFIDENTIAL DATA HAS BEEN STOLEN,True,False,False,False
Groupe ACTIVA was hacked The most unreliable insurance company in the world has once again,True,False,False,False
Slade Shipping - The most insecure shipping company in the US has leaked a huge amount of ,True,False,False,False
Saville Row  - Grupo GTD was hacked A huge amount of personal information was stolen,True,False,False,False
Daregal was hacked The most insecure retail company allowed a huge amount of confidential ,True,False,False,False
MKU,True,False,False,False
ECCI,True,False,False,False
NETISGROUP HAS BEEN HACKED !!!,True,False,False,False
Agensi Kaunseling dan Pengurusan Kredit (Credit Consulting and Management Agency of Malays,True,False,False,False
BERNINA International AG,True,False,False,False
Fundação Carlos Chagas,True,False,False,False
accesscontrolsecuritycom,True,False,False,False
e-Hazardcom and ArcWearcom (with data),True,False,False,False
Western Digital Chronicles II: The Weekly Descent into Oblivion,True,False,False,False
"McDermott International, Ltd",True,False,False,False
KMC Savills,True,False,False,False
Sherman Consulting Services,True,False,False,False
Tony Clark Consulting,True,False,False,False
"EirMed Devices, part of TRELLEBORG",True,False,False,False
ambitco - finvestambitco Private Banking,True,False,False,False
American Foam & Packaging,True,False,False,False
Aeco was hacked A lot of confidential customer data was stolen,True,False,False,False
Willamette Falls,True,False,False,False
Constellation Software Inc,True,False,False,False
Coteccons Group was hacked One of the most insecure construction companies in Asia has lea,True,False,False,False
"KKDICOID including companies AICC, JBI, TJFI (part of the kddicom holding company, whose d",True,False,False,False
Axure Software Solutions - a company with an extremely low level of protection was hacked ,True,False,False,False
Grupo Cativa was hacked Huge amounts of critical information have been stolen,True,False,False,False
Eagle Eye Produce,True,False,False,False
Transformative Healthcare,True,False,False,False
Constellation Software Inc 2,True,False,False,False
Essen Medical Associates,True,False,False,False
ResultsCX | The result of many unknown breaches?,True,False,False,False
Libyana was hacked A company with an enormous amount of vulnerabilities has allowed its cu,True,False,False,False
AKRON Mquinas Agrcolas,True,False,False,False
Academy Mortgage Corporation,True,False,False,False
QUORUMIS,True,False,False,False
Group DIS (Direct Info Services),True,False,False,False
PCS Wireless,True,False,False,False
ORION,True,False,False,False
Sun Pharmaceutical Industries Ltd,True,False,False,False
PM Medical Billing was hacking A company with multiple vulnerabilities in its network allo,True,False,False,False
Group DIS leak 1/2,True,False,False,False
TaslyUS,True,False,False,False
E4NET,True,False,False,False
Reach Cooling Group was hacked A company whose cooperation is dangerous to your business h,True,False,False,False
FajarPaper was hacked The most dangerous company to cooperate with in Indonesia may pose a,True,False,False,False
"Voxx Electronics - company, which has a huge number of vulnerabilities was hacked A large ",True,False,False,False
valleywomenshealth,True,False,False,False
HIGHLANDHOMES,True,False,False,False
The Middleton Group,True,False,False,False
Norton Healthcare,True,False,False,False
wenntownsend,True,False,False,False
Procurri,True,False,False,False
First Community Credit Union,True,False,False,False
casepointcom (UPDATE),True,False,False,False
Brinkmann & Niemeijer Motoren,True,False,False,False
JPW Industries (jpwindustriescom) | Baileigh Industrial (baileighcom) | With SpaceX Data [,True,False,False,False
hwlebsworth,True,False,False,False
Tension Corporation,True,False,False,False
"D&K Group, Inc",True,False,False,False
North West Paving Ltd,True,False,False,False
Stylish Fabric (stylishfabriccom),True,False,False,False
CASEPOINT pt2,True,False,False,False
Silicon Valley Mechanical,True,False,False,False
Coca-Cola FEMSA,True,False,False,False
Krack Zapaterías,True,False,False,False
Automatic Systems - is a company with extremely low security of its network and products w,True,False,False,False
New Horizons Medical,True,False,False,False
Alpha Data,True,False,False,False
Sonangol,True,False,False,False
Plott Corporation,True,False,False,False
Badan Operasi Bersama Pt Bumi Siak Pusako Pertamina Hulu,True,False,False,False
Creative Liquid Coatings,True,False,False,False
Bauer Built,True,False,False,False
The Reddit Files,True,False,False,False
The Dufresne Group - DSG - ASHLEY HOMESTORES,True,False,False,False
Mammoth Energy (NASDAQ: TUSK),True,False,False,False
Strait & Lamp Group,True,False,False,False
COEX,True,False,False,False
"Craig & Associates, LLC",True,False,False,False
National Institutional Facilitation Technologies (Pvt) Limited,True,False,False,False
barts health nhs trust,True,False,False,False
Townsquare Media Inc,True,False,False,False
Main Street Title and Settlement Services LLC,True,False,False,False
Bangladesh Krishi Bank,True,False,False,False
Beverly Hills Plastic Surgery,True,False,False,False
"Divgi-TTS was hacked Due to the extreme low level of security, a huge amount of confidenti",True,False,False,False
Eastin Hotel Makkasan Bangkok was hacked Customers' financial and personal information has,True,False,False,False
Algeibacom has a critical level of security on its network Customer and partner data is st,True,False,False,False
Amber Court 2020 was hacking A lot of customers' personal information was stolen,True,False,False,False
Maruchan Inc,True,False,False,False
Chin Hin Group,True,False,False,False
Baumschlager Hutter Partners - Business Information,True,False,False,False
Robison Engineering,True,False,False,False
FIIG,True,False,False,False
Ascendum Machinery,True,False,False,False
KUITS,True,False,False,False
The Estée Lauder Companies,True,False,False,False
EA SMITH,True,False,False,False
VOG,True,False,False,False
Entegra,True,False,False,False
"Cavanaugh, Biggs & Lemon PA, Attorneys at Law",True,False,False,False
Hirsch Bedner Associates,True,False,False,False
Azimut.it,True,False,False,False
THE COLLINS LAW FIRM,True,False,False,False
Kansas Joint & Spine Specialists,True,False,False,False
ITW Food Equipment Group,True,False,False,False
Greenfiber,True,False,False,False
Republic.bz,True,False,False,False
NEBRASKALAND,True,False,False,False
Globacom Limited,True,False,False,False
University of Salerno,True,False,False,False
Kersey  CO,True,False,False,False
BoomData |Data and Analytics Consultancy,True,False,False,False
De****int,True,False,False,False
Spectra Industrial,True,False,False,False
Miranda Brokerage,True,False,False,False
Institut Mensalus S.L.,True,False,False,False
"FANSIPAN CONSTRUCTION CONSULTANTS CO.,LTD",True,False,False,False
DV8 Technology Group,True,False,False,False
CROWD,True,False,False,False
BoomData | Data & Analytics Consultancy,True,False,False,False
EDVMS,True,False,False,False
Rampi Srl,True,False,False,False
Becht Engineering,True,False,False,False
The Sinbad Club,True,False,False,False
ridgeviewindustries.com,True,False,False,False
University of the West of Scotland,True,False,False,False
IT Luggage,True,False,False,False
John Mulder Heating & Air Conditioning,True,False,False,False
Scharco Elektronik,True,False,False,False
Primoteq,True,False,False,False
Grupo MH,True,False,False,False
FERRE BARNIEDO,True,False,False,False
BION_2,True,False,False,False
El Milagro,True,False,False,False
SBM,True,False,False,False
dynamite,True,False,False,False
Charles & Colvard Ltd.,True,False,False,False
ebpsupply.com,True,False,False,False
Collins Aerospace (An RTX Business),True,False,False,False
EJM Engineered Systems,True,False,False,False
Bl****ea,True,False,False,False
Franklins european bathrooms,True,False,False,False
"Exbon Development, Inc",True,False,False,False
Jackson Township Police Department and Administration.,True,False,False,False
championgse.com,True,False,False,False
Pechexport,True,False,False,False
Cvlan,True,False,False,False
Sun Pain Management,True,False,False,False
Cafe Britt,True,False,False,False
Chan and Associates,True,False,False,False
Siden & Associates Press Release,True,False,False,False
Hungarian Investment Promotion Agency Press Release,True,False,False,False
Samson Electric,True,False,False,False
Axity,True,False,False,False
Bartlett,True,False,False,False
Yamaha Canada Music Ltd,True,False,False,False
plbint.com,True,False,False,False
"Bright Future Electric, LLC",True,False,False,False
Corinium Carpets,True,False,False,False
Tampa General Hospital,True,False,False,False
CANAROPA Inc,True,False,False,False
Alberto Couto Alves,True,False,False,False
Agoravita,True,False,False,False
American Meteorological Society,True,False,False,False
Biocair International,True,False,False,False
Confartigianato Federimpresa FC,True,False,False,False
ScanSource,True,False,False,False
CWS,True,False,False,False
Hawa Sliding Solutions,True,False,False,False
Imagination,True,False,False,False
Italkraft,True,False,False,False
Michigan Production Machining,True,False,False,False
Novobit,True,False,False,False
Artemide,True,False,False,False
Reyes Automotive Group,True,False,False,False
Rotomail Italia SpA,True,False,False,False
Phoenix Taxis,True,False,False,False
Wasserstrom,True,False,False,False
Americold,True,False,False,False
cityserve-mech.co.uk,True,False,False,False
Hightway Care,True,False,False,False
Magnolia Steel,True,False,False,False
New Braunfels Cardiology,True,False,False,False
Anesco Ltd,True,False,False,False
Kensington Publishing,True,False,False,False
Fernmoor Homes,True,False,False,False
ECS Technology Group,True,False,False,False
Woodbine Hospitality,True,False,False,False
Sea Force IX,True,False,False,False
Centennial Management,True,False,False,False
R***** ********** *******,True,False,False,False
Undisclosed Aerospace Company,True,False,False,False
Cumberland Pharmaceuticals Inc.,True,False,False,False
Braintree Public Schools,True,False,False,False
obeidpartners.com,True,False,False,False
Lumberton Independent School District,True,False,False,False
PWCCLINETSANDDOCUMENTS.COM,True,False,False,False
DMA.US,True,False,False,False
VENTIVTECH.COM,True,False,False,False
BLUEFIN.COM,True,False,False,False
ESTEELAUDER.COM,True,False,False,False
OFCOM.ORG.UK,True,False,False,False
ALLEGIANTAIR.COM,True,False,False,False
ITT.COM,True,False,False,False
SMC3.COM,True,False,False,False
COMREG.IE,True,False,False,False
JONASFITNESS.COM,True,False,False,False
AA.COM,True,False,False,False
DTD Express ,True,False,False,False
Tampa general hospital,True,False,False,False
Acomen,True,False,False,False
Girardini Holding Srl,True,False,False,False
Health Springs Medical Center ,True,False,False,False
Nini Collection Ltd  (Nini's Jewels),True,False,False,False
lfcaire.org,True,False,False,False
suninsurance.com.fj,True,False,False,False
berg-life.com,True,False,False,False
cotrelec.com,True,False,False,False
ope.com.na,True,False,False,False
dixiesfed.com,True,False,False,False
flexity.com,True,False,False,False
www.brockhouse.co.uk,True,False,False,False
academia21.com,True,False,False,False
"CashCall, Inc.",True,False,False,False
Seasia Infotech,True,False,False,False
Ningbo Joyson Electronic Corp.,True,False,False,False
Wasserstrom,True,False,False,False
Protected: Hidden name,True,False,False,False
Senior,True,False,False,False
hopetech.com,True,False,False,False
johnreilly.co.uk,True,False,False,False
www.tractrad.com,True,False,False,False
Southwest Healthcare Services,True,False,False,False
RCI.COM,True,False,False,False
SIERRAWIRELESS.COM,True,False,False,False
COMPUCOM.COM,True,False,False,False
CFINS.COM,True,False,False,False
DESMI.COM,True,False,False,False
FMGL.COM.AU,True,False,False,False
VALMET.COM,True,False,False,False
VITESCO-TECHNOLOGIES.COM,True,False,False,False
TJX.COM,True,False,False,False
Stephen F. Austin State University,True,False,False,False
IRIS Informatique,True,False,False,False
ICT-College,True,False,False,False
Venture Drilling Supply,True,False,False,False
test.com,True,False,False,False
selmi.com.br,True,False,False,False
www.stri.se,True,False,False,False
www.arb.ch,True,False,False,False
Propper International,True,False,False,False
Meteksan Defence Industry,True,False,False,False
equmedia.es,True,False,False,False
jasperpictures,True,False,False,False
magnumphotos.com,True,False,False,False
konrad-mr.de,True,False,False,False
greatlakesmbpm.com,True,False,False,False
hgc.com.hk,True,False,False,False
province.namur.be,True,False,False,False
energym.co.il,True,False,False,False
co.langlade.wi.us,True,False,False,False
Caterham High School,True,False,False,False
Superloop ISP,True,False,False,False
NOTABLEFRONTIER.COM,True,False,False,False
GRACE.COM,True,False,False,False
PRGX.COM,True,False,False,False
HESS.COM,True,False,False,False
MYCWT.COM,True,False,False,False
SCHNABEL-ENG.COM,True,False,False,False
ARIETISHEALTH.COM,True,False,False,False
PINNACLETPA.COM,True,False,False,False
REPSOLSINOPECUK.COM,True,False,False,False
Jordan Airmotive Ltd,True,False,False,False
Burton & South Derbyshire College,True,False,False,False
JTI.COM,True,False,False,False
VOSS.NET,True,False,False,False
UFCU.ORG,True,False,False,False
YAKULT.COM.PH,True,False,False,False
ROCHESTER.EDU,True,False,False,False
eyedoc.com.na,True,False,False,False
CPA Advisors Group,True,False,False,False
Info Salons,True,False,False,False
The Big Life group,True,False,False,False
Gerber ChildrenswearLLC,True,False,False,False
Blackjewel L.L.C.,True,False,False,False
SHUTTERFLY.COM,True,False,False,False
DISCOVERY.COM,True,False,False,False
ASPENTECH.COM,True,False,False,False
MOTHERSON.COM,True,False,False,False
PAYCOM.COM,True,False,False,False
Telepizza,True,False,False,False
The Traffic Tech,True,False,False,False
Quikcard Solutions Inc.,True,False,False,False
Jadranka Group,True,False,False,False
Dental One Craigieburn,True,False,False,False
ANL Packaging,True,False,False,False
BTU,True,False,False,False
"Ministerio de Cultura de la Republica de Cuba "" STORMOUS + GhostSec """,True,False,False,False
"Ministry of Foreign Trade "" STORMOUS + GhostSec """,True,False,False,False
"Ministry of Energy and Mines (Cuba) "" STORMOUS +  GhostSec """,True,False,False,False
GRIPA.ORG,True,False,False,False
SLB.COM,True,False,False,False
AMCTHEATRES.COM,True,False,False,False
AINT.COM,True,False,False,False
JACKENTERTAINMENT.COM,True,False,False,False
NASCO.COM,True,False,False,False
TGIDIRECT.COM,True,False,False,False
HONEYWELL.COM,True,False,False,False
CLEARESULT.COM,True,False,False,False
RADIUSGS.COM,True,False,False,False
Bitimen,True,False,False,False
affinityhealthservices.ne,True,False,False,False
ATS Infrastructure,True,False,False,False
Henock Construction,True,False,False,False
Lyon & Healy,True,False,False,False
Mission Parks,True,False,False,False
Innodis Group,True,False,False,False
"Schmidt Salzman & Moran, Ltd",True,False,False,False
"Better System Co.,Ltd",True,False,False,False
Protactics,True,False,False,False
CONSOLENERGY.COM,True,False,False,False
KALEAERO.COM,True,False,False,False
AGILYSYS.COM,True,False,False,False
SCCU.COM,True,False,False,False
ARVATO.COM,True,False,False,False
RITEAID.COM,True,False,False,False
PIONEERELECTRONICS.COM,True,False,False,False
BAM.COM.GT,True,False,False,False
TOMTOM.COM,True,False,False,False
EMERSON.COM,True,False,False,False
berjaya,True,False,False,False
Ingersoll Rand,True,False,False,False
Arrowall,True,False,False,False
OKS,True,False,False,False
Matrix,True,False,False,False
treenovum.es,True,False,False,False
archiplusinter.com,True,False,False,False
marehotels,True,False,False,False
mamboafricaadventure,True,False,False,False
Nipun Consultancy,True,False,False,False
Murfreesboro Medical Clinic,True,False,False,False
A123 Systems,True,False,False,False
MicroPort Scientific / LivaNova,True,False,False,False
panoramaeyecare.com,True,False,False,False
Pesquera Diamante S.A.,True,False,False,False
Weitkamp · Hirsch and Kollegen Steuerberatungsgesellschaft mbH,True,False,False,False
gis4.addison-il,True,False,False,False
Weitkamp · Hirsch & Kollegen Steuerberatungsgesellschaft mbH,True,False,False,False
Kansas medical center LLC,True,False,False,False
Danbury Public Schools,True,False,False,False
Advanced Fiberglass Industries,True,False,False,False
Citelis Mobility,True,False,False,False
"Motor Components, LLC",True,False,False,False
Customer Elation - Business Information,True,False,False,False
RICOHACUMEN.COM,True,False,False,False
SMA.DE,True,False,False,False
VRM.DE,True,False,False,False
UMASSMED.EDU,True,False,False,False
VISIONWARE.CA,True,False,False,False
JHU.EDU,True,False,False,False
FMFCU.ORG,True,False,False,False
JPRMP.COM,True,False,False,False
WESTAT.COM,True,False,False,False
RADISSONHOTELSAMERICAS.COM,True,False,False,False
Hamre Schumann Mueller & Larson HSML,True,False,False,False
Belize Electricity Limited - Leaked,True,False,False,False
Green Diamond,True,False,False,False
Citta Nuova,True,False,False,False
leeindustries.com,True,False,False,False
Garuda Indonesia,True,False,False,False
roys.co.uk,True,False,False,False
Evergreen Seamless Pipes & Tubes,True,False,False,False
M****** *****,True,False,False,False
JANUS Research Group,True,False,False,False
Garden Hotel NARITA,True,False,False,False
Montgomery General Hospital,True,False,False,False
Nabtesco Motion Control,True,False,False,False
UnitedLex.com,True,False,False,False
The Travel Network Group,True,False,False,False
Jacklyn Dawson Solicitors,True,False,False,False
Peroni Pompe,True,False,False,False
Cabra Consulting Ltd,True,False,False,False
Tracker de Colombia SAS,True,False,False,False
Lane Valente Industries,True,False,False,False
"New Century Advisors, LLC",True,False,False,False
ROBERT L BAYLESS PRODUCER LLC,True,False,False,False
Industrial Heat Transfer (iht-inc.com),True,False,False,False
CROWE.COM,True,False,False,False
AUTOZONE.COM,True,False,False,False
BCDTRAVEL.COM,True,False,False,False
AMERICANNATIONAL.COM,True,False,False,False
USG.EDU,True,False,False,False
CYTOMX.COM,True,False,False,False
MARYKAY.COM,True,False,False,False
FISCDP.COM,True,False,False,False
KERNAGENCY.COM,True,False,False,False
UOFLHEALTH.ORG,True,False,False,False
L8SOLUTIONS.CO.UK,True,False,False,False
TDAMERITRADE.COM,True,False,False,False
Kenya Bureau Of Standards,True,False,False,False
Lazer Tow,True,False,False,False
Star Island Resort,True,False,False,False
Indiana Dimension,True,False,False,False
Lawer SpA,True,False,False,False
DELARUE.COM,True,False,False,False
ENERGYTRANSFER.COM,True,False,False,False
PAYCOR.COM,True,False,False,False
NETSCOUT.COM,True,False,False,False
WOLTERSKLUWER.COM,True,False,False,False
CADENCEBANK.COM,True,False,False,False
BANKWITHUNITED.COM,True,False,False,False
NEWERATECH.COM,True,False,False,False
NST Attorneys at Law,True,False,False,False
Uniquify,True,False,False,False
Geneva Software,True,False,False,False
MUJI Europe Holdings Limited,True,False,False,False
Betty Lou's,True,False,False,False
Capacity LLC,True,False,False,False
Safety Network,True,False,False,False
Carvin Software,True,False,False,False
Ella Insurance Brokerage,True,False,False,False
A** **************,True,False,False,False
betalandservices.com,True,False,False,False
chasc.org,True,False,False,False
cls-group.com,True,False,False,False
gacegypt.net,True,False,False,False
siegfried.com.mx,True,False,False,False
Pinnergy,True,False,False,False
ASIC Soluciones,True,False,False,False
KIRWIN FRYDAY MEDCALF Lawyers LLP,True,False,False,False
TRANSPERFECT.COM,True,False,False,False
QUORUMFCU.ORG,True,False,False,False
MERATIVE.COM,True,False,False,False
NORGREN.COM,True,False,False,False
CIENA.COM,True,False,False,False
KYBURZDRUCK.CH,True,False,False,False
UNITEDREGIONAL.ORG,True,False,False,False
TDECU.ORG,True,False,False,False
BRADYID.COM,True,False,False,False
BARRICK.COM,True,False,False,False
DURR.COM,True,False,False,False
ZooTampa at Lowry Park,True,False,False,False
Avalign Technologies,True,False,False,False
Portugal Scotturb Data Leaked,True,False,False,False
guestgroup.com.au,True,False,False,False
Murphy,True,False,False,False
eurosupport.com,True,False,False,False
recamlaser.com,True,False,False,False
mitr.com,True,False,False,False
Hoosier Equipment company,True,False,False,False
Yunus Emre Institute Turkey,True,False,False,False
Polanglo,True,False,False,False
**** I******** *********,True,False,False,False
Jefferson County Health Center,True,False,False,False
snjb.net,True,False,False,False
oneexchangecorp.com,True,False,False,False
Ayuntamiento de Arganda City Council,True,False,False,False
Hollywood Forever,True,False,False,False
Mutuelle LMP,True,False,False,False
Luna Hotels & Resorts ,True,False,False,False
BM GROUP POLYTEC S.p.A.,True,False,False,False
Brett Martin,True,False,False,False
blowtherm.it,True,False,False,False
Ucamco Belgium,True,False,False,False
Guatemala Military Intelligence Directorate,True,False,False,False
ALTARGRUP,True,False,False,False
Atherfield Medical Service,True,False,False,False
Ashley HomeStore,True,False,False,False
Blount Fine Foods,True,False,False,False
Blount,True,False,False,False
DVA - DVision Architecture,True,False,False,False
**l***** C***********,True,False,False,False
Kondratoff Persick LLP,True,False,False,False
Undisclosed Staffing Company,True,False,False,False
ENCORECAPITAL.COM,True,False,False,False
TRELLISWARE.COM,True,False,False,False
CLICKSGROUP.CO.ZA,True,False,False,False
HORNBECKOFFSHORE.COM,True,False,False,False
FISGLOBAL.COM,True,False,False,False
DIGITALINSIGHT.COM,True,False,False,False
IRONBOW.COM,True,False,False,False
VERICAST.COM,True,False,False,False
RHENUS.GROUP,True,False,False,False
SOVOS.COM,True,False,False,False
HARRINGTONCOMPANY.COM,True,False,False,False
CITYNATIONAL.COM,True,False,False,False
amepl.com.au,True,False,False,False
tsmc.com,True,False,False,False
Enfield Grammar School,True,False,False,False
Hospitality Staffing Solutions,True,False,False,False
LCG company (URGENT!),True,False,False,False
Nycon,True,False,False,False
KLGATES.COM,True,False,False,False
KIRKLAND & ELLIS LLP,True,False,False,False
DARLINGCONSULTING.COM,True,False,False,False
CPIAI.COM,True,False,False,False
DELTADENTAL.COM,True,False,False,False
COGNIZANT.COM,True,False,False,False
ENSTARGROUP.COM,True,False,False,False
SAPIENS.COM,True,False,False,False
CARESOURCE.COM,True,False,False,False
JACKSON.COM,True,False,False,False
STARMOUNTLIFE.COM,True,False,False,False
KOTAKLIFE.COM,True,False,False,False
KIRKLAND.COM,True,False,False,False
PROSKAUER.COM,True,False,False,False
Western National Group,True,False,False,False
Alberta Newsprint,True,False,False,False
ISPE Connecting Pharmaceutical Knowledge,True,False,False,False
ibafrance.fr,True,False,False,False
CentroMed,True,False,False,False
Stoughton Trailers,True,False,False,False
Pan Pacific Hotels Group,True,False,False,False
Wilcom,True,False,False,False
PORTERROOFING,True,False,False,False
CON-STRUCT,True,False,False,False
Arab Shipbuilding and Repair Yard,True,False,False,False
Misr Life Insurance,True,False,False,False
N** ********* **********,True,False,False,False
Piramal Group,True,False,False,False
JBCC Corp,True,False,False,False
GraphTec,True,False,False,False
MODERNIND_2,True,False,False,False
GIAMBELLI,True,False,False,False
Texas Heat Treating,True,False,False,False
Intoximeters,True,False,False,False
Algotech,True,False,False,False
Cambridge Group of Clubs,True,False,False,False
iMatica,True,False,False,False
COMPASS INFRASTRUCTURE GROUP,True,False,False,False
Hochschule Kaiserslautern,True,False,False,False
ABBVIE.COM,True,False,False,False
UCLA.EDU,True,False,False,False
SIEMENS-ENERGY.COM,True,False,False,False
SE.COM,True,False,False,False
WERUM.COM,True,False,False,False
Knights of Old Group,True,False,False,False
Chariton Valley,True,False,False,False
Reeds Spring School District,True,False,False,False
London Capital Group(LCG),True,False,False,False
Fassi Gru S.p.A.,True,False,False,False
Hiberus Tecnología,True,False,False,False
JOB-SA BETON J.O.B SA,True,False,False,False
CLEAR MEDI HEALTHCARE,True,False,False,False
Lysander Shipping,True,False,False,False
LEGALILAVORO,True,False,False,False
PNEUMAX,True,False,False,False
Real Estate Systems Integrator,True,False,False,False
Universitas Matthiae Belii association,True,False,False,False
Jacobs Farm,True,False,False,False
The City of Nassau Bay,True,False,False,False
Tlantic,True,False,False,False
reutlingen.ihk.de,True,False,False,False
Hausamman company,True,False,False,False
kafflogistic.hu,True,False,False,False
SELL DATA(qtox),True,False,False,False
MSAMLIN.COM,True,False,False,False
Credit Team,True,False,False,False
**** H****,True,False,False,False
*i***** *****,True,False,False,False
American Crane Rental,True,False,False,False
The Akron-Summit County Public Library,True,False,False,False
Perpetual Group,True,False,False,False
Galveston College,True,False,False,False
GUSCANADA.CA,True,False,False,False
PWC.COM,True,False,False,False
EY.COM,True,False,False,False
SONY.COM,True,False,False,False
ANDESASERVICES.COM,True,False,False,False
M&M Industries,True,False,False,False
Daiwa House Industry Co.,True,False,False,False
Hill International,True,False,False,False
Refractron,True,False,False,False
DBSA hit by ransomware attack.,True,False,False,False
GC&E,True,False,False,False
Avannubo,True,False,False,False
CYBERFREIGHT SYSTEMS MARITIMES INC.,True,False,False,False
Habasit,True,False,False,False
Café Soluble,True,False,False,False
Peter Mark,True,False,False,False
Dancie Perugini Ware Public Relations,True,False,False,False
Summit Hut,True,False,False,False
Yokohama-oht (atgtire),True,False,False,False
OMNIPOL,True,False,False,False
"Hi-tec, Batra Group",True,False,False,False
Barentz North America,True,False,False,False
PWI Engineering,True,False,False,False
Federation Francaise de Rugby,True,False,False,False
Luís Simoes,True,False,False,False
Allpro Consulting Group,True,False,False,False
Lorclon,True,False,False,False
Eastside Union School District,True,False,False,False
Medical University of the Americas,True,False,False,False
Deepnoid,True,False,False,False
Target-9,True,False,False,False
wolfs block management limited,True,False,False,False
BGFIBank Group,True,False,False,False
T***** ***** *********t** *.*.,True,False,False,False
The Sullivan Group of Court Reporters,True,False,False,False
SITARA,True,False,False,False
MICA ENVIRONNEMENT,True,False,False,False
SSV Architects,True,False,False,False
SAPROS,True,False,False,False
Praxis Energy Agents,True,False,False,False
Cyril Johnston Hire,True,False,False,False
MORSEMOVING,True,False,False,False
Promotion Fulfillment Center,True,False,False,False
University of Hawaii,True,False,False,False
cornu.ch,True,False,False,False
valleyoaks.org,True,False,False,False
bbrook.org,True,False,False,False
The Akin Law LLC,True,False,False,False
MAXIMUM PRIME ALIMENTOS EIRELI,True,False,False,False
ZURICH.COM.BR,True,False,False,False
CBESERVICES.COM,True,False,False,False
EMSSHI.COM,True,False,False,False
BAESMAN.COM,True,False,False,False
STOCKMANBANK.COM,True,False,False,False
NORTONLIFELOCK.COM,True,False,False,False
Telcoset,True,False,False,False
absolutecal.co.uk,True,False,False,False
CREELIGHTING.COM,True,False,False,False
SKILLSOFT.COM,True,False,False,False
SCU.EDU,True,False,False,False
TELOS.COM,True,False,False,False
GESA.COM,True,False,False,False
tilg.at,True,False,False,False
Onsupport Corporation,True,False,False,False
Texas Hotel and Lodging Association,True,False,False,False
"TARLE LAW, P.C.",True,False,False,False
"PrintGlobe, Inc.",True,False,False,False
BLUESAGE,True,False,False,False
Printmarksolution,True,False,False,False
FHR Electric,True,False,False,False
Futura Agronegócios,True,False,False,False
LOONGSON,True,False,False,False
PORTBLUE,True,False,False,False
EDER,True,False,False,False
"Bangkok Industrial Gas Co., Ltd. (BIG)",True,False,False,False
Tyconz,True,False,False,False
tdm.com.pe,True,False,False,False
Ziegelwerk Eder,True,False,False,False
Target-8,True,False,False,False
PALIG.COM (PANAMERICAN),True,False,False,False
NUANCE.COM,True,False,False,False
AON.COM,True,False,False,False
CEGEDIM.COM,True,False,False,False
STIWA.COM,True,False,False,False
CNCBINTERNATIONAL.COM,True,False,False,False
BOSTONGLOBE.COM,True,False,False,False
ARBURG.COM,True,False,False,False
ICSYSTEM.COM,True,False,False,False
UMSYSTEM.EDU,True,False,False,False
COLUMBIABANK.COM (UMPQUABANK.COM),True,False,False,False
PRAGROUP.NO,True,False,False,False
MARTI.COM,True,False,False,False
cangas.gal,True,False,False,False
Kisco Senior Living,True,False,False,False
Multistack,True,False,False,False
EASTWESTBANK.COM,True,False,False,False
POWERFI.ORG,True,False,False,False
BARHARBOR.BANK,True,False,False,False
APLUSFCU.ORG,True,False,False,False
BRAULT.US,True,False,False,False
Roberto Verino Difusion,True,False,False,False
Prada Gayoso,True,False,False,False
GENERICON.AT,True,False,False,False
CARESERVICESLLC.COM,True,False,False,False
ENZO.COM,True,False,False,False
316FIDUCIARIES.COM,True,False,False,False
DELAWARELIFE.COM,True,False,False,False
NAVAXX.LU,True,False,False,False
CUANSWERS.COM,True,False,False,False
SYNLAB.FR,True,False,False,False
HEALTHEQUITY.COM,True,False,False,False
"DANIEL C. HARRIS, O.D",True,False,False,False
Hornbill,True,False,False,False
Stone Fox Ventures,True,False,False,False
Ligas Gerais Industria E Comercio,True,False,False,False
Studio Legale Ranchino,True,False,False,False
San Luis Obispo County Office of Education,True,False,False,False
Law Offices of Sergio J. Siderman,True,False,False,False
Koper Automatisering,True,False,False,False
ASZ GmbH & Co,True,False,False,False
flybtr.com,True,False,False,False
ste-usa.com,True,False,False,False
Salem Community Schools,True,False,False,False
Law Society of South Africa,True,False,False,False
NEBRASKALAND,True,False,False,False
The Texwipe,True,False,False,False
YAMAHA CORPORATION OF AMERICA,True,False,False,False
Fiege Sp. z o.o.,True,False,False,False
Venture Logistics,True,False,False,False
uga.edu,True,False,False,False
leggett.com,True,False,False,False
bankers-bank.com,True,False,False,False
heidelberg.com,True,False,False,False
landal.com,True,False,False,False
uhcsr.com,True,False,False,False
oekk.ch,True,False,False,False
studentclearinghouse.org,True,False,False,False
putnam.com,True,False,False,False
datasite.com,True,False,False,False
1stsource.com,True,False,False,False
Air Comfort (aircomfort.ac),True,False,False,False
Wison Engineering,True,False,False,False
iECM Company Limited,True,False,False,False
"Jalux Americas, Inc.",True,False,False,False
arborsct.com,True,False,False,False
Marchant Schmidt,True,False,False,False
granules.com,True,False,False,False
primeretailservices.com,True,False,False,False
Centre Hospitalier Régional de Namur,True,False,False,False
prioritydispatch.net,True,False,False,False
Tetrosyl Group,True,False,False,False
James Briggs Limited,True,False,False,False
Bunker Hill Community College,True,False,False,False
Fullerton India,True,False,False,False
Hemenway Financial Services,True,False,False,False
MCNA Dental,True,False,False,False
TF AMD Microelectronics,True,False,False,False
Bogleboo,True,False,False,False
K********* ******* ***,True,False,False,False
*i**r** *e***l****,True,False,False,False
"Jeff Wyler Automotive Family, Inc.",True,False,False,False
gslelectric.com,True,False,False,False
rammutual.com,True,False,False,False
eriematerials.com,True,False,False,False
t-s-c.eu,True,False,False,False
pneusbeaucerons.com,True,False,False,False
ai-thermal.com,True,False,False,False
Global Remote Services,True,False,False,False
Doesburg Components,True,False,False,False
CASTEC Inc,True,False,False,False
Stant,True,False,False,False
MARJAM Supply company,True,False,False,False
Hill AeroSystems Inc.,True,False,False,False
Regal West Corporation,True,False,False,False
Paris High School,True,False,False,False
Northeastern State University,True,False,False,False
Transprensa,True,False,False,False
CEMAF PARTICIPACOES E ADMINISTRACAO DE BENS LTDA,True,False,False,False
Defesa da Classe Trabalhadora (Declatra),True,False,False,False
LUZBOA S.A,True,False,False,False
TECHCERT,True,False,False,False
PREMIER HOSPITAL DIA,True,False,False,False
CLONARTE,True,False,False,False
SINTTEL,True,False,False,False
RJP MEDICAL LTDA,True,False,False,False
Tachi-S Engineering USA,True,False,False,False
GAE Construction,True,False,False,False
Comisión Nacional de Valores,True,False,False,False
Ampla Divisórias,True,False,False,False
MICHENER.CA,True,False,False,False
HCI.EDU,True,False,False,False
360EQUIPMENTFINANCE.COM,True,False,False,False
PRECISIONMEDICALBILLING.NET,True,False,False,False
TAGAVIA,True,False,False,False
MegaCorp One,True,False,False,False
Ejercito de Chile,True,False,False,False
TAG Aviation,True,False,False,False
wsisd.net,True,False,False,False
gruppomercurio.com,True,False,False,False
Caruso,True,False,False,False
Columbus Regional Healthcare System,True,False,False,False
A******* ***** ******,True,False,False,False
ACI Advanced Chemical Industries,True,False,False,False
Ellis Patents,True,False,False,False
The Adams County Communication Center orADCOM911,True,False,False,False
Del Bono Hotel,True,False,False,False
PENNCREST School District,True,False,False,False
marstrand.se,True,False,False,False
Kramer Enterprises,True,False,False,False
*** ******** ***** ** **u** *e********,True,False,False,False
Aeliusmd Medical Systems,True,False,False,False
M*** ****,True,False,False,False
cortinawatch.com,True,False,False,False
"Clarity Water Technologies, LLC",True,False,False,False
knipmeijerenblok.nl,True,False,False,False
RoadSafe Traffic Systems,True,False,False,False
Tour Partner Group ,True,False,False,False
AWM Global Advisors,True,False,False,False
worldlearning.org,True,False,False,False
Harbro,True,False,False,False
COOPERATIVETECH,True,False,False,False
vaud-promotion,True,False,False,False
newhorizonsmedical.org,True,False,False,False
aluminumsandcastingsfoundry.com,True,False,False,False
realcomp.com,True,False,False,False
billhurst.com,True,False,False,False
newarka.edu,True,False,False,False
progen.com.br,True,False,False,False
pentechsolution.com.my,True,False,False,False
pittsburg.k12.ca.us,True,False,False,False
screenline.co.za,True,False,False,False
Public Health Management Corporation,True,False,False,False
birdair.com,True,False,False,False
dalvikurbyggd.is,True,False,False,False
payday.com.pa,True,False,False,False
mariohernandez.com.co,True,False,False,False
fredfeet.com,True,False,False,False
nosm.ca,True,False,False,False
trois-i.com,True,False,False,False
Asakura Robinson,True,False,False,False
WTI - Western Telematic,True,False,False,False
saragroup.in,True,False,False,False
bintangindokaryagemilang.co.id,True,False,False,False
borwafs.co.za,True,False,False,False
villemandeure.fr,True,False,False,False
icae.net,True,False,False,False
stimgroup.it,True,False,False,False
iprac.com,True,False,False,False
jeloin.se,True,False,False,False
wjtowell.com,True,False,False,False
jacquart.fr,True,False,False,False
crosscity.com.au,True,False,False,False
tmd.go.th,True,False,False,False
PICPLUS.COM,True,False,False,False
Bibliotheek Gouda,True,False,False,False
Farmacias Los Hidalgos ,True,False,False,False
Concremat constructions,True,False,False,False
adstradata.com,True,False,False,False
BOBST,True,False,False,False
Malt Products,True,False,False,False
etships.com,True,False,False,False
Beacon ABA Services,True,False,False,False
Haemokinesis,True,False,False,False
Amstutz Produkte,True,False,False,False
The Thomas Hardye School,True,False,False,False
Collectivite Territoriale de Martinique,True,False,False,False
rzepeckimroczkowski,True,False,False,False
ELITechGroup,True,False,False,False
Mount Desert Island Hospital,True,False,False,False
The Briars Group,True,False,False,False
Avant Grup,True,False,False,False
Ascentia Group Pty Ltd,True,False,False,False
Nerim,True,False,False,False
uhsp.edu,True,False,False,False
"Conley & Wirick, P.A.",True,False,False,False
hep global GmbH,True,False,False,False
PLURISERVICE,True,False,False,False
Share and Harris,True,False,False,False
Salmon Software,True,False,False,False
LETAPE JEUNES,True,False,False,False
PESSI,True,False,False,False
FICCI,True,False,False,False
CCAA,True,False,False,False
"Young Homes, Inc",True,False,False,False
SsangYong Motor,True,False,False,False
shakeys.com,True,False,False,False
packageconcepts.com,True,False,False,False
harwoodlloyd.com,True,False,False,False
ykk.com,True,False,False,False
Globalcaja,True,False,False,False
Fortress Paper,True,False,False,False
"Unico Data,INSYS Industriesysteme,PathA Suisse,PB Swiss Tools,Boess Gruppe",True,False,False,False
Alberta Newsprint,True,False,False,False
CS Cargo Group,True,False,False,False
CONATECO,True,False,False,False
BMD Systemhaus,True,False,False,False
Buffalo Niagara Association,True,False,False,False
Abeko,True,False,False,False
NORANET - CZ,True,False,False,False
Shows & Artists,True,False,False,False
Aarti Industries Ltd.,True,False,False,False
"EDG, Inc",True,False,False,False
"Chadwick, Washington, Moriarty, Elmore & Bunn",True,False,False,False
Handok Inc.,True,False,False,False
Laebon Homes,True,False,False,False
TY Inc,True,False,False,False
fsd.se,True,False,False,False
Middlesex County Public Schools,True,False,False,False
Mission Community Hospital,True,False,False,False
buckprop.com,True,False,False,False
ERT,True,False,False,False
Sur La Table,True,False,False,False
Pacific Union College,True,False,False,False
fixscr.com,True,False,False,False
nycollege.edu,True,False,False,False
credicoop.coop.py,True,False,False,False
The National Association of Home Builders,True,False,False,False
SK Life Science,True,False,False,False
columbuscitizens.org,True,False,False,False
Servizi Omnia All data upload,True,False,False,False
Lewis Young Robertson & Burningham,True,False,False,False
McCarthy Fingar,True,False,False,False
Eastern Media International Corporation,True,False,False,False
Soroc,True,False,False,False
Adsboll,True,False,False,False
aquidneckclub.com,True,False,False,False
retailmerchantservices.co.uk,True,False,False,False
C********* ***************,True,False,False,False
Earlens Corporation,True,False,False,False
Neutronic Stamping,True,False,False,False
Brokers Trust Insurance Group,True,False,False,False
Fersten Worldwide,True,False,False,False
Computer InformationConcepts Inc,True,False,False,False
Roadies,True,False,False,False
BilgeAdam Software,True,False,False,False
grantierra.com,True,False,False,False
Australian Universal Crane Leak,True,False,False,False
voyageursdumonde.fr,True,False,False,False
Sysco Corporation,True,False,False,False
Gentex Corporation,True,False,False,False
ANDRADE GUTIERREZ & ZAGOPE,True,False,False,False
Fiduagraria,True,False,False,False
******MD,True,False,False,False
**G Inc.,True,False,False,False
*a*** I*********,True,False,False,False
H****** **e*** V******* **i** Project,True,False,False,False
Servizi Omnia,True,False,False,False
aimtron.com,True,False,False,False
fiduagraria.gov.co,True,False,False,False
arnoldoilco.com,True,False,False,False
watersaversinc.com,True,False,False,False
floodlaw.com,True,False,False,False
Good Oil Company,True,False,False,False
Groupe Sovitrat Interim and Recrutement,True,False,False,False
BM Precision,True,False,False,False
DirectViz Solutions,True,False,False,False
The Best Connection,True,False,False,False
Mitutoyo,True,False,False,False
AFG Holdings,True,False,False,False
Volt,True,False,False,False
Marshall Construction Ltd,True,False,False,False
Colrich,True,False,False,False
Haworth Tompkins,True,False,False,False
Grange Packing Solutions,True,False,False,False
wiannoclub.com,True,False,False,False
kyocera-avx.com,True,False,False,False
fams.net,True,False,False,False
City of Augusta,True,False,False,False
sfponline.org,True,False,False,False
pneusbelislecarrieres.com,True,False,False,False
affinityhealthservices.net,True,False,False,False
Leidos,True,False,False,False
globalinfovision.com,True,False,False,False
Trabzonspor Football Club,True,False,False,False
M******* *****,True,False,False,False
roha.com,True,False,False,False
interstateplastics.com,True,False,False,False
CONEX,True,False,False,False
Miescor,True,False,False,False
MSX International,True,False,False,False
Gaston College,True,False,False,False
City of Modesto,True,False,False,False
Pueblo Mechanical & Controls,True,False,False,False
comcom-sgc,True,False,False,False
Guardian Fine Art Services,True,False,False,False
Accurate Auto Insurance,True,False,False,False
Stockmann Natursteine & Fliesen,True,False,False,False
Snodland C of E Primary School,True,False,False,False
Sabin,True,False,False,False
Canadian Nurses Association,True,False,False,False
Rural Workforce Agency,True,False,False,False
Fresca,True,False,False,False
Canopy Children's Solutions,True,False,False,False
Wyoming County Community Health System,True,False,False,False
ePerformax,True,False,False,False
Hyundai Motors Etats-Unis,True,False,False,False
Chattanooga State Community,True,False,False,False
Miami University,True,False,False,False
Medical University of the Americas,True,False,False,False
Global Remote Services,True,False,False,False
Liveaction inc.,True,False,False,False
Coos Bay,True,False,False,False
Amaszonas S.A.,True,False,False,False
Leland Campbell LLP law firm,True,False,False,False
sunray.com.sg,True,False,False,False
H*****,True,False,False,False
Rusan Pharma,True,False,False,False
surfsidefoods.com,True,False,False,False
spectre.dk,True,False,False,False
Dotcom Distribution,True,False,False,False
Chattanooga Heart Institute,True,False,False,False
P1 Technical Services,True,False,False,False
"GIOTTO - COMÉRCIO DE VESTUÁRIO, UNIPESSOAL, LDA",True,False,False,False
ESSPEE,True,False,False,False
MTS Office,True,False,False,False
Concept Fasteners,True,False,False,False
Meklas Group,True,False,False,False
AS Netz,True,False,False,False
THE HARCOURTS FOUNDATION (AUSTRALIA) PTY LTD,True,False,False,False
"Butler and Gatz CPAs, LLC",True,False,False,False
LebensWohnArt,True,False,False,False
Irmler Rechtsanwälte,True,False,False,False
Innormax LLC,True,False,False,False
Moore Global,True,False,False,False
Shipmate,True,False,False,False
SOVAC,True,False,False,False
Intermountain,True,False,False,False
Grupo 2MGA,True,False,False,False
Brandao,True,False,False,False
DBT Druckluft,True,False,False,False
Constantino Contabilidade E Comunicacao,True,False,False,False
FrameOne,True,False,False,False
Watex Solutions,True,False,False,False
Lerch Bates,True,False,False,False
Clear Start Accountants,True,False,False,False
CST Medicina do Trabalho,True,False,False,False
Semba,True,False,False,False
Direct Cleaning Services,True,False,False,False
Bronzino Engineering,True,False,False,False
Grupo Rimet,True,False,False,False
Taylor Made Hose,True,False,False,False
Formax Credit UK,True,False,False,False
NORTCON,True,False,False,False
Redwood Lab Services,True,False,False,False
ER of Dallas,True,False,False,False
SMYRNAPEDIATRICS,True,False,False,False
TTG Log,True,False,False,False
Colares Linhares,True,False,False,False
Ayers Mechanical Group,True,False,False,False
FORMA ESPACOS IMOBILIARIOS LTDA,True,False,False,False
Conklin Benham,True,False,False,False
China Export & Credit Insurance Corporation,True,False,False,False
Print Globe,True,False,False,False
Neighborhood Progress Fund,True,False,False,False
La Canastería,True,False,False,False
Richard W. Fuller CPA,True,False,False,False
"MRO SUPPORT, INC",True,False,False,False
IMASA,True,False,False,False
Immobilienmakler in Oldenburg,True,False,False,False
COMPAGNIE REGIONALE D'ALIMENTS (COREAL),True,False,False,False
Veal and Prasad,True,False,False,False
HELPHONE,True,False,False,False
Thayer Academy,True,False,False,False
Midway Ford,True,False,False,False
Lake Cable,True,False,False,False
Zenex,True,False,False,False
M Metzler & Associates,True,False,False,False
General de Alimentos Nisa C.A. (GENICA),True,False,False,False
Ellard-Willson Engineering Ltd,True,False,False,False
CONTASS,True,False,False,False
Artconta - Contabilidade e. Assistência Fiscal,True,False,False,False
Csc Baixo Sul Assessoria e Consultoria Empresarial e Contabil LTDA,True,False,False,False
Just us lawyers,True,False,False,False
Asbestos-Inspections-Solution-Management,True,False,False,False
SiComputer is a leader in the Italian information technology.,True,False,False,False
Malkasian Accountancy,True,False,False,False
APIQROO,True,False,False,False
Inquirer,True,False,False,False
Chattanooga State Community College,True,False,False,False
Black Cat Networks,True,False,False,False
Paragon Software Lanka,True,False,False,False
Royal Centre,True,False,False,False
Poly,True,False,False,False
Mayberry Investments,True,False,False,False
Grupo Corporacion Control,True,False,False,False
Studioline Photography,True,False,False,False
Optimus Steel,True,False,False,False
Xplain,True,False,False,False
Aria Online,True,False,False,False
Cafpi,True,False,False,False
SMDEA,True,False,False,False
Oppida Estates Limited,True,False,False,False
** T**** ***,True,False,False,False
Alconex Specialty Products,True,False,False,False
H****** ****,True,False,False,False
Zoni Language Centers,True,False,False,False
Westside,True,False,False,False
rmc-canada.com,True,False,False,False
Harmony Gold,True,False,False,False
TA Supply,True,False,False,False
Trinity Exploration and Production,True,False,False,False
Agostini Insurance Brokers,True,False,False,False
Atlas Commodities,True,False,False,False
Morris Hospital,True,False,False,False
Technology and Telecommunications Consultants Inc,True,False,False,False
Utah-Yamas Controls,True,False,False,False
Loreto Normanhurst,True,False,False,False
SIGMA,True,False,False,False
vdbassocies.fr,True,False,False,False
softland.cl,True,False,False,False
rapidmoldsolutions.com,True,False,False,False
hadefpartners.com,True,False,False,False
siren-japan.com,True,False,False,False
Comoli Ferrari,True,False,False,False
Canadian Nurses Association,True,False,False,False
FRESCA,True,False,False,False
MSSNY,True,False,False,False
LiveAction,True,False,False,False
Asia Vital Components,True,False,False,False
diasporacs.org,True,False,False,False
abe-brands.de,True,False,False,False
ebdlab.com,True,False,False,False
Rheinmetall AG,True,False,False,False
Kannangara Thomson,True,False,False,False
Maier Sanitär-Technik GmbH,True,False,False,False
Al Tamimi Law Firm,True,False,False,False
Advantage Resourcing,True,False,False,False
Rolser,True,False,False,False
City of Dallas,True,False,False,False
HECTOR MARTINEZ SOSA Y CIA SA,True,False,False,False
csagh.org,True,False,False,False
antea.es,True,False,False,False
"Autlan Metallorum, Mexican Miner Leak",True,False,False,False
enovationcontrols.com,True,False,False,False
shoreregional.org,True,False,False,False
metalnet.nl,True,False,False,False
NASHUA SCHOOL DISTRICT,True,False,False,False
Lolaico Impianti,True,False,False,False
Fort Rolins Collection Agency,True,False,False,False
Compañía Agricola San Felipe,True,False,False,False
*a***** *****,True,False,False,False
ENSA - Seguros de Angola,True,False,False,False
Z*** ******** ******s,True,False,False,False
AVIAREPS,True,False,False,False
Aneka Tambang,True,False,False,False
Magic-Aire,True,False,False,False
plastictecnic.com,True,False,False,False
wings.travel,True,False,False,False
ance.org.mx,True,False,False,False
SOWITEC,True,False,False,False
Feit Electric,True,False,False,False
airtac.com,True,False,False,False
chinadailyhk.com,True,False,False,False
IXPERTA,True,False,False,False
www.l3harris.com,True,False,False,False
BAMSI,True,False,False,False
wsots.net,True,False,False,False
Parker Drilling,True,False,False,False
Accudo Investments LTD,True,False,False,False
norcorp.com,True,False,False,False
York County School of Technology,True,False,False,False
ASL 1 - Avezzano Sulmona L'Aquila *All data upload*,True,False,False,False
euskaltel.com,True,False,False,False
mundo-r.com,True,False,False,False
pikenursery.com,True,False,False,False
tool-temp.net,True,False,False,False
troteclaser.com,True,False,False,False
TTCCPA,True,False,False,False
HostAfrica,True,False,False,False
ASL 1 - Avezzano Sulmona L'Aquila *UPD 05-13*,True,False,False,False
Wallick Communities,True,False,False,False
bankbsi.co.id,True,False,False,False
Peachtree Orthopedics,True,False,False,False
Schottenstein Property Group,True,False,False,False
Sterling Solutions,True,False,False,False
prolinerrescue.com,True,False,False,False
weberweber.at,True,False,False,False
pwlawfirm.com,True,False,False,False
DATALAN,True,False,False,False
Vascular Center of Intervention,True,False,False,False
A****** ********* **o*****,True,False,False,False
Albany ENT & Allergy Services,True,False,False,False
B&R Eckel's Transport,True,False,False,False
DA Alexander Company INC,True,False,False,False
Hermes Medical Solutions,True,False,False,False
North Shore Medical Labs,True,False,False,False
Ipleiria Student Branch,True,False,False,False
Gregory Poole Equipment Company,True,False,False,False
CSD Network Services Ltd,True,False,False,False
viseg.com,True,False,False,False
wuppermann.com,True,False,False,False
tec-mex.com.mx,True,False,False,False
vuteq.mx,True,False,False,False
ASL 1 - Avezzano Sulmona L'Aquila *UPD 05-11*,True,False,False,False
metronottevigilanza.it,True,False,False,False
Axiom Professional Solutions,True,False,False,False
Sauerbruch Hutton,True,False,False,False
JP Maguire & Associates,True,False,False,False
Germany,True,False,False,False
Columbia Distributing,True,False,False,False
Sun Windows,True,False,False,False
Novatech EngineeringConsultants,True,False,False,False
ASL 1 - Avezzano Sulmona L'Aquila *UPD 05-10*,True,False,False,False
Vdi,True,False,False,False
Garcia Hamilton & Associates,True,False,False,False
The Mitchell Partnership,True,False,False,False
"New World Travel, Inc.",True,False,False,False
gocontec.com,True,False,False,False
Cooperativa de Ahorro y Crédito Ahorrocoop Ltda,True,False,False,False
Mercer University,True,False,False,False
mbwswim.com,True,False,False,False
interfides.de,True,False,False,False
Altstadt Hoffman Plumbing,True,False,False,False
Bedford Lodge Hotel,True,False,False,False
CADOpt Technologies,True,False,False,False
Commerce Pundit,True,False,False,False
Deer Lakes School District,True,False,False,False
Department of Education of the Canton of Basel-Stadt,True,False,False,False
Entelect,True,False,False,False
Greenslade Taylor Hunt,True,False,False,False
Humana,True,False,False,False
IDEM Safety Switches,True,False,False,False
hk-finance.pl,True,False,False,False
Fresh Insurance IT Services,True,False,False,False
cbelaw.com,True,False,False,False
KLC Network Services,True,False,False,False
ASL 1 - Avezzano Sulmona L'Aquila *first 10gb upload*,True,False,False,False
{UPD} Control & Automation technology - LUX Automation,True,False,False,False
brett-robinson.com,True,False,False,False
avidxchange.com,True,False,False,False
lssny.org,True,False,False,False
unity.edu,True,False,False,False
stmarys.net,True,False,False,False
astate.edu,True,False,False,False
namibmills.com,True,False,False,False
marshallconstruction.co.uk,True,False,False,False
ASL 1 - Avezzano Sulmona L'Aquila *UPDATE*,True,False,False,False
Insurance Providers Group,True,False,False,False
Wealth Enhancement Group,True,False,False,False
Bisco Industries,True,False,False,False
EyeGene,True,False,False,False
Sonda (Duplicate with update),True,False,False,False
B** ******* *********,True,False,False,False
C******* **********,True,False,False,False
M*********** ******* ******,True,False,False,False
N******** ********,True,False,False,False
The Perry Law Firm,True,False,False,False
R**** ******,True,False,False,False
RIC Electronics (ricelectronics.com),True,False,False,False
TrueLogic (truelogiccompany.com),True,False,False,False
Dialog Information Technology,True,False,False,False
Robert Bernard,True,False,False,False
Contempo Card,True,False,False,False
Lojas Torra,True,False,False,False
Emtelco,True,False,False,False
fsmsolicitors.co.uk,True,False,False,False
The Lab Consulting,True,False,False,False
Meade Tractor,True,False,False,False
eyeDOCS Ottawa,True,False,False,False
joysonsafety.com,True,False,False,False
PRESS-SERVICE Monitoring Mediów,True,False,False,False
layherna.com,True,False,False,False
FR,True,False,False,False
Gihealthcare,True,False,False,False
Midwest Truck,True,False,False,False
The Crown Princess Mary Cancer Centre,True,False,False,False
IDTECHPRODUCTS.COM,True,False,False,False
Carrington,True,False,False,False
Lincoln Wood Products,True,False,False,False
MEADE TRACTOR,True,False,False,False
"Gropper & Nejat, PLLC",True,False,False,False
Coremain,True,False,False,False
SIVSA,True,False,False,False
Nova Group,True,False,False,False
City of Lowell,True,False,False,False
DGC,True,False,False,False
Libra Virtua,True,False,False,False
Commune de Saxon,True,False,False,False
Negma Business Solutions,True,False,False,False
Vocalcom,True,False,False,False
Woonkracht10,True,False,False,False
ASL 1 - Avezzano Sulmona L'Aquila,True,False,False,False
Control & Automation technology - LUX Automation,True,False,False,False
triaflex.at,True,False,False,False
Southern West Virginia Community and Technical College,True,False,False,False
ZBW News,True,False,False,False
The McGregor,True,False,False,False
cydsa.com,True,False,False,False
Lawrence Family Development Charter School,True,False,False,False
hasenauer-anlagenbau.at,True,False,False,False
MYSIMPLYGREEN.COM,True,False,False,False
AvidXchange,True,False,False,False
baycrestpartners.com,True,False,False,False
cloud51.com,True,False,False,False
Alto Calore Servizi S.p.A.,True,False,False,False
Polat Yol Yap,True,False,False,False
Brighton Hill Community School,True,False,False,False
Great Falls College of Technology,True,False,False,False
Montana State University,True,False,False,False
"*.A. ********* & *******, ***.",True,False,False,False
"Fee, Smith & Sharp",True,False,False,False
BridgeValley Community & Technical College,True,False,False,False
EdisonLearning,True,False,False,False
100X and ALL Clients,True,False,False,False
SIIX Corporation,True,False,False,False
CMC Group,True,False,False,False
Colvillbanks,True,False,False,False
logicalsolutions.bc.ca,True,False,False,False
conver-pack.com,True,False,False,False
ourrelentlesschurch.com,True,False,False,False
Our Sunday Visitor,True,False,False,False
Albany ENT & Allergy Services,True,False,False,False
A**** *************,True,False,False,False
E*** - ******* ** ******,True,False,False,False
H***** ******* S*******,True,False,False,False
P********* ******* *e****,True,False,False,False
TAMMAC,True,False,False,False
BLUME,True,False,False,False
AUTOCAM MEDICAL,True,False,False,False
restorationmanagement,True,False,False,False
Anton Paar,True,False,False,False
GC-EMPLOYMENT.COM,True,False,False,False
Family Day Care Services,True,False,False,False
"4LEAF, Inc",True,False,False,False
"Pak-Rite, Ltd.",True,False,False,False
La Red Health Center,True,False,False,False
mastercorp,True,False,False,False
Gates Corporation,True,False,False,False
COACHCOMM,True,False,False,False
GTT,True,False,False,False
multimedica.it,True,False,False,False
US District Court / Law company,True,False,False,False
OMT Officine Meccaniche Torino S.p.A.,True,False,False,False
Tranztec Solutions,True,False,False,False
HOT NEWS,True,False,False,False
bg2i.fr,True,False,False,False
silbon.es,True,False,False,False
fsdc.org.hk,True,False,False,False
cdcbmestihl.com,True,False,False,False
Bevan Group,True,False,False,False
Alliance Sports Group (THE PIONEER OF BLOG),True,False,False,False
Settlement Music School,True,False,False,False
Schottenstein Property Group Inc,True,False,False,False
Thompson Builders,True,False,False,False
Rockbridge Capital,True,False,False,False
"CANTALK, Canadian translation services - Leak",True,False,False,False
imanor.gov.ma,True,False,False,False
lhh.com.my,True,False,False,False
atlanticeye.net,True,False,False,False
peachtree-medical.com,True,False,False,False
ptow.com,True,False,False,False
sunnydesigns.com,True,False,False,False
Dacotah Paper,True,False,False,False
fabeckarchitectes.lu,True,False,False,False
ddmontaza.hr,True,False,False,False
ewwanfried.de,True,False,False,False
summerweine.at,True,False,False,False
vcclawservices.com,True,False,False,False
Manufacturing,True,False,False,False
keystonesmiles.org,True,False,False,False
Bilstein GmbH,True,False,False,False
"Falcon Express Transportation, Inc.",True,False,False,False
General Plug & Manufacturing,True,False,False,False
GROUPE ETIC,True,False,False,False
XPress Cargo,True,False,False,False
A***** *** * ******* S*******,True,False,False,False
Magnolia Care Center,True,False,False,False
ultimateimageprinting.com,True,False,False,False
Encompass Group,True,False,False,False
goforcloud.com,True,False,False,False
gruponutresa.com,True,False,False,False
nagase.co.jp,True,False,False,False
abro.se,True,False,False,False
Lifeline Vascular Access,True,False,False,False
Winona Powder Coating,True,False,False,False
TransMedics,True,False,False,False
baffetmateriaux.fr,True,False,False,False
midipapierspeints.fr,True,False,False,False
Bentham & Holroyd Ltd,True,False,False,False
esinsa.com,True,False,False,False
gpglobal.com,True,False,False,False
apolloscientific.co.uk,True,False,False,False
yateemgroup.com,True,False,False,False
kse.org.kw,True,False,False,False
tiger.jp,True,False,False,False
bigc.co.th,True,False,False,False
fullertonindia.com,True,False,False,False
Lake Dallas Independent School District,True,False,False,False
MW Components,True,False,False,False
Clarke County Hospital,True,False,False,False
norton.com.ar,True,False,False,False
WestcoastSmile Dental Studio,True,False,False,False
floraalpina.ch,True,False,False,False
David S. Brown Enterprises,True,False,False,False
The Spooner Risk Control,True,False,False,False
DOREL Industries,True,False,False,False
Yellow Pages,True,False,False,False
Easy Automation,True,False,False,False
Groupe Gambetta,True,False,False,False
UECC,True,False,False,False
Neptune Lines,True,False,False,False
stuertz.com,True,False,False,False
GKS Hydraulik,True,False,False,False
AUT-TECH-GROUP.COM,True,False,False,False
Wynn-Reeth,True,False,False,False
soshin.co.jp,True,False,False,False
ibp.com.br,True,False,False,False
pkffinconta.ro,True,False,False,False
soapro.ao,True,False,False,False
tubosreunidosgroup.com,True,False,False,False
US District Court IL / On sale,True,False,False,False
intuview.com,True,False,False,False
Urban Import,True,False,False,False
Export Hub,True,False,False,False
US District Court / On sale,True,False,False,False
***** ***** M****** ****,True,False,False,False
A******* ******* ********,True,False,False,False
B****** ***** *****,True,False,False,False
C***** ************ *******,True,False,False,False
C******* **N***,True,False,False,False
D*** ***** S***** ********,True,False,False,False
E****** ***********,True,False,False,False
E*******,True,False,False,False
G********* ****** ****,True,False,False,False
H***** *****,True,False,False,False
crossinggroup.com,True,False,False,False
bancodevenezuela.com,True,False,False,False
sommer.eu,True,False,False,False
jaco.com,True,False,False,False
gizavc.com,True,False,False,False
garrotbros.com,True,False,False,False
sbhc.us,True,False,False,False
"Treadwell, Tamplin & Company, Certified Public Accountants, Madison, GA",True,False,False,False
Bang IT Solutions,True,False,False,False
Huissiers,True,False,False,False
Coldiretti,True,False,False,False
Corrib Oil,True,False,False,False
Structab AB (MegTax),True,False,False,False
Mainstream Engineering,True,False,False,False
City of Ballwin,True,False,False,False
Ozarks Community Hospital,True,False,False,False
pandol.com,True,False,False,False
Lakeland Community College,True,False,False,False
thesoftwareconsultinggroup.com,True,False,False,False
Amouage,True,False,False,False
Albany Clinic,True,False,False,False
Office Notarial de Baillargues,True,False,False,False
Unique Imaging,True,False,False,False
McKinney Trailers,True,False,False,False
Winter Park Construction,True,False,False,False
validcertificadora.com.br,True,False,False,False
pinelandschool.org,True,False,False,False
joriszorg.nl,True,False,False,False
hkiff.org.hk,True,False,False,False
Pharm-Pacc Corporation,True,False,False,False
SPARTAN Light Metal Products Inc,True,False,False,False
brl.fr,True,False,False,False
alpine4u.com,True,False,False,False
Uniondale School District,True,False,False,False
Swanson Group,True,False,False,False
Moon Capital,True,False,False,False
Talon Outdoor,True,False,False,False
Dataram,True,False,False,False
CommScope,True,False,False,False
Esperanza Viva Jóvenes de México,True,False,False,False
Gulliver International,True,False,False,False
Saobacdau Technologies Group,True,False,False,False
"Allimand, France",True,False,False,False
osg.co.jp,True,False,False,False
knvb.nl,True,False,False,False
ktbs.com,True,False,False,False
homeandhearthealth.com,True,False,False,False
fameline.com,True,False,False,False
piszcz.pl,True,False,False,False
steel-eye.com,True,False,False,False
sanden.com.ph,True,False,False,False
Invenergy,True,False,False,False
Co. and Nobiskrug Yachts GmbH,True,False,False,False
Aerowind,True,False,False,False
Capstan Atlantic,True,False,False,False
Faps,True,False,False,False
Southeastern University,True,False,False,False
Tennessee State University,True,False,False,False
Encompass Technologies,True,False,False,False
IDEXX,True,False,False,False
Retina and Vitreous of Texas,True,False,False,False
teleferico.com,True,False,False,False
apro.cl,True,False,False,False
bcncruiseport.com,True,False,False,False
fosfa.cz,True,False,False,False
darktrace.com,True,False,False,False
Sippex,True,False,False,False
CH Media,True,False,False,False
einhaus-gruppe,True,False,False,False
Petaluma Health Center,True,False,False,False
"Medicalodges, Inc",True,False,False,False
PESA Bydgoszcz,True,False,False,False
conseildelentente.org,True,False,False,False
irda.com.my,True,False,False,False
medmark.eg,True,False,False,False
servex-us.com,True,False,False,False
uhloans.com,True,False,False,False
cezam.net,True,False,False,False
grouplease.co.th,True,False,False,False
comacchio.com,True,False,False,False
robovic.com,True,False,False,False
Flensburger Schiffbau Gesellschaft mbH and Co. and Nobiskrug Yachts GmbH,True,False,False,False
manfil.com.br,True,False,False,False
arcc.org,True,False,False,False
Lawadami,True,False,False,False
NewYorker,True,False,False,False
Waynesboro,True,False,False,False
Arizona Reproductive Medicine Specialists,True,False,False,False
G&G ectronics,True,False,False,False
Surtronics,True,False,False,False
Smith Industries,True,False,False,False
Skyway Endodontics,True,False,False,False
Flensburger Schiffbau Gesellschaft mbH & Co. and Nobiskrug Yachts GmbH,True,False,False,False
G****** **** and *************,True,False,False,False
bsw-architects.com,True,False,False,False
Incredible Technologies,True,False,False,False
Stanley Electric U.S.,True,False,False,False
Harvard Energy,True,False,False,False
Nature Path Foods,True,False,False,False
fiamma.com.my,True,False,False,False
agp.ph,True,False,False,False
gregoire.fr,True,False,False,False
disltd.ca,True,False,False,False
artri.net,True,False,False,False
euromotors.com.pe,True,False,False,False
Alvaria,True,False,False,False
Big Ass Fans,True,False,False,False
Tom Duffy Company,True,False,False,False
aek.mk,True,False,False,False
mundocuervo.com,True,False,False,False
"Scantibodies Laboratory, Inc.",True,False,False,False
Creation Baumann,True,False,False,False
Crown Grinding & Machining,True,False,False,False
Cementos Bio-Bio,True,False,False,False
City of Collegedale,True,False,False,False
radiosvet,True,False,False,False
Копчёнов,True,False,False,False
Grupo Fatecsa,True,False,False,False
ConnectTo,True,False,False,False
BMW Алдис,True,False,False,False
Horseman Sim,True,False,False,False
Villa Grazioli,True,False,False,False
СКППК,True,False,False,False
Axon Certified Auditors,True,False,False,False
LunarWeb,True,False,False,False
reg22,True,False,False,False
Boarding Concept,True,False,False,False
Omniglobe Business Solutions,True,False,False,False
ICT-LabS,True,False,False,False
Anstel,True,False,False,False
spw.ru,True,False,False,False
INFINREAL Immobilien GmbH,True,False,False,False
Business Travel Solutions,True,False,False,False
Onubo s.r.l.,True,False,False,False
NEXT OS,True,False,False,False
Fraport Skyliners,True,False,False,False
BenarIT,True,False,False,False
Kouros,True,False,False,False
Mobalpa Biarritz,True,False,False,False
Grassi srl,True,False,False,False
ISONA GmbH,True,False,False,False
Riboli srl,True,False,False,False
DSSL,True,False,False,False
Мебельснаб,True,False,False,False
Fresh-Heads IT,True,False,False,False
Универсалресурс,True,False,False,False
KomGarant,True,False,False,False
Красный Восток Агро,True,False,False,False
NTD SA,True,False,False,False
Winner Italia,True,False,False,False
Формекс,True,False,False,False
meta-spb,True,False,False,False
Etanova,True,False,False,False
Johnston Technical Services,True,False,False,False
IPG Automotive GmbH,True,False,False,False
Steelgroup,True,False,False,False
Altarix,True,False,False,False
ЖБИ2-Инвест,True,False,False,False
Wishmaster,True,False,False,False
HostingPerTe,True,False,False,False
Sallemi Carburanti,True,False,False,False
Астра,True,False,False,False
ArCloud,True,False,False,False
Banco Azzoaglio,True,False,False,False
InfinCE,True,False,False,False
RepcoLite,True,False,False,False
СК БлагоДать,True,False,False,False
Город Кафе,True,False,False,False
Pergler,True,False,False,False
FEA srl,True,False,False,False
Терра-Минора,True,False,False,False
Имеди,True,False,False,False
Трансбалт,True,False,False,False
Евроэкспо,True,False,False,False
Cosmos Hotel Group,True,False,False,False
nanoCAD,True,False,False,False
Гис Нефтесервис,True,False,False,False
Confindustria Energia,True,False,False,False
Herold Druck,True,False,False,False
Hoteles Globales,True,False,False,False
MHWEB,True,False,False,False
Oasis Ads Media,True,False,False,False
Orcutt Winslow,True,False,False,False
Bleu Blanc,True,False,False,False
Next Generation Srl,True,False,False,False
Studio Negri e Associati,True,False,False,False
Legato,True,False,False,False
PMP Meccanica,True,False,False,False
Spectris Business Systems,True,False,False,False
Answerpro,True,False,False,False
SA.FI,True,False,False,False
OPIT Solutions,True,False,False,False
NTA srl,True,False,False,False
Азимут НТ,True,False,False,False
Evology Manufacturing,True,False,False,False
Accurate Section Benders,True,False,False,False
Aster Cucine,True,False,False,False
Ларина,True,False,False,False
Sita Software,True,False,False,False
Specialinsert,True,False,False,False
Невский Альянс,True,False,False,False
Angle Metal Mfg.,True,False,False,False
ФГУП “ЦНИИХМ”,True,False,False,False
Evropoly,True,False,False,False
Hardman’s,True,False,False,False
Studio Consulenza,True,False,False,False
Commerciale Ferramenta,True,False,False,False
Loeje Trust SA,True,False,False,False
The Sound Organisation,True,False,False,False
Asanger Modellbau,True,False,False,False
Nu-Pro Group,True,False,False,False
Wpat,True,False,False,False
Propac S.r.l.,True,False,False,False
Км Профиль,True,False,False,False
International Cargo Equipment,True,False,False,False
Mappy Italia,True,False,False,False
Псковпассажиравтотранс,True,False,False,False
BE.iT SA,True,False,False,False
Froese & Partner,True,False,False,False
Сервиста,True,False,False,False
TitanPower,True,False,False,False
Balbi Srl,True,False,False,False
Qball Technologies,True,False,False,False
Gallagher & Co Consultants,True,False,False,False
paulmitchell.ru,True,False,False,False
Preference Portugal,True,False,False,False
Iris Key Solutions,True,False,False,False
Dalim Software GmbH,True,False,False,False
Livitek,True,False,False,False
ISG Software Group,True,False,False,False
Studio Papa,True,False,False,False
MetaContratas,True,False,False,False
AMET,True,False,False,False
3Punto6,True,False,False,False
SkyFORS,True,False,False,False
Diete-Siepmann,True,False,False,False
Mangum Construction,True,False,False,False
Studio Rossetti e Partners,True,False,False,False
JvG Consulting,True,False,False,False
Chernoff Thompson Architects,True,False,False,False
Bicom,True,False,False,False
Hotel Smeraldo,True,False,False,False
Exset,True,False,False,False
happy-snack.ru,True,False,False,False
Tycoon Group,True,False,False,False
Гласс Фурнитура,True,False,False,False
AVM Software & Technology,True,False,False,False
Totality Solutions,True,False,False,False
ВК Логистик,True,False,False,False
ATE Elettronica,True,False,False,False
Transitus Group,True,False,False,False
TBIT Services,True,False,False,False
Chiltern Networks,True,False,False,False
AViSTO,True,False,False,False
Baggio,True,False,False,False
D&G impianti elettrici,True,False,False,False
Altia,True,False,False,False
Ямалтелеком,True,False,False,False
Petromiralles,True,False,False,False
Studio Eco Perucca,True,False,False,False
BEI Srl,True,False,False,False
cashbackAPP,True,False,False,False
Azzurra Group,True,False,False,False
TCG,True,False,False,False
KondorCS,True,False,False,False
FinRe Consulting,True,False,False,False
ТрансКом-Авиа,True,False,False,False
"Custom Manufacturing & Engineering, Inc",True,False,False,False
KriaaNet Inc,True,False,False,False
Fitser,True,False,False,False
Pasquetti Sarti & Partners,True,False,False,False
Baur Hausverwaltung,True,False,False,False
Zite Media,True,False,False,False
Vegliolux,True,False,False,False
Rivas Boquete SL,True,False,False,False
BeeVoip,True,False,False,False
Гудвин-Нева,True,False,False,False
еКредит,True,False,False,False
RusExport Ltd,True,False,False,False
SBG Global,True,False,False,False
Amersport,True,False,False,False
Axon,True,False,False,False
Utair,True,False,False,False
baysideinteriors.com,True,False,False,False
Palo Alto County Sheriff,True,False,False,False
PKF Antares,True,False,False,False
Legion Aero,True,False,False,False
Vleeswarenfabriek Jac Michiels,True,False,False,False
Schirm,True,False,False,False
Raymond Storage Concepts,True,False,False,False
DCI-ENGINEERS,True,False,False,False
HEICO,True,False,False,False
Pharmerica.com & BrightSpring Health Services,True,False,False,False
sxi.com.ph,True,False,False,False
123.com,True,False,False,False
baughmanco.com,True,False,False,False
MultiCareInc pt.2,True,False,False,False
Atlantic International University,True,False,False,False
Beghelli USA,True,False,False,False
Kretek International,True,False,False,False
Micro Star International,True,False,False,False
Americana Restaurants,True,False,False,False
bhrcorp.org,True,False,False,False
Officeworks Inc,True,False,False,False
Meriton,True,False,False,False
Quad-County Ready Mix,True,False,False,False
*i****** *****,True,False,False,False
E*** ******,True,False,False,False
Open University of Cyprus,True,False,False,False
Guess who!,True,False,False,False
nautic.com,True,False,False,False
turncommerce.com,True,False,False,False
nestseekers.com,True,False,False,False
"Tarolli, Sundheim, Covell & Tummino LLP",True,False,False,False
"Joy Cone Co, Joy Baking group, BoDeans Baking, Altesa",True,False,False,False
NGS Super,True,False,False,False
Intrasect Technologies,True,False,False,False
Moore Engineering,True,False,False,False
tf-amd.com.my,True,False,False,False
tf-amd.com,True,False,False,False
olympia.org,True,False,False,False
Corporate Technologies,True,False,False,False
Precision Fabrics Group,True,False,False,False
The Shively Bros,True,False,False,False
HUSKY,True,False,False,False
tvh.com,True,False,False,False
omscomponents.it,True,False,False,False
masrl.com,True,False,False,False
garrottbros.com,True,False,False,False
midamericanglass.com,True,False,False,False
thened.com,True,False,False,False
vernegroup.com,True,False,False,False
CAMERONMCH,True,False,False,False
TWHOUSE,True,False,False,False
METALWORK,True,False,False,False
OCEAN,True,False,False,False
TREENOVUM,True,False,False,False
ARCHI+,True,False,False,False
SAGE,True,False,False,False
errebielle.it,True,False,False,False
Sonda,True,False,False,False
revvaviation.com,True,False,False,False
Corizon Healthcare,True,False,False,False
Sunstar Americas,True,False,False,False
5Design,True,False,False,False
Toho Tenax America,True,False,False,False
Steve Silver furniture,True,False,False,False
Aero Engine Solution INC,True,False,False,False
LASOTEL.FR,True,False,False,False
Goldenbear.com & mjhallandcompany.com,True,False,False,False
Gaston College,True,False,False,False
Arandell Corp,True,False,False,False
Lpa-group.com,True,False,False,False
p-and-r.com,True,False,False,False
Vending Group,True,False,False,False
Benning Construction,True,False,False,False
ativy.com,True,False,False,False
etkinllc.com,True,False,False,False
OptionMetrics,True,False,False,False
Armstrong Watson,True,False,False,False
1.com,True,False,False,False
Lewis & Clark College,True,False,False,False
hacla.org [part 2],True,False,False,False
GOV.PL,True,False,False,False
matrixtelecoms,True,False,False,False
ieseco,True,False,False,False
MELCO,True,False,False,False
groupe-seche.com,True,False,False,False
MULTIPLAN.COM,True,False,False,False
theus-industries.fr,True,False,False,False
tharworx.com,True,False,False,False
7x7oralsurgery.com,True,False,False,False
Hospital Clinic de Barcelona,True,False,False,False
Hit Promotional Products,True,False,False,False
Public Appeal to the CANTALK management,True,False,False,False
Temporary Leak Page #0013995NTa,True,False,False,False
psenergy.com,True,False,False,False
Hawaii self storage,True,False,False,False
Biman airlines,True,False,False,False
hammondlumber.com,True,False,False,False
nts.go.kr,True,False,False,False
FINANCE INSTITUTION AUCTION,True,False,False,False
F********** *********-************,True,False,False,False
G****** **** & *************,True,False,False,False
X***** *****,True,False,False,False
A*******,True,False,False,False
F***** ******* **************,True,False,False,False
T***** ******** **********,True,False,False,False
Wymondham College,True,False,False,False
Helmholtz Zentrum Munchen,True,False,False,False
Savanna Technical College,True,False,False,False
The Ultra-met,True,False,False,False
MERS Missouri Goodwill Industries,True,False,False,False
DUKANE,True,False,False,False
PCCARX_2,True,False,False,False
BMW France,True,False,False,False
Oscar Software,True,False,False,False
Jablite,True,False,False,False
AV Industries,True,False,False,False
MICROFINANCE INSTITUTION,True,False,False,False
Rimex,True,False,False,False
Victoria Park,True,False,False,False
C****** ********,True,False,False,False
grupcovesa.com,True,False,False,False
swiftatlanta.com,True,False,False,False
"City of Modesto, CA",True,False,False,False
tecnosysitalia.eu,True,False,False,False
piramal.com,True,False,False,False
Tanbridge House School,True,False,False,False
LINX,True,False,False,False
IRCO,True,False,False,False
ARROWAL,True,False,False,False
OKSGROUP,True,False,False,False
FURUNO,True,False,False,False
islandinsurance.ca,True,False,False,False
lqtbg.com.cn,True,False,False,False
ita-moulding-process.com,True,False,False,False
ulmacarretillas.com,True,False,False,False
bienvilleortho.com,True,False,False,False
Ville de Lille,True,False,False,False
mcna.net,True,False,False,False
Lightcast,True,False,False,False
Optica,True,False,False,False
"James, McElroy and Diehl",True,False,False,False
Lysander Associates,True,False,False,False
TAC,True,False,False,False
Guyana Goldfields,True,False,False,False
Picou Builders Supply,True,False,False,False
Kk Mehta Cpa Associates,True,False,False,False
Pizza 73,True,False,False,False
turvatehnika,True,False,False,False
KONICA,True,False,False,False
SOCOMEC,True,False,False,False
giga.com.vc,True,False,False,False
jubileeinsurance.com,True,False,False,False
FICHTNER,True,False,False,False
DAVINCI,True,False,False,False
ALKF+,True,False,False,False
berjayaClubs,True,False,False,False
NOVELIS,True,False,False,False
CONFIDO,True,False,False,False
CESCE,True,False,False,False
la providence,True,False,False,False
DGCX,True,False,False,False
slipstreaminc.org,True,False,False,False
precisionit.co.in,True,False,False,False
demechindia.com,True,False,False,False
Cospec Srl,True,False,False,False
BISSELL.COM,True,False,False,False
EMERALDX.COM,True,False,False,False
CAJASANRAFAEL.COM.MX,True,False,False,False
TAS.GOV.AU,True,False,False,False
ENERJISAURETIM.COM,True,False,False,False
INTELLICARE.COM.PH,True,False,False,False
CRESCENTHOTELS.COM,True,False,False,False
COLMAC.COM,True,False,False,False
INVESTORCOM.COM,True,False,False,False
securens.in,True,False,False,False
IMAGINE360.COM,True,False,False,False
VLS,True,False,False,False
THECYPRINUS.COM,True,False,False,False
SPI.CO.ZA,True,False,False,False
DETECH.COM.TR,True,False,False,False
GRUPOFLORAPLANT.COM,True,False,False,False
ALTO.US,True,False,False,False
Gujarat Mineral,True,False,False,False
bianchiindustry.com,True,False,False,False
GOA.GOV.IN,True,False,False,False
INTERTERMINALS.COM,True,False,False,False
GLOBALFARM.COM.AR,True,False,False,False
ATOS.NET,True,False,False,False
TGW.COM,True,False,False,False
DERK.CL,True,False,False,False
REDBOXVOICE.COM,True,False,False,False
PROGRESSION.COM,True,False,False,False
UNIMELB.EDU.AU,True,False,False,False
CROWNRESORT.COM.AU,True,False,False,False
BRIDGEWAY.COM.PH,True,False,False,False
TLG.COM,True,False,False,False
Autoridad de Acueductos Y Alcantarillados,True,False,False,False
Comune Taggia,True,False,False,False
Weickert Industries,True,False,False,False
PHOENIX.TECH,True,False,False,False
SODALESSOLUTIONS.COM,True,False,False,False
NATIONSBENEFITS.COM,True,False,False,False
SHOLASTIC.COM,True,False,False,False
VUMACAM.CO.ZA,True,False,False,False
TORONTO.CA,True,False,False,False
CLOUDMED.COM,True,False,False,False
DPWORLD.COM,True,False,False,False
SOLPAC.CO.JP,True,False,False,False
VIRGIN.COM,True,False,False,False
LEGACY-TECHNOLOGIES.DE,True,False,False,False
OSHCO.COM,True,False,False,False
GRAY.TV,True,False,False,False
ORCAAUDIT.COM,True,False,False,False
CHEMILAB.COM.CO,True,False,False,False
Mondial and Framec,True,False,False,False
Troutman Pepper,True,False,False,False
Advance America,True,False,False,False
SUPPLYCORE,True,False,False,False
Dayton Superior,True,False,False,False
rockinsurancebrokers,True,False,False,False
PAYBOXAPP.COM,True,False,False,False
VERRAMOBILITY.COM,True,False,False,False
BUNZL.COM,True,False,False,False
FIRST-CENTRAL.COM,True,False,False,False
ALIVIAHELTH.COM,True,False,False,False
HORMELFOODS.COM,True,False,False,False
THECROSBYGROUP.COM,True,False,False,False
MUNICHRE.COM,True,False,False,False
GRUPOVANTI.COM,True,False,False,False
VOLARIS.COM,True,False,False,False
ACCUZIP.COM,True,False,False,False
SEPIRE.COM,True,False,False,False
WVI.ORG,True,False,False,False
TTBH.ORG,True,False,False,False
HUMANGOOD.COM,True,False,False,False
KANNACT.COM,True,False,False,False
CINEPLEX.COM,True,False,False,False
AMERIJET.COM,True,False,False,False
GDI.COM,True,False,False,False
ZOSKINHEALTH.COM,True,False,False,False
HRTRANSIT.ORG,True,False,False,False
