source_key,is_ransomware,is_data_breach,is_availability_disruption,is_ransomware_keyword_derived
"https://www.securityweek.com/infostealer-infections-lead-to-telefonica-internal-ticketing-system-breach/
https://www.darkreading.com/cyberattacks-data-breaches/telefonica-breach-exposes-jira-tickets-customer-data",True,False,False,False
https://cybernews.com/news/montreal-north-borough-claimed-rhysida-ransomware-gang/,True,False,False,False
https://www.addisonindependent.com/2025/01/09/anwsd-shuts-down-computers-after-cyberattack/,True,False,False,False
https://web.archive.org/web/20250402151239/https://www.hipaajournal.com/colorado-eye-clinic-investigating-suspected-ransomware-attack/,True,False,False,False
https://web.archive.org/web/20250204104904/https://www.atlantanewsfirst.com/2025/02/01/douglasville-douglas-county-water-sewer-authority-targeted-malware-attack/,True,False,False,False
https://therecord.media/university-of-oklahoma-isolates-systems-unusual-activity,True,False,False,False
"https://webcf.waybackmachine.org/web/20250128200808/https://www.blaconhighschool.net/news/?pid=32&nid=2&storyid=55
https://webcf.waybackmachine.org/web/20250128200953/https://www.theregister.com/2025/01/20/blacon_high_school_ransomware/",True,False,False,False
https://webcf.waybackmachine.org/web/20250128204213/https://www.cyberdaily.au/security/11633-exclusive-cl0p-ransomware-gang-lists-ampol-linfox-and-steel-blue-as-victims,True,False,False,False
https://webcf.waybackmachine.org/web/20250128204213/https://www.cyberdaily.au/security/11633-exclusive-cl0p-ransomware-gang-lists-ampol-linfox-and-steel-blue-as-victims,True,False,False,False
https://webcf.waybackmachine.org/web/20250128204213/https://www.cyberdaily.au/security/11633-exclusive-cl0p-ransomware-gang-lists-ampol-linfox-and-steel-blue-as-victims,True,False,False,False
https://web.archive.org/web/20250130132448/https://www.nybce.org/news/articles/cyber/,True,False,False,False
"https://webcf.waybackmachine.org/web/20250128204925/https://www.hipaajournal.com/frederick-health-ransomware-attack/
https://webcf.waybackmachine.org/web/20250128205019/https://www.jems.com/ems-operations/ransomware-attack-hits-frederick-md-hospital-ambulances-diverted/",True,False,False,False
https://web.archive.org/web/20250203210016/https://www.teiss.co.uk/news/international-aids-vaccine-initiative-reveals-inc-ransomware-attack-on-its-systems-15267,True,False,False,False
"https://web.archive.org/web/20250202041835/https://securityaffairs.com/173712/cyber-crime/tata-technologies-ransomware-attack.html
https://web.archive.org/web/20250204105529/https://pune.news/business/ransomware-targets-tata-technologies-amid-rising-cyber-threats-in-india-299728/
https://web.archive.org/web/20250305041934/https://regmedia.co.uk/2025/03/05/tata.pdf
https://web.archive.org/web/20250305024245/https://www.theregister.com/2025/03/05/tata_technologies_hiunters_international/",True,False,False,False
"https://web.archive.org/web/20250227043947/https://www.genea.com.au/sfsites/c/cms/delivery/media/MCKWLU4RITZJHMRDCSLSIY7NJKCE?channelId=0apOd00000001Dp
https://web.archive.org/web/20250226133313/https://www.bleepingcomputer.com/news/security/australian-ivf-giant-genea-breached-by-termite-ransomware-gang/",True,False,False,False
"https://web.archive.org/web/20250212214520/https://www.bleepingcomputer.com/news/security/sarcoma-ransomware-claims-breach-at-giant-pcb-maker-unimicron/
https://web.archive.org/web/20250303192257/https://emops.twse.com.tw/server-java/t05sr01_1_e?&isNew=Y&seq_no=1&spoke_time=214002&spoke_date=20250201&co_id=3037
",True,False,False,False
"https://web.archive.org/web/20250209005751/https://www.facebook.com/plugins/post.php?href=https%3A%2F%2Fwww.facebook.com%2FUniversityofTheBah%2Fposts%2F1021019836733077
https://web.archive.org/web/20250209010025/https://www.facebook.com/plugins/post.php?href=https%3A%2F%2Fwww.facebook.com%2FUniversityofTheBah%2Fposts%2F1022137253288002
https://web.archive.org/web/20250208095257/https://therecord.media/bahamas-university-ransomware-attack",True,False,False,False
"https://web.archive.org/web/20250218125323/https://www.bleepingcomputer.com/news/security/lee-enterprises-newspaper-disruptions-caused-by-ransomware-attack/
https://web.archive.org/web/20250303183916/https://www.cybersecuritydive.com/news/lee-enterprises-iransomware-data-leak/741380/
https://web.archive.org/web/20250228151215/https://www.securityweek.com/ransomware-group-takes-credit-for-lee-enterprises-attack/",True,False,False,False
https://web.archive.org/web/20250403150400/https://focustaiwan.tw/society/202504030019,True,False,False,False
"https://web.archive.org/web/20250303191133/https://www.suspectfile.com/exclusive-data-breach-at-simonmed-the-medusa-group-demands-a-1-million-ransom-exposing-at-least-132-173-people-including-patients-and-employees/
https://web.archive.org/web/20250214114715/https://radiologybusiness.com/topics/health-it/radiology-practice-simonmed-imaging-suffers-apparent-ransomware-attack
https://web.archive.org/web/20250303191510/https://radiologybusiness.com/topics/healthcare-management/legal-news/simonmed-imaging-failed-protect-patient-information-ransomware-attack-class-action-lawsuit-claims",True,False,False,False
"https://web.archive.org/web/20250221092123/ucc.or.jp/2025/02/17259
https://web.archive.org/web/20250317200219/https://www.theregister.com/2025/03/05/qilin_ransomware_credit/",True,False,False,False
"https://web.archive.org/web/20250211183829/https://www.wvtm13.com/article/alabama-ransomware-attack-tarrant/63737849
https://web.archive.org/web/20250303184319/https://www.comparitech.com/news/ransomhub-claims-two-recent-ransomware-attacks-on-us-government-entities/",True,False,False,False
https://web.archive.org/web/20250227125535/https://www.resecurity.com/blog/article/dragonforce-ransomware-group-is-targeting-saudi-arabia,True,False,False,False
https://web.archive.org/web/20250323174218/https://www.hipaajournal.com/lake-washington-vascular-ransomware-attack/,True,False,False,False
"https://web.archive.org/web/20250303184319/https://www.comparitech.com/news/ransomhub-claims-two-recent-ransomware-attacks-on-us-government-entities/
https://web.archive.org/web/20250214170106/https://www.freep.com/story/news/local/michigan/2025/02/12/kewadin-casinos-michigan-upper-peninsula-ransomware/78462005007/
https://web.archive.org/web/20250303185203/https://www.facebook.com/plugins/post.php?href=https%3A%2F%2Fwww.facebook.com%2Fsaulttribe%2Fposts%2F1085677510261911
https://web.archive.org/web/20250303185359/https://www.facebook.com/plugins/post.php?href=https%3A%2F%2Fwww.facebook.com%2Fsaulttribe%2Fposts%2F1086323606863968",True,False,False,False
"https://web.archive.org/web/20250304094325/https://therecord.media/palau-health-ministry-ransomware-recover
https://web.archive.org/web/20250323173041/https://www.facebook.com/plugins/post.php?href=https%3A%2F%2Fwww.facebook.com%2FMHHSPalau%2Fposts%2F1069763001851681",True,False,False,False
https://web.archive.org/web/20250220220301/https://www.bxtimes.com/cyber-criminals-claim-riverdale-ransomware-attack/,True,False,False,False
"https://web.archive.org/web/20250224011548/https://www.thestandard.com.hk/breaking-news/section/4/228383/InvestHK-computer-hit-by-ransomware,-probe-launches-for-possible-personal-info-leak",True,False,False,False
https://web.archive.org/web/20250303072531/https://www.channelnewsasia.com/singapore/hometeamns-ransomware-attack-employees-members-data-4971566,True,False,False,False
"https://web.archive.org/web/20250328203859/https://www.bleepingcomputer.com/news/security/retail-giant-sams-club-investigates-clop-ransomware-breach-claims/
https://web.archive.org/web/20250330010119/https://www.redpacketsecurity.com/clop-ransomware-victim-samsclu-com/",True,False,False,False
"https://web.archive.org/web/20250322104727/https://www.hipaajournal.com/rhode-island-human-services-agency-announced-114k-record-data-breach/
https://web.archive.org/web/20250322105244/https://markets.businessinsider.com/news/stocks/central-texas-pediatric-orthopedics-data-breach---levi-korsinsky-llp-launches-investigation-1034484946",True,False,False,False
https://web.archive.org/web/20250307011650/https://securityaffairs.com/175025/cyber-crime/qilin-ransomware-ministry-of-foreign-affairs-of-ukraine.html,True,False,False,False
https://web.archive.org/web/20250320003414/https://therecord.media/ransomware-attack-micronesia-health-system,True,False,False,False
https://web.archive.org/web/20250323174556/https://unioncountypa.org/wp-content/uploads/2025/03/Union-County-Website-Notice.pdf,True,False,False,False
"https://web.archive.org/web/20250404111311/https://www.darkreading.com/cyberattacks-data-breaches/malaysian-airport-cyber-disruption-warning-asia
https://web.archive.org/web/20250326172403/https://www.malaysiaairports.com.my/en/media-centre/news/1562",True,False,False,False
https://www.darkreading.com/cyberattacks-data-breaches/ransomware-groups-black-basta-lockbit-hit-hyundai-california-seiu-union,True,False,False,False
https://www.watoday.com.au/business/consumer-affairs/russian-ransomware-linked-to-hack-that-exposed-family-violence-victims-breached-government-agencies-20240504-p5fowb.html,True,False,False,False
https://www.watoday.com.au/business/consumer-affairs/russian-ransomware-linked-to-hack-that-exposed-family-violence-victims-breached-government-agencies-20240504-p5fowb.html,True,False,False,False
https://www.watoday.com.au/business/consumer-affairs/russian-ransomware-linked-to-hack-that-exposed-family-violence-victims-breached-government-agencies-20240504-p5fowb.html,True,False,False,False
https://thecyberexpress.com/lockbit-ransomware-adds-two-new-victims/,True,False,False,False
https://thecyberexpress.com/noname-ransomware-attack-on-ukraine/,True,False,False,False
https://thecyberexpress.com/noname-ransomware-attack-on-ukraine/,True,False,False,False
https://thecyberexpress.com/noname-ransomware-attack-on-ukraine/,True,False,False,False
https://thecyberexpress.com/noname-ransomware-attack-2/,True,False,False,False
https://thecyberexpress.com/noname-ransomware-attack-2/,True,False,False,False
https://thecyberexpress.com/noname-ransomware-attack-2/,True,False,False,False
https://thecyberexpress.com/noname-ransomware-attack-2/,True,False,False,False
https://thecyberexpress.com/noname-ransomware-attack-2/,True,False,False,False
https://thecyberexpress.com/noname-ransomware-attack-2/,True,False,False,False
https://thecyberexpress.com/noname-ransomware-attack-2/,True,False,False,False
https://www.technewshub.co.uk/post/new-cyber-gang-valencia-emerges-claims-multiple-high-profile-hack,True,False,False,False
https://www.technewshub.co.uk/post/new-cyber-gang-valencia-emerges-claims-multiple-high-profile-hack,True,False,False,False
https://www.technewshub.co.uk/post/new-cyber-gang-valencia-emerges-claims-multiple-high-profile-hack,True,False,False,False
https://www.technewshub.co.uk/post/new-cyber-gang-valencia-emerges-claims-multiple-high-profile-hack,True,False,False,False
https://en.mercopress.com/2024/01/08/ransomware-attack-hits-paraguayan-armed-forces,True,False,False,False
https://www.theedgesingapore.com/news/cybersecurity/res-latest-singapore-listed-company-be-hit-spate-ransomware-attacks,True,False,False,False
https://web.archive.org/web/20240107004255/https://www.privacyaffairs.com/hunters-international-attacks-healthcare-facility/,True,False,False,False
"https://www.timeslive.co.za/news/south-africa/2024-04-15-import-tariff-body-itac-was-targeted-in-ransomware-attack/
https://www.itac.org.za/news-headlines/media-releases/notification-of-a-personal-information-security-compromise",True,False,False,False
https://web.archive.org/web/20240103071529/https://thecyberexpress.com/cyberattack-on-saed-international/,True,False,False,False
https://webcf.waybackmachine.org/web/20250128205658/https://thecyberexpress.com/lockbit-executes-groupe-idea-data-breach/,True,False,False,False
"https://thecyberexpress.com/cyberattack-on-kershaw-county-school/
https://web.archive.org/web/20240104213807/https://cybernews.com/news/us-school-districts-claimed-blacksuit-ransomware/",True,False,False,False
"https://www.bleepingcomputer.com/news/security/loandepot-cyberattack-causes-data-breach-for-166-million-people/ 
https://www.bleepingcomputer.com/news/security/alphv-ransomware-claims-loandepot-prudential-financial-breaches/
https://www.comparitech.com/news/ransomware-roundup-2024-end-of-year-report/",True,False,False,False
https://web.archive.org/web/20240104213807/https://cybernews.com/news/us-school-districts-claimed-blacksuit-ransomware/,True,False,False,False
https://statescoop.com/west-virginia-cyberattack/,True,False,False,False
"https://web.archive.org/web/20240916185701/https://www.ultimahora.com/telefonia-aclara-que-incidente-de-ciberseguridad-afecta-a-grupo-limitado-de-clientes-corporativos
https://web.archive.org/web/20240624024357/https://www.bleepingcomputer.com/news/security/paraguay-warns-of-black-hunt-ransomware-attacks-after-tigo-business-breach/",True,False,False,False
https://www.theedgesingapore.com/news/cybersecurity/es-group-ips-securex-hit-separate-ransomware-attacks,True,False,False,False
https://www.bleepingcomputer.com/news/security/toronto-zoo-ransomware-attack-had-no-impact-on-animal-wellbeing/,True,False,False,False
https://web.archive.org/web/20240107181749/https://www.privacyaffairs.com/play-ransomware-attacks-televerde/,True,False,False,False
https://web.archive.org/web/20240201150912/https://www.privacyaffairs.com/knight-ransomware-attacks-agro-baggio/,True,False,False,False
https://cybernews.com/news/lush-ransomware-cyberattack/,True,False,False,False
https://therecord.media/water-for-people-medusa-ransomware,True,False,False,False
https://therecord.media/local-governments-across-us-dealing-with-ransomware?&web_view=true,True,False,False,False
https://www.securityweek.com/major-us-uk-water-companies-hit-by-ransomware/,True,False,False,False
https://www.securityweek.com/ransomware-group-targets-foxconn-subsidiary-foxsemicon/,True,False,False,False
https://www.securityweek.com/major-us-uk-water-companies-hit-by-ransomware/,True,False,False,False
https://www.bleepingcomputer.com/news/security/energy-giant-schneider-electric-hit-by-cactus-ransomware-attack/,True,False,False,False
https://www.securityweek.com/aircraft-lessor-aercap-confirms-ransomware-attack/,True,False,False,False
https://www.darkreading.com/cyberattacks-data-breaches/ransomware-groups-black-basta-lockbit-hit-hyundai-california-seiu-union,True,False,False,False
https://www.bleepingcomputer.com/news/security/tietoevry-ransomware-attack-causes-outages-for-swedish-firms-cities/,True,False,False,False
https://www.kgw.com/article/news/education/clackamas-community-college-ransomware-attack/283-41c25c18-eb5f-4f22-80f4-249e2a68dffa,True,False,False,False
https://thecyberexpress.com/washington-county-paid-ransom/,True,False,False,False
https://web.archive.org/web/20241209195307/https://www.bitdefender.com/en-us/blog/hotforsecurity/data-breach-at-anna-jaques-hospital-leaks-data-of-over-300-000-patients,True,False,False,False
https://www.nbcphiladelphia.com/news/local/akira-ransomware-behind-bucks-co-security-attack-that-crippled-emergency-dispatch-system-officials-say/3759350/,True,False,False,False
https://cybernews.com/news/subway-claimed-by-lockbit-ransomware/,True,False,False,False
https://www.pionline.com/cybersecurity/equilend-cyberattack-leaves-banks-stuck-excel-and-headache,True,False,False,False
https://securityaffairs.com/158233/cyber-crime/kansas-city-area-transportation-authority-ransomware-attack.html,True,False,False,False
https://www.scmagazine.com/brief/over-530k-impacted-by-wisconsin-healthcare-non-profit-ransomware-attack,True,False,False,False
"https://gridinsoft.com/blogs/claro-company-hit-by-trigona-ransomware/
https://www.comparitech.com/news/ransomware-roundup-2024-end-of-year-report/",True,False,False,False
https://www.hipaajournal.com/medusa-ransomware-group-leaks-american-renal-associates-data/,True,False,False,False
https://www.fox5atlanta.com/news/fulton-county-services-lockbit-cyberattack-ransom,True,False,False,False
https://cyberscoop.com/technica-pentagon-alphv-ransomware/,True,False,False,False
https://www.klcc.org/crime-law-justice/2024-01-30/roseburgs-daily-newspaper-misses-first-print-edition-in-years-after-ransomware-attack,True,False,False,False
https://www.scmagazine.com/brief/almost-37k-impacted-by-iowa-utility-ransomware-attack,True,False,False,False
"https://cryptobriefing.com/cencora-bitcoin-ransom-payment/
https://www.bloomberg.com/news/articles/2024-09-18/gang-got-75-million-for-cencora-hack-in-largest-known-ransom
https://www.comparitech.com/news/ransomware-roundup-2024-end-of-year-report/",True,False,False,False
https://www.business-standard.com/companies/news/confidential-data-breach-in-motilal-oswal-by-ransomware-gang-lockbit-124021800160_1.html,True,False,False,False
https://www.bleepingcomputer.com/news/security/rhysida-ransomware-wants-36-million-for-childrens-stolen-data/,True,False,False,False
https://kfgo.com/2024/02/16/msum-still-struggling-with-ransomware-attack/,True,False,False,False
https://www.bleepingcomputer.com/news/security/rcmp-investigating-cyber-attack-as-its-website-remains-down/,True,False,False,False
https://www.icelandreview.com/news/russian-hackers-believed-to-be-behind-cyber-attack-on-icelandic-university/,True,False,False,False
https://www.cpomagazine.com/cyber-security/financial-services-company-prudential-financial-says-the-february-data-breach-impacted-2-5-million-people/,True,False,False,False
https://www.bleepingcomputer.com/news/security/ransomware-attack-forces-100-romanian-hospitals-to-go-offline/,True,False,False,False
https://www.nbcbayarea.com/news/local/south-bay/gilroy-gardens-ransomware-attack/3465691/,True,False,False,False
https://kdvr.com/news/local/colorado-public-defenders-office-shut-down-due-to-ransomware-attack/,True,False,False,False
"https://www.fbcs-inc.com/cyber-incident/
https://www.theregister.com/2024/10/04/comcast_fcbs_ransomware_theft/",True,False,False,False
https://www.scmagazine.com/brief/ransomware-attack-hits-psi-software,True,False,False,False
"https://www.izumi.co.jp/corp/e_ir/img/index/pdf/2024_63rdMeeting.pdf
https://www.jcr.co.jp/download/cf03374511340f523138cd9b2f161239e57f4218cad716d844/24d1450_f.pdf",True,False,False,False
https://www.bitdefender.com/en-us/blog/hotforsecurity/east-central-university-suffers-blacksuit-ransomware-attack/?ref=blogapp.bitdefender.com%2F,True,False,False,False
"https://www.bleepingcomputer.com/news/security/the-week-in-ransomware-march-1st-2024-healthcare-under-siege/ ;
https://www.wired.com/story/alphv-change-healthcare-ransomware-payment/
https://www.comparitech.com/news/ransomware-roundup-2024-end-of-year-report/
https://webcf.waybackmachine.org/web/20250128203706/https://therecord.media/unitedhealth-updates-change-healthcare-data-breach-190-million",True,False,False,False
https://www.bleepingcomputer.com/news/security/hessen-consumer-center-says-systems-encrypted-by-ransomware/,True,False,False,False
https://contracosta.news/2024/02/23/city-of-oakley-hit-with-ransomware-attack/,True,False,False,False
https://nowtoronto.com/news/hell-of-a-lot-of-money-hamilton-refuses-to-pay-huge-ransom-as-it-continues-to-recover-from-cyberattack/,True,False,False,False
https://www.deccanherald.com/india/karnataka/bengaluru/ransomware-attack-hits-b-luru-firm-criminals-demand-80-000-2958894,True,False,False,False
https://www.beckershospitalreview.com/cybersecurity/double-extortion-ransomware-group-claims-hospital-hack.html,True,False,False,False
https://therecord.media/healthcare-ransomware-data-breach-nhs-scotland,True,False,False,False
https://www.miamitimesonline.com/news/florida-memorial-university-reportedly-targeted-in-ransomware-cyberattack/article_189afdc2-ef98-11ee-8ca8-035bc2994d17.html,True,False,False,False
https://therecord.media/leicester-city-council-ransomware-data-breach,True,False,False,False
https://therecord.media/nexperia-semiconductor-company-ransomware-incident,True,False,False,False
"https://www.cbsnews.com/texas/news/hackers-demand-700k-in-ransomware-attack-on-tarrant-appraisal-district/ ;
https://www.star-telegram.com/news/politics-government/article287707485.html",True,False,False,False
https://cybernews.com/news/marinemax-yachts-ransomware-attack-rhysida-gang/,True,False,False,False
https://www.bleepingcomputer.com/news/security/the-week-in-ransomware-march-8th-2024-waiting-for-the-blackcat-rebrand/,True,False,False,False
https://therecord.media/pennsylvania-scranton-school-district-ransomware-attack,True,False,False,False
https://www.fox5atlanta.com/news/ransomware-attack-strikes-yet-another-georgia-county,True,False,False,False
https://www.qcnews.com/charlotte/charlotte-honey-bun-maker-hit-with-ransomware-attack/,True,False,False,False
https://www.hipaajournal.com/medusa-ransomware-group-leaks-american-renal-associates-data/,True,False,False,False
https://www.bleepingcomputer.com/news/security/duvel-says-it-has-more-than-enough-beer-after-ransomware-attack/,True,False,False,False
https://www.chroniclejournal.com/news/national/quebec/town-of-huntsville-confirms-it-was-hit-by-ransomware-attack/article_c02b848d-59b1-5fe3-908b-f0f579c15579.html,True,False,False,False
"https://sourcenm.com/2024/03/14/ransomware-attack-hamstrings-three-district-attorneys-offices-in-nm/ ;
https://www.kob.com/new-mexico/new-mexico-institutions-pay-out-thousands-to-recover-from-ransomware/",True,False,False,False
https://www.infosecurity-magazine.com/news/nhs-clinical-data-leaked-ransomware/,True,False,False,False
https://www.constructiondive.com/news/skender-ransomware-attack-chicago-maine/712844/,True,False,False,False
https://statescoop.com/cyberattack-pensacola-florida-2024-service-outages/,True,False,False,False
https://therecord.media/pharmaceutical-development-company-investigating-cyber-incident-lockbit,True,False,False,False
https://therecord.media/illinois-county-gov-college-hit-with-ransomware,True,False,False,False
"https://www.bleepingcomputer.com/news/security/panera-bread-week-long-it-outage-caused-by-ransomware-attack/ ;
https://www.scmagazine.com/brief/ransomware-demand-allegedly-paid-by-panera-bread",True,False,False,False
https://www.aroundosceola.com/news/st-cloud-hit-ransomware-attack-monday-officials-say-residents-info-safe,True,False,False,False
https://vir.com.vn/vndirect-cyberattack-causes-big-splash-on-stock-market-109873.html,True,False,False,False
https://www.securityweek.com/united-nations-agency-investigating-ransomware-attack-involving-data-theft/,True,False,False,False
https://www.bleepingcomputer.com/news/security/daixin-ransomware-gang-claims-attack-on-omni-hotels/,True,False,False,False
https://www.cyberdaily.au/security/10422-hunters-international-take-credit-for-hoya-optics-attack-demand-us-10m,True,False,False,False
https://www.bleepingcomputer.com/news/security/hosting-firms-vmware-esxi-servers-hit-by-new-sexi-ransomware/,True,False,False,False
https://therecord.media/atlantic-fisheries-commission-confirms-cyber-incident,True,False,False,False
https://www.cyberdaily.au/security/10415-australian-accounting-firm-held-to-ransom-by-hunters-international,True,False,False,False
https://www.securityweek.com/ransomware-gang-leaks-data-allegedly-stolen-from-government-contractor/,True,False,False,False
https://www.traverseticker.com/news/ransomware-group-claims-credit-for-tcaps-attack/,True,False,False,False
https://www.theregister.com/2024/04/08/change_healthcare_ransomware/,True,False,False,False
https://www.hernandosun.com/2024/04/12/threat-analyst-shows-evidence-of-hernando-county-ransomware-attack/,True,False,False,False
https://therecord.media/easterseals-central-illinois-data-breach ,True,False,False,False
https://www.atlantanewsfirst.com/2024/04/27/coffee-county-hit-by-potential-ransomware-attack-officials-say/,True,False,False,False
https://wpde.com/news/local/data-security-breach-impacts-some-robeson-county-departments-community-concerns-computer-network-active-investigation-north-carolina-april-17-2024,True,False,False,False
https://www.hipaajournal.com/colorado-fertility-center-ransomware-attack-80000-patients/,True,False,False,False
https://www.comparitech.com/news/ransomware-gang-claims-responsibility-for-cyber-attack-on-jackson-county-mo/,True,False,False,False
"https://www.cbsnews.com/sacramento/news/northbay-health-cyber-incident-vacaville/
https://x.com/H4ckManac/status/1782347870089130411",True,False,False,False
https://www.yahoo.com/tech/nmhu-nears-week-canceled-classes-030200872.html,True,False,False,False
https://www.govtech.com/security/california-county-struggling-months-after-ransomware-attack,True,False,False,False
https://therecord.media/genios-germany-ransomware-attack,True,False,False,False
https://www.thejournal.ie/extern-ransomware-6356433-Apr2024/,True,False,False,False
https://www.bleepingcomputer.com/news/security/frontier-warns-750-000-of-a-data-breach-after-extortion-threats/,True,False,False,False
https://www.csoonline.com/article/2093647/ransomware-feared-in-octapharma-plasmas-us-wide-shutdown.html,True,False,False,False
"https://www.summitpathology.com/notice-of-data-breach/
https://www.govinfosecurity.com/medusa-ransomware-hack-pathology-lab-affects-18-million-a-26695
https://www.hipaajournal.com/summit-pathology-data-breach/",True,False,False,False
https://www.cyberdaily.au/security/10487-exclusive-aussie-lender-firstmac-falls-victim-to-embargo-ransomware-gang,True,False,False,False
https://www.euronews.com/next/2024/04/25/alcohol-sales-disrupted-in-sweden-after-reported-ransomware-attack,True,False,False,False
https://www.comparitech.com/news/ransomware-gang-claims-cyber-attack-on-kansas-city-scout-traffic-management-system/,True,False,False,False
https://www.hipaajournal.com/alabama-cardiovascular-group-cyberattack-affects-280500-individuals/,True,False,False,False
https://www.timescolonist.com/local-news/ransomware-group-says-it-will-release-stolen-london-drugs-data-if-it-doesnt-get-25m-in-48-hours-8776889,True,False,False,False
https://www.cyberdaily.au/security/10487-exclusive-aussie-lender-firstmac-falls-victim-to-embargo-ransomware-gang,True,False,False,False
https://www.securityweek.com/christies-confirms-data-breach-after-ransomware-group-claims-attack/,True,False,False,False
https://www.inc.com/kit-eaton/atampt-paid-ransomware-group-to-delete-stolen-records.html,True,False,False,False
https://techcrunch.com/2024/05/07/brandywine-realty-trust-cyberattack/,True,False,False,False
https://www.kshb.com/news/local-news/ewing-marion-kauffman-school-reports-ransomware-incident-in-early-may,True,False,False,False
https://pitane.blue/en/2024/05/26/security-ransomware-attack-hits-cambio-supplier/#google_vignette,True,False,False,False
"https://therecord.media/wichita-kansas-ransomware-attack-claimed-by-lockbit ;
https://www.cleveland19.com/2024/06/17/wichita-still-facing-ransomware-attack-1-month-later-what-that-means-cleveland/",True,False,False,False
https://www.securityweek.com/keytronic-says-personal-information-stolen-in-ransomware-attack/,True,False,False,False
https://www.beckershospitalreview.com/cybersecurity/kansas-hospital-hit-by-ransomware-attack.html,True,False,False,False
"https://www.crn.com/news/security/2024/black-basta-ransomware-attack-brought-down-ascension-it-systems-report ;
https://www.scmagazine.com/news/patient-data-stolen-in-ascension-ransomware-attack-but-ehr-restored",True,False,False,False
https://www.securityweek.com/88000-impacted-by-access-sports-data-breach-resulting-from-ransomware-attack/,True,False,False,False
https://myemail-api.constantcontact.com/Macon-Bibb-Network-Disruption-Update--5-17-24-.html?soid=1130004841091&aid=V3xERwZTyYs,True,False,False,False
https://www.woodtv.com/news/kent-county/rockford-public-schools-targeted-by-ransomware-attack/,True,False,False,False
"https://www.afr.com/technology/electronic-prescriptions-company-hacked-in-major-ransomware-breach-20240516-p5je6m
https://www.comparitech.com/news/ransomware-roundup-2024-end-of-year-report/",True,False,False,False
https://statescoop.com/st-helena-california-cyberattack-second-month-2024/,True,False,False,False
https://www.bleepingcomputer.com/news/security/american-radio-relay-league-confirms-1-million-ransom-payment/,True,False,False,False
"https://www.hipaajournal.com/ransomhub-american-clinical-solutions/
https://www.suspectfile.com/fl-american-clinical-solutions-over-400000-medical-records-in-the-hands-of-ransomhub/",True,False,False,False
https://therecord.media/kansas-ransomware-attack-thousands-residents,True,False,False,False
https://www.comparitech.com/news/blacksuit-ransomware-gang-claims-cyber-attack-on-kansas-city-police-department/,True,False,False,False
"https://www.seattletimes.com/seattle-news/seattle-public-library-goes-offline-after-ransomware-event/ ;
https://www.king5.com/video/news/local/one-month-after-ransomware-attack-seattle-public-libraries-system-is-still-working-to-recover/281-4be70392-e73c-484a-a6fd-3903ce92b67e
https://www.king5.com/article/news/local/seattle/seattle-public-library-fully-operational-aransomware-attack-may/281-2c76dfd6-dd81-4e00-9d73-9acb0abd0888
https://web.archive.org/web/20250312122058/https://agportal-s3bucket.s3.amazonaws.com/databreach/BreachA31681.pdf",True,False,False,False
https://www.candgnews.com/news/investigation-into-clps-ransom-attack-continues-5669,True,False,False,False
"https://www.nidec.com/-/media/www-nidec-com/corporate/news/2024/0725-02/240725-02notice_e.pdf?sc_lang=ja-JP&rev=1c4788041e7d455e9a383d679ed7eb40
https://www.bleepingcomputer.com/news/security/tech-giant-nidec-confirms-data-breach-following-ransomware-attack/
https://www.techradar.com/pro/security/nidec-confirms-ransomware-attack-leaked-company-data-online",True,False,False,False
https://cybernews.com/news/dubai-government-ransomware-attack-daixin/,True,False,False,False
"https://www.reuters.com/technology/cybersecurity/cyber-attack-compromised-indonesia-data-centre-ransom-sought-reports-antara-2024-06-24/
https://www.bleepingcomputer.com/news/security/meet-brain-cipher-the-new-ransomware-behind-indonesia-data-center-attack/",True,False,False,False
https://www.spiceworks.com/it-security/cyber-risk-management/news/lockbit-claims-stealing-banking-info-from-us-federal-reserve-claims-proven-false/,True,False,False,False
https://www.bleepingcomputer.com/news/security/rite-aid-confirms-data-breach-after-june-ransomware-attack/,True,False,False,False
https://www.beckersasc.com/ophthalmology/panorama-eyecare-informs-patients-of-ransomware-attack.html,True,False,False,False
https://www.bankinfosecurity.com/uk-pathology-lab-ransomware-attackers-demanded-50-million-a-25559,True,False,False,False
https://www.hipaajournal.com/alabama-cardiovascular-group-cyberattack-affects-280500-individuals/,True,False,False,False
https://www.hipaajournal.com/rrca-accounts-management-ransomware/,True,False,False,False
https://therecord.media/cyber-incident-cleveland-city-hall-shutdown,True,False,False,False
https://wrrv.com/newburgh-cybersecurity-incident/,True,False,False,False
"https://therecord.media/toronto-school-district-board-ransomware
https://therecord.media/toronto-school-board-ransomware-attack",True,False,False,False
https://www.yamhilladvocate.com/2024/06/newberg-dundee-school-district-target-of-ransomware-cyber-attack/,True,False,False,False
https://itwire.com/business-it-news/security/medusa-ransomware-group-hits-victoria-racing-club.html,True,False,False,False
"https://web.archive.org/web/20250111133723/https://www.k12dive.com/news/education-ransomware-attacks-2024-comparitech/736854/
https://x.com/FalconFeedsio/status/1808804813108322406
https://x.com/H4ckManac/status/1808753028163350926?lang=en",True,False,False,False
https://www.hawaiinewsnow.com/2024/06/18/thebus-website-is-down-third-day-after-alleged-ransomware-attack/,True,False,False,False
https://www.dailymail.co.uk/news/article-13638959/911-services-california-cyber-attack.html,True,False,False,False
https://therecord.media/alabama-education-department-data-breach,True,False,False,False
https://www.hipaajournal.com/six-healthcare-providers-added-to-ransomware-data-leak-sites/,True,False,False,False
"https://www.theguardian.com/technology/article/2024/jun/21/cdk-cyber-attack-cars-us-canada ;
https://www.bleepingcomputer.com/news/security/cdk-global-outage-caused-by-blacksuit-ransomware-attack/ ;
https://www.theregister.com/2024/07/12/cdk_ransom_payout/",True,False,False,False
https://www.govtech.com/security/cedar-falls-iowa-officials-probe-june-ransomware-attack,True,False,False,False
https://www.hipaajournal.com/acadian-ambulance-ransomware-attack/,True,False,False,False
"https://web.archive.org/web/20250111133723/https://www.k12dive.com/news/education-ransomware-attacks-2024-comparitech/736854/
https://web.archive.org/web/20240618095430/https://thecyberexpress.com/medusa-ransomware-group-claims-cyberattack/
https://web.archive.org/web/20240716072603/https://www.breachsense.com/breaches/tri-city-college-prep-high-school-data-breach/",True,False,False,False
https://www.bitdefender.com/en-us/blog/hotforsecurity/ransomware-attack-on-blood-testing-service-puts-lives-in-danger-in-south-africa/?srsltid=AfmBOorYl9Uu2NfJxTrikLlfMYXAVBHVL9J2Qry2iPmkMM96yJPY1cKi%2F,True,False,False,False
https://www.redhotcyber.com/en/post/cambridge-university-press-assessment-ends-up-in-the-dls-of-inc-ransomware/#google_vignette,True,False,False,False
https://www.bankinfosecurity.com/new-zealand-fitness-retailer-hit-by-dragonforce-ransomware-a-25718,True,False,False,False
"https://www.gulflive.com/news/2024/07/florida-health-data-reportedly-released-on-dark-web-after-state-refuses-to-meet-ransom-demand.html
https://www.hipaajournal.com/ransomhub-florida-department-health-cyberattack/",True,False,False,False
https://dotesports.com/business/news/fromsoftware-parent-company-kadokawa-hit-by-major-ransomware-attack,True,False,False,False
"https://therecord.media/japan-anime-giant-data-leak-ransomware
https://therecord.media/kadokawa-japan-reported-ransomware-payment",True,False,False,False
"https://www.kron4.com/news/bay-area/patelco-credit-union-serious-security-incident-leaves-customers-unable-to-bank-online/ ;
https://www.abc10.com/video/money/patelco-online-banking-to-return-monday-2-weeks-after-ransomware-attack/103-1dafc162-4d1f-4c40-8a9b-5a8b647de73c",True,False,False,False
https://www.idsnews.com/article/2024/07/monroe-county-government-servers-intrusion-ransomware,True,False,False,False
https://bsquarebulletin.com/2024/07/13/blacksuit-ransomware-update-42gb-of-data-claimed-to-be-from-edgewood-schools-posted-nothing-new-on-monroe-county-government-attack/,True,False,False,False
https://www.scmagazine.com/brief/medusa-ransomware-claims-american-golf-corporation-hack,True,False,False,False
https://securityaffairs.com/165076/cyber-crime/monti-gang-wayne-memorial-hospital-pennsylvania.html,True,False,False,False
https://worldjournalnewspaper.com/mt-san-rafael-is-victim-of-ransomware-hack/,True,False,False,False
"https://www.hipaajournal.com/six-healthcare-providers-added-to-ransomware-data-leak-sites/
https://www.hipaajournal.com/rhode-island-human-services-agency-announced-114k-record-data-breach/",True,False,False,False
https://www.wral.com/story/no-leads-in-apex-ransomware-attack/21509516/,True,False,False,False
https://statescoop.com/clay-county-indiana-county-website-ransomware-attack/,True,False,False,False
https://www.securityweek.com/ransomware-attack-disrupts-bassett-furniture-manufacturing-facilities/,True,False,False,False
https://www.accountantsdaily.com.au/business/20186-ransomware-attack-allegedly-strikes-accounting-firm,True,False,False,False
https://www.gmanetwork.com/news/topstories/nation/913477/ransomware-dmw/story/,True,False,False,False
"https://web.archive.org/web/20250111133723/https://www.k12dive.com/news/education-ransomware-attacks-2024-comparitech/736854/
https://web.archive.org/web/20240819195917/https://www.counton2.com/news/local-news/charleston-county-news/charleston-county-school-district-says-cyberattack-came-from-unknown-hackers/",True,False,False,False
"https://therecord.media/columbus-ransomware-officials-warn-victims-after-data-leak
https://www.nbc4i.com/news/local-news/columbus/ransomware-group-claims-columbus-attack-selling-6-terabytes-of-passwords-and-more/
https://arstechnica.com/security/2024/08/city-of-columbus-sues-man-after-he-discloses-severity-of-ransomware-attack/",True,False,False,False
"https://web.archive.org/web/20250111133723/https://www.k12dive.com/news/education-ransomware-attacks-2024-comparitech/736854/
https://web.archive.org/web/20240725163014/https://www.effinghamschools.com/
https://web.archive.org/web/20250111174023/https://www.halcyon.ai/attacks/effingham-county-schools-hit-by-ransomhub-ransomware-attack",True,False,False,False
https://www.nbclosangeles.com/local-2/la-county-superior-court-hit-by-ransomware-attack/3464626/,True,False,False,False
https://www.hipaajournal.com/two-more-healthcare-orgs-attacked-by-ransomhub/,True,False,False,False
https://statescoop.com/ransomware-jefferson-county-kentucky-columbus-ohio/,True,False,False,False
https://www.occrp.org/en/scoop/ransomware-attack-on-brazilian-govt-exposes-fog-cyber-gang,True,False,False,False
"https://www.live5news.com/2024/07/26/town-summerville-suffers-ransomware-based-cyberattack/ ;
https://cybernews.com/security/summerville-police-ransomware-attack-embargo-alphv-blackcat-/",True,False,False,False
https://cybernews.com/security/summerville-police-ransomware-attack-embargo-alphv-blackcat-/,True,False,False,False
"https://www.hipaajournal.com/alabama-cardiovascular-group-cyberattack-affects-280500-individuals/
https://x.com/FalconFeedsio/status/1816959211697504485",True,False,False,False
"https://www.oneblood.org/pages/ransomware-details.html
https://www.bankinfosecurity.com/oneblood-notifying-donors-affected-by-2024-ransomware-hack-a-27287
https://therecord.media/ransomware-attack-blood-center-shortage-protocols-hospitals",True,False,False,False
https://www.5newsonline.com/article/news/local/nwacc-cyberattack-ransomware-northwest-arkansas-college/527-e131f8fa-c07e-4243-b4fa-59ac037c0db2,True,False,False,False
https://www.thehindu.com/sci-tech/technology/customers-at-several-small-sized-banks-affected-as-tech-provider-c-edge-suffers-ransomware-attack/article68470198.ece,True,False,False,False
https://www.hipaajournal.com/six-healthcare-providers-added-to-ransomware-data-leak-sites/,True,False,False,False
"https://www.scmagazine.com/news/halliburton-confirms-cyberattack-on-its-systems
https://www.securityweek.com/us-government-issues-advisory-on-ransomware-group-blamed-for-halliburton-cyberattack/
https://www.bleepingcomputer.com/news/security/halliburton-cyberattack-linked-to-ransomhub-ransomware-gang/",True,False,False,False
https://cybernews.com/news/washington-times-ransomware-attack-rhysida-claim/,True,False,False,False
https://therecord.media/stoli-group-usa-bankruptcy-filing-ransomware,True,False,False,False
https://www.infosecurity-magazine.com/news/french-museums-ransomware/,True,False,False,False
https://www.darkreading.com/cyber-risk/cyberattack-strikes-grand-palais-rmn-impact-appears-limited,True,False,False,False
"https://www.bleepingcomputer.com/news/security/mclaren-hospitals-disruption-linked-to-inc-ransomware-attack/
https://www.techtarget.com/searchsecurity/news/366610014/Ransomware-rocked-healthcare-public-services-in-August",True,False,False,False
https://therecord.media/texas-florida-local-governments-ransomware-neuberger-nakasone-white-house,True,False,False,False
https://www.scmagazine.com/news/rhysida-ransomware-hits-sumter-county-sheriff-in-latest-ci-attack,True,False,False,False
https://securityaffairs.com/166749/cyber-crime/rhysida-ransomware-bayhealth-hospital.html,True,False,False,False
https://www.darkreading.com/cyberattacks-data-breaches/gold-mining-company-struck-by-ransomware-attack,True,False,False,False
https://www.scmagazine.com/brief/suspected-ransomware-intrusion-affects-schlatter-industries,True,False,False,False
https://www.hipaajournal.com/six-healthcare-providers-added-to-ransomware-data-leak-sites/,True,False,False,False
https://www.ktsm.com/news/gadsden-isd-hit-by-ransomware-attack/,True,False,False,False
"https://www.freep.com/story/news/local/michigan/2024/08/16/ransomware-attack-flint-internet-phone-outages/74831663007/
https://www.techtarget.com/searchsecurity/news/366610014/Ransomware-rocked-healthcare-public-services-in-August",True,False,False,False
https://www.bleepingcomputer.com/news/security/autocanada-says-ransomware-attack-may-impact-employee-data/,True,False,False,False
https://www.cincinnati.com/story/news/education/2024/09/27/cincinnati-public-schools-suffers-ransomware-attack/75411988007/,True,False,False,False
"https://therecord.media/microchip-technology-hack-play-ransomware ;
https://therecord.media/microchip-technology-operations-cyberattack-disrupted
https://www.heise.de/en/news/Ransomware-group-Play-publishes-data-allegedly-from-Microchip-9852564.html
https://www.techtarget.com/searchsecurity/news/366610014/Ransomware-rocked-healthcare-public-services-in-August",True,False,False,False
https://ransomwareattacks.halcyon.ai/attacks/trinity-ransomware-hits-cosmetic-dental-group-3-63-tb-data-at-risk,True,False,False,False
"https://seatacblog.com/2024/09/13/update-port-of-seattle-reveals-recent-cyberattack-was-ransomware-declines-to-pay-hackers/
https://cyberscoop.com/ransomware-group-releases-screenshots-in-attempted-extortion-of-port-of-seattle/",True,False,False,False
"https://web.archive.org/web/20250206171447/https://www.maine.gov/agviewer/content/ag/985235c7-cb95-4be2-8792-a1252b4f8318/93c8c3c5-1c8d-47bc-bf45-aefb701811f9.html
https://web.archive.org/web/20250205003518/https://therecord.media/mississippii-electric-utility-residents-breach
https://x.com/ecrime_ch/status/1855943569267101885

",True,False,False,False
https://www.techtarget.com/searchsecurity/news/366610014/Ransomware-rocked-healthcare-public-services-in-August,True,False,False,False
"https://www.securityweek.com/ransomware-gang-claims-cyberattack-on-planned-parenthood/
https://www.bleepingcomputer.com/news/security/planned-parenthood-confirms-cyberattack-as-ransomhub-claims-breach/",True,False,False,False
https://www.heise.de/en/news/Youth-hostels-apparently-victims-of-ransomware-gang-Hunters-9939115.html,True,False,False,False
https://www.scmagazine.com/brief/hunters-international-lays-claim-on-icbc-london-compromise,True,False,False,False
https://www.bleepingcomputer.com/news/security/ransomhub-claims-kawasaki-cyberattack-threatens-to-leak-stolen-data/,True,False,False,False
https://www.computerweekly.com/news/366616875/TfL-cyber-attack-cost-over-30m-to-date,True,False,False,False
https://ransomwareattacks.halcyon.ai/attacks/ransomhub-ransomware-attack-exposes-140gb-data-at-iiit-delhi,True,False,False,False
https://www.cyberdaily.au/security/11128-exclusive-sydney-based-compass-group-confirms-medusa-ransomware-attack,True,False,False,False
https://www.hipaajournal.com/weiser-memorial-hospital-investigating-cyberattack/,True,False,False,False
https://www.hipaajournal.com/great-plains-regional-medical-center-ransomware/,True,False,False,False
"https://www.cdarwin.com/_site/data/files/A6D10B7C82B480CFC39A7DEA3AF4BD79.pdf
https://therecord.media/ransomware-attack-forces-london-high-school-to-close
https://www.comparitech.com/news/ransomware-gang-blacksuit-claims-attack-on-charles-darwin-school-student-data-stolen/",True,False,False,False
"https://www.seattletimes.com/education-lab/hackers-target-seattle-area-school-district-for-ransomware-attack/
https://www.bleepingcomputer.com/news/security/highline-public-schools-confirms-ransomware-attack-was-behind-september-shut-down/",True,False,False,False
"https://www.hipaajournal.com/two-more-healthcare-orgs-attacked-by-ransomhub/
https://web.archive.org/web/20241108053653/https://databreaches.net/2024/10/23/cardiology-of-virginia-patient-data-appears-to-be-up-for-sale-has-the-entity-issued-any-statement-at-all/",True,False,False,False
https://www.techradar.com/pro/boston-childrens-health-physicians-told-to-pay-up-or-face-leak-by-ransomware-group,True,False,False,False
https://web.archive.org/web/20250111133723/https://www.k12dive.com/news/education-ransomware-attacks-2024-comparitech/736854/,True,False,False,False
"https://webcf.waybackmachine.org/web/20250128203137/https://dysruptionhub.com/town-of-ulster-in-new-york-faces-major-cyberattack-enters-disaster-recovery-mode/
https://webcf.waybackmachine.org/web/20250128203322/https://hudsonvalleyone.com/2024/09/18/town-of-ulster-is-in-a-disaster-recovery-mode/",True,False,False,False
https://rhodeislandcurrent.com/2024/09/18/the-clock-is-running-on-ransomware-attack-against-providence-schools/,True,False,False,False
"https://www.hipaajournal.com/trinity-ransomware-healthcare-warning/
",True,False,False,False
"https://www.computing.co.uk/news/2024/security/ransomware-blackpool-schools
https://www.blackpoolgazette.co.uk/news/crime/hackers-hold-lancashire-academy-schools-to-ransom-after-cyber-attack-4787702
https://www.msn.com/en-gb/money/other/rhysida-hackers-send-12m-ransom-letter-to-fylde-coast-academy-trust-and-threaten-to-release-personal-data/ar-AA1tGryg",True,False,False,False
https://www.breachsense.com/breaches/city-of-pleasanton-data-breach/,True,False,False,False
https://www.pcmag.com/news/kansas-water-facility-moves-to-manual-operations-after-ransomware-attack,True,False,False,False
https://www.houstonchronicle.com/news/houston-texas/housing/article/houston-housing-authority-hha-ransomware-attack-19887055.php,True,False,False,False
"https://www.bankinfosecurity.com/ransomware-group-hits-substance-abuse-treatment-service-a-27166
https://x.com/FalconFeedsio/status/1857730516360810821
https://www.hipaajournal.com/american-addiction-centers-ransomware-attack/",True,False,False,False
https://www.everythinglubbock.com/news/local-news/lubbock-umc-experiences-ransomware-attack-diverts-patients-to-other-hospitals/,True,False,False,False
"https://web.archive.org/web/20250111133723/https://www.k12dive.com/news/education-ransomware-attacks-2024-comparitech/736854/
https://www.halcyon.ai/attacks/rhysida-ransomware-strikes-shenango-school-district",True,False,False,False
https://www.wdtn.com/news/local-news/local-school-district-suffers-ransomware-attack/,True,False,False,False
https://dailydarkweb.net/nitrogen-ransomware-group-allegedly-targets-six-new-companies/,True,False,False,False
https://dailydarkweb.net/nitrogen-ransomware-group-allegedly-targets-six-new-companies/,True,False,False,False
https://dailydarkweb.net/nitrogen-ransomware-group-allegedly-targets-six-new-companies/,True,False,False,False
https://dailydarkweb.net/nitrogen-ransomware-group-allegedly-targets-six-new-companies/,True,False,False,False
https://dailydarkweb.net/nitrogen-ransomware-group-allegedly-targets-six-new-companies/,True,False,False,False
https://dailydarkweb.net/nitrogen-ransomware-group-allegedly-targets-six-new-companies/,True,False,False,False
"https://www.usglassmag.com/cyberattack-hits-crl-services-restored/?oly_enc_id=
https://www.techtarget.com/searchsecurity/news/366615394/Ransomware-attacks-caused-prolonged-disruptions-in-October",True,False,False,False
"https://www.wxyz.com/news/local-news/investigations/cyberattack-hits-wayne-county-government-services-affected-as-hacker-demands-ransom
https://www.bleepingcomputer.com/news/security/meet-interlock-the-new-ransomware-targeting-freebsd-servers/",True,False,False,False
https://www.breachsense.com/breaches/research-electronics-international-data-breach/,True,False,False,False
"https://www.facebook.com/TheOklahomaCityAbstractandTitle/posts/pfbid02qHAUd5Y6NCAGLru9bqfDm797s5HxvW5XxK2KWfkVBy8hyuq82aCBwyAas8K6u5qLl
https://www.techtarget.com/searchsecurity/news/366615394/Ransomware-attacks-caused-prolonged-disruptions-in-October",True,False,False,False
"https://sh.ch/CMS/Webseite/Kanton-Schaffhausen/Beh-rde/Regierung/Staatskanzlei-15606324-DE.html
https://therecord.media/ransomware-attack-german-speaking-school-switzerland-bbz-schaffhausen",True,False,False,False
https://cybersecuritynews.com/red-barrels-cyber-attack/,True,False,False,False
"https://www.hipaajournal.com/axis-health-system-ransomware-attack/
https://www.halcyon.ai/attacks/rhysida-ransomware-hits-oklahoma-nursing-home-in-cyberattack",True,False,False,False
https://web.archive.org/web/20250108083811/https://world.casio.com/news/2025/0107-incident/,True,False,False,False
https://www.comparitech.com/news/ransomware-gang-demands-1-4-million-from-louisiana-school-district/,True,False,False,False
"https://www.cyberdaily.au/security/11230-exclusive-wa-firm-road-distribution-services-hit-by-sarcoma-ransomware
https://www.halcyon.ai/attacks/ransomware-attack-on-road-distribution-services-by-sarcoma-group",True,False,False,False
https://www.cyberdaily.au/security/11225-exclusive-new-zealand-accounting-firm-confirms-sarcoma-ransomware-attack,True,False,False,False
"https://www.theunion.com/news/cyber-attack-results-in-shut-down-of-internet-throughout-nevada-county-schools/article_b138b256-8668-11ef-9218-6fee70dbb5c6.html
https://www.theunion.com/news/ransom-demands-and-cyber-attack-affecting-internet-use-for-schools-across-nevada-county/article_fb8fa596-8760-11ef-aee7-0fa5a4834c01.html
https://www.techtarget.com/searchsecurity/news/366615394/Ransomware-attacks-caused-prolonged-disruptions-in-October",True,False,False,False
"https://www.govinfosecurity.com/rhysida-leaks-nursing-home-data-demands-15m-from-axis-a-26516
https://www.hipaajournal.com/axis-health-system-ransomware-attack/",True,False,False,False
https://www.cyberdaily.au/security/11217-exclusive-the-plastic-bag-company-falls-victim-to-sarcoma-ransomware-attack,True,False,False,False
https://www.cyberdaily.au/security/11221-exclusive-aussie-fresh-produce-company-perfection-fresh-confirms-ransomware-attack,True,False,False,False
https://calgaryherald.com/news/librarys-data-breach-the-result-of-a-ransomware-attack,True,False,False,False
https://web.archive.org/web/20250318182328/https://therecord.media/western-alliance-bank-data-breach,True,False,False,False
"https://coinmarketcap.com/community/articles/67260e4662eb1862c6990545/
https://transak.com/blog/transak-security-incident-oct-2024
https://www.halcyon.ai/attacks/ransomware-hits-transak-exposing-92-554-users-data",True,False,False,False
"https://web.archive.org/web/20250111133723/https://www.k12dive.com/news/education-ransomware-attacks-2024-comparitech/736854/
https://web.archive.org/web/20250111173517/https://dailysecurityreview.com/security-spotlight/winnebago-public-schools-shuts-down-after-devastating-cyberattack/",True,False,False,False
https://therecord.media/ransomhub-cybercrime-coppell-texas-minneapolis-parks-agency,True,False,False,False
https://www.hipaajournal.com/rrca-accounts-management-ransomware/,True,False,False,False
https://databreaches.net/2024/11/23/pacific-pulmonary-medical-group-patient-information-dumped-by-everest-ransomware-team/,True,False,False,False
https://www.cyberdaily.au/security/11296-australian-steel-fabricator-meshworks-suffers-alleged-sarcoma-ransomware-attack,True,False,False,False
"https://www.aep.de/
https://www.govinfosecurity.com/german-pharma-wholesaler-aep-targeted-in-ransomware-attack-a-26704",True,False,False,False
"https://web.archive.org/web/20241112205842/https://www.cbsnews.com/philadelphia/news/interboro-school-district-cybercriminals-glenolden-pennsylvania/
https://web.archive.org/web/20250111175633/https://www.comparitech.com/news/ransomware-gang-claims-cyberattack-that-shut-down-a-pennsylvania-school-district/",True,False,False,False
https://therecord.media/oilfield-supplier-faces-disruptions-cyberattack,True,False,False,False
https://therecord.media/hacla-los-angeles-second-ransomware-attack,True,False,False,False
https://www.securityweek.com/microlise-confirms-data-breach-as-ransomware-group-steps-forward/,True,False,False,False
"https://www.facebook.com/SJSuperiorCourt/posts/934737472022288
https://therecord.media/california-court-suffering-from-tech-outages-cyberattack",True,False,False,False
"https://www.sheboyganwi.gov/itupdate-2/
https://www.wpr.org/wp-content/uploads/2024/11/For-Immediate-Release-City-of-Sheboygan-Provides-Updates-on-Network-Issue-and-Service-Restoration-Efforts-.pdf
https://www.cbs58.com/news/local-authorities-investigate-sheboygan-ransomware-attack",True,False,False,False
https://www.bankinfosecurity.com/embargo-ransomware-gang-sets-deadline-to-leak-hospital-data-a-26784,True,False,False,False
https://www.hipaajournal.com/brockton-neighborhood-health-center-suffers-ransomware-attack/,True,False,False,False
https://cyberscoop.com/schneider-electric-energy-ransomware-hellcat/,True,False,False,False
"https://wexfordcounty.org/
https://www.9and10news.com/2025/01/17/no-answers-to-when-wexford-county-will-return-to-normal-after-november-ransomware-attack/",True,False,False,False
"https://www.hipaajournal.com/embargo-ransomware-american-associated-pharmacies/
https://www.halcyon.ai/attacks/american-associated-pharmacies-hit-by-embargo-ransomware",True,False,False,False
"https://www.reuters.com/technology/cybersecurity/hungarys-defence-procurement-agency-hacked-government-says-2024-11-14/
https://www.halcyon.ai/attacks-news/inc-ransomware-gang-infiltrates-hungarian-defense-network",True,False,False,False
https://cybernews.com/news/mexico-government-official-website-ransomware-attack-ransomhub/,True,False,False,False
https://mndaily.com/291942/city/minneapolis-parks-and-recreation-board-phone-lines-down-after-cyberattack/,True,False,False,False
"https://blueyonder.com/customer-update
https://cyberscoop.com/termite-ransomware-blue-yonder-disruption/
https://cyberscoop.com/blue-yonder-ransomware-impact-starbucks-supermarkets/",True,False,False,False
https://www.bleepingcomputer.com/news/security/ransomware-attack-hits-leading-heart-surgery-device-maker/,True,False,False,False
"https://www.infosecurity-magazine.com/news/wirral-hospital-recovery-continues/
https://www.hipaajournal.com/ransomware-groups-attack-multiple-uk-nhs-trusts/",True,False,False,False
https://www.securityweek.com/energy-sector-contractor-englobal-targeted-in-ransomware-attack/,True,False,False,False
https://patch.com/new-jersey/hoboken/hoboken-city-hall-victim-cyber-attack-they-say-messages,True,False,False,False
"https://therecord.media/costa-rica-state-energy-company-ransomware
https://therecord.media/state-department-falcon-cyber-response-costa-rica-recope",True,False,False,False
https://www.theguardian.com/technology/2024/nov/29/alder-hey-childrens-hospital-explores-data-breach-after-ransomware-claims,True,False,False,False
https://www.cpomagazine.com/cyber-security/doughnut-chain-krispy-kreme-suffers-a-play-ransomware-cyber-attack-disrupting-online-ordering-systems/,True,False,False,False
https://securityaffairs.com/171779/cyber-crime/8base-ransomware-croatias-port-of-rijeka.html,True,False,False,False
"https://www.cnbctv18.com/technology/mcleod-russel-india-responds-ransomware-attack-cybersecurity-no-impact-on-operations-19517577.htm
https://x.com/Onemetric_in/status/1863133758418776506",True,False,False,False
https://www.cyberdaily.au/security/11460-bt-group-confirms-cyber-incident-following-black-basta-ransomware-claims,True,False,False,False
"https://www.canarianweekly.com/posts/Hackers-claim-to-have-560-GB-of-Spanish-Tax-Agency-data-demanding-38-million-ransom
https://www.halcyon.ai/attacks-news/ransomware-on-the-move-kairos-argonauts-ransomhub-akira",True,False,False,False
"https://www.pihhealth.org/cyber-incident-updates/
https://gbhackers.com/17m-patient-records-stolen-in-ransomware-attack/#google_vignette",True,False,False,False
https://www.beyondmachines.net/event_details/highland-park-isd-hit-by-ransomware-attack-m-7-f-z-v,True,False,False,False
https://www.sangfor.com/blog/cybersecurity/brain-cipher-ransomware-attack-deloitte-uk-1tb-data-breach,True,False,False,False
"https://web.archive.org/web/20250111180932/https://www.comparitech.com/news/ransomware-gang-says-it-stole-500-gb-of-data-from-marietta-city-schools/
https://web.archive.org/web/20250111181220/https://www.halcyon.ai/attacks/ransomhub-targets-marietta-city-schools-in-major-data-breach
https://web.archive.org/web/20250111181159/https://www.wsbtv.com/news/local/cobb-county/unauthorized-access-marietta-city-schools-confirms-hackers-tried-breaking-into-computer-system/VZOKJ3H4URAALFXWEX6Q6ZPSMQ/
",True,False,False,False
"https://www.forbes.com/sites/daveywinder/2024/12/16/forget-the-drones-rhode-island-attacked-by-very-real-ransomware/
https://www.comparitech.com/news/ransomware-roundup-2024-end-of-year-report/",True,False,False,False
"https://statescoop.com/wood-county-ohio-ransomware-emergency-services/
https://www.13abc.com/2024/12/23/wood-county-pays-15-million-resolve-ransomware-attack/",True,False,False,False
https://web.archive.org/web/20250208095108/https://therecord.media/avery-products-ransomware-data-breach-notification,True,False,False,False
"https://developingtelecoms.com/telecom-technology/cyber-security/17762-ransomware-hackers-post-telecom-namibia-customer-data-on-dark-web.html
https://therecord.media/namibia-state-telecom-provider-data-leaked-after-ransom-refusal",True,False,False,False
"https://www.wkrn.com/news/local-news/hackers-cryptocurrency-rcs-apparent-ransomware-attack/
https://www.aol.com/hackers-ask-cryptocurrency-apparent-ransomware-005226771.html",True,False,False,False
https://web.archive.org/web/20250322104421/https://www.hipaajournal.com/cyberattack-on-sunflower-medical-group-affects-221000-patients/,True,False,False,False
"https://www.unionprogress.com/2024/12/24/pittsburgh-regional-transit-dealing-with-ransomware-attack-that-slowed-light-rail-system-last-week/
https://www.post-gazette.com/news/transportation/2024/12/24/pittsburgh-prt-communications-outage-ransomware-attack/stories/202412240086",True,False,False,False
"https://web.archive.org/web/20250308232833/https://www.ncompliance.com/
https://web.archive.org/web/20250307235739/https://therecord.media/thousands-of-public-school-workers-impacted-data-breach",True,False,False,False
"https://web.archive.org/web/20250113211557/https://therecord.media/turks-and-caicos-recovering-from-ransomware-attack
https://web.archive.org/web/20250209010914/https://www.facebook.com/plugins/post.php?href=https%3A%2F%2Fwww.facebook.com%2Fpressofficetcig%2Fposts%2F1025513396275195
https://web.archive.org/web/20250209011104/https://www.facebook.com/plugins/post.php?href=https%3A%2F%2Fwww.facebook.com%2Fpressofficetcig%2Fposts%2F1028451629314705

",True,False,False,False
https://cybersecuritynews.com/nikki-universal-cyber-attack/,True,False,False,False
"https://www.fraunhofer.de/en/press/research-news/2025/january-2025/ransomware-attack-on-fraunhofer-iao.html
https://www.heise.de/en/news/Ransomware-attack-at-the-Fraunhofer-for-Industrial-Engineering-10225325.html",True,False,False,False
"https://www.theedgesingapore.com/news/cybersecurity/vallianz-holdings-and-psc-corp-hit-cyber-attacks-minimal-impact-seen
https://www.nasdaq.com/articles/vallianz-holdings-faces-ransomware-attack-minimal-impact",True,False,False,False
"https://www.gurufocus.com/news/2641780/atos-se-investigates-ransomware-claim-by-space-bears-group
https://finance.yahoo.com/news/atos-says-ransomware-group-claims-233428236.html
https://www.techzine.eu/news/security/127441/atos-confirms-no-hack-by-space-bears/",True,False,False,False
"https://resonantnews.com/2025/01/05/nepals-ministerial-data-hacked-now-available-on-dark-web-for-50/
https://www.facebook.com/story.php?story_fbid=908785731451535&id=100069603490878
https://www.instagram.com/nepalsjournal/reel/DERlDaPoxQR/",True,False,False,False
"https://cybernews.com/news/metlife-latin-america-claimed-by-ransomhub-group/
https://www.govinfosecurity.com/breach-roundup-metlife-denies-ransomhub-cyberattack-claims-a-27199",True,False,False,False
https://therecord.media/ohio-town-working-to-restore-municipal-court-systems-after-cyberattack,True,False,False,False
https://www.bleepingcomputer.com/news/security/royal-ransomware-claims-attack-on-queensland-university-of-technology/,True,False,False,False
https://www.boston.com/news/schools/2023/01/04/swansea-schools-ransomware-cyberattack-shut-down/,True,False,False,False
https://www.cybersecuritydive.com/news/ransomware-attack-exposes-california-transit-giants-sensitive-data/640121/,True,False,False,False
https://therecord.media/ransomware-attack-on-maritime-software-impacts-1000-ships/,True,False,False,False
"https://www.desmoinesregister.com/story/news/education/2023/01/10/dmps-staff-works-around-the-clock-following-cybersecurity-attack-des-moines-schools-closing/69794870007/ ;
https://www.bleepingcomputer.com/news/security/iowas-largest-school-district-confirms-ransomware-attack-data-theft/",True,False,False,False
https://www.castanet.net/news/Kelowna/409008/Ransomware-group-follows-through-on-threat-and-publishes-Okanagan-College-information,True,False,False,False
https://www.databreaches.net/another-ransomware-attack-results-in-a-hipaa-breach-florida-medical-center/,True,False,False,False
"https://www.bleepingcomputer.com/news/security/royal-mail-cyberattack-linked-to-lockbit-ransomware-operation/ ;
https://techcrunch.com/2023/02/23/royal-mail-restores-global-shipping-weeks-after-lockbit-ransomware-attack/ ;
https://uk.movies.yahoo.com/movies/royal-mail-refused-pay-absurd-191037418.html?guce_referrer=aHR0cHM6Ly93d3cuZ29vZ2xlLmNvbS8&guce_referrer_sig=AQAAAJ1JfvViZNmJHzRJJFu-6FYHPrtl7vfqNkFXj3EAxWplkrXHg5j_YR_uopg2gCi_HiAQUcGdbco_pJ3FrExn55yJK3RppVuX-fOTcke3mFGa-i9NBfeC07DtlytMDP538eD2l2_1sdRePfQySRnKhDv0yVXVb0Qe9s3lAMiKYTfn",True,False,False,False
https://www.bleepingcomputer.com/news/security/kfc-pizza-hut-owner-discloses-data-breach-after-ransomware-attack/,True,False,False,False
https://www.washingtonpost.com/politics/2023/01/23/latest-cyberattack-health-care-shows-how-vulnerable-sector-is/,True,False,False,False
https://therecord.media/costa-ricas-ministry-of-public-works-and-transport-crippled-by-ransomware-attack/,True,False,False,False
https://www.bleepingcomputer.com/news/security/a10-networks-confirms-data-breach-after-play-ransomware-attack/,True,False,False,False
"https://www.kold.com/2023/01/31/southern-arizonas-largest-school-district-hit-by-cyber-attack/
https://www.cbsnews.com/news/school-ransomware-attacks-threaten-student-data/",True,False,False,False
https://www.wmdt.com/2023/01/atlantic-general-hospital-experiences-ransomware-event/,True,False,False,False
"https://techcrunch.com/2023/02/02/ion-group-lockbit-derivatives-ransomware/ ;
https://www.reuters.com/technology/hackers-say-ransom-paid-case-derivatives-data-firm-ion-company-declines-comment-2023-02-03/",True,False,False,False
https://www.cnn.com/2023/01/31/politics/ransomware-attack-schools-nantucket/index.html,True,False,False,False
https://web.archive.org/web/20240930090347/https://thecyberexpress.com/edmonds-school-district-data-breach/,True,False,False,False
https://www.echolive.ie/corknews/arid-41069207.html,True,False,False,False
https://cybernews.com/news/washington-state-ransomware/,True,False,False,False
https://www.databreaches.net/bits-n-pieces-trozos-y-piezas-31/,True,False,False,False
https://www.bleepingcomputer.com/news/security/the-week-in-ransomware-june-23rd-2023-the-reddit-files/,True,False,False,False
"https://assured.co.uk/2023/unlocking-the-truth-an-inside-look-at-the-ion-ransomware-attack/
",True,False,False,False
"https://www.kcra.com/article/city-of-modesto-ransomware-attack-accessed-some-personal-information-police-department/43165021# ; 
https://www.scmagazine.com/brief/ransomware/modesto-ransomware-attack-claimed-by-snatch-cybercrime-operation",True,False,False,False
https://fannin.fetchyournews.com/2023/02/19/fannin-county-systems-attacked-by-ransomware/,True,False,False,False
https://www.bleepingcomputer.com/news/security/fruit-giant-dole-suffers-ransomware-attack-impacting-operations/,True,False,False,False
https://www.securitymagazine.com/articles/99289-hafele-recovers-from-ransomware-attack-with-new-sase-platform,True,False,False,False
"https://www.quorumcyber.com/threat-intelligence/vice-society-attempts-to-extort-uk-school-by-posting-sensitive-files/
https://therecord.media/vice-society-ransomware-guildford-school-student-data-extortion",True,False,False,False
https://www.manisteenews.com/news/article/major-florida-hospital-hit-by-possible-ransomware-17762115.php,True,False,False,False
https://www.reuters.com/technology/chip-equipment-maker-mks-instruments-says-it-is-investigating-ransomware-attack-2023-02-06/,True,False,False,False
https://www.bleepingcomputer.com/news/security/hospital-cl-nic-de-barcelona-severely-impacted-by-ransomware-attack/,True,False,False,False
https://www.wfmz.com/news/area/lehighvalley/lvhn-reports-cyberattack-by-russian-ransomware-gang/article_6ceb11e0-b133-11ed-9bdc-7b7c0a2adf99.html,True,False,False,False
"https://www.bleepingcomputer.com/news/security/largest-canadian-bookstore-indigo-shuts-down-site-after-cyberattack/ ;
https://www.cbc.ca/news/business/ransomware-indigo-data-release-1.6766328 ;
https://www.google.com/url?rct=j&sa=t&url=https://globalnews.ca/news/9535738/indigo-ransomware-attack-one-month/&ct=ga&cd=CAEYAioTODIxODQ4MjM5NTIyMjc0MDQyMTIaZjk1ZDdkNTc3NTkyZGUyMTpjb206ZW46VVM&usg=AOvVaw0DLAFPqZeXUEmvmxd3a7Sc",True,False,False,False
https://www.kalw.org/politics/2023-05-31/city-of-oakland-sued-over-ransomware-attack,True,False,False,False
https://www.cybersecuritydive.com/news/insurance-holding-1001-restored-ransomware/644330/,True,False,False,False
https://www.databreaches.net/gates-corporation-no-not-that-gates-discloses-a-ransomware-attack/,True,False,False,False
https://www.i24news.tv/en/news/israel/technology-science/1676198299-hackers-target-israel-s-technion-demanding-huge-sum-in-bitcoin,True,False,False,False
https://www.cybersecurityconnect.com.au/critical-infrastructure/8768-us-public-transport-service-struck-by-ransomware-attack,True,False,False,False
"https://www.bleepingcomputer.com/news/security/us-marshals-service-investigating-ransomware-attack-data-theft/
https://www.google.com/url?rct=j&sa=t&url=https://www.cnn.com/2023/05/01/politics/us-marshals-ransomware-attack-fugitives/index.html&ct=ga&cd=CAEYASoUMTUzMDE1NTgwNTM0MzQ0MDMxMDQyGmY5NWQ3ZDU3NzU5MmRlMjE6Y29tOmVuOlVT&usg=AOvVaw3ZgyT7UCYtmWuI8AUAjSkQ
https://www.scmagazine.com/news/hunters-international-ransomware-gang-threatens-to-leak-us-marshals-data",True,False,False,False
https://www.jdsupra.com/legalnews/skidmore-college-confirms-recent-6438827/,True,False,False,False
https://www.bleepingcomputer.com/news/security/ransomware-gang-posts-video-of-data-stolen-from-minneapolis-schools/,True,False,False,False
https://www.gastongazette.com/story/news/crime/2023/08/31/gaston-college-reveals-scope-of-ransomware-attack/70718185007/,True,False,False,False
https://therecord.media/encino-energy-cyberattack-alleged-data-leak-alphv,True,False,False,False
"https://www.bleepingcomputer.com/news/security/dish-network-confirms-ransomware-attack-behind-multi-day-outage/ ;
https://www.bleepingcomputer.com/news/security/dish-network-likely-paid-ransom-after-recent-ransomware-attack/",True,False,False,False
https://therecord.media/tennessee-state-southeastern-louisiana-universities-hit-with-cyberattacks,True,False,False,False
https://www.forbes.com/sites/daveywinder/2023/03/14/has-amazons-ring-been-hacked-ransomware-gang-posts-threat-to-leak-data/?sh=4de960fd6130,True,False,False,False
https://therecord.media/sun-pharma-india-ransomware-attack,True,False,False,False
https://therecord.media/tennessee-state-southeastern-louisiana-universities-hit-with-cyberattacks,True,False,False,False
https://www.ctvnews.ca/business/ransomware-attack-hits-canadian-engineering-company-working-on-military-bases-power-plants-1.6304657,True,False,False,False
https://www.theregister.com/2023/03/13/lockbit_spacex_ransomware/,True,False,False,False
https://www.bleepingcomputer.com/news/security/ferrari-discloses-data-breach-after-receiving-ransom-demand/,True,False,False,False
https://www.cybersecuritydive.com/news/lumen-ransomware-attack/646135/,True,False,False,False
https://www.wbrc.com/2023/04/01/jefferson-co-school-system-victim-ransomware-attack-during-spring-break/,True,False,False,False
https://www.computerweekly.com/news/365534826/Charity-data-stolen-in-ransomware-attack-on-supplier,True,False,False,False
https://therecord.media/lewis-clark-college-ransomware-attack-vice-society,True,False,False,False
https://www.bleepingcomputer.com/news/security/lockbit-ransomware-claims-essendant-attack-company-says-network-outage-/,True,False,False,False
https://techcrunch.com/2023/05/31/ransomware-attack-on-us-dental-insurance-giant-exposes-data-of-9-million-patients/?tpcc=tcplustwitter,True,False,False,False
https://www.hipaajournal.com/northeast-surgical-group-hipaa-penalty/,True,False,False,False
https://therecord.media/ransomware-school-england-tanbridge-house,True,False,False,False
https://therecord.media/royal-dirkzwager-ransomware-attack-dutch-shipping,True,False,False,False
"https://www.nbcnewyork.com/news/local/ransomware-attack-at-nj-county-police-department-locks-up-criminal-investigative-files/4219341/ ;
https://therecord.media/camden-county-police-ransomware-new-jersey-philadelphia",True,False,False,False
https://www.bleepingcomputer.com/news/security/ransomware-gang-steals-data-of-58-million-pharmerica-patients/,True,False,False,False
https://www.bleepingcomputer.com/news/security/yellow-pages-canada-confirms-cyber-attack-as-black-basta-leaks-data/,True,False,False,False
https://www.seattletimes.com/seattle-news/shoreline-community-college-says-personal-info-was-accessed-in-attack/,True,False,False,False
https://therecord.media/oak-ridge-tennessee-ransomware-attack,True,False,False,False
https://timesofindia.indiatimes.com/city/ahmedabad/notorious-medusa-ransomware-gang-seeks-500000-from-gmdc/articleshow/99350393.cms?from=mdr,True,False,False,False
"https://www.hipaajournal.com/80k-hipaa-settlement-elgon-information-systems/
https://web.archive.org/web/20250111174907/https://therecord.media/massachusetts-health-firm-reaches-settlement",True,False,False,False
https://www.bleepingcomputer.com/news/security/hackers-leak-images-to-taunt-western-digitals-cyberattack-response/,True,False,False,False
https://therecord.media/commscope-network-infrastructure-cyberattack-vice-society,True,False,False,False
https://www.hipaajournal.com/phi-of-320000-patients-affected-by-onix-group-ransomware-attack/,True,False,False,False
"https://cybernews.com/news/bmw-france-data-breach-ransomware-victim/
https://therecord.media/bmw-says-play-ransomware-only-hit-local-dealership
https://hackmanac.com/news/hacks-of-the-day-29-03-2023",True,False,False,False
https://www.breachsense.com/breaches/wymondham-college-data-breach/,True,False,False,False
"https://www.breachsense.com/breaches/savannah-technical-college-data-breach/
https://hackmanac.com/news/hacks-of-the-day-29-03-2023",True,False,False,False
https://doublepulsar.com/black-basta-ransomware-group-extorts-capita-with-stolen-customer-data-capita-fumble-response-9c3ca6c3b283,True,False,False,False
https://cybernews.com/news/transformative-fallon-attack-exposed-million/,True,False,False,False
https://www.clarin.com/tecnologia/ciberataque-farmalink-lockbit-da-mes-pagar-rescate-publica-informacion-robada_0_Pp2h6FmSuv.html,True,False,False,False
https://www.the-star.co.ke/news/realtime/2023-04-23-naivas-admits-to-data-theft-attack-contained/,True,False,False,False
https://www.infosecurity-magazine.com/news/ransomware-disrupts-network/,True,False,False,False
https://therecord.media/cna-confirms-data-incident,True,False,False,False
https://therecord.media/colleges-schools-suffer-from-ransomware-and-cyberattacks,True,False,False,False
https://www.cbs19news.com/story/48716424/jaba-ceo-says-ransomware-attack-is-contained,True,False,False,False
https://www.bleepingcomputer.com/news/security/money-message-ransomware-gang-claims-msi-breach-demands-4-million/,True,False,False,False
"https://webcf.waybackmachine.org/web/20250128202446/https://techcrunch.com/2023/06/01/enzo-biochem-says-ransomware-attack-exposed-clinical-test-data-of-2-5-million-patients/
https://webcf.waybackmachine.org/web/20250128202357/https://www.hipaajournal.com/enzo-biochem-class-action-data-breach-settlement/",True,False,False,False
https://www.techtarget.com/searchsecurity/news/366539476/Ransomware-takes-down-multiple-municipalities-in-May,True,False,False,False
https://therecord.media/fincantieri-shipbuilder-us-navy-wisconsin-ransomware,True,False,False,False
"https://therecord.media/san-bernardino-county-sheriffs-department-cyberattack ;
https://www.myjournalcourier.com/business/article/1-1m-paid-to-resolve-ransomware-attack-on-18082108.php",True,False,False,False
https://therecord.media/german-builder-of-superyachts-and-military-boats,True,False,False,False
https://www.bleepingcomputer.com/news/security/ncr-suffers-aloha-pos-outage-after-blackcat-ransomware-attack/,True,False,False,False
https://therecord.media/rheinmetall-confirms-black-basta-ransomware-group-behind-cyberattack,True,False,False,False
https://lfpress.com/news/local-news/for-resilient-casino-giant-a-new-hurdle-a-ransomware-attack,True,False,False,False
https://therecord.media/point32health-hit-with-ransomware-attack,True,False,False,False
https://www.bleepingcomputer.com/news/security/harvard-pilgrim-health-care-ransomware-attack-hits-25-million-people/,True,False,False,False
https://www.bostonglobe.com/2023/04/29/business/vantage-travel-says-website-is-back-up-cruises-are-sailing/?p1=HP_Feed_AuthorQuery,True,False,False,False
https://www.hipaajournal.com/ransomware-attack-results-shutdown-operations-tn-medical-clinic/,True,False,False,False
https://therecord.media/lowell-massachusetts-city-ransomware-attack-play-cybercrime,True,False,False,False
https://www.bleepingcomputer.com/news/security/cold-storage-giant-americold-outage-caused-by-network-breach/,True,False,False,False
https://www.techtarget.com/searchsecurity/news/366539476/Ransomware-takes-down-multiple-municipalities-in-May,True,False,False,False
https://www.wyff4.com/article/clarified-what-happened-to-the-federal-student-debt-relief/42941882,True,False,False,False
https://therecord.media/italian-water-supplier-ransomware-attack-disruptions-medusa,True,False,False,False
https://www.databreaches.net/another-hospital-hit-by-ransomware-mission-community-hospital/,True,False,False,False
https://therecord.media/colleges-schools-suffer-from-ransomware-and-cyberattacks,True,False,False,False
https://www.itworldcanada.com/article/cyber-security-today-april-3-2023-a-ransomware-gang-threatens-american-university-students-samsung-tells-staff-to-stop-using-chatgpt-and-more/538076,True,False,False,False
https://techcrunch.com/2023/05/03/avidxchange-second-ransomware-attack-2023/?guccounter=1&guce_referrer=aHR0cHM6Ly93d3cuZ29vZ2xlLmNvbS8&guce_referrer_sig=AQAAAJTknUO-VdxNWLn5CRIzZ_OGavr1plBDDWACBDaFjS97mrGWCcvJOkWE35vauNYO55xeqpLktI6Wlv4a7brsrKA4BkxbYzln-YPFwuukfLNfiSV28msTT_zUYdpL8tTMRmpKJb8h1CtQbyzKMMf0wr-8XjEzNDOHVy70iy0VnkwB,True,False,False,False
https://therecord.media/martinique-dealing-with-cyberattack-that-disrupted-government-services-france,True,False,False,False
https://www.bleepingcomputer.com/news/security/city-of-dallas-hit-by-royal-ransomware-attack-impacting-it-services/,True,False,False,False
https://www.scmagazine.com/news/incident-response/german-health-it-vendor-bitmarck-offline-cyberattack,True,False,False,False
https://therecord.media/raleigh-housing-authority-black-basta-ransomware-group,True,False,False,False
https://www.bleepingcomputer.com/news/security/alphv-gang-claims-ransomware-attack-on-constellation-software/,True,False,False,False
https://www.scmagazine.com/news/ransomware/staten-island-hospital-operating-in-network-downtime-amid-ransomware-attack,True,False,False,False
https://www.bleepingcomputer.com/news/security/multinational-tech-firm-abb-hit-by-black-basta-ransomware-attack/,True,False,False,False
https://www.bleepingcomputer.com/news/security/norton-healthcare-discloses-data-breach-after-may-ransomware-attack/,True,False,False,False
https://www.scmagazine.com/brief/ransomware/ransomware-attack-disrupts-lacroix-production-sites,True,False,False,False
"https://www.govtech.com/education/higher-ed/stanford-investigating-cyber-incident-ransomware-threat
https://therecord.media/stanford-data-leaked-Akira-ransomware-attack",True,False,False,False
https://www.bleepingcomputer.com/news/security/cuba-ransomware-claims-cyberattack-on-philadelphia-inquirer/,True,False,False,False
https://www.bleepingcomputer.com/news/security/scansource-says-ransomware-attack-behind-multi-day-outages/,True,False,False,False
https://www.wsls.com/news/local/2023/05/17/franklin-county-public-schools-ransomware-attack-under-investigation/,True,False,False,False
https://www.databreaches.net/rhysida-ransomware-group-claims-attack-on-martinique/,True,False,False,False
https://therecord.media/development-bank-of-southern-africa-akira-ransomware-attack,True,False,False,False
https://www.bleepingcomputer.com/news/security/blackbyte-ransomware-claims-city-of-augusta-cyberattack/,True,False,False,False
https://www.deccanherald.com/national/north-and-central/mp-state-run-power-management-firms-it-system-hit-by-ransomware-attack-1222761.html,True,False,False,False
https://cybernews.com/news/akira-ransomware-attack-nassau-bay-texas/,True,False,False,False
https://www.bleepingcomputer.com/news/security/rhysida-ransomware-leaks-documents-stolen-from-chilean-army/,True,False,False,False
https://www.theguardian.com/technology/2023/jul/18/iron-ore-giant-fortescue-metals-targeted-by-russian-ransomware-group,True,False,False,False
https://www.bleepingcomputer.com/news/security/tsmc-denies-lockbit-hack-as-ransomware-gang-demands-70-million/,True,False,False,False
https://www.bankinfosecurity.com/cyberattacks-divert-patients-from-rural-idaho-hospital-a-22201,True,False,False,False
https://therecord.media/canadian-uni-dealing-with-ransomware-attack,True,False,False,False
https://www.beaconjournal.com/story/news/local/2023/06/06/some-services-at-the-akron-libraries-still-down-from-ransomware-attack/70294063007/,True,False,False,False
https://www.nbcchicago.com/news/local/illinois-a-victim-of-cl0p-ransomware-attacks-state-agency-says/3158800/,True,False,False,False
https://community.extremenetworks.com/t5/general-announcements/general-announcement-regarding-moveit-security-breach/ba-p/96050,True,False,False,False
https://education.mn.gov/MDE/about/breach/,True,False,False,False
https://therecord.media/shell-impacted-in-clop-ransomware-attack,True,False,False,False
https://therecord.media/shell-impacted-in-clop-ransomware-attack,True,False,False,False
https://federalnewsnetwork.com/cybersecurity/2023/06/energy-department-among-federal-agencies-breached-by-russian-ransomware-gang/?readmore=1,True,False,False,False
https://federalnewsnetwork.com/cybersecurity/2023/06/energy-department-among-federal-agencies-breached-by-russian-ransomware-gang/?readmore=1,True,False,False,False
https://federalnewsnetwork.com/cybersecurity/2023/06/energy-department-among-federal-agencies-breached-by-russian-ransomware-gang/?readmore=1,True,False,False,False
https://blog.abim.org/moveit-transfer-vulnerability-affects-abim/,True,False,False,False
https://oa.mo.gov/commissioners-office/news/state-missouri-issues-statement-recent-global-cyberattack,True,False,False,False
https://www.bornontario.ca/en/news/cybersecurity-incident-moveit.aspx,True,False,False,False
https://www.darkreading.com/attacks-breaches/avast-norton-victim-moveit-ransomware-attacks,True,False,False,False
https://www.bleepingcomputer.com/news/security/moveit-breach-impacts-genworth-calpers-as-data-for-32-million-exposed/,True,False,False,False
https://www.engadget.com/clop-ransomware-gang-obtained-personal-data-of-45000-new-york-city-students-in-moveit-hack-204655820.html,True,False,False,False
https://www.bleepingcomputer.com/news/security/siemens-energy-confirms-data-breach-after-moveit-data-theft-attack/,True,False,False,False
https://www.bleepingcomputer.com/news/security/siemens-energy-confirms-data-breach-after-moveit-data-theft-attack/,True,False,False,False
https://securityaffairs.com/147865/data-breach/schneider-electric-siemens-energy-moveit.html,True,False,False,False
https://www.bleepingcomputer.com/news/security/colorado-state-university-says-data-breach-impacts-students-staff/,True,False,False,False
https://www.bleepingcomputer.com/news/security/8-million-people-hit-by-data-breach-at-us-govt-contractor-maximus/,True,False,False,False
,True,False,False,False
https://therecord.media/tampa-hospital-says-data-on-over-1-million-stolen-in-failed-ransomware-attack,True,False,False,False
https://www.scmagazine.com/brief/georgia-county-ransomware-attack-claimed-by-alphv-blackcat-ransomware,True,False,False,False
https://therecord.media/bbc-british-airways-hit-by-zellis-zero-day,True,False,False,False
https://therecord.media/clop-extortion-hundreds-organizations-moveit-vulnerability,True,False,False,False
https://therecord.media/clop-extortion-hundreds-organizations-moveit-vulnerability,True,False,False,False
https://techround.co.uk/news/ofcom-confirms-cyber-attack-by-russian-ransomware-group/,True,False,False,False
https://www.hipaajournal.com/phi-of-320000-patients-affected-by-onix-group-ransomware-attack/,True,False,False,False
https://www.infosecurity-magazine.com/news/spanish-bank-globalcaja-hit/,True,False,False,False
https://www.beckershospitalreview.com/cybersecurity/ransomware-gang-reportedly-steals-data-from-california-hospital.html,True,False,False,False
https://techmonitor.ai/technology/cybersecurity/snatch-ransomware-briars-group-cyberattack,True,False,False,False
https://techmonitor.ai/technology/cybersecurity/snatch-ransomware-briars-group-cyberattack,True,False,False,False
https://www.databreaches.net/coca-cola-femsa-victim-of-ransomware-attack-and-data-leak/,True,False,False,False
https://healthitsecurity.com/news/timisoarahackerteam-ransomware-attacks-us-cancer-center,True,False,False,False
https://www.wtvr.com/news/local-news/middlesex-county-public-schools-virginia-ransomware-attack-june-1-2023,True,False,False,False
https://www.hawaiinewsnow.com/2023/07/27/data-thousands-compromised-ransomware-attack-hawaii-community-college/,True,False,False,False
https://economictimes.indiatimes.com/tech/technology/swiss-administration-hit-by-cyber-attack/articleshow/100732639.cms?from=mdr,True,False,False,False
https://www.bleepingcomputer.com/news/security/japanese-pharma-giant-eisai-discloses-ransomware-attack/,True,False,False,False
https://therecord.media/ransomware-attack-kaiserslautern-university-applied-sciences-germany,True,False,False,False
https://www.clarin.com/tecnologia/hackers-agregan-lista-victimas-comision-nacional-valores-dicen-datos-sensibles_0_Xt8o8JFJrU.html,True,False,False,False
"https://therecord.media/hawaii-community-college-ransomware ;
https://www.insidehighered.com/news/quick-takes/2023/07/31/hawaii-community-college-pays-ransom-after-data-breach",True,False,False,False
https://techcrunch.com/2023/06/15/lockbit-ransomware-granules-india/,True,False,False,False
https://www.tdmr.org/second-ransomware-breach-at-mcna/,True,False,False,False
https://simplesystemsutah.com/cybersecurity/the-biggest-cybersecurity-threats-to-utah-businesses-in-2023/,True,False,False,False
https://www.wmur.com/article/lebanon-new-hampshire-schools-ransomware-attack/44399211#,True,False,False,False
https://www.bleepingcomputer.com/news/security/us-energy-firm-shares-how-akira-ransomware-hacked-its-systems/,True,False,False,False
https://techmonitor.ai/technology/cybersecurity/barts-health-nhs-trust-cyberattack-ransomware-blackcat,True,False,False,False
https://techmonitor.ai/technology/cybersecurity/port-of-nagoya-cyberattack-lockbit-ransomware,True,False,False,False
https://techmonitor.ai/technology/cybersecurity/port-of-nagoya-cyberattack-lockbit-ransomware,True,False,False,False
https://techmonitor.ai/technology/cybersecurity/port-of-nagoya-cyberattack-lockbit-ransomware,True,False,False,False
,True,False,False,False
https://www.producer.com/news/activists-target-ont-hog-farm-with-ransomware/,True,False,False,False
https://www.bbc.com/news/uk-scotland-glasgow-west-66327336,True,False,False,False
https://www.hipaajournal.com/consensiohealth-ransomware-attack/,True,False,False,False
https://www.bleepingcomputer.com/news/security/japans-largest-port-stops-operations-after-ransomware-attack/,True,False,False,False
https://therecord.media/tampa-zoo-targeted-in-cyberattack?ref=blogapp.bitdefender.com,True,False,False,False
https://www.nbcbayarea.com/news/local/east-bay/hayward-city-website-cyberattack/3269261/,True,False,False,False
https://therecord.media/cornelius-north-carolina-ransomware-attack-lake-norman,True,False,False,False
https://therecord.media/wisconsin-county-dealing-with-software-failure,True,False,False,False
"https://www.govtech.com/education/higher-ed/morehead-state-gives-no-new-details-on-july-cyber-attack
https://universitybusiness.com/ransomware-isnt-setting-records-this-year-but-its-still-a-big-threat/",True,False,False,False
https://therecord.media/russian-medical-lab-suspends-some-services-after-ransomware-attack,True,False,False,False
https://www.scmagazine.com/brief/ransomware-attack-recovery-underway-at-mississippi-county,True,False,False,False
https://www.govtech.com/opinion/opinion-public-deserves-full-accounting-of-ransomware-attack,True,False,False,False
https://teamropingjournal.com/news/the-procom-ransomware-hack-of-2023/,True,False,False,False
"https://mybroadband.co.za/news/security/505982-interview-with-the-hackers-who-broke-into-south-africas-department-of-defence.html
https://mybroadband.co.za/news/security/505562-russian-group-hacks-south-african-department-of-defence-allegedly-leaks-ramaphosas-number.html",True,False,False,False
https://www.theadvocate.com/acadiana/news/slpsb-victimized-in-ransomware-attack/article_98507368-2fe4-11ee-a4bc-4f95f3f4cba9.html,True,False,False,False
"https://www.newsfilecorp.com/release/174785
https://therecord.media/cardiocomm-cyberattack-heart-monitoring-ecg-products",True,False,False,False
https://siliconangle.com/2023/08/13/canadian-dental-service-pays-ransom-8base-ransomware-attack/,True,False,False,False
https://therecord.media/russian-cybercriminals-target-uk-school,True,False,False,False
https://www.bleepingcomputer.com/news/security/clorox-says-cyberattack-caused-49-million-in-expenses/,True,False,False,False
https://www.clarin.com/tecnologia/pami-confirmo-ciberataque-ransomware-aseguran-mitigado-_0_U29WNR9srI.html,True,False,False,False
https://therecord.media/tennessee-school-hit-with-ransomware-as-hackers-ramp-up-attacks,True,False,False,False
https://www.abc27.com/local-news/chambersburg-area-school-district-hit-by-ransomware-attack/,True,False,False,False
https://therecord.media/montreal-electricity-organization-lockbit-victim,True,False,False,False
https://www.bleepingcomputer.com/news/security/rhysida-claims-ransomware-attack-on-prospect-medical-threatens-to-sell-data/,True,False,False,False
"https://web.archive.org/web/20250215061520/https://www.maine.gov/ag/attachments/985235c7-cb95-4be2-8792-a1252b4f8318/b0e417ce-dd06-4c96-b798-bfbb6fb808d2/e8f60612-6a4a-40ed-86c9-ea5daf5b76c4/Renton%20-%20Notice%20of%20Data%20Event%20-%20ME.pdf
https://web.archive.org/web/20250322103543/https://www.yahoo.com/news/renton-school-district-victim-ransomware-020245794.html?guccounter=1&guce_referrer=aHR0cHM6Ly93d3cuZ29vZ2xlLmNvbS8&guce_referrer_sig=AQAAACiAxnPag03E-EginLOcn-IJbq7UOEJVaROXKK9WwGlBjqL23p-14AJW9XcR-BBzNjGoG0lZlh6uV7SyxkboZdwkeMzbYzMrTT5hmWZy8abvb5wEL5FSIE3foKDragLKun6UBtRvAsyIRLBRw8x8HDjf8Ommk5oYzT-KvDAy_pQw
https://web.archive.org/web/20250404225118/https://www.breachsense.com/breaches/renton-school-district-data-breach/",True,False,False,False
"https://healthnews.pt/2023/08/08/sesaram-esta-a-funcionar-mas-mantem-limitacoes-devido-ao-ciberataque/ ;
https://www.bleepingcomputer.com/news/security/the-week-in-ransomware-september-8th-2023-conti-indictments/",True,False,False,False
https://www.bleepingcomputer.com/news/security/ragnar-locker-claims-attack-on-israels-mayanei-hayeshua-hospital/,True,False,False,False
https://www.inside-it.ch/cyberangriff-auf-die-groesste-sonderpaedagogische-einrichtung-im-kanton-waadt-20230817,True,False,False,False
https://www.bollyinside.com/news/real-estate/cyberattack-targets-indiana-real-estate-listing-websites/,True,False,False,False
https://therecord.media/belt-railway-chicago-ransomware-data-theft-akira,True,False,False,False
https://www.halcyon.ai/attacks/ransomhouse-targets-universite-paris-saclay-in-data-breach,True,False,False,False
https://therecord.media/prince-georges-county-schools-maryland-cyberattack,True,False,False,False
"https://www.bleepingcomputer.com/news/security/hosting-firm-says-it-lost-all-customer-data-after-ransomware-attack/ ;
https://www.msn.com/en-us/news/technology/cloud-hosting-company-customers-lose-all-their-data-following-ransomware-attack/ar-AA1fIfag?apiversion=v2&noservercache=1&domshim=1&renderwebcomponents=1&wcseo=1&batchservertelemetry=1&noservertelemetry=1",True,False,False,False
https://www.beckershospitalreview.com/cybersecurity/ransomware-group-claims-responsibility-for-2-hospital-cyberattacks.html,True,False,False,False
https://www.csoonline.com/article/650223/st-helens-council-hit-by-suspected-ransomware-attack.html,True,False,False,False
"https://www.insidehighered.com/news/quick-takes/2023/10/25/hackers-access-data-230k-university-michigan
https://web.archive.org/web/20231023170933/https://publicaffairs.vpcomm.umich.edu/key-issues/august-2023-data-incident/",True,False,False,False
https://www.bleepingcomputer.com/news/security/caesars-entertainment-confirms-ransom-payment-customer-data-theft/,True,False,False,False
https://therecord.media/pennsylvania-school-district-stays-open-after-ransomware-attack,True,False,False,False
https://therecord.media/sri-lanka-loses-months-of-government-data-in-ransomware-attack,True,False,False,False
https://therecord.media/mclaren-healthcare-ransomware-attack-michigan,True,False,False,False
https://www.bleepingcomputer.com/news/security/motel-one-discloses-data-breach-following-ransomware-attack/,True,False,False,False
https://therecord.media/upstate-new-york-hospitals-ransomware-attack,True,False,False,False
https://therecord.media/upstate-new-york-hospitals-ransomware-attack,True,False,False,False
https://therecord.media/us-canada-water-commission-investigating-cyberattack,True,False,False,False
https://www.bleepingcomputer.com/news/security/sony-investigates-cyberattack-as-hackers-fight-over-whos-responsible/,True,False,False,False
https://www.wapt.com/article/hinds-county-computer-system-remains-under-ransomware-attack/45053213,True,False,False,False
https://www.infosecurity-magazine.com/news/it-systems-encrypted-uk-school-hit/,True,False,False,False
https://www.infosecurity-magazine.com/news/second-school-cyberattack-before/,True,False,False,False
https://www.infosecurity-magazine.com/news/second-school-cyberattack-before/,True,False,False,False
https://www.bleepingcomputer.com/news/security/manchester-police-officers-data-exposed-in-ransomware-attack/,True,False,False,False
https://securityaffairs.com/152470/cyber-crime/lockbit-ransomware-gang-hacked-cdw.html,True,False,False,False
https://www.bleepingcomputer.com/news/security/orbcomm-ransomware-attack-causes-trucking-fleet-management-outage/,True,False,False,False
https://www.scmagazine.com/brief/third-party-ransomware-attack-disrupts-major-colombian-government-agencies,True,False,False,False
https://www.bleepingcomputer.com/news/security/mgm-casinos-esxi-servers-allegedly-encrypted-in-ransomware-attack/,True,False,False,False
https://www.fauquiernow.com/news/fauquier-county-public-schools-targeted-in-russian-ransomware-attack/article_a6baba2c-620b-11ee-9ac7-8fb2999feedf.html,True,False,False,False
https://therecord.media/rhysida-ransomware-gang-attacks-on-portugal-dominican-republic-governments,True,False,False,False
https://www.bleepingcomputer.com/news/security/auckland-transport-authority-hit-by-suspected-ransomware-attack/,True,False,False,False
https://www.bleepingcomputer.com/news/security/government-of-bermuda-links-cyberattack-to-russian-hackers/,True,False,False,False
https://www.bleepingcomputer.com/news/security/building-automation-giant-johnson-controls-hit-by-ransomware-attack/,True,False,False,False
https://www.gmanetwork.com/news/topstories/nation/883135/philhealth-hit-by-medusa-ransomware-aims-for-site-restoration-by-monday/story/,True,False,False,False
https://ktar.com/story/5542017/payroll-issues-ransomware-attack-impacts-21-pinal-county-school-districts/,True,False,False,False
"https://webcf.waybackmachine.org/web/20250128201507/https://securityaffairs.com/152486/cyber-crime/alphv-ransomware-morrison-community-hospital.html
https://webcf.waybackmachine.org/web/20250128201421/https://www.hipaajournal.com/morrison-community-hospital-data-breach-settlement/",True,False,False,False
https://therecord.media/rhysida-ransomware-gang-attacks-on-portugal-dominican-republic-governments,True,False,False,False
https://www.infosecurity-magazine.com/news/eso-hit-ransomware-27m-impacted/,True,False,False,False
"https://www.nbc15.com/2023/10/25/rock-county-investigating-ransomware-attack/
https://therecord.media/wisconsin-county-dealing-with-ransomware-attack-healthcare",True,False,False,False
https://therecord.media/ampersand-television-advertising-sales-company-ransomware,True,False,False,False
https://www.securityweek.com/estes-express-lines-says-personal-data-stolen-in-ransomware-attack/,True,False,False,False
https://www.bleepingcomputer.com/news/security/alphv-ransomware-gang-claims-attack-on-florida-circuit-court/,True,False,False,False
https://www.govtech.com/security/hacker-claims-to-have-published-st-louis-transit-data,True,False,False,False
https://www.bleepingcomputer.com/news/security/kwik-trip-finally-confirms-cyberattack-was-behind-ongoing-outage/,True,False,False,False
https://www.bleepingcomputer.com/news/security/simpson-manufacturing-shuts-down-it-systems-after-cyberattack/,True,False,False,False
https://health.wusf.usf.edu/health-news-florida/2023-10-26/ransomware-attack-shuts-down-imaging-center-with-dozens-of-florida-locations,True,False,False,False
https://www.bleepingcomputer.com/news/security/asvel-basketball-team-confirms-data-breach-after-ransomware-attack/,True,False,False,False
"https://therecord.media/kansas-courts-closed-ransomware-attack ;
https://www.kansascity.com/news/politics-government/article284084823.html",True,False,False,False
https://www.bleepingcomputer.com/news/security/blackcat-ransomware-claims-breach-of-healthcare-giant-henry-schein/,True,False,False,False
https://www.bleepingcomputer.com/news/security/american-family-insurance-confirms-cyberattack-is-behind-it-outages/,True,False,False,False
https://www.cbsnews.com/pittsburgh/news/hopewell-area-school-district-targeted-by-ransomware-attack/,True,False,False,False
https://therecord.media/dallas-county-play-ransomware-incident,True,False,False,False
"https://www.bleepingcomputer.com/news/security/cyberattack-on-health-services-provider-impacts-5-canadian-hospitals/ ;
https://windsor.ctvnews.ca/second-batch-of-data-stolen-in-hospital-ransomware-attack-appears-to-have-been-leaked-1.6631485",True,False,False,False
https://www.bleepingcomputer.com/news/security/chilean-telecom-giant-gtd-hit-by-the-rorschach-ransomware-gang/,True,False,False,False
https://www.bleepingcomputer.com/news/security/yamaha-motor-confirms-ransomware-attack-on-philippines-subsidiary/,True,False,False,False
https://cybernews.com/news/livanova-ransomware-attack/,True,False,False,False
https://www.bleepingcomputer.com/news/security/toronto-public-library-outages-caused-by-black-basta-ransomware-attack/ ; https://www.google.com/url?rct=j&sa=t&url=https://globalnews.ca/news/10113083/toronto-public-library-cyberattack-update/&ct=ga&cd=CAEYCSoTOTIxMDQ0ODQ1NzY0MTU3NzgxMjIaZjk1ZDdkNTc3NTkyZGUyMTpjb206ZW46VVM&usg=AOvVaw1xxQzCTCEi5UcAw6n6FfL3,True,False,False,False
"https://www.bleepingcomputer.com/news/security/boeing-confirms-cyberattack-amid-lockbit-ransomware-claims/ ;
https://cyberscoop.com/boeing-confirms-attempted-200-million-ransomware-extortion-attempt/",True,False,False,False
https://newsday.co.tt/2023/10/30/hackers-claim-ransomware-attack-on-tstt/,True,False,False,False
https://www.wdayradionow.com/news/local-news/71355-ransomware-attack-leads-to-cyber-incident-in-clay-county/,True,False,False,False
"https://www.bleepingcomputer.com/news/security/british-library-knocked-offline-by-weekend-cyberattack/ ; https://www.google.com/url?rct=j&sa=t&url=https://www.theregister.com/2023/11/20/rhysida_claims_british_library_ransomware/&ct=ga&cd=CAEYACoTNDAxMjA0NzUzMzI0NjQ3MTE0ODIaZjk1ZDdkNTc3NTkyZGUyMTpjb206ZW46VVM&usg=AOvVaw2WTm1kiLJ0fkfkmoJtRgr_ ;
https://www.standard.co.uk/news/uk/ransomware-cyber-attack-british-library-cost-london-metropolitan-police-b1130718.html",True,False,False,False
https://www.bleepingcomputer.com/news/security/ace-hardware-says-1-202-devices-were-hit-during-cyberattack/,True,False,False,False
https://www.bleepingcomputer.com/news/security/american-airlines-pilot-union-hit-by-ransomware-attack/,True,False,False,False
https://www.wptv.com/news/treasure-coast/region-st-lucie-county/ransomware-attack-responsible-for-shuttering-st-lucie-county-tax-collectors-computer-system,True,False,False,False
https://www.scmagazine.com/brief/data-breach-hits-depauw-university-after-black-suit-ransomware-attack,True,False,False,False
https://www.bleepingcomputer.com/news/security/mortgage-giant-mr-cooper-hit-by-cyberattack-impacting-it-systems/,True,False,False,False
https://www.cybersecuritydive.com/news/trans-northern-pipeline-ransomware/707522/,True,False,False,False
https://therecord.media/schools-maine-indiana-georgia-ransomware,True,False,False,False
"https://www.scmagazine.com/brief/infosys-us-unit-reportedly-affected-by-ransomware ;
https://www.techradar.com/pro/security/lockbit-ransomware-attack-stole-data-on-millions-of-infosys-mccamish-users",True,False,False,False
https://www.scmagazine.com/brief/more-us-financial-firms-targeted-by-lockbit-ransomware-gang,True,False,False,False
https://www.thenationalnews.com/business/technology/2023/11/26/fawry-confirms-ransomware-breach-but-says-financial-information-not-compromised/,True,False,False,False
https://gfmag.com/banking/icbc-industrial-and-commercial-bank-of-china-ransomware/,True,False,False,False
https://www.bleepingcomputer.com/news/security/capital-health-attack-claimed-by-lockbit-ransomware-risk-of-data-leak/,True,False,False,False
https://securityaffairs.com/154999/cyber-crime/rhysida-ransomware-king-edward-viis-hospital.html,True,False,False,False
https://spectrumlocalnews.com/nc/charlotte/news/2023/11/14/cyber-attack-nccu-online-classes,True,False,False,False
https://cybernews.com/news/ingo-money-inc-ransomware/,True,False,False,False
https://www.bleepingcomputer.com/news/security/cyberattack-on-it-provider-cts-impacts-dozens-of-uk-law-firms/,True,False,False,False
https://therecord.media/schools-maine-indiana-georgia-ransomware,True,False,False,False
https://webcf.waybackmachine.org/web/20250128201943/https://www.jdsupra.com/legalnews/edw-c-levy-co-announces-data-breach-6540802/,True,False,False,False
https://www.bicycling.com/news/a45974423/shimano-ransomware-attack-hackers-published-data/,True,False,False,False
https://news.yahoo.com/french-international-schools-agency-impacted-143155138.html,True,False,False,False
https://www.scmagazine.com/news/hacker-group-files-sec-complaint-against-its-own-victim,True,False,False,False
https://www.reuters.com/technology/cybersecurity/icbc-paid-ransom-after-hack-that-disrupted-markets-cybercriminals-say-2023-11-13/,True,False,False,False
https://www.bleepingcomputer.com/news/security/dp-world-cyberattack-blocks-thousands-of-containers-in-ports/,True,False,False,False
https://www.cybersecuritydive.com/news/dragos-targeted-ransomware-alphvblackcat/699574/,True,False,False,False
https://www.cybersecuritydive.com/news/north-texas-water-utility-ransomware/701144/,True,False,False,False
"https://therecord.media/huber-heights-ohio-ransomware-attack ;
https://www.wyso.org/news/2024-02-02/how-huber-heights-is-faring-two-months-after-a-ransomware-attack",True,False,False,False
https://www.govtech.com/security/ohio-city-still-grappling-with-effects-of-cyber-attack,True,False,False,False
https://cybernews.com/news/moneris-medusa-data-breach/,True,False,False,False
"https://cybernews.com/news/toyota-financial-services-attack-ransomware/ ;
https://www.securityweek.com/toyota-germany-confirms-personal-information-stolen-in-ransomware-attack/",True,False,False,False
https://www.bleepingcomputer.com/news/security/qilin-ransomware-claims-attack-on-automotive-giant-yanfeng/,True,False,False,False
https://cybernews.com/news/tyson-foods-cyberattack-claims/,True,False,False,False
https://www.jdsupra.com/legalnews/kahua-announces-data-breach-following-2738256/,True,False,False,False
https://www.theregister.com/2023/11/23/blackcat_ransomware_fnf/,True,False,False,False
"https://www.teiss.co.uk/news/blacksuit-ransomware-group-claims-major-attack-on-californias-select-education-group-13724
https://www.breachsense.com/breaches/select-education-group-seg-data-breach/",True,False,False,False
https://www.bleepingcomputer.com/news/security/healthcare-giant-henry-schein-hit-twice-by-blackcat-ransomware/,True,False,False,False
https://www.bleepingcomputer.com/news/security/healthcare-giant-henry-schein-hit-twice-by-blackcat-ransomware/,True,False,False,False
https://www.bleepingcomputer.com/news/security/slovenias-largest-power-provider-hse-hit-by-ransomware-attack/,True,False,False,False
https://therecord.media/vanderbilt-university-medical-center-investigating-cyber-incident-meow-ransomware,True,False,False,False
https://www.cbs19.tv/article/news/local/security-incident-that-caused-network-outages-ut-health-east-texas-identified-as-ransomware-attack/501-7c011a0a-fe81-4235-bb01-c86fa3acefff,True,False,False,False
https://www.databreaches.net/ransomware-group-leaks-data-allegedly-from-granger-medical-clinic/,True,False,False,False
https://securityaffairs.com/154785/cyber-crime/rhysida-ransomware-china-energy.html,True,False,False,False
https://www.cybersecuritydive.com/news/north-texas-water-utility-ransomware/701144/,True,False,False,False
https://www.databreaches.net/ransomware-gang-claims-to-have-stolen-crystal-lake-health-centers-data/,True,False,False,False
https://therecord.media/credit-unions-facing-outages-due-to-ransomware,True,False,False,False
https://www.beckershospitalreview.com/cybersecurity/2-hackensack-hospitals-hit-by-ransomware.html,True,False,False,False
https://www.cybersecuritydive.com/news/tipalti-investigates-ransomware-supply-chain-attack/701516/,True,False,False,False
https://www.cshub.com/attacks/news/iotw-htc-confirms-cyber-attack-as-blackcat-ransomware-gang-teases-stolen-data,True,False,False,False
https://www.hipaajournal.com/ransomware-groups-attack-3-healthcare-providers/,True,False,False,False
https://therecord.media/seattle-fred-hutch-cancer-center-ransomware-attack,True,False,False,False
https://technewstt.com/lockbit-ransomware-publishes-bluewaters-data/,True,False,False,False
https://www.hipaajournal.com/ransomware-groups-attack-3-healthcare-providers/,True,False,False,False
https://www.wlwt.com/article/campbell-county-school-ransomware-attack-employee/46131696,True,False,False,False
https://www.business-standard.com/companies/news/hcltech-hit-by-ransomware-attack-it-major-says-investigation-underway-123122000226_1.html,True,False,False,False
https://australiancybersecuritymagazine.com.au/ransomware-attack-on-australian-shipbuilder-working-for-us-navy/,True,False,False,False
https://www.bleepingcomputer.com/news/security/nissan-australia-cyberattack-claimed-by-akira-ransomware-gang/,True,False,False,False
https://therecord.media/data-theft-plaguing-schools-after-attacks,True,False,False,False
https://www.itworldcanada.com/article/ransomware-gang-starts-leaking-data-stolen-from-quebec-university/555809,True,False,False,False
https://www.kpbs.org/news/local/2023/12/11/ransomware-group-reportedly-posts-some-tri-city-medical-center-documents-to-dark-web,True,False,False,False
"https://web.archive.org/web/20240105225526/https://therecord.media/universities-schools-recovering-from-cyber
https://web.archive.org/web/20250128221057/https://www.halcyon.ai/attacks/rhysida-attacks-kaunas-university-of-technology",True,False,False,False
https://www.miltonindependent.com/news/ransomware-cyber-attack-hits-milton-town-school-district/article_2347179a-9ddd-11ee-bb42-abb033dcde66.html,True,False,False,False
https://thecyberexpress.com/city-of-defiance-data-breach-knight/,True,False,False,False
https://www.bleepingcomputer.com/news/security/mongodb-says-customer-data-was-exposed-in-a-cyberattack/,True,False,False,False
https://www.thestack.technology/the-north-face-ransomware-vf-vans/,True,False,False,False
https://web.archive.org/web/20240105225526/https://therecord.media/universities-schools-recovering-from-cyber,True,False,False,False
https://siliconangle.com/2023/12/14/kraft-heinz-launches-investigation-ransomware-gang-claims-stolen-data/,True,False,False,False
https://www.clarin.com/tecnologia/uba-sufrio-ciberataque-docentes-alumnos-pueden-acceder-sistemas_0_hSLyvy1RGy.html,True,False,False,False
https://therecord.media/illinois-county-gov-college-hit-with-ransomware,True,False,False,False
https://www.bleepingcomputer.com/news/security/yakult-australia-confirms-cyber-incident-after-95-gb-data-leak/,True,False,False,False
https://therecord.media/ransomware-saint-anthony-hospital-chicago,True,False,False,False
https://balkaninsight.com/2023/12/29/serbia-stays-silent-about-alleged-ransomware-attack-on-eps/,True,False,False,False
https://www.hipaajournal.com/ransomware-groups-attack-3-healthcare-providers/,True,False,False,False
https://web.archive.org/web/20250128210345/https://www.techradar.com/pro/security/us-insurance-giant-first-american-confirms-it-was-hit-by-a-ransomware-attack,True,False,False,False
https://siliconangle.com/2024/01/01/ransomware-attack-targets-court-services-victoria-australia/,True,False,False,False
https://securityaffairs.com/156303/cyber-crime/lockbit-gang-xeinadin.html,True,False,False,False
https://securityaffairs.com/156545/cyber-crime/lockbit-ransomware-hit-german-hospital-network-network.html,True,False,False,False
https://therecord.media/ransomware-gang-claims-responsibility-hospital-christmas-attack,True,False,False,False
https://securityaffairs.com/156430/cyber-crime/rhysida-ransomware-abdali-hospital-jordan.html,True,False,False,False
https://abc3340.com/news/local/cullman-county-revenue-commissioner-barry-willingham-ransomware-attack-christmas-property-tax-payments,True,False,False,False
https://therecord.media/trinidad-and-tobago-government-agency-hit-with-post-christmas-cyberattack,True,False,False,False
https://www.theedgesingapore.com/news/cybersecurity/es-group-ips-securex-hit-separate-ransomware-attacks,True,False,False,False
"https://www.securityweek.com/ohio-lottery-hit-by-ransomware-hackers-claim-theft-of-employee-and-player-data/
https://www.securityweek.com/500000-impacted-by-ohio-lottery-ransomware-attack/",True,False,False,False
https://www.pcmag.com/news/software-used-by-hundreds-of-museums-taken-down-by-ransomware-attack,True,False,False,False
"https://web.archive.org/web/20231229122436/https://web-assets.cdn.dealersolutions.com.au/modular.multisite.dealer.solutions/wp-content/uploads/sites/2892/2023/12/28160403/02758649.pdf
https://web.archive.org/web/20240102202930/https://www.bankinfosecurity.com/lockbit-30-claims-attack-on-australian-auto-dealer-eagers-a-24011",True,False,False,False
https://securityaffairs.com/156679/cyber-crime/inc-ransom-ransomware-xerox-corp.html,True,False,False,False
https://web.archive.org/web/20250119215939/https://thecondia.com/kenya-airways-hacked-ransomexx/,True,False,False,False
https://web.archive.org/web/20240203015214/https://techlapse.com/news/bachoco-ransomware-attack/,True,False,False,False
https://securityaffairs.com/156709/cyber-crime/cactus-ransomware-coop-sweden.html,True,False,False,False
https://therecord.media/chamelgang-china-apt-ransomware-distraction,True,False,False,False
https://siliconangle.com/2022/01/02/portuguese-media-group-impresa-knocked-offline-ransomware-attack/,True,False,False,False
https://therecord.media/amd-investigating-claims-of-stolen-data,True,False,False,False
"https://www.bleepingcomputer.com/news/security/finalsite-ransomware-attack-shuts-down-thousands-of-school-websites/ ;
https://www.infosecurity-magazine.com/news/finalsite-school-restored/",True,False,False,False
https://www.fairfieldcitizenonline.com/news/article/Bernalillo-County-reports-suspected-ransomware-16751448.php,True,False,False,False
https://denver.cbslocal.com/2022/01/11/ransomware-hack-ragnar-locker-subex-sectrio-broomfield-cybersecurity/,True,False,False,False
https://www.wjhg.com/2022/01/17/jackson-hospital-fends-off-ransomeware-attack/,True,False,False,False
https://www.zdnet.com/article/europes-biggest-car-dealer-hit-with-ransomware-attack/,True,False,False,False
https://www.nvdaily.com/nvdaily/shentel-official-email-service-back-after-ransomware-attack/article_66c6689a-b085-5cc5-862b-b29290befb12.html,True,False,False,False
"https://www.zdnet.com/article/albuquerque-public-schools-shut-down-by-ransomware-incident/ ;
https://www.aps.edu/news/news-from-2021-2022/aps-resolves-ransomware-attack",True,False,False,False
https://www.techtarget.com/searchsecurity/news/252517955/Victims-of-Horizon-Actuarial-data-breach-exceed-1M,True,False,False,False
https://www.bleepingcomputer.com/news/security/taiwanese-apple-and-tesla-contractor-hit-by-conti-ransomware/,True,False,False,False
https://www.bleepingcomputer.com/news/security/lockbit-ransomware-claims-attack-on-port-of-lisbon-in-portugal/,True,False,False,False
https://mybroadband.co.za/news/security/432056-ransomware-attack-took-down-r2-trillion-investment-company-for-five-days.html,True,False,False,False
https://www.siliconvalley.com/2022/02/08/east-bay-community-college-data-breached-ransomware/,True,False,False,False
https://kpic.com/news/local/linn-county-affected-by-ransomware-attack,True,False,False,False
https://www.wired.com/story/belarus-railways-ransomware-hack-cyber-partisans/,True,False,False,False
https://www.hipaajournal.com/four-healthcare-providers-hit-with-ransomware-attacks/,True,False,False,False
https://www.politico.eu/article/infamous-ransomware-group-claims-it-hacked-frances-justice-ministry/,True,False,False,False
https://healthitsecurity.com/news/il-social-services-organization-notifies-184k-of-healthcare-ransomware-attack,True,False,False,False
https://www.bleepingcomputer.com/news/security/kp-snacks-giant-hit-by-conti-ransomware-deliveries-disrupted/,True,False,False,False
https://www.computerweekly.com/news/252512876/BlackCat-crew-supposedly-behind-OilTanking-ransomware-heist,True,False,False,False
"https://www.france24.com/en/live-news/20220203-european-oil-port-terminals-hit-by-cyberattack ;
https://thestack.technology/cyber-attacks-european-terminals-sea-invest-evos/#:~:text=SEA%2Dinvest%20told%20The%20Record,operations%20as%20of%20February%202.",True,False,False,False
https://techcrunch.com/2022/04/11/panasonic-canada-ransomware/?guccounter=1&guce_referrer=aHR0cHM6Ly93d3cuZ29vZ2xlLmNvbS8&guce_referrer_sig=AQAAAJTknUO-VdxNWLn5CRIzZ_OGavr1plBDDWACBDaFjS97mrGWCcvJOkWE35vauNYO55xeqpLktI6Wlv4a7brsrKA4BkxbYzln-YPFwuukfLNfiSV28msTT_zUYdpL8tTMRmpKJb8h1CtQbyzKMMf0wr-8XjEzNDOHVy70iy0VnkwB,True,False,False,False
https://www.bleepingcomputer.com/news/security/australian-clinical-labs-says-patient-data-stolen-in-ransomware-attack/,True,False,False,False
https://www.techtarget.com/searchsecurity/news/252514185/February-ransomware-attacks-hit-major-enterprises,True,False,False,False
"https://www.bleepingcomputer.com/news/security/swissport-ransomware-attack-delays-flights-disrupts-operations/ ;
https://www.bleepingcomputer.com/news/security/blackcat-alphv-claims-swissport-ransomware-attack-leaks-data/",True,False,False,False
https://www.bleepingcomputer.com/news/security/sports-brand-mizuno-hit-with-ransomware-attack-delaying-orders/,True,False,False,False
https://www.techtarget.com/searchsecurity/news/252514185/February-ransomware-attacks-hit-major-enterprises,True,False,False,False
https://www.bleepingcomputer.com/news/security/san-francisco-49ers-blackbyte-ransomware-gang-stole-info-of-20k-people/,True,False,False,False
https://www.bleepingcomputer.com/news/security/nfls-san-francisco-49ers-hit-by-blackbyte-ransomware-attack/,True,False,False,False
https://www.govtech.com/education/higher-ed/centralia-college-ransomware-attack-made-data-inaccessible,True,False,False,False
"https://www.bleepingcomputer.com/news/security/expeditors-shuts-down-global-operations-after-likely-ransomware-attack/ ;
https://thestack.technology/expeditors-ransomware-costs-freight-forwarding/",True,False,False,False
https://www.databreaches.net/la-spine-diagnostic-pain-treatment-patient-files-show-up-on-ransomware-site/,True,False,False,False
https://www.pcmag.com/news/nvidia-investigates-potential-ransomware-incident,True,False,False,False
https://www.dailymail.co.uk/news/article-10553013/Russia-linked-hacker-gang-claims-ransomware-attack-McDonalds.html,True,False,False,False
https://www.bleepingcomputer.com/news/security/quantum-ransomware-attack-affects-657-healthcare-orgs/,True,False,False,False
https://www.msspalert.com/cybersecurity-breaches-and-attacks/ransomware/bridgestone-cyberattack-timeline-and-ransomware-recovery-details/,True,False,False,False
https://www.bleepingcomputer.com/news/security/toyota-halts-production-after-reported-cyberattack-on-supplier/,True,False,False,False
https://www.bleepingcomputer.com/news/security/top-russian-meat-producer-hit-with-windows-bitlocker-encryption-attack/,True,False,False,False
https://www.bleepingcomputer.com/news/security/snap-on-discloses-data-breach-claimed-by-conti-ransomware-gang/,True,False,False,False
https://securityaffairs.co/wordpress/136866/cyber-crime/south-africa-eskom-everest-ransomware.html,True,False,False,False
https://www.michiganfarmnews.com/fbi-alert-ag-ransomware-attacks-timed-to-critical-seasons,True,False,False,False
https://kfor.com/news/local/ransomware-group-claims-responsibility-for-cyber-attack-on-metro-healthcare-organization/,True,False,False,False
https://www.wfmz.com/news/area/berks/authorities-investigate-ransomware-attack-in-fleetwood-asd/article_97083be6-9c13-11ec-a4c7-8f1287ebf492.html,True,False,False,False
https://arstechnica.com/information-technology/2022/04/ransomware-sent-north-carolina-at-university-scrambling-to-restore-services/,True,False,False,False
https://www.bleepingcomputer.com/news/security/rompetrol-gas-station-network-hit-by-hive-ransomware/,True,False,False,False
https://threatpost.com/samsung-lapsus-ransomware-source-code/178791/,True,False,False,False
https://www.valleycentral.com/news/local-news/russian-ransomware-gang-hacks-bpub/,True,False,False,False
https://www.bleepingcomputer.com/news/security/automotive-giant-denso-hit-by-new-pandora-ransomware-gang/,True,False,False,False
https://healthitsecurity.com/news/refuah-health-center-suffers-cybersecurity-incident-260k-impacted,True,False,False,False
https://www.securityweek.com/ransomware-gang-leaks-files-stolen-industrial-giant-parker-hannifin,True,False,False,False
https://www.rte.ie/news/ireland/2022/0330/1289235-rehab-cyber-attack/,True,False,False,False
https://www.nbcconnecticut.com/news/local/plainfield-town-computer-system-hit-by-ransomware-attack/2745992/,True,False,False,False
https://www.ksat.com/news/local/2022/03/21/ransomware-attack-hits-bexar-county-appraisal-district-some-files-damaged/,True,False,False,False
https://www.pressdemocrat.com/article/news/ransomware-group-claims-responsibility-for-partnership-healthplan-internet/,True,False,False,False
https://www.bleepingcomputer.com/news/security/greeces-public-postal-service-offline-due-to-ransomware-attack/,True,False,False,False
https://www.deccanherald.com/city/bengaluru-crime/nimhans-files-complaint-over-a-month-after-ransomware-attack-report-1106331.html,True,False,False,False
https://edition.mv/features/24298,True,False,False,False
https://www.bleepingcomputer.com/news/security/wind-turbine-firm-nordex-hit-by-conti-ransomware-attack/,True,False,False,False
"https://www.bleepingcomputer.com/news/security/costa-rica-declares-national-emergency-after-conti-ransomware-attacks/ ;
https://www.bleepingcomputer.com/news/security/costa-rica-declares-national-emergency-after-conti-ransomware-attacks/",True,False,False,False
https://www.infosecurity-magazine.com/news/northern-ireland-trustford/,True,False,False,False
https://www.bleepingcomputer.com/news/security/hackers-use-contis-leaked-ransomware-to-attack-russian-companies/,True,False,False,False
https://www.bleepingcomputer.com/news/security/hackers-use-contis-leaked-ransomware-to-attack-russian-companies/,True,False,False,False
https://www.bleepingcomputer.com/news/security/hackers-use-contis-leaked-ransomware-to-attack-russian-companies/,True,False,False,False
https://larepublica.pe/politica/2022/04/29/hackers-rusos-exigen-pago-millonario-al-ministerio-del-interior-ministerio-del-interior-pedro-castillo-mdga/,True,False,False,False
https://patch.com/new-york/newrochelle/sophisticated-ransomware-attack-hits-westchester-libraries,True,False,False,False
https://techmonitor.ai/technology/cybersecurity/hive-ransomware-gang-pgn,True,False,False,False
https://www.healthcareitnews.com/news/ransomware-incident-exposes-medical-data-pennsylvania,True,False,False,False
https://therecord.media/blackcat-ransomware-group-claims-attack-on-florida-international-university/,True,False,False,False
https://therecord.media/german-wind-farm-operator-confirms-cybersecurity-incident-after-ransomware-group,True,False,False,False
https://healthitsecurity.com/news/ny-billing-company-suffers-ransomware-attack-942k-impacted,True,False,False,False
https://www.ksn.com/news/state-regional/recent-data-breach-in-wyandotte-county-may-be-ransomware-attack/,True,False,False,False
https://www.elnuevodia.com/noticias/gobierno/notas/asi-es-como-funciona-un-ciberataque-mediante-ransomware-como-el-que-afecta-los-sistemas-de-autoexpreso/,True,False,False,False
https://www.kshb.com/news/crime/officials-confirm-unified-government-data-centers-were-targeted-by-ransomware-attack,True,False,False,False
https://www.governmentnews.com.au/ransomware-attack-on-council-impacted-water-monitoring-systems-report-reveals/,True,False,False,False
https://therecord.media/german-library-service-struggling-to-recover-from-ransomware-attack/,True,False,False,False
https://www.bleepingcomputer.com/news/security/american-dental-association-hit-by-new-black-basta-ransomware/,True,False,False,False
https://therecord.media/rio-de-janeiro-finance-department-hit-with-lockbit-ransomware/,True,False,False,False
https://siliconangle.com/2022/04/26/coca-cola-investigating-possible-stormous-data-breach/,True,False,False,False
https://therecord.media/arizona-hospital-says-ssns-of-700000-people-leaked-during-april-ransomware-attack/,True,False,False,False
https://www.bleepingcomputer.com/news/security/austin-peay-state-university-resumes-after-ransomware-cyber-attack/,True,False,False,False
https://www.scmagazine.com/analysis/breach/326k-aetna-members-involved-in-mailing-vendor-ransomware-fallout,True,False,False,False
https://www.battlecreekenquirer.com/story/news/2022/05/02/ransomware-attack-forces-kcc-cancel-classes-indefinitely/9612941002/,True,False,False,False
https://healthitsecurity.com/news/avoslocker-claims-responsibility-for-christus-health-ransomware-attack,True,False,False,False
https://www.cbc.ca/news/canada/saskatchewan/regina-ransomware-attack-1.6468848,True,False,False,False
https://therecord.media/top-aces-ransomware-attack-lockbit/,True,False,False,False
https://www.jdsupra.com/legalnews/optoma-technology-inc-confirms-data-1425375/,True,False,False,False
"https://www.securityweek.com/state-bar-georgia-confirms-data-breach-following-ransomware-attack ;
https://therecord.media/state-bar-of-georgia-cyberattack/",True,False,False,False
https://www.securityweek.com/healthcare-technology-provider-omnicell-discloses-ransomware-attack,True,False,False,False
https://www.bleepingcomputer.com/news/security/us-agricultural-machinery-maker-agco-hit-by-ransomware-attack/,True,False,False,False
https://www.cyberscoop.com/lockbit-ransomware-attack-bulgarian-refugee-agency/,True,False,False,False
https://www.securityweek.com/hackers-hit-web-hosting-provider-linked-oregon-elections/,True,False,False,False
https://www.databreaches.net/scoop-glenn-county-office-of-education-paid-400k-ransom-after-ransomware-attack/,True,False,False,False
https://www.bleepingcomputer.com/news/security/media-giant-nikkei-s-asian-unit-hit-by-ransomware-attack/,True,False,False,False
https://therecord.media/trinidads-largest-supermarket-chain-crippled-by-cyberattack,True,False,False,False
https://www.scmagazine.com/analysis/breach/326k-aetna-members-involved-in-mailing-vendor-ransomware-fallout,True,False,False,False
https://www.bleepingcomputer.com/news/security/blackcat-alphv-ransomware-asks-5-million-to-unlock-austrian-state/,True,False,False,False
https://journalnow.com/business/local/hanesbrands-discloses-ransomware-attack-its-unclear-whether-company-paid-the-ransom/article_6e5cdc1a-e0e7-11ec-ab26-a389c6b692c7.html,True,False,False,False
https://www.indiatoday.in/india/story/ransomware-attack-spicejet-system-hits-flights-passengers-angry-1953918-2022-05-25,True,False,False,False
https://www.canadianunderwriter.ca/insurance/ontario-union-victim-of-ransomware-attack-notifies-members-of-personal-data-compromised-1004228264/,True,False,False,False
https://www.databreaches.net/nj-serv-behavioral-health-system-remains-quiet-about-alleged-ransomware-attack-in-may/,True,False,False,False
https://www.bleepingcomputer.com/news/security/rail-giant-wabtec-discloses-data-breach-after-lockbit-ransomware-attack/,True,False,False,False
"https://www.capecod.com/newscenter/ccrta-hit-with-ransomware-attack-service-largely-unaffected/ ;
https://therecord.media/cape-cod-transit-bureau-still-recovering-from-memorial-day-ransomware-attack/",True,False,False,False
https://www.dispatch.com/story/news/local/2022/12/20/whitehall-ransomware-attack-exposes-personal-info-of-about-37000/69742169007/,True,False,False,False
https://www.itworldcanada.com/article/canadian-military-provider-suffered-ransom-attack-says-news-report/487654,True,False,False,False
https://www.bleepingcomputer.com/news/security/costa-rica-s-public-health-agency-hit-by-hive-ransomware/,True,False,False,False
https://www.bleepingcomputer.com/news/security/foxconn-confirms-ransomware-attack-disrupted-production-in-mexico/,True,False,False,False
https://www.bleepingcomputer.com/news/security/cisco-hacked-by-yanluowang-ransomware-gang-28gb-allegedly-stolen/,True,False,False,False
https://www.securitymagazine.com/articles/97826-university-of-pisa-suffers-ransomware-attack,True,False,False,False
https://www.bleepingcomputer.com/news/security/walmart-denies-being-hit-by-yanluowang-ransomware-attack/,True,False,False,False
https://www.bleepingcomputer.com/news/security/yodel-parcel-company-confirms-cyberattack-is-disrupting-delivery/,True,False,False,False
https://therecord.media/louisiana-authorities-investigating-ransomware-attack-on-city-of-alexandria/,True,False,False,False
https://www.databreaches.net/mo-fitzgibbon-hospital-hit-by-ransomware-sensitive-data-leaked/,True,False,False,False
https://www.govtech.com/education/k-12/new-jersey-district-cancels-finals-after-ransomware-attack,True,False,False,False
https://www.bleepingcomputer.com/news/security/vice-society-ransomware-claims-attack-on-italian-city-of-palermo/,True,False,False,False
https://wlos.com/news/local/ransomware-attack-reported-at-council-on-aging-of-buncombe-county-director-heather-bauer,True,False,False,False
https://www.securityweek.com/defense-giant-elbit-confirms-data-breach-after-ransomware-gang-claims-hack,True,False,False,False
https://www.databreaches.net/a-pennsylvania-him-services-provider-hit-with-ransomware-threat-actors-claim-they-will-leak-source-code/,True,False,False,False
https://portswigger.net/daily-swig/ransomware-attack-on-montrose-environmental-group-disrupts-lab-testing-services,True,False,False,False
https://healthitsecurity.com/news/ransomware-attack-at-lamoille-health-partners-impacts-59k,True,False,False,False
https://therecord.media/large-supermarket-chain-in-southern-africa-hit-with-ransomware/,True,False,False,False
https://www.bleepingcomputer.com/news/security/automotive-hose-maker-nichirin-hit-by-ransomware-attack/,True,False,False,False
https://www.databreaches.net/ransomware-team-hits-disability-help-group/,True,False,False,False
https://insider.govtech.com/california/news/college-still-grappling-with-ransomware-attack,True,False,False,False
"https://www.bleepingcomputer.com/news/security/digital-security-giant-entrust-breached-by-ransomware-gang/ ;
https://www.bleepingcomputer.com/news/security/lockbit-claims-ransomware-attack-on-security-giant-entrust-leaks-data/",True,False,False,False
https://www3.nhk.or.jp/nhkworld/en/news/20220620_35/,True,False,False,False
https://www.bleepingcomputer.com/news/security/vice-society-claims-ransomware-attack-on-med-university-of-innsbruck/?traffic_source=Connatix,True,False,False,False
https://www.kztv10.com/news/local-news/brooks-county-pays-off-hacker-with-tax-dollars-after-ransomware-attack,True,False,False,False
https://www.bleepingcomputer.com/news/security/fast-shop-brazilian-retailer-discloses-extortion-cyberattack/,True,False,False,False
https://www.bleepingcomputer.com/news/security/automotive-fabric-supplier-tb-kawashima-announces-cyberattack/,True,False,False,False
https://www.bleepingcomputer.com/news/security/macmillan-shuts-down-systems-after-likely-ransomware-attack/,True,False,False,False
https://therecord.media/amd-investigating-claims-of-stolen-data,True,False,False,False
https://www.bleepingcomputer.com/news/security/building-materials-giant-knauf-hit-by-black-basta-ransomware-gang/,True,False,False,False
https://www.bleepingcomputer.com/news/security/hive-ransomware-claims-attack-on-new-york-racing-association/,True,False,False,False
https://www.infosecurity-magazine.com/news/ransomware-group-500000-school/,True,False,False,False
https://therecord.media/colorado-police-investigating-ransomware-attack-on-small-town/,True,False,False,False
https://securityaffairs.co/wordpress/133640/cyber-crime/lockbit-ransomware-italian-revenue-agency.html,True,False,False,False
https://www.providencejournal.com/story/news/local/2022/07/16/ri-sewer-system-narragansett-bay-commission-hit-cyber-attack/10076978002/,True,False,False,False
https://www.spokesman.com/stories/2023/jun/24/federal-lawsuit-blames-whitworth-university-for-ra/,True,False,False,False
https://www.bleepingcomputer.com/news/security/it-services-giant-shi-hit-by-professional-malware-attack/,True,False,False,False
https://www.thegazette.com/k/expert-ransom-paid-after-cyberattack-on-cedar-rapids-schools-likely-necessary/,True,False,False,False
https://www.infosecurity-magazine.com/news/ransomware-french-telecomes/,True,False,False,False
https://www.bleepingcomputer.com/news/security/new-york-ambulance-service-discloses-data-breach-after-ransomware-attack/,True,False,False,False
https://www.mandiant.com/resources/blog/likely-iranian-threat-actor-conducts-politically-motivated-disruptive-activity-against,True,False,False,False
https://www.bleepingcomputer.com/news/security/spanish-research-agency-still-recovering-after-ransomware-attack/,True,False,False,False
"https://www.theverge.com/2022/7/22/23274372/st-marys-canada-lockbit-ransomware-cyber-incident ;
https://globalnews.ca/news/9624346/ransomware-attack-cost-st-marys-ont-1-3m-report/",True,False,False,False
"https://www.bleepingcomputer.com/news/security/blackcat-ransomware-claims-attack- ;
https://www.cybersecuritydive.com/news/encevo-creos-envovos-ransomware/628604/on-european-gas-pipeline/",True,False,False,False
https://www.infosecurity-magazine.com/news/car-dealership-hit-by-major/,True,False,False,False
https://news.yahoo.com/whitworth-confirms-victim-ransomware-attack-063400708.html?guccounter=1&guce_referrer=aHR0cHM6Ly93d3cuZ29vZ2xlLmNvbS8&guce_referrer_sig=AQAAAJ1JfvViZNmJHzRJJFu-6FYHPrtl7vfqNkFXj3EAxWplkrXHg5j_YR_uopg2gCi_HiAQUcGdbco_pJ3FrExn55yJK3RppVuX-fOTcke3mFGa-i9NBfeC07DtlytMDP538eD2l2_1sdRePfQySRnKhDv0yVXVb0Qe9s3lAMiKYTfn,True,False,False,False
https://techmonitor.ai/technology/cybersecurity/altice-cyberattack-hive-ransomware,True,False,False,False
https://www.bleepingcomputer.com/news/security/lockbit-ransomware-claims-attack-on-continental-automotive-giant/ ; https://www.securityweek.com/ransomware-gang-offers-sell-files-stolen-continental-50-million,True,False,False,False
https://www.cpomagazine.com/cyber-security/suspected-lockbit-ransomware-attack-on-italian-tax-agency-potentially-leaked-about-100-gb-of-data/,True,False,False,False
"https://www.bleepingcomputer.com/news/security/semiconductor-manufacturer-semikron-hit-by-lv-ransomware-attack/ ;
https://www.jdsupra.com/legalnews/semikron-announces-potential-data-6979904/",True,False,False,False
https://www.kcrg.com/2022/08/03/leaked-image-shows-ransomware-attack-hit-linn-mar-school-district/,True,False,False,False
https://nltimes.nl/2022/08/10/dentist-chain-paid-cyber-criminals-eu2-million-ransomware-attack-report,True,False,False,False
https://www.bleepingcomputer.com/news/security/german-chambers-of-industry-and-commerce-hit-by-massive-cyberattack/,True,False,False,False
https://www.theguardian.com/society/2022/aug/11/fears-patient-data-ransomware-attack-nhs-software-supplier,True,False,False,False
"https://web.archive.org/web/20220811130109/https://www.bbc.com/news/technology-62506039
https://web.archive.org/web/20250327013525/https://www.bbc.com/news/articles/cp3yv1zxn94o
https://web.archive.org/web/20250327003710/https://www.computerweekly.com/news/366621298/Advanced-Software-fined-3m-over-LockBit-attack",True,False,False,False
https://www.actionnewsjax.com/news/local/jacksonville-sheriffs-office-hit-by-apparent-ransomware-attack-independent-sources-say/KCWBC2JWBVAJPMSCUQOKCXPCLA/,True,False,False,False
https://www.bleepingcomputer.com/news/security/ransomexx-claims-ransomware-attack-on-sea-doo-ski-doo-maker/,True,False,False,False
https://www.bleepingcomputer.com/news/security/7-eleven-denmark-confirms-ransomware-attack-behind-store-closures/,True,False,False,False
https://www.bleepingcomputer.com/news/security/argentinas-judiciary-of-c-rdoba-hit-by-play-ransomware-attack/,True,False,False,False
https://www.bleepingcomputer.com/news/security/hackers-attack-uk-water-supplier-but-extort-wrong-company/,True,False,False,False
https://www.cbsnews.com/colorado/news/ransomware-attacks-hit-wheat-ridge-fremont-counties-everything-was-impacted/,True,False,False,False
https://www.bleepingcomputer.com/news/security/quantum-ransomware-attack-disrupts-govt-agency-in-dominican-republic/,True,False,False,False
https://www.bleepingcomputer.com/news/security/leading-library-services-firm-baker-and-taylor-hit-by-ransomware/,True,False,False,False
https://www.bleepingcomputer.com/news/security/montenegro-hit-by-ransomware-attack-hackers-demand-10-million/,True,False,False,False
https://www.bleepingcomputer.com/news/security/greek-natural-gas-operator-suffers-ransomware-related-data-breach/,True,False,False,False
https://www.bleepingcomputer.com/news/security/french-hospital-hit-by-10m-ransomware-attack-sends-patients-elsewhere/,True,False,False,False
https://www.nbcdfw.com/news/local/mansfield-isd-investigating-ransomeware-attack/3054583/,True,False,False,False
https://www.bleepingcomputer.com/news/security/ragnar-locker-ransomware-claims-attack-on-portugals-flag-airline/,True,False,False,False
https://www.bleepingcomputer.com/news/security/new-ransomware-hits-windows-linux-servers-of-chile-govt-agency/,True,False,False,False
https://www.bleepingcomputer.com/news/security/blackcat-ransomware-claims-attack-on-italian-energy-agency/,True,False,False,False
https://www.govtech.com/security/denver-suburb-says-no-deal-to-5m-ransomware-demands?,True,False,False,False
https://www.newsmax.com/newsfront/defense-contractor-ransomware/2022/09/29/id/1089606/,True,False,False,False
https://www.databreaches.net/oakbend-medical-center-hit-by-ransomware-daixin-team-claims-responsibility/,True,False,False,False
https://qctimes.com/news/local/education/hacker-claims-to-have-davenport-schools-data-threatens-release/article_41c38b60-88ed-5d5a-94cf-78e90c6d6e89.html,True,False,False,False
https://www.scmagazine.com/brief/ransomware/ransomware-attack-compromises-virginia-county-data,True,False,False,False
"https://www.bleepingcomputer.com/news/security/vice-society-claims-lausd-ransomware-attack-theft-of-500gb-of-data/
https://www.the74million.org/article/trove-of-l-a-students-mental-health-records-posted-to-dark-web-after-cyber-hack/",True,False,False,False
https://www.kystandard.com/content/city-confirms-ransomware-hack-last-weekend,True,False,False,False
https://www.bleepingcomputer.com/news/security/intercontinental-hotels-group-cyberattack-disrupts-booking-systems/,True,False,False,False
https://www.databreaches.net/ny-suffolk-county-struggles-to-recover-from-blackcat-ransomware-attack/,True,False,False,False
https://www.coastreporter.net/local-news/no-further-action-needed-after-ransomware-attack-on-scrd-report-6153455,True,False,False,False
https://therecord.media/buenos-aires-legislature-announces-ransomware-attack/,True,False,False,False
https://mobilesyrup.com/2022/09/15/bell-technical-solutions-hacked-by-ransomware-group/,True,False,False,False
https://www.denverpost.com/2023/04/06/centura-hospitals-colorado-ransomware-attack/,True,False,False,False
"https://www.kusd.edu/blog/news/kusd-network-investigation-ongoing/
https://therecord.media/ransomware-group-claims-attack-on-wisconsin-school-district",True,False,False,False
https://www.wdam.com/2022/10/01/william-carey-comes-under-ransomware-attack/,True,False,False,False
https://www.cnn.com/2022/12/27/politics/hackers-data-utilities-ransomware-sargent-lundy/index.html,True,False,False,False
https://securityaffairs.co/wordpress/137803/cyber-crime/blackbyte-ransomware-asahi-group-holdings.html,True,False,False,False
https://www.washingtonpost.com/dc-md-va/2022/12/16/events-dc-ransomware-cyberattack-data/,True,False,False,False
https://www.scmagazine.com/brief/ransomware/data-stolen-in-ransomware-attack-against-north-carolina-college,True,False,False,False
https://www.abc.net.au/news/2022-10-31/defence-department-ransomware-attack-forecenet-australia/101596230,True,False,False,False
https://www.montereycountyweekly.com/blogs/news_blog/hartnell-college-continues-investigating-ransomware-attack/article_6774b280-48c3-11ed-bbf7-d73236d2b672.html,True,False,False,False
"https://www.bleepingcomputer.com/news/security/hive-claims-ransomware-attack-on-tata-power-begins-leaking-data/
https://web.archive.org/web/20250202041835/https://securityaffairs.com/173712/cyber-crime/tata-technologies-ransomware-attack.html",True,False,False,False
https://www.scmagazine.com/analysis/ransomware/commonspirit-cyberattack-spurs-it-outages-at-chi-memorial-hospitals-across-us,True,False,False,False
https://therecord.media/ransomware-attack-on-indianapolis-housing-agency-leaks-sensitive-info-on-200000-residents/,True,False,False,False
"https://duo.com/decipher/prestige-ransomware-hits-targets-in-ukraine-and-poland ;
https://www.infosecurity-magazine.com/news/prestige-ransomware-target-ukraine/",True,False,False,False
https://www.bleepingcomputer.com/news/security/australian-insurance-firm-medibank-confirms-ransomware-attack/ ; https://www.bleepingcomputer.com/news/security/ransomware-gang-threatens-to-release-stolen-medibank-data/ ; https://www.cnn.com/2022/11/11/tech/medibank-australia-ransomware-attack-intl-hnk,True,False,False,False
https://www.jdsupra.com/legalnews/louise-w-eggleston-center-inc-reports-8793936/,True,False,False,False
https://itwire.com/business-it-news/security/lockbit-ransomware-gang-hits-melbourne-school-kilvington-grammar.html,True,False,False,False
https://www.bleepingcomputer.com/news/security/ransomware-attack-halts-circulation-of-some-german-newspapers/,True,False,False,False
https://www.manisteenews.com/news/article/International-investigation-continues-into-Oct-17563458.php,True,False,False,False
https://www.cbsnews.com/texas/news/medstar-reports-its-computer-network-was-hit-by-a-cyberattack/,True,False,False,False
https://www.bleepingcomputer.com/news/security/ransomware-attack-at-louisiana-hospital-impacts-270-000-patients/,True,False,False,False
https://cybernews.com/news/pendragon-record-ransom-demand/ ; https://www.bleepingcomputer.com/news/security/pendragon-car-dealer-refuses-60-million-lockbit-ransomware-demand/,True,False,False,False
https://bringmethenews.com/minnesota-news/ransomware-attack-affects-60000-arvig-internet-users-in-minnesota,True,False,False,False
https://securityaffairs.co/wordpress/138127/cyber-crime/cyberattack-blocked-trains-denmark.html,True,False,False,False
https://www.scmagazine.com/news/ransomware/the-government-of-vanuatu-offline-since-early-november-in-suspected-ransomware-attack,True,False,False,False
https://www3.nhk.or.jp/nhkworld/en/news/20221101_07/,True,False,False,False
https://www.itworldcanada.com/article/black-basta-ransomware-group-claims-it-hit-maple-leaf-foods/515358,True,False,False,False
https://www.bleepingcomputer.com/news/security/ransomware-gang-targets-belgian-municipality-hits-police-instead/,True,False,False,False
https://www.bleepingcomputer.com/news/security/vice-society-ransomware-claims-attack-on-cincinnati-state-college/,True,False,False,False
https://www.databreaches.net/boeing-subsidiary-jeppesens-services-hit-by-cyberattack/,True,False,False,False
https://www.bleepingcomputer.com/news/security/canadian-food-retail-giant-sobeys-hit-by-black-basta-ransomware/,True,False,False,False
https://okcfox.com/news/local/its-a-nightmare-expert-weighs-in-on-ransomware-attack-facing-norman-public-schools-eric-crawford-nerds-malware-spyware-virus-computer-network-system-hack-file-data-cyber-threat-oklahoma-nps-password-news-tom-ferguson-firewall-district,True,False,False,False
https://www.databreaches.net/mhmr-authority-of-brazos-valley-provides-notice-of-ransomware-attack-last-november/,True,False,False,False
https://www.kark.com/news/local-news/over-thirty-arkansas-counties-impacted-by-cyber-attack/,True,False,False,False
https://therecord.media/popular-uk-motor-racing-circuit-investigating-ransomware-attack/,True,False,False,False
https://www.dallasnews.com/news/crime/2022/11/11/dallas-central-appraisal-district-attacked-by-ransomware-agency-says/ ; https://therealdeal.com/texas/2022/11/15/update-dcad-still-down-following-ransomware-attack/,True,False,False,False
https://www.axios.com/local/dallas/2022/12/07/texas-appraisal-districts-ransomware-attacks,True,False,False,False
https://simpleflying.com/malaysia-investigation-airasia-ransomware-attack/,True,False,False,False
https://www.mlive.com/news/jackson/2022/11/ransomware-attack-responsible-for-shutdown-affecting-jackson-hillsdale-schools.html,True,False,False,False
https://www.insurancebusinessmag.com/uk/news/cyber/ssp-mocked-by-ransomware-group-over-alleged-400000-offer-431985.aspx,True,False,False,False
https://cybernews.com/news/ikea-posted-ransomware-gang/,True,False,False,False
https://www.itworldcanada.com/article/montreal-area-city-hit-by-ransomware-report/514484,True,False,False,False
https://therecord.media/guatemalas-foreign-ministry-investigating-ransomware-attack/,True,False,False,False
https://www.govtech.com/education/higher-ed/ransomware-gang-says-it-leaked-data-from-xavier-university-students-staff,True,False,False,False
"https://www.ndtv.com/india-news/aiims-delhi-server-down-government-suspects-ransomware-attack-3547633
https://therecord.media/chamelgang-china-apt-ransomware-distraction",True,False,False,False
https://www.bleepingcomputer.com/news/security/keralty-ransomware-attack-impacts-colombias-health-care-system/,True,False,False,False
https://therecord.media/ikea-investigating-cyberattacks-on-outlets-in-kuwait-morocco/,True,False,False,False
https://www.bleepingcomputer.com/news/security/vice-society-ransomware-leaks-university-of-duisburg-essen-s-data/,True,False,False,False
https://www.privacy.org.nz/publications/statements-media-releases/new-news-page-5/,True,False,False,False
https://www.cnn.com/2022/12/20/tech/hospital-ransomware/index.html,True,False,False,False
https://www.bleepingcomputer.com/news/security/royal-ransomware-claims-attack-on-intrado-telecom-provider/,True,False,False,False
https://columbiabasinherald.com/news/2022/dec/19/rec-silicon-targeted-ransomware-attack/,True,False,False,False
https://www.securityweek.com/hacker-selling-data-allegedly-stolen-volvo-cars-following-ransomware-attack/,True,False,False,False
"https://www.bleepingcomputer.com/news/security/rackspace-confirms-outage-was-caused-by-ransomware-attack/ ;
https://www.tpr.org/technology-entrepreneurship/2022-12-30/rackspace-identifies-hacking-group-presponsible-for-early-december-ransomware-attack",True,False,False,False
https://www.chiefhealthcareexecutive.com/view/california-medical-group-discloses-ransomware-attack-more-than-3-million-affected,True,False,False,False
https://securityaffairs.co/139316/cyber-crime/french-hospital-ransomware-attack-2.html,True,False,False,False
"https://www.bleepingcomputer.com/news/security/antwerps-city-services-down-after-hackers-attack-digital-partner/ ;
https://www.bleepingcomputer.com/news/security/play-ransomware-claims-attack-on-belgium-city-of-antwerp/",True,False,False,False
https://www.statesman.com/story/news/2022/12/12/austin-travis-county-appraisal-district-restored-after-ransomware-attack/69720717007/,True,False,False,False
https://www.bleepingcomputer.com/news/security/play-ransomware-claims-attack-on-german-hotel-chain-h-hotels/,True,False,False,False
https://www.bleepingcomputer.com/news/security/colombian-energy-supplier-epm-hit-by-blackcat-ransomware-attack/,True,False,False,False
https://www.nbcnews.com/tech/security/ransomware-hackers-take-demands-directly-college-students-s-sad-day-rcna61253,True,False,False,False
https://www.securityweek.com/ransomware-group-threatens-publish-data-stolen-california-department-finance/,True,False,False,False
https://www.bleepingcomputer.com/news/security/vice-society-ransomware-claims-attack-on-australian-firefighting-service/,True,False,False,False
"https://www.sickkids.ca/en/news/archive/2022/update-on-sickkids-response-to-cybersecurity-incident/ ;
https://www.itworldcanada.com/article/breaking-news-ransomware-gang-gives-decryptor-to-torontos-sickkids-hospital/519841",True,False,False,False
https://therecord.media/lockbit-ransomware-group-attacks-ohio-towns-court-police-department-and-more,True,False,False,False
https://www.theguardian.com/media/2022/dec/21/guardian-hit-by-serious-it-incident-believed-to-be-ransomware-attack ; https://www.infosecurity-magazine.com/news/ransomware-disruption-guardian/,True,False,False,False
https://www.bleepingcomputer.com/news/security/arnold-clark-customer-data-stolen-in-attack-claimed-by-play-ransomware/,True,False,False,False
https://www.databreaches.net/bristol-community-college-acknowledges-ransomware-attack/,True,False,False,False
https://www.bleepingcomputer.com/news/security/canadian-mining-firm-shuts-down-mill-after-ransomware-attack/,True,False,False,False
https://www.bleepingcomputer.com/news/security/la-housing-authority-discloses-data-breach-after-ransomware-attack/,True,False,False,False
https://www.cyberscoop.com/ransomware-industrial-europe-kaspersky-cring/,True,False,False,False
https://grahamcluley.com/wentworth-golf-club-hacked/,True,False,False,False
https://www.freightwaves.com/news/ransomware-attack-targets-major-us-logistics-firm-dsc,True,False,False,False
https://www.wired.com/story/accellion-breach-victims-extortion/,True,False,False,False
https://www.securityweek.com/fbi-warns-ransomware-attack-could-disrupt-food-supply-chain,True,False,False,False
https://www.securityweek.com/fbi-warns-ransomware-attack-could-disrupt-food-supply-chain,True,False,False,False
https://www.beckershospitalreview.com/cybersecurity/15-600-patients-health-info-exposed-in-ransomware-attack-on-california-health-center.html,True,False,False,False
https://www.beckershospitalreview.com/cybersecurity/162-000-patients-exposed-in-ransomware-attack-on-texas-medical-group.html,True,False,False,False
https://healthitsecurity.com/news/100k-patients-impacted-by-cochise-eye-and-laser-ransomware-attack,True,False,False,False
https://www.bleepingcomputer.com/news/security/pan-asian-retail-giant-dairy-farm-suffers-revil-ransomware-attack/,True,False,False,False
https://presstories.com/2021/01/23/cyber-%E2%80%8B%E2%80%8Battack-ransomware-victim-montmagne-city/,True,False,False,False
https://www.computerweekly.com/news/252498463/Retailer-FatFace-pays-2m-ransom-to-Conti-cyber-criminals,True,False,False,False
http://scid.infracritical.com/pages/scid-00112/,True,False,False,False
https://coastalobserver.com/restoration-of-computer-system-continues-after-ransomware-found/; https://www.wmbfnews.com/2021/02/19/email-back-up-about-half-georgetown-county-staff-following-ransomware-attack/,True,False,False,False
https://www.freightwaves.com/news/inside-a-ransomware-attack-on-a-small-trucking-company,True,False,False,False
https://www.beckershospitalreview.com/cybersecurity/ransomware-attack-temporarily-shuts-down-georgia-hospital-s-phone-lines-computer-systems.html,True,False,False,False
https://www.beckershospitalreview.com/cybersecurity/ransomware-attack-affects-750-000-personal-touch-patients-employees-across-u-s.html,True,False,False,False
https://www.rochesterfirst.com/news/education/parents-happy-with-victor-school-response-after-ransomware-attack-saturday/,True,False,False,False
https://www.zdnet.com/article/uk-research-and-innovation-suffers-ransomware-attack/; https://www.ukri.org/news/ukri-response-to-it-incident/; https://www.ukri.org/news/ukri-response-to-it-incident/,True,False,False,False
https://healthitsecurity.com/news/ransomware-actors-leak-data-from-3-more-healthcare-related-entities,True,False,False,False
https://www.afr.com/politics/federal/hacked-renewables-firm-coffee-roaster-hit-by-ransomware-attacks-20210222-p574jy,True,False,False,False
https://healthitsecurity.com/news/ransomware-actors-leak-data-from-3-more-healthcare-related-entities,True,False,False,False
https://www.bleepingcomputer.com/news/security/leading-canadian-rental-car-company-hit-by-darkside-ransomware/,True,False,False,False
https://www.afr.com/politics/federal/hacked-renewables-firm-coffee-roaster-hit-by-ransomware-attacks-20210222-p574jy,True,False,False,False
https://www.bleepingcomputer.com/news/security/eletrobras-copel-energy-companies-hit-by-ransomware-attacks/,True,False,False,False
https://thestarphoenix.com/technology/tech-news/canadian-retailer-home-hardware-hit-by-ransomware,True,False,False,False
https://www.bleepingcomputer.com/news/security/fashion-retailer-guess-discloses-data-breach-after-ransomware-attack/,True,False,False,False
https://healthitsecurity.com/news/ransomware-actors-leak-data-from-3-more-healthcare-related-entities,True,False,False,False
https://www.bleepingcomputer.com/news/security/ransomware-gang-hacks-ecuadors-largest-private-bank-ministry-of-finance/,True,False,False,False
https://www.govtech.com/security/California-County-Focuses-on-Recovery-After-Ransomware-Attack.html,True,False,False,False
https://www.bleepingcomputer.com/news/security/eletrobras-copel-energy-companies-hit-by-ransomware-attacks/,True,False,False,False
https://www.hipaajournal.com/ransomware-gangs-claim-three-more-healthcare-victims/,True,False,False,False
https://www.scmagazine.com/home/security-news/ransomware/conti-ransomware-gang-tied-to-latest-attacks-on-hospitals-in-florida-and-texas/,True,False,False,False
https://www.bleepingcomputer.com/news/security/us-cities-disclose-data-breaches-after-vendors-ransomware-attack/,True,False,False,False
https://www.healthcareitnews.com/news/french-health-insurance-company-mnh-hit-ransomware-attack,True,False,False,False
https://www.freightwaves.com/news/hackers-threaten-shipping-firm-ecu-worldwide-with-data-leak,True,False,False,False
https://www.news5cleveland.com/news/local-news/in-depth/in-depth-cleveland-fbi-investigating-cmha-computer-ransomware-attack,True,False,False,False
https://portswigger.net/daily-swig/dax-cote-dargent-hospital-in-france-hit-by-ransomware-attack,True,False,False,False
https://www.sciencemag.org/news/2021/02/dutch-research-funding-agency-paralyzed-ransomware-attack-refuses-pay,True,False,False,False
https://www.scmagazine.com/home/security-news/data-breach/actors-steal-data-of-500k-patients-during-eye-clinic-ransomware-attack/,True,False,False,False
https://www.thesunchronicle.com/news/local_news/sturdy-hospital-in-attleboro-sued-over-data-breach/article_6a0531f3-cf0c-52cc-9184-6d213677ac74.html,True,False,False,False
https://www.wbtv.com/2021/02/12/central-piedmont-community-college-experiences-ransomware-attack/; https://www.charlotteobserver.com/news/local/article249285260.html,True,False,False,False
https://www.kcur.org/health/2021-05-03/ransomware-attack-on-midwest-transplant-network-affects-more-than-17-000,True,False,False,False
https://www.bleepingcomputer.com/news/security/underwriters-laboratories-ul-certification-giant-hit-by-ransomware/,True,False,False,False
https://www.databreaches.net/villefranche-sur-saone-hospital-victim-of-a-computer-attack/,True,False,False,False
https://www.govtech.com/security/thousands-affected-by-ransomware-attack-on-hawaii-company,True,False,False,False
https://www.bleepingcomputer.com/news/security/kia-motors-america-suffers-ransomware-attack-20-million-ransom/,True,False,False,False
https://www.hipaajournal.com/capturerx-ransomware-attack-affects-multiple-healthcare-provider-clients/,True,False,False,False
https://techgenix.com/school-district-ransomware-attack/,True,False,False,False
https://www.computerweekly.com/news/252510116/Recovering-from-ransomware-One-organisations-inside-story,True,False,False,False
"https://finance.yahoo.com/news/notice-data-security-incident-210000214.html?guccounter=1&guce_referrer=aHR0cHM6Ly9wb3J0c3dpZ2dlci5uZXQv&guce_referrer_sig=AQAAAKKjYEQPDs53U1XZ_-_vZFmUyZRbENF-kgfXCBEiX_Xq9lO75BbnyMpWN4X0Qd5W7SeNW5uqd2_woBs0xeqkggOgIII2hBUgffFjOd5iK2zJOj3JSSoqhFAbsWLOWLMRY9uBFG1G_9fqRDRrwF1Qcvr-FAUURmGdYcUnMeAVC5DO ;
https://ironscales.com/blog/ransomware-in-mining/",True,False,False,False
https://www.tietoevry.com/en/newsroom/all-news-and-releases/other-news/2021/02/information-about-ransomware-attack-in-norway/,True,False,False,False
https://healthitsecurity.com/news/100k-patients-impacted-by-cochise-eye-and-laser-ransomware-attack,True,False,False,False
https://www.beckershospitalreview.com/cybersecurity/hackers-demand-1-75m-from-north-carolina-clinic-during-6-day-ransomware-attack.html,True,False,False,False
https://aviationweek.com/aerospace/manufacturing-supply-chain/kaman-hit-ransomware-attack-biden-foreign-policy-change,True,False,False,False
https://www.kold.com/2021/03/03/national-guard-supports-city-kingman-following-ransomware-attack/,True,False,False,False
https://www.bleepingcomputer.com/news/security/compucom-msp-hit-by-darkside-ransomware-cyberattack/,True,False,False,False
https://krebsonsecurity.com/2021/03/payroll-hr-giant-prismhr-hit-by-ransomware/,True,False,False,False
"https://www.infosecurity-magazine.com/news/florida-school-district-40m-ransom/#:~:text=Cyber%2Dcriminals%20behind%20a%20cyber,in%20a%20Conti%20gang%20operation.",True,False,False,False
https://newsnationusa.com/news/entertainment/movie-review/azusa-police-suffered-a-ransomware-attack-in-2018-the-city-kept-it-secret/,True,False,False,False
https://www.cyberscoop.com/spain-ransomware-employment-agency-sepe/,True,False,False,False
https://solutionsreview.com/endpoint-security/alleged-ransomware-attack-hits-molson-coors-expert-commentary/,True,False,False,False
https://nunatsiaq.com/stories/article/nunavut-schools-suffer-ransomware-attack/,True,False,False,False
https://www.birminghammail.co.uk/news/midlands-news/students-told-stay-home-week-20150964,True,False,False,False
https://www.freightwaves.com/news/ransomware-attack-on-edi-provider-highlights-cyber-risks-in-supply-chain,True,False,False,False
"https://www.cyberscoop.com/bose-ransomware-hack-letter/;
https://www.forbes.com/sites/leemathews/2021/05/25/bose-hit-by-ransomware-refuses-to-pay-ransom/?sh=5ae5eb31139a",True,False,False,False
https://techxplore.com/news/2021-03-french-hospital-cyberattack.html,True,False,False,False
https://buffalonews.com/news/local/education/buffalo-public-schools-was-victim-of-ransomware-attack/article_e9efa01c-8335-11eb-9b7a-83dd46be27ee.html,True,False,False,False
https://www.itbusiness.ca/news/ottawa-warns-of-possible-ransomware-attack-on-firm-that-provides-services/117453,True,False,False,False
https://therecord.media/ransomware-gang-demands-50-million-from-computer-maker-acer/,True,False,False,False
https://www.bleepingcomputer.com/news/security/high-availability-server-maker-stratus-hit-by-ransomware/,True,False,False,False
https://thesuntimesnews.com/g/dexter-mi/n/27012/webster-township-makes-changes-after-being-hacked,True,False,False,False
https://www.businesswire.com/news/home/20210323005460/en/Sierra-Wireless-Announces-Ransomware-Attack,True,False,False,False
https://www.ksn.com/news/local/ransomware-attack-targets-area-business-fbi-weighs-in/,True,False,False,False
"https://www.bleepingcomputer.com/news/security/insurance-giant-cna-hit-by-new-phoenix-cryptolocker-ransomware/;https://www.gmtoday.com/news/illinois/cna-website-still-down-nearly-2-weeks-insurance-giant-calls-it-a-sophisticated-ransomware-attack/article_bbf51d2c-940b-11eb-931b-4330de77ab1e.html;
https://www.businessinsider.co.za/cna-financial-hackers-40-million-ransom-cyberattack-2021-5",True,False,False,False
https://in.finance.yahoo.com/news/midcs-infra-faces-ransomware-attack-165457177.html,True,False,False,False
https://discoverairdrie.com/local/town-of-didsbury-victim-of-ransomware-attack,True,False,False,False
https://www.kmbc.com/article/it-was-pretty-scary-alabama-family-survives-tornado-in-linen-closet/36021604,True,False,False,False
https://www.govinfosecurity.com/australian-tv-channel-disrupted-ransomware-suspected-a-16283,True,False,False,False
https://siliconangle.com/2021/03/30/uk-education-charity-harris-federation-struck-ransomware-attack/,True,False,False,False
https://www.clarkhill.com/news-events/news/direct-means-proximate-oregon-district-court-holds-ransomware-payment-is-a-direct-loss/,True,False,False,False
https://www.bloomberg.com/news/articles/2021-03-31/hackers-target-italian-menswear-boggi-milano-with-ransomware,True,False,False,False
https://www.bleepingcomputer.com/news/security/leading-cosmetics-group-pierre-fabre-hit-with-25-million-ransomware-attack/,True,False,False,False
https://www.jdsupra.com/legalnews/houston-rockets-hit-with-ransomware-3230204/,True,False,False,False
"https://www.wyomingpublicmedia.org/post/dc-police-department-victim-apparent-ransomware-attack#stream/0;
https://www.abc57.com/news/ransomware-group-follows-through-on-threat-to-release-personnel-files-of-dc-police-officers",True,False,False,False
https://www.information-age.com/merseyrail-likely-hit-by-lockbit-ransomware-attack-123494934/,True,False,False,False
https://www.bleepingcomputer.com/news/security/asteelflash-electronics-maker-hit-by-revil-ransomware-attack/,True,False,False,False
https://www.zdnet.com/article/ryuk-ransomware-finds-foothold-in-bio-research-institute-through-a-student-who-wouldnt-pay-for-software/,True,False,False,False
https://www.bicycleretailer.com/industry-news/2021/04/01/j-b-importers-victimized-ransomware-attack#.YJruDehKg2w,True,False,False,False
https://www.bleepingcomputer.com/news/security/ransomware-hits-tu-dublin-and-national-college-of-ireland/,True,False,False,False
https://www.databreaches.net/ca-cyberattack-targets-santa-clara-valley-transportation-authority/,True,False,False,False
https://statescoop.com/ransomware-maine-water-facilities/,True,False,False,False
https://www.boston25news.com/news/25-investigates/25-investigates-city-lawrence-hit-with-significant-ransomware-attack/GLIH7WZ4Q5GY5IFH4RANDP564M/,True,False,False,False
https://www.theguardian.com/australia-news/2021/apr/13/poker-machines-in-tasmania-shut-down-after-ransomware-attack,True,False,False,False
https://www.bleepingcomputer.com/news/security/ransomware-hits-tu-dublin-and-national-college-of-ireland/,True,False,False,False
https://webcache.googleusercontent.com/search?q=cache:uFQrOR3SuZ8J:https://www.bloomberg.com/news/articles/2021-04-21/hackers-target-iconic-japan-s-toshiba-rival-hoya-with-ransomware+&cd=3&hl=en&ct=clnk&gl=us; https://healthitsecurity.com/news/hoya-optical-labs-notifies-consumers-of-healthcare-ransomware-attack,True,False,False,False
https://www.bleepingcomputer.com/news/security/dutch-supermarkets-run-out-of-cheese-after-ransomware-attack/,True,False,False,False
https://www.nbcboston.com/news/local/ransomware-attack-prompts-haverhill-public-schools-to-close/2349314/,True,False,False,False
https://threatpost.com/embryology-data-breach-fertility-clinic-ransomware/167087/,True,False,False,False
https://www.wcia.com/illinois-capitol-news/attorney-generals-office-still-locked-out-of-computer-systems-nearly-month-after-ransomware-hack/,True,False,False,False
https://www.nashvillepost.com/business/area_stocks/smiledirect-victim-of-ransomware-attack/article_c211a710-acd0-11eb-8a1d-970aa6e47a9f.html,True,False,False,False
https://www.euractiv.com/section/politics/short_news/state-institution-in-slovakia-target-of-ransomware-attacks/,True,False,False,False
https://www.beckershospitalreview.com/cybersecurity/phi-stolen-from-vendor-in-ransomware-attack-exposing-humana-and-anthem-patients.html,True,False,False,False
https://bangordailynews.com/2021/04/27/news/aroostook/presque-isle-police-server-hacked-by-ransomware/; https://www.wagmtv.com/2021/06/12/update-with-presque-isle-pd-their-ransomware-attack/,True,False,False,False
https://www.macrumors.com/2021/04/21/apple-supplier-ransomware-attack/,True,False,False,False
https://www.abc.net.au/news/2021-05-06/qld-uniting-care-hack-revil-revealed/100118590,True,False,False,False
https://www.recordcourier.com/news/2021/jul/19/washoe-tribe-suffers-ransomware-attack/,True,False,False,False
https://www.bleepingcomputer.com/news/security/brazils-rio-grande-do-sul-court-system-hit-by-revil-ransomware/,True,False,False,False
https://nativenewsonline.net/currents/three-affiliated-tribes-hit-by-ransomware-attack-holding-tribal-information-hostag,True,False,False,False
https://www.itworldcanada.com/article/whistler-the-latest-canadian-municipality-hit-by-ransomware-attack/446752,True,False,False,False
https://www.infosecurity-magazine.com/news/suspected-iranian-ransomware-group/,True,False,False,False
"https://www.kjrh.com/news/local-news/city-of-tulsa-experiencing-difficulties-due-to-ransomware-attack;
https://www.fox23.com/news/local/feds-track-down-organization-responsible-city-tulsa-ransomware-attack-systems-slowly-coming-back/TIUQ2PQZRVBOTOHJVOVR2BRXWU/;
https://gcn.com/articles/2021/06/28/tulsa-ransomware.aspx ;
https://tulsaworld.com/news/local/govt-and-politics/city-has-spent-2-million-recovering-from-ransomware-attack-city-officials-say/article_5ee68f46-5d08-11ec-8d83-8743a5eaba47.html",True,False,False,False
https://www.zdnet.com/article/asia-division-of-cyber-insurance-company-axa-hit-with-ransomware-attack/,True,False,False,False
https://threatpost.com/darkside-toshiba-xss-bans-ransomware/166210/,True,False,False,False
https://www.nbcnews.com/tech/security/north-korea-targeting-hospitals-ransomware-us-agencies-warn-rcna36896,True,False,False,False
https://www.bleepingcomputer.com/news/security/adata-suffers-700-gb-data-leak-in-ragnar-locker-ransomware-attack/,True,False,False,False
https://www.bleepingcomputer.com/news/security/revil-ransomware-hits-us-nuclear-weapons-contractor/,True,False,False,False
"https://healthitsecurity.com/news/ransomware-hits-scripps-health-disrupting-critical-care-online-portal;
https://www.sandiegouniontribune.com/news/health/story/2021-05-24/scripps-enters-fourth-week-of-ransomware-pain",True,False,False,False
https://duboiscountyherald.com/b/gary-rebuilds-servers-following-ransomware-attack,True,False,False,False
https://www.bleepingcomputer.com/news/security/chemical-distributor-pays-44-million-to-darkside-ransomware/,True,False,False,False
https://www.infosecurity-magazine.com/news/suspected-iranian-ransomware-group/,True,False,False,False
"https://www.washingtonpost.com/business/2021/05/08/cyber-attack-colonial-pipeline/; https://www.bleepingcomputer.com/news/security/largest-us-pipeline-shuts-down-operations-after-ransomware-attack/;
https://www.cnbc.com/2021/05/15/colonial-pipeline-resumes-normal-operations-after-hack.html;
https://www.cnbc.com/2021/05/13/colonial-pipeline-paid-ransom-to-hackers-source-says.html;
https://www.wsj.com/articles/colonial-pipeline-ceo-tells-why-he-paid-hackers-a-4-4-million-ransom-11621435636?mod=djemalertNEWS",True,False,False,False
https://www.govinfosecurity.com/uk-insurer-recovering-from-ransomware-attack-a-16736,True,False,False,False
"https://www.healthcareitnews.com/news/emea/ireland-s-health-service-hit-significant-ransomware-attack;
https://www.zdnet.com/article/ransomware-we-wont-pay-ransom-says-ireland-after-attack-on-health-service/;
https://www.nytimes.com/2021/05/20/technology/ransomware-attack-ireland-hospitals.html;
https://www.healthcareitnews.com/news/post-ransomware-restoration-irelands-health-service-could-take-months-cost-600m",True,False,False,False
https://indianexpress.com/article/cities/mumbai/ransomware-attack-on-surveillance-firm-hackers-demand-rs-2-19-crore-for-release-of-confidential-data-7337273/,True,False,False,False
https://www.visaliatimesdelta.com/story/news/2022/05/18/look-back-ransomware-attack-visalia-unified-one-year-later/9748910002/,True,False,False,False
https://www.insidehighered.com/quicktakes/2021/05/24/ransomware-attack-takes-sierra-college-line,True,False,False,False
"https://www.stuff.co.nz/national/politics/125260696/waikato-dhb-cyber-attack-it-could-take-weeks-to-resurrect-nearly-700-computer-servers;
https://www.rnz.co.nz/news/national/443757/waikato-dhb-systems-restoration-timeframe-still-uncertain-after-ransomware-cyber-attack",True,False,False,False
https://www.hipaajournal.com/florida-heart-associates-operating-at-50-capacity-2-months-after-ransomware-attack/,True,False,False,False
https://www.zdnet.com/article/this-company-was-hit-with-ransomware-but-didnt-have-to-pay-up-heres-how-they-did-it/,True,False,False,False
https://www.hipaajournal.com/desert-wells-family-medicine-ransomware-attack-causes-permanent-loss-of-ehr-data/,True,False,False,False
https://www.wthr.com/article/news/local/eastern-hancock-school-district-falls-victim-to-ransomware-attack/531-173dbc3e-58ec-4be0-b0d6-0532de26eae2,True,False,False,False
https://www.theolympian.com/news/state/washington/article252532918.html,True,False,False,False
https://therecord.media/ransomware-attack-disrupts-a-range-of-services-in-a-new-jersey-county/,True,False,False,False
"https://www.databreaches.net/wa-clover-park-school-district-investigating-ransomware-attack/ ;
https://www.databreaches.net/update-clover-park-school-district-notifies-1583-impacted-by-ransomware-incident/",True,False,False,False
https://www.kget.com/news/local-news/california-city-computer-system-down-for-weeks-in-ransomware-attack-mayor/,True,False,False,False
https://www.wvnews.com/theet/news/city-of-bridgeport-working-with-leading-cybersecurity-experts-following-ransomware-attack/article_a8a29448-10a7-11ec-b821-a3c43e0fb887.html,True,False,False,False
https://www.abc.net.au/news/2021-05-06/qld-uniting-care-hack-revil-revealed/100118590; https://www.nbcnews.com/tech/security/meat-supplier-jbs-paid-ransomware-hackers-11-million-n1270271,True,False,False,False
https://marketresearchtelecast.com/switzerland-citizen-and-municipality-data-published-on-darknet/142498/,True,False,False,False
https://www.fox5dc.com/news/wssc-water-announces-investigation-into-may-ransomware-attack,True,False,False,False
https://www.villages-news.com/2021/06/27/electronic-medical-records-back-online-after-ransomware-attack-at-the-villages-hospital/,True,False,False,False
https://healthitsecurity.com/news/refuah-health-center-suffers-cybersecurity-incident-260k-impacted,True,False,False,False
https://www.bleepingcomputer.com/news/security/amd-investigates-ransomhouse-hack-claims-theft-of-450gb-data/,True,False,False,False
https://www.bleepingcomputer.com/news/security/fujifilm-shuts-down-network-after-suspected-ransomware-attack/,True,False,False,False
https://www.zdnet.com/article/constituent-platform-used-by-congress-hit-with-ransomware-as-nyc-faces-legal-department-hack/,True,False,False,False
https://tribalbusinessnews.com/sections/gaming/13546-on-guard-tribes-brace-for-ransomware-threats-across-all-operations,True,False,False,False
https://www.kltv.com/2021/12/10/students-personal-info-may-have-been-revealed-june-ransomware-attack-whitehouse-isd-officials-say/,True,False,False,False
"https://therecord.media/ransomware-attack-disrupts-massachusetts-ferries/ ; 
https://boston.cbslocal.com/2021/06/30/steamship-authority-ransomware-attack/
",True,False,False,False
https://therecord.media/live-streams-go-down-across-cox-radio-tv-stations-in-apparent-ransomware-attack/,True,False,False,False
https://edscoop.com/dmacc-resume-online-classes-ransomware/,True,False,False,False
https://www.pressherald.com/2021/06/15/freeport-town-computer-network-back-up-following-ransomware-attack/?rel=related,True,False,False,False
https://www.databreaches.net/booneville-and-lancaster-school-districts-dealing-with-alleged-cyberattacks/,True,False,False,False
https://www.bleepingcomputer.com/news/security/nokia-subsidiary-discloses-data-breach-after-conti-ransomware-attack/,True,False,False,False
"https://fox28media.com/news/local/st-josephscandler-hospital-ransomware-attack-remains-under-federal-investigation ;
https://healthitsecurity.com/news/st-josephs-candler-back-online-after-ransomware-attack",True,False,False,False
"https://www.tpr.org/education/2021-06-19/judson-isd-hit-by-suspected-ransomware-attack ;
https://www.tpr.org/education/2021-07-20/judson-isd-communication-systems-restored-effects-of-ransomware-attack-far-from-over",True,False,False,False
https://www.nwitimes.com/business/local/region-medical-office-targeted-in-ransomware-attack/article_89d12c4b-4479-5209-8c67-a32d35f56654.html,True,False,False,False
https://healthitsecurity.com/news/hospital-ransomware-attack-in-las-vegas-exposes-pii,True,False,False,False
https://www.databreaches.net/booneville-and-lancaster-school-districts-dealing-with-alleged-cyberattacks/,True,False,False,False
https://www.securityweek.com/rural-alabama-electric-cooperative-hit-ransomware-attack,True,False,False,False
https://www.thetitlereport.com/Articles/Highly-sophisticated-ransomware-attack-sidelines-C-82772.aspx,True,False,False,False
https://www.databreaches.net/il-ransomware-attack-on-israeli-it-company-impacts-more-than-100-customers-including-hospitals/,True,False,False,False
https://www.rnz.co.nz/news/national/449726/doc-s-aoraki-mount-cook-hit-by-ransomware-attack,True,False,False,False
"https://www.voanews.com/silicon-valley-technology/ransomware-hits-hundreds-us-companies-security-firm-says ;
https://www.aljazeera.com/news/2021/7/5/hackers-behind-massive-ransomware-attack-demand-70m ;
https://www.reuters.com/technology/florida-it-firm-says-ransomware-attack-didnt-harm-critical-infrastructure-2021-07-06/ ;
https://www.securityweek.com/kaseya-denies-paying-cybercriminals-who-launched-ransomware-attack",True,False,False,False
https://apnews.com/article/technology-business-maine-ae56182edb8fd072a885e562f10b24a0,True,False,False,False
https://www.pressherald.com/2021/07/09/york-veterinary-practice-hit-by-ransomware-attack/,True,False,False,False
https://whtc.com/2021/07/09/ransomware-attack-hits-swiss-consumer-outlet-comparis/,True,False,False,False
https://apnews.com/article/technology-business-health-coronavirus-pandemic-michael-brown-510ebc313dce8f3288c10a652a9998ed,True,False,False,False
https://www.standard.net/news/government/clearfield-target-of-ransomware-attack-official-says-city-now-up-and-running/article_861abbfa-d42b-5c00-8fe8-2b4ceb251cea.html,True,False,False,False
https://www.bleepingcomputer.com/news/security/ecuadors-state-run-cnt-telco-hit-by-ransomexx-ransomware/,True,False,False,False
https://www.timesunion.com/news/article/Emma-Willard-School-hit-by-ransomware-attack-16335948.php,True,False,False,False
"https://www.bbc.com/news/uk-england-57892711 ;
https://www.cybertalk.org/breaking-news-northern-trains-ticketing-system-derailed-by-ransomware-attack-2/",True,False,False,False
https://www.bloomberg.com/news/articles/2021-07-29/-death-kitty-ransomware-linked-to-attack-on-south-african-ports,True,False,False,False
https://portswigger.net/daily-swig/us-food-importer-atalanta-admits-ransomware-attack,True,False,False,False
"https://www.reuters.com/technology/accenture-restores-affected-systems-after-reported-ransomware-attack-2021-08-11/ ;
https://www.crn.com/news/security/accenture-issued-ransomware-warning-after-lockbit-attack",True,False,False,False
https://www.bleepingcomputer.com/news/security/ransomware-attack-hits-italys-lazio-region-affects-covid-19-site/,True,False,False,False
https://www.bleepingcomputer.com/news/security/japanese-insurer-tokio-marine-discloses-ransomware-attack/,True,False,False,False
https://www.bleepingcomputer.com/news/security/luxury-fashion-house-zegna-confirms-august-ransomware-attack/,True,False,False,False
https://www.bleepingcomputer.com/news/security/computer-hardware-giant-gigabyte-hit-by-ransomexx-ransomware/,True,False,False,False
https://web.archive.org/web/20250323171723/https://www.hipaajournal.com/settlement-agreed-to-resolve-ripta-ransomware-attack-lawsuit/,True,False,False,False
"https://www.indystar.com/story/news/health/2021/08/04/eskenazi-health-ransomware-attack/5489509001/ ;
https://healthitsecurity.com/news/healthcare-ransomware-attack-leads-to-ehr-downtime-in-in",True,False,False,False
https://www.moh.gov.sg/news-highlights/details/statement-on-cybersecurity-incident-at-eye-retina-surgeons,True,False,False,False
https://magicvalley.com/news/local/govt-and-politics/twin-falls-county-identifies-ransomware-as-source-of-computer-problems/article_db373df2-107c-5cb8-8fe8-ea8a03aa8d98.html,True,False,False,False
https://www.bankinfosecurity.com/ransomware-hits-brazilian-national-treasury-a-17318,True,False,False,False
"https://www.newsandsentinel.com/news/business/2021/08/memorial-health-system-experiences-ransomware-attack/ ;
https://www.beckershospitalreview.com/cybersecurity/memorial-health-expecting-weeklong-it-system-outage-from-ransomware-attack.html ;
https://www.bleepingcomputer.com/news/security/hive-ransomware-attacks-memorial-health-system-steals-patient-data/ ;
https://www.scmagazine.com/analysis/breach/patient-data-stolen-ahead-of-memorial-health-ransomware-attack-ehr-downtime",True,False,False,False
https://www.haaretz.com/israel-news/tech-news/.premium-cyberattack-on-israeli-university-data-being-erased-right-now-1.10119912,True,False,False,False
https://www.databreaches.net/missouri-delta-medical-center-silent-about-patient-data-dump-and-claimed-ransomware-attack/,True,False,False,False
https://www.zdnet.com/article/bangkok-airways-apologizes-for-passport-info-breach-as-lockbit-ransomware-group-threatens-release-of-more-data/,True,False,False,False
https://www.bleepingcomputer.com/news/security/boston-public-library-discloses-cyberattack-system-wide-technical-outage/,True,False,False,False
https://www.itworldcanada.com/article/northern-ontario-police-force-recovering-from-ransomware-attack/457701,True,False,False,False
https://www.zdnet.com/article/ransomware-groups-continue-assault-on-healthcare-orgs-as-covid-19-infections-increase/,True,False,False,False
https://www.finextra.com/blogposting/21501/cyber-attacks-and-credit-unions,True,False,False,False
https://www.bleepingcomputer.com/news/security/united-health-centers-ransomware-attack-claimed-by-vice-society/,True,False,False,False
https://www.ecr.co.za/news/news/justice-dept-systems-recovering-following-ransomware-attack/,True,False,False,False
https://www.databreaches.net/update-student-and-personnel-files-from-manhasset-union-free-school-district-appear-on-the-dark-web/,True,False,False,False
"https://www.infosecurity-magazine.com/news/ransomwareattack-hits-uk-fertility/ ;
https://www.theregister.com/2021/11/10/stor_a_file_ransomware_attack_solarwinds_serv_u/",True,False,False,False
https://healthitsecurity.com/news/law-enforcement-health-benefits-plan-ransomware-attack-impacts-85k,True,False,False,False
https://www.thehindu.com/news/cities/puducherry/jipmer-suspends-tele-consultation-following-ransomware-attack/article36312449.ece,True,False,False,False
https://techcrunch.com/2021/09/07/howard-university-cancels-classes-after-ransomware-attack/,True,False,False,False
https://www.altoonamirror.com/news/local-news/2023/06/awa-official-recounts-ransomware-attack/,True,False,False,False
https://www.reviewjournal.com/crime/las-vegas-cancer-center-notifies-patients-of-ransomware-attack-2470039/,True,False,False,False
https://www.computerweekly.com/news/252506615/Olympus-likely-victim-of-BlackMatter-ransomware,True,False,False,False
https://www.charlotteobserver.com/news/local/article257593403.html,True,False,False,False
https://krebsonsecurity.com/2021/09/customer-care-giant-ttec-hit-by-ransomware/,True,False,False,False
https://www.databreaches.net/va-greensville-county-public-schools-hit-by-grief-threat-actors/,True,False,False,False
https://www.thehindu.com/news/national/tamil-nadu/tn-public-dept-attacked-by-ransomware-sensitive-documents-encrypted/article36531408.ece,True,False,False,False
https://apnews.com/article/coronavirus-pandemic-technology-health-hacking-kansas-67b4cd58d0238a027a95607089c25b84,True,False,False,False
https://thehill.com/policy/cybersecurity/573082-agriculture-group-new-cooperative-hit-by-ransomware-attack,True,False,False,False
https://therecord.media/major-european-call-center-provider-goes-down-in-ransomware-attack/,True,False,False,False
"https://threatpost.com/crystal-valley-farm-coop-hit-with-ransomware/174928/ ; 
https://www.keyc.com/2021/09/27/business-resumes-crystal-valley-co-op-following-ransomware-attack/",True,False,False,False
https://www.concordmonitor.com/Coos-County-Family-Health-Services-shut-down-by-ransomware-attack-42670149,True,False,False,False
https://www.wfaa.com/article/news/local/allen-isd-personal-information-employees-hacked-september-2021/287-68bbc63f-586f-463c-a89e-1ed158da9f9b,True,False,False,False
https://www.bleepingcomputer.com/news/security/jvckenwood-hit-by-conti-ransomware-claiming-theft-of-15tb-data/,True,False,False,False
"https://www.cshub.com/attacks/articles/iotw-giant-pays-devastating-ransomware-attack-affects-lorry-drivers-and-more ; 
https://www.computerweekly.com/news/252507545/IR35-Giant-Group-cyber-attack-prompts-renewed-calls-for-statutory-regulation-of-umbrella-companies",True,False,False,False
https://www.ktre.com/2021/09/28/lufkin-isd-hit-by-ransomware-attack/,True,False,False,False
https://www.thewesterlysun.com/news/stonington/stonington-schools-investigating-apparent-ransomware-attack-on-district/article_aa2b20a0-1fde-11ec-a99e-7bb270896e14.html,True,False,False,False
"https://www.bleepingcomputer.com/news/security/sandhills-online-machinery-markets-shut-down-by-ransomware-attack/ ;
https://www.agweb.com/news/business/technology/popular-online-farm-equipment-and-land-auction-service-sites-crippled",True,False,False,False
https://www.insurancebusinessmag.com/ca/news/cyber/canadian-real-estate-company-slammed-by-ransomware-attack-315732.aspx,True,False,False,False
https://www.notebookcheck.net/Gigabyte-hit-by-ransomware-attack-NDA-d-information-and-customer-details-leak-out-with-hackers-threatening-worse.574681.0.html,True,False,False,False
https://www.techtarget.com/searchsecurity/news/252514185/February-ransomware-attacks-hit-major-enterprises,True,False,False,False
https://www.ktvb.com/article/news/local/valley-regional-transit-cyber-attack-against-vrt-put-personal-information-at-risk-ransomware/277-08c36381-d096-40d5-82b7-98460bcd70bc,True,False,False,False
https://wtop.com/maryland/2021/10/university-in-montgomery-co-confirms-ongoing-ransomware-attack/,True,False,False,False
https://www.freightwaves.com/news/marten-transport-discloses-cyberattack-warns-employee-data-could-be-at-risk,True,False,False,False
https://www.avclub.com/sorry-candy-corn-haters-itll-take-more-than-ransomwar-1847901566,True,False,False,False
https://www.reuters.com/world/us/planned-parenthoods-los-angeles-clinics-hit-by-ransomware-patient-data-stolen-2021-12-02/,True,False,False,False
"https://www.securityweek.com/israeli-hospital-targeted-ransomware-attack ;
https://www.timesofisrael.com/liveblog_entry/hadera-hospital-back-to-work-over-month-after-cyberattack/",True,False,False,False
https://www.bleepingcomputer.com/news/security/suspected-chinese-hackers-behind-attacks-on-ten-israeli-hospitals/,True,False,False,False
"https://www.securityweek.com/sinclair-hit-ransomware-attack-tv-stations-disrupted ;
https://www.cybersecuritydive.com/news/sinclair-ransomware-attack-costs-insurance/619926/",True,False,False,False
https://ottawacitizen.com/news/local-news/kemptville-hospital-emergency-department-closed-after-it-disruption,True,False,False,False
"https://www.bloomberg.com/news/articles/2021-10-27/papua-new-guinea-s-finance-department-hit-with-ransomware-attack ; 
https://www.cpomagazine.com/cyber-security/ransomware-attack-on-papua-new-guinea-government-freezes-much-needed-foreign-aid/",True,False,False,False
https://therecord.media/workers-sent-home-after-ransomware-attack-on-major-automotive-parts-manufacturer/,True,False,False,False
https://www.nbc15.com/2021/10/25/janesville-school-district-hit-by-ransomware-attack/,True,False,False,False
https://www.jdsupra.com/legalnews/valent-u-s-a-llc-announces-data-breach-5375329/,True,False,False,False
https://toronto.citynews.ca/2021/10/29/ttc-says-it-was-the-victim-of-ransomware-attack/,True,False,False,False
https://www.bleepingcomputer.com/news/security/uk-labour-party-discloses-data-breach-after-ransomware-attack/,True,False,False,False
https://www.bleepingcomputer.com/news/security/canadian-province-health-care-system-disrupted-by-cyberattack/,True,False,False,False
"https://english.kyodonews.net/news/2022/10/dd4334604720-russian-hackers-say-japan-hospital-paid-30000-in-ransomware-attack.html
https://web.archive.org/web/20220124071952/https://nationalcybersecuritynews.today/ransomware-attack-forced-tokushima-hospital-to-halt-operations-for-two-months-malware-ransomware/",True,False,False,False
"https://www.associatesindermatology.com/wp-content/uploads/2023/03/AID-Substitute-Notice281156402.1.pdf
https://www.hipaajournal.com/ocr-settlement-ransomware-risk-analysis-virtual-private-network-solutions/",True,False,False,False
https://www.bleepingcomputer.com/news/security/marine-services-provider-swire-pacific-offshore-hit-by-ransomware/,True,False,False,False
https://www.autoevolution.com/news/ransomware-group-claims-volvo-attack-screenshots-of-the-stolen-files-released-176312.html,True,False,False,False
https://www.lemagit.fr/actualites/252510274/Ransomware-lespagnol-Correos-apparait-aux-prises-avec-Hive,True,False,False,False
https://www.bleepingcomputer.com/news/security/mediamarkt-hit-by-hive-ransomware-initial-240-million-ransom/,True,False,False,False
https://www.cpomagazine.com/cyber-security/colorado-energy-company-suffered-a-cyber-attack-destroying-25-years-of-data-and-shut-down-internal-controls/,True,False,False,False
https://www.databreaches.net/cyber-%e2%80%8b%e2%80%8battack-on-kisters-ag-by-orchestrated-ransomware-attack/,True,False,False,False
https://www.zdnet.com/article/south-australian-government-employee-data-taken-in-frontier-software-ransomware-attack/,True,False,False,False
https://www.globenewswire.com/news-release/2021/11/24/2340869/19871/en/Supernus-Pharmaceuticals-Targeted-in-Ransomware-Incident.html,True,False,False,False
"https://www.reuters.com/technology/vestas-close-normal-operations-after-ransomware-attack-2021-11-29/ ;
https://www.reuters.com/markets/europe/vestas-data-compromised-by-cyber-attack-2021-11-22/",True,False,False,False
"https://www.msspalert.com/cybersecurity-breaches-and-attacks/ransomware/lewis-and-clark-college-recovery-updates/ ;
https://wlds.com/lewis-clark-remains-closed-after-ransomware-attack/",True,False,False,False
"https://butlerradio.com/bc3-cooperating-with-fbi-after-ransomware-attack/ ;
https://www.connectradio.fm/2021/12/01/bc3-in-brockway-will-resume-classes-dec-6-after-ransomware-attack/ ;
https://butlerradio.com/bc3-provides-more-details-on-ransomware-attack/",True,False,False,False
"https://www.hipaajournal.com/ocr-first-financial-penalty-hipaa-risk-analysis-enforcement-initiative/
",True,False,False,False
"https://www.zdnet.com/article/queensland-government-energy-generator-says-ransomware-attack-not-state-based/ ;
https://www.csenergy.com.au/news/cs-energy-responds-to-cyber-security-incident",True,False,False,False
https://www.jdsupra.com/legalnews/central-licensing-bureau-inc-falls-7910922/,True,False,False,False
https://www.huntonak.com/privacy-and-information-security-law/sec-charges-r-r-donnelley-for-ransomware-attack-response,True,False,False,False
https://www.zdnet.com/article/two-ransomware-gangs-hacked-the-same-target-at-the-same-time-heres-what-happened-next/,True,False,False,False
https://www.cornwallseawaynews.com/2021/12/04/ransomware-attack-hits-french-public-school-board/,True,False,False,False
https://www.bleepingcomputer.com/news/security/indonesias-central-bank-confirms-ransomware-attack-conti-leaks-data/,True,False,False,False
https://bankautomationnews.com/allposts/risk-security/new-ransomware-white-rabbit-targets-us-bank/,True,False,False,False
https://www.govtech.com/security/honolulu-cio-ransomware-didnt-affect-city-county-networks,True,False,False,False
https://www.local10.com/news/local/2022/01/20/pembroke-pines-hit-by-ransomware-attack-city-says/,True,False,False,False
https://www.chcwm.com/wp-content/uploads/2022/03/25674955_5-CHCWM-WebNotification.pdf,True,False,False,False
https://www.bleepingcomputer.com/news/security/lincoln-college-to-close-after-157-years-due-ransomware-attack/,True,False,False,False
https://www.bleepingcomputer.com/news/security/ransomware-attack-exposes-data-of-500-000-chicago-students/,True,False,False,False
https://www.scmagazine.com/analysis/ransomware/another-1-3m-patients-added-to-data-breach-tally-of-ransomware-attack-on-eye-care-leaders,True,False,False,False
https://www.bleepingcomputer.com/news/security/nordic-choice-hotels-hit-by-conti-ransomware-no-ransom-demand-yet/,True,False,False,False
https://riverheadlocal.com/2021/12/03/riverhead-schools-hit-by-ransomware-attack-shutting-down-computer-and-tech-infrastructure/,True,False,False,False
https://www.infosecurity-magazine.com/news/conti-encrypts-karma-ransomware/,True,False,False,False
"https://baltimore.cbslocal.com/2022/01/12/maryland-department-of-health-confirms-ransomware-attack-caused-disruption-in-covid-19-data-last-month/ ;
https://www.marylandmatters.org/2022/01/12/attack-on-health-dept-computers-was-ransomware-hogan-and-cyber-czar-acknowledge/",True,False,False,False
https://www.wbir.com/article/tech/pellissippi-state-ransomware-attack-info-compromised/51-8ca23b29-a76b-4f08-922e-3d2adbdc9f85,True,False,False,False
https://www.dutchnews.nl/news/2021/12/ransomware-hackers-release-39000-internal-government-files/,True,False,False,False
https://news.sky.com/story/supermarket-spar-forced-to-close-stores-due-to-cyber-attack-12488466,True,False,False,False
https://www.insurancebusinessmag.com/ca/news/cyber/canadian-establishment-continues-to-be-harassed-by-snatch-ransomware-group-323718.aspx,True,False,False,False
https://therecord.media/new-york-attorney-general-fines-radiology-firm-after-ransomware-attack,True,False,False,False
https://www.bleepingcomputer.com/news/security/logistics-giant-warns-of-bec-emails-following-ransomware-attack/,True,False,False,False
https://www.zdnet.com/article/brazilian-ministry-of-health-suffers-cyberattack-and-covid-19-vaccination-data-vanishes/,True,False,False,False
https://www.wavy.com/news/virginia/officials-virginia-state-agency-hit-with-ransomware-attack/,True,False,False,False
https://www.hipaajournal.com/four-healthcare-providers-hit-with-ransomware-attacks/,True,False,False,False
https://www.theregister.com/2021/12/13/ultimate_kronos_group_ransomware_attack/; https://www.shrm.org/resourcesandtools/hr-topics/technology/pages/concerns-linger-following-ukg-ransomware-attack.aspx,True,False,False,False
https://www.bleepingcomputer.com/news/security/mcmenamins-breweries-hit-by-a-conti-ransomware-attack/,True,False,False,False
https://www.zdnet.com/article/billion-dollar-natural-gas-supplier-superior-plus-hit-with-ransomware/,True,False,False,False
https://www.irishtimes.com/business/technology/coombe-hospital-services-continuing-as-normal-after-cyberattack-1.4756968,True,False,False,False
https://www.bleepingcomputer.com/news/security/global-it-services-provider-inetum-hit-by-ransomware-attack/,True,False,False,False
https://www.beckershospitalreview.com/cybersecurity/most-of-compugroup-medical-s-systems-back-online-after-ransomware-attack.html,True,False,False,False
https://www.hipaajournal.com/four-healthcare-providers-hit-with-ransomware-attacks/,True,False,False,False
https://www.bleepingcomputer.com/news/security/fashion-giant-moncler-confirms-data-breach-after-ransomware-attack/,True,False,False,False
https://www.nwahomepage.com/news/crawford-county-reeling-from-ransomware-cyberattack/,True,False,False,False
https://www.bleepingcomputer.com/news/security/doppelpaymer-hacked-bretagne-t-l-com-using-the-citrix-adc-flaw/,True,False,False,False
https://securityboulevard.com/2020/01/ransomware-infects-main-server-of-large-insurance-company-in-oman/,True,False,False,False
https://www.bankinfosecurity.com/ransomware-attack-hit-us-natural-gas-facility-a-13740,True,False,False,False
https://www.cshub.com/attacks/articles/incident-of-the-week-defense-electronics-manufacturer-cpi-succumbs-to-ransomware-demands,True,False,False,False
https://www.cybersecurity-insiders.com/hackers-demand-50-million-bitcoins-ransom-from-wipro-for-cyber-attack/,True,False,False,False
https://www.keizertimes.com/posts/2427/keizer-was-one-of-many-cyber-attack-victims-in-2020,True,False,False,False
https://krcrtv.com/news/deprecated-butte-county/enloes-clinic-programs-restored-after-ransomware-incident,True,False,False,False
https://www.mercurynews.com/2020/01/29/contra-costa-library-system-hopeful-for-full-recovery-this-week-from-ransomware-attack/,True,False,False,False
https://www.infosecurity-magazine.com/news/us-staffing-firm-hit-by-ransomware/,True,False,False,False
https://leaderpost.com/news/local-news/ehealth-saskatchewan-hit-by-ransomware-attack-but-private-records-not-compromised,True,False,False,False
https://www.govtech.com/security/Ryuk-Ransomware-behind-Attack-on-Florida-Library-System.html,True,False,False,False
https://www.krwg.org/post/new-mexico-prc-website-hit-ransomware-attack,True,False,False,False
https://www.bakersfield.com/news/panama-buena-vista-union-school-district-hit-with-ransomware-attack/article_fee6e6dc-3661-11ea-85d8-83830fa0dd35.html,True,False,False,False
https://www.ibtimes.sg/cyber-security-another-similar-ransomware-attack-hits-new-orleans-37853,True,False,False,False
https://www.spotlightnews.com/news/2020/01/17/town-of-colonie-got-hacked-looks-to-avoid-paying-ransomware-demand-of-about-400000/,True,False,False,False
https://www.bleepingcomputer.com/news/security/city-of-potsdam-servers-offline-following-cyberattack/,True,False,False,False
https://www.enr.com/articles/48637-bouygues-construction-unit-gradually-recovering-after-ransomware-attack,True,False,False,False
https://www.crn.com/slide-shows/security/the-11-biggest-ransomware-attacks-of-2020-so-far-/4; https://www.kptv.com/news/tillamook-county-still-working-through-ransomware-attack-on-computer-system/article_bd4482cc-43cf-11ea-8bfb-8fcb8b465147.html; https://www.columbian.com/news/2020/jan/29/county-computers-still-down-week-after-ransomware-attack/,True,False,False,False
https://www.cisomag.com/ransomware-tampa-bay-times/,True,False,False,False
https://www.infosecurity-magazine.com/news/us-defense-contractor-hit-by-ryuk/,True,False,False,False
https://www.nwherald.com/2020/01/27/district-155-network-monitoring-systems-infected-with-ransomware-superintendent-says/ah2in7g/,True,False,False,False
https://healthitsecurity.com/news/ransomware-attack-on-brandywine-urology-impacts-131k-patients,True,False,False,False
https://www.forbes.com/sites/samcurry/2020/01/27/ransomware-strikes-again-using-peacetime-to-prepare-for-crisis/#43068acd61cf,True,False,False,False
https://www.cisomag.com/u-s-railworks-corp-reports-data-breach-post-ransomware-attack/,True,False,False,False
https://www.wbay.com/content/news/Oshkosh-city-services-returning-after-ransomware-attack-567597171.html,True,False,False,False
https://www.news-herald.com/news/lakeland-community-college-hit-by-ransomware-attack/article_493d2b36-4217-11ea-8da3-b3bcdecf192a.html,True,False,False,False
https://www.losaltosonline.com/news/sections/schools/209-school-news/61838-ransomware-attack-continues-to-impact-mvla,True,False,False,False
https://firststateupdate.com/2020/07/dovers-mid-delaware-imaging-hit-by-ransomware-attack-warns-of-possible-data-breach/,True,False,False,False
https://www.bleepingcomputer.com/news/security/new-ransomware-strain-halts-toll-group-deliveries/; https://www.msspalert.com/cybersecurity-breaches-and-attacks/ransomware/toll-group-hacked-twice/;https://www.zdnet.com/article/toll-restoring-services-following-ransomware-attack/; https://www.zdnet.com/article/toll-restoring-services-following-ransomware-attack/,True,False,False,False
https://www.usnews.com/news/best-states/new-mexico/articles/2020-03-21/new-mexico-agencies-on-edge-amid-rising-ransomware-attacks; https://www.crn.com/slide-shows/security/the-11-biggest-ransomware-attacks-of-2020-so-far-/2,True,False,False,False
https://www.defenseone.com/threats/2020/03/key-defense-supplier-hit-ransomware/163462/,True,False,False,False
https://securityboulevard.com/2020/03/maze-ransomware-continues-to-hit-healthcare-units-amid-coronavirus-covid-19-outbreak/,True,False,False,False
https://www.infosecurity-magazine.com/news/alleged-affordacare-patient-data/,True,False,False,False
http://www.cutoday.info/Fresh-Today/A-CU-Collections-Company-Is-Allegedly-Hacked,True,False,False,False
https://www.cisomag.com/ryuk-ransomware-campaign-targets-port-lavaca-city-hall/,True,False,False,False
https://www.usnews.com/news/best-states/new-mexico/articles/2020-03-21/new-mexico-agencies-on-edge-amid-rising-ransomware-attacks,True,False,False,False
https://www.scmagazine.com/home/security-news/ransomware/a-tail-of-two-ransomware-attacks/,True,False,False,False
https://www.foxcarolina.com/news/spartanburg-school-district-one-s-computer-network-hit-by-ransomware/article_956ac850-5ca8-11ea-8c50-a3d1edf33905.html,True,False,False,False
https://www.cisomag.com/miami-beach-police-department-suffers-ransomware-attack/,True,False,False,False
https://missoulacurrent.com/business/2020/02/ransomware-havre-schools/,True,False,False,False
https://www.ajc.com/news/local/rockdale-water-customers-can-make-payments-again-after-ransomware-attack/4GshKfGFW0w8yjCOh376SM/,True,False,False,False
https://www.theguardian.com/technology/2020/feb/27/redcar-and-cleveland-council-hit-by-cyber-attack,True,False,False,False
https://www.bbc.com/news/uk-england-tees-52521769; https://www.computing.co.uk/news/4014738/redcar-cleveland-council-running-ransomware-attack,True,False,False,False
https://www.cbs19.tv/article/news/east-texas-agencies-targeted-by-ransomware-attacks/501-e9abbd12-b82f-4e67-aa46-a56051f01fc6,True,False,False,False
https://www.wkbw.com/news/local-news/niagara-university-email-servers-attacked-by-ransomware,True,False,False,False
https://journalstar.com/business/local/lincoln-s-nrc-health-latest-company-to-be-hit-by/article_3d6a00b0-bdf4-5ec2-a99c-609776c27a05.html,True,False,False,False
https://www.cbs19.tv/article/news/east-texas-agencies-targeted-by-ransomware-attacks/501-e9abbd12-b82f-4e67-aa46-a56051f01fc6,True,False,False,False
https://www.infosecurity-magazine.com/news/ransomware-attack-on-medical/,True,False,False,False
https://healthitsecurity.com/news/ransomware-attack-on-brandywine-urology-impacts-131k-patients,True,False,False,False
https://www.6pr.com.au/podcast/company-with-perth-office-under-30m-ransomware-attack-from-cyber-criminals/; https://www.fullyloaded.com.au/industry-news/2003/new-ransomware-attack-spurs-wa-consumer-protection-warning,True,False,False,False
https://www.zdnet.com/article/ryuk-ransomware-hits-fortune-500-company-emcor/,True,False,False,False
https://www.computerweekly.com/news/252478890/Facilities-firm-ISS-World-crippled-by-ransomware-attack,True,False,False,False
https://www.wowt.com/content/news/City-of-Wayne-falls-victim-to-ransomware-cyber-attack-568086991.html,True,False,False,False
https://www.infosecurity-magazine.com/news/ransomware-attack-at-us-power/,True,False,False,False
https://www.bicycleretailer.com/industry-news/2020/02/25/khs-bicycles-systems-hacked-distributor-halts-shipments#.YJrvRuhKg2x,True,False,False,False
https://week.com/2020/03/02/ransomware-attack-affecting-lasalle-countys-technology/,True,False,False,False
https://www.insurancebusinessmag.com/ca/news/cyber/ransomware-attack-on-pei-government-servers-cost-taxpayers-over-900k-226981.aspx; https://www.cbc.ca/news/canada/prince-edward-island/pei-data-breach-documents-leaked-malware-2020-1.5484389; https://www.cbc.ca/news/canada/prince-edward-island/pei-ransomware-attack-costs-1.5636485,True,False,False,False
https://www.kxii.com/content/news/Grayson-Co-systems-offline-due-to-cyber-security-threat-investigation-568142731.html,True,False,False,False
https://insurancenewsnet.com/oarticle/penncrest-officials-cyber-attack-in-february-has-been-resolved#.XrBkyqhKg2x,True,False,False,False
https://www.squamishchief.com/news/local-news/too-soon-to-say-if-ransomware-attack-did-damage-it-experts-1.24094799,True,False,False,False
https://www.beckershospitalreview.com/cybersecurity/new-york-health-system-back-online-following-ransomware-shutdown.html,True,False,False,False
https://www.casino-review.co/computer-systems-ransomware-hack-vegas/,True,False,False,False
https://www.casino-review.co/computer-systems-ransomware-hack-vegas/,True,False,False,False
https://www.bleepingcomputer.com/news/security/ryuk-ransomware-attacked-epiq-global-via-trickbot-infection/; https://www.lawsitesblog.com/2020/04/reports-say-epiq-has-laid-off-some-200-employees-in-wake-of-ransomware-attack.html,True,False,False,False
https://techxplore.com/news/2020-03-ransomware-sheep-farmers-room-woolly.html; https://www.examiner.com.au/story/6667087/wool-sales-recover-from-cyber-attack/?cs=95,True,False,False,False
"https://www.dailynews.com/2020/04/25/hackers-stole-sensitive-information-in-torrance-cyberattack/, https://www.2-spyware.com/doppelpaymer-attacks-the-city-of-torrance-100-btc-ransom-expected",True,False,False,False
https://www.infosecurity-magazine.com/news/celebrity-data-stolen-in/; https://nakedsecurity.sophos.com/2020/03/23/stolen-data-of-company-that-refused-revil-ransom-payment-now-on-sale/,True,False,False,False
https://www.itwire.com/security/attackers-use-revil-ransomware-to-hit-texas-retirement-specialist.html; https://kirbyidau.com/2020/03/25/incident-melbourne-it-services-firm-geidi-hit-by-revil-ransomware-itwire/,True,False,False,False
https://www.utilitydive.com/news/ameren-missouri-supplier-hit-by-ransomware-attack-amid-growing-concern-for/574823/,True,False,False,False
https://www.cpomagazine.com/cyber-security/security-blueprints-of-heavily-guarded-companies-leaked-after-ransomware-attack-on-swedish-firm/,True,False,False,False
https://www.keranews.org/post/fort-worth-isd-hacked-joining-other-texas-schools-towns-hit-ransomware-attacks,True,False,False,False
https://techcrunch.com/2020/03/26/kimchuk-medical-military-ransomware/,True,False,False,False
https://www.bleepingcomputer.com/news/security/ryuk-ransomware-behind-durham-north-carolina-cyberattack/; https://securityintelligence.com/news/durham-north-carolina-shuts-down-phone-system-following-ryuk-ransomware-attack/,True,False,False,False
https://www.msspalert.com/cybersecurity-breaches-and-attacks/ransomware/maze-vt-san-antonio-aerospace/; https://www.bleepingcomputer.com/news/security/us-aerospace-services-provider-breached-by-maze-ransomware/,True,False,False,False
https://www.burke.k12.nc.us/about_us/recent_news/b_c_p_s_targeted_in_cyber_threat,True,False,False,False
"https://www.beckershospitalreview.com/cybersecurity/illinois-public-health-website-shut-down-in-ransomware-attack.html, https://gcn.com/articles/2020/04/17/health-care-ransomware-targets.aspx",True,False,False,False
https://www.kshb.com/news/local-news/mcckc-falls-victim-to-ransomware-attack,True,False,False,False
https://www.darkreading.com/attacks-breaches/biopharmaceutical-firm-suffers-ransomware-attack-data-dump/d/d-id/1337673; https://techcrunch.com/2020/04/27/execupharm-clop-ransomware/; https://www.bleepingcomputer.com/news/security/clop-ransomware-leaks-execupharms-files-after-failed-ransom/,True,False,False,False
https://www.msspalert.com/cybersecurity-breaches-and-attacks/ransomware/hackers-hit-cononavirus-biotech-researchers/,True,False,False,False
https://hotforsecurity.bitdefender.com/blog/mysterious-cyberattack-cripples-czech-hospital-amid-covid-19-outbreak-22566.html,True,False,False,False
https://www.solutions-numeriques.com/marseille-et-sa-metropole-affectees-depuis-un-mois-le-ransomware-mespinoza-pysa-sans-outil-de-dechiffrement/,True,False,False,False
https://www.ciodive.com/news/medical-company-coronavirus-ransomware/574653/,True,False,False,False
http://www.jamaicaobserver.com/latestnews/Police_investigate_ransomware_attack_at_Jamaica_National,True,False,False,False
https://www.csoonline.com/article/3533454/ransomware-strikes-aussie-freight-firm-henning-harders.html,True,False,False,False
https://healthitsecurity.com/news/hackers-access-phi-during-mat-su-surgical-ransomware-attack,True,False,False,False
https://www.alleghany.k12.nc.us/site/default.aspx?PageType=3&DomainID=4&ModuleInstanceID=29&ViewID=6446EE88-D30C-497E-9316-3F8874B3E108&RenderLoc=0&FlexDataID=5089&PageID=1,True,False,False,False
https://healthitsecurity.com/news/hackers-access-phi-during-mat-su-surgical-ransomware-attack,True,False,False,False
https://njbiz.com/moorestown-vna-hit-ransomware-attack/,True,False,False,False
https://www.crowdfundinsider.com/2020/03/159107-security-alert-uk-fintech-finastra-experiences-ransomware-attack-takes-some-servers-offline/; https://www.bloomberg.com/news/articles/2020-04-08/how-finastra-survived-a-ransomware-attack-without-paying-ransom,True,False,False,False
"https://www.msspalert.com/cybersecurity-breaches-and-attacks/ransomware/sodinokibi-attacks-florida-towns-digital-services/, https://www.palmbeachpost.com/news/20200410/coronavirus-florida-jupiter-web-services-back-after-ransomware-attack",True,False,False,False
https://healthitsecurity.com/news/ransomware-attack-on-magellan-health-results-in-data-exfiltration; https://drdanielbendetowicz.com/data-security-incident/,True,False,False,False
https://cointelegraph.com/news/online-fantasy-sports-company-recognizes-ransomware-attack-in-sec-filing,True,False,False,False
https://www.citizen-times.com/story/news/local/2020/08/28/ransomware-cyberattacks-nc-schools-rise-during-covid-19-pandemic/5644879002/,True,False,False,False
https://www.teiss.co.uk/chubb-ransomware-attack/,True,False,False,False
"https://www.itwire.com/security/algerian-petroleum-jv-hit-by-maze-ransomware,-data-posted-online.html",True,False,False,False
https://www.bleepingcomputer.com/news/security/ragnarlocker-ransomware-hits-edp-energy-giant-asks-for-10m/,True,False,False,False
https://threatpost.com/double-extortion-ransomware-attacks-spike/154818/,True,False,False,False
https://www.bleepingcomputer.com/news/security/leading-us-video-delivery-provider-confirms-ransomware-attack/,True,False,False,False
https://www.bizjournals.com/sanfrancisco/news/2020/04/02/ransomware-hackers-10x-genomics-bio-rad.html,True,False,False,False
https://www.ibtimes.sg/maze-ransomware-operators-create-havoc-by-leveraging-attack-two-us-based-enterprises-44729,True,False,False,False
https://www.feednavigator.com/Article/2020/07/01/Danish-Agro-almost-back-to-normal-after-April-ransomware-attack,True,False,False,False
https://www.thecanary.co/discovery/analysis-discovery/2020/06/02/criminal-organisation-carries-out-a-ransomware-attack-on-a-600m-company-owned-by-kent-county-council/,True,False,False,False
https://cybleinc.com/2020/05/09/maze-ransomware-operators-targets-southwestern-wire-an-american-based-wire-manufacturing-enterprise/?__cf_chl_jschl_tk__=f57f010494338fc7bee2e6368b4156c84ab2dd9f-1589082851-0-AfrvsPDPi7l6GwrfHq-VVF3sjQpokr4XdP8uzY94awkbL07pUWVW0ykbJ8lCGDYuIVOWycNR9AgZtwHbu2qVHLwgEBHjeVkFj-bTPbAvOmGI7545Ps95vhML_jYNpkCJJeVZNvcXMbw6hVpzjYxfnrKiwlGDI5h5lpITCZMZhyl4NhP3szfNBHFJtV8E4RhLEmELfFOVfEqR860ziLP3lFNjmN9y9nX3Ozymzd9kEUDGPesIAlUJYXeEM79wGRb3QctwS3cAGDnyywZHVQqN3acWIZ8s3eYmKX-kzSK3w1JhUmHDSsmetgSi-QLbgeFa4h2BKiv70Ork0Rq3PTV8gp6XnN8Rnr_ghSy6LtetoICtXUlkGaqZjO-Xi_3Ef6PkqZLwls_zHb57-KSgWydH6FZRCKLpiAKOIKdpBUUiS4vJ,True,False,False,False
https://www.newschannel5.com/news/coffee-co-jail-target-of-ransomware-attack[; https://www.tullahomanews.com/news/local/ransomware-attack-prompts-updated-jail-software/article_f5235b6a-c06f-11ea-ba1f-836f69430c23.html,True,False,False,False
https://www.theheraldtimes.com/rdh-suffers-ransomware-attack/rangely/,True,False,False,False
https://www.floridaortho.com/florida-orthopaedic-institute-notifies-consumers-of-data-security-incident/; https://www.thecentersquare.com/florida/florida-lawsuit-offers-glimpse-into-estimated-1-4b-ransomware-toll-on-u-s-businesses/article_18904a64-c097-11ea-b307-c7486c456a7f.html,True,False,False,False
https://www.fox43.com/article/news/crime/borough-of-duncannon-says-it-was-the-victim-of-ransomware-attack-last-month/521-6fe873fd-1e29-4e7c-b227-44a8bcad6609,True,False,False,False
https://healthitsecurity.com/news/ransomware-attack-on-magellan-health-results-in-data-exfiltration,True,False,False,False
https://www.onlineathens.com/news/20200710/patient-data-was-potentially-compromised-after-ransomware-attack-on-st-maryrsquos-health-care-contractor,True,False,False,False
https://www.msspalert.com/cybersecurity-breaches-and-attacks/ransomware/attacks-new-orleans-government-agency/,True,False,False,False
https://news.cognizant.com/2020-04-18-cognizant-security-update; https://www.msspalert.com/cybersecurity-breaches-and-attacks/ransomware/cognizant-status-update/; https://www.crn.com/news/channel-programs/cognizant-says-maze-ransomware-attackers-hijacked-tax-id-social-security-passport-data; https://www.oodaloop.com/briefs/2020/06/18/it-giant-cognizant-confirms-data-breach-after-ransomware-attack/,True,False,False,False
https://www.reuters.com/article/us-czech-cyber-usa/u-s-says-concerned-by-threat-of-cyber-attack-against-czech-republic-healthcare-idUSKBN22000J,True,False,False,False
https://www.dallasnews.com/news/politics/2021/03/05/terminated-texas-medicaid-subcontractor-dumped-after-data-breach-in-ransomware-attack-from-russia/,True,False,False,False
https://cointelegraph.com/news/colorado-hospital-patient-information-system-hit-by-crypto-ransomware,True,False,False,False
https://www.northernpublicradio.org/post/ransomware-attack-shuts-down-illinois-valley-community-college-servers,True,False,False,False
https://www.freightwaves.com/news/ransomware-attack-hits-massachusetts-trucking-company,True,False,False,False
https://krebsonsecurity.com/2020/05/ransomware-hit-atm-giant-diebold-nixdorf/,True,False,False,False
https://www.wkrn.com/news/local-news/lawrence-county-911-center-attacked-by-ransomware/,True,False,False,False
https://statescoop.com/north-dakota-government-fiber-provider-hit-maze-ransomware/; https://www.kfyrtv.com/content/news/DCN-hacked-by-national-ransomware-gang-customers-not-affected-570249721.html,True,False,False,False
https://cabinradio.ca/36092/news/nwt-power-corporation-confirms-ransomware-attack/; https://cklbradio.com/2020/05/21/ntpc-website-still-down-after-ransomware-attack/; https://www.cbc.ca/news/canada/north/ntpc-website-restored-ransomware-1.5614495,True,False,False,False
https://cointelegraph.com/news/egg-producers-data-poached-by-ransomware-will-they-shell-out-bitcoin,True,False,False,False
https://cointelegraph.com/news/ransomware-hackers-threaten-to-release-credit-card-data-from-costa-rican-bank; https://www.bankinfosecurity.com/ransomware-gang-posting-financial-details-from-attack-a-14335,True,False,False,False
https://cointelegraph.com/news/ransomware-attack-kidnaps-austrian-city,True,False,False,False
https://www.zdnet.com/article/this-company-was-hit-with-ransomware-heres-what-they-did-next-and-why-they-didnt-pay-up/,True,False,False,False
https://www.afr.com/technology/port-kembla-steelworks-hit-as-bluescope-cyber-attack-bites-20200515-p54tb9,True,False,False,False
https://www.insurancejournal.com/news/international/2020/06/09/571495.htm,True,False,False,False
https://www.zdnet.com/article/cloud-provider-stopped-ransomware-attack-but-had-to-pay-ransom-demand-anyway/,True,False,False,False
https://cointelegraph.com/news/university-of-york-confirms-recent-data-breach-was-caused-by-ransomware,True,False,False,False
https://www.msspalert.com/cybersecurity-breaches-and-attacks/ransomware/revil-hits-food-distributors/,True,False,False,False
https://www.msspalert.com/cybersecurity-breaches-and-attacks/ransomware/revil-hits-food-distributors/,True,False,False,False
https://krebsonsecurity.com/2020/05/europes-largest-private-hospital-operator-fresenius-hit-by-ransomware/,True,False,False,False
https://focustaiwan.tw/sci-tech/202005050025,True,False,False,False
https://www.cyberscoop.com/cpc-corp-ransomware-attack-taiwan-trend-micro/; https://focustaiwan.tw/sci-tech/202005050025,True,False,False,False
https://focustaiwan.tw/sci-tech/202005050025,True,False,False,False
https://cointelegraph.com/news/maze-ransomware-group-hacks-two-plastic-surgeons; https://www.beckershospitalreview.com/cybersecurity/ransomware-attackers-hit-2-providers-post-patient-information-and-photos-online-5-details.html,True,False,False,False
https://cointelegraph.com/news/maze-ransomware-group-hacks-two-plastic-surgeons; https://www.beckershospitalreview.com/cybersecurity/ransomware-attackers-hit-2-providers-post-patient-information-and-photos-online-5-details.html,True,False,False,False
https://www.zdnet.com/article/transport-logistics-firm-toll-group-hit-by-ransomware-for-the-second-time-in-three-months/; https://www.itnews.com.au/news/toll-group-may-have-lost-over-200gb-of-data-in-ransomware-attack-548362; https://ia.acs.org.au/article/2020/toll-group-staff-data-exposed.html,True,False,False,False
https://statescoop.com/ransomware-unemployment-fraud-washington-linked-health-care/,True,False,False,False
https://www.itwire.com/security/sydney-strata-management-firm-strata-plus-hit-by-maze-ransomware.html; https://itwire.com/security/huge-belgian-accounting-firm-hlb-hit-by-maze-ransomware.html; https://www.itwire.com/security/huge-belgian-accounting-firm-hlb-hit-by-maze-ransomware.html,True,False,False,False
https://www.bleepingcomputer.com/news/security/rail-vehicle-manufacturer-stadler-hit-by-cyberattack-blackmailed/,True,False,False,False
https://www.law.com/texaslawyer/2020/05/11/ransomware-hack-disables-texas-supreme-courts-website/?slreturn=20200501144944; https://www.law.com/texaslawyer/2020/07/10/texas-appellate-courts-almost-back-online-after-ransomware-attack/?slreturn=20200823160031,True,False,False,False
https://www.bleepingcomputer.com/news/security/ransomware-locks-down-the-nipissing-first-nation/,True,False,False,False
https://www.itwire.com/security/global-tech-firm-pitney-bowes-hit-by-maze-ransomware.; https://www.zdnet.com/article/package-delivery-giant-pitney-bowes-confirms-second-ransomware-attack-in-7-months/,True,False,False,False
https://www.tapinto.net/towns/basking-ridge/sections/business-and-finance/articles/probe-continues-into-ransomware-attack-on-township-system-network-on-around-the-clock-basis; https://www.newjerseyhills.com/bernardsville_news/news/ransomware-attack-draws-questions-in-bernards-township/article_97310b6c-07b3-56e3-acf4-360d0baabbe5.html,True,False,False,False
https://www.fox7austin.com/news/txdot-reports-ransomware-attack-on-agency-network; https://www.scmagazine.com/home/security-news/ransomware/netwalker-ransomware-group-claims-attack-on-fort-worth-transportation-agency/,True,False,False,False
https://www.current-news.co.uk/news/elexon-files-posted-online-following-mays-ransomware-attack,True,False,False,False
https://www.itwire.com/security/sydney-sports-store-instore-hit-by-windows-revil-ransomware.html; https://www.itnews.com.au/news/retailer-in-sports-head-office-hit-by-ransomware-548509,True,False,False,False
https://www.itpro.co.uk/security/ransomware/356329/xerox-becomes-latest-maze-ransomware-victim; https://www.bankinfosecurity.com/sei-investments-vendor-hit-by-ransomware-data-leaked-a-14722,True,False,False,False
https://healthitsecurity.com/news/assured-imaging-ransomware-causes-data-theft-affecting-245k-patients,True,False,False,False
https://economynext.com/sri-lanka-telecom-says-dealing-with-revil-hack-customer-data-safe-70322/; https://srilankamirror.com/biz/18287-slt-comes-under-cyber-attack,True,False,False,False
https://www.spokesman.com/stories/2020/jun/04/post-falls-police-department-says-no-sensitive-dat/,True,False,False,False
https://www.itpro.com/security/ransomware/356186/maxlinear-targeted-by-maze-ransomware-attack; https://www.bleepingcomputer.com/news/security/chipmaker-maxlinear-reports-data-breach-after-maze-ransomware-attack/; https://securityboulevard.com/2020/06/maxlinear-discloses-maze-ransomware-attack-that-compromised-employee-data/,True,False,False,False
https://www.seafoodsource.com/news/business-finance/northwest-atlantic-fisheries-organization-hit-by-ransomware-attack,True,False,False,False
https://patch.com/new-york/deerpark-northbabylon/north-babylon-sd-investigating-ransomware-type-computer-virus,True,False,False,False
https://es.cointelegraph.com/news/hackers-attack-spanish-hospitals-and-demand-bitcoin-amid-the-coronavirus?_ga=2.251084613.271876338.1591217116-1305333063.1591028698,True,False,False,False
https://www.govtech.com/security/New-Mexico-County-Government-Falls-Victim-to-Ransomware.html,True,False,False,False
"https://www.zdnet.com/article/michigan-state-university-hit-by-ransomware-gang/
https://www.msspalert.com/cybersecurity-news/mailto-michigan-state-university/
https://universitybusiness.com/ransomware-isnt-setting-records-this-year-but-its-still-a-big-threat/",True,False,False,False
https://www.beckersasc.com/asc-news/ransomware-attack-on-texas-ent-center-encrypts-19-908-patient-files.html,True,False,False,False
https://www.bleepingcomputer.com/news/security/business-services-giant-conduent-hit-by-maze-ransomware/;https://www.crn.com/news/channel-programs/conduent-hit-by-maze-ransomware-documents-stolen-security-analysts; https://www.cbronline.com/cybersecurity/breaches/conduent-ransomware-maze/,True,False,False,False
https://mybroadband.co.za/news/security/354295-telkom-outages-caused-by-ransomware-attack-sources.html; https://mybroadband.co.za/news/security/354585-ransomware-attackers-threaten-to-leak-telkom-client-database.html,True,False,False,False
https://www.itwire.com/security/big-global-it-outsourcer-excis-hit-by-windows-ransomware.html,True,False,False,False
https://www.bullguard.com/blog/2020/06/medical-company-turns-to-bullguard-small-office-security-for-robust-protection-against-ransomware,True,False,False,False
https://cointelegraph.com/news/lg-and-mitsubishi-hit-by-ransomware-attacks-data-leak-coming-soon,True,False,False,False
https://news.sky.com/story/hackers-steal-secrets-from-us-nuclear-missile-contractor-11999442; https://threatpost.com/nuclear-contractor-maze-ransomware-data-leaked/156289/,True,False,False,False
https://www.oodaloop.com/briefs/2020/06/25/lg-electronics-allegedly-hit-by-maze-ransomware-attack/; https://www.zdnet.com/article/ransomware-gang-publishes-tens-of-gbs-of-internal-data-from-lg-and-xerox/,True,False,False,False
https://twitter.com/ransomleaks/status/1276373291998023680; https://www.itpro.co.uk/security/ransomware/356329/xerox-becomes-latest-maze-ransomware-victim,True,False,False,False
https://www.itpro.co.uk/security/ransomware/356329/xerox-becomes-latest-maze-ransomware-victim; https://www.cutoday.info/Fresh-Today/One-CU-s-Personal-Member-Data-Reportedly-Posted-on-Internet-as-Part-of-Ransomware-Attack,True,False,False,False
https://www.itpro.co.uk/security/ransomware/356329/xerox-becomes-latest-maze-ransomware-victim; https://twitter.com/AuCyble/status/1275697214782951424,True,False,False,False
https://cyware.com/news/maze-ransomware-does-it-again-this-time-targets-us-aerospace-services-provider-07a1dacd,True,False,False,False
https://www.itnews.com.au/news/fisher-paykel-appliances-struck-by-nefilim-ransomware-549102,True,False,False,False
https://cointelegraph.com/news/ransomware-strikes-three-us-universities; https://www.bloomberg.com/news/articles/2020-06-27/california-university-paid-1-14-million-after-ransomware-attack; https://www.foxnews.com/tech/university-pays-over-1m-to-ransomware-gang; https://www.livebitcoinnews.com/bitcoin-ransomware-attacks-are-growing-at-an-alarming-rate/; https://www.bloomberg.com/news/features/2020-08-19/ucsf-hack-shows-evolving-risks-of-ransomware-in-the-covid-era,True,False,False,False
;https://cointelegraph.com/news/robotics-company-falls-prey-to-ransomware-attack,True,False,False,False
https://cointelegraph.com/news/well-known-ransomware-gang-strikes-three-companies-in-the-us-and-canada,True,False,False,False
https://cointelegraph.com/news/well-known-ransomware-gang-strikes-three-companies-in-the-us-and-canada,True,False,False,False
https://cointelegraph.com/news/ransomware-gang-auctions-off-us-healthcare-data-for-bitcoin,True,False,False,False
https://www.techrepublic.com/article/ransomware-attack-why-a-small-business-paid-the-150000-ransom/,True,False,False,False
https://www.israeldefense.co.il/en/node/43540,True,False,False,False
https://economictimes.indiatimes.com/industry/banking/finance/ransomware-allegedly-hits-indiabulls-group-cyble/articleshow/76525764.cms,True,False,False,False
https://www.zdnet.com/article/ransomware-gang-says-it-breached-one-of-nasas-it-contractors/,True,False,False,False
https://cointelegraph.com/news/ransomware-strikes-three-us-universities; https://www.infosecurity-magazine.com/news/ransomware-strikes-third-us/,True,False,False,False
https://krebsonsecurity.com/2020/06/florence-ala-hit-by-ransomware-12-days-after-being-alerted-by-krebsonsecurity/; https://www.natlawreview.com/article/alabama-city-hit-ransomware,True,False,False,False
https://www.govinfosecurity.com/city-pays-ransom-despite-pre-ransomware-outbreak-hack-alert-a-14427,True,False,False,False
https://securityboulevard.com/2020/07/maryland-based-nursing-home-announces-ransomware-attack-affecting-nearly-50000-residents/,True,False,False,False
https://www.bleepingcomputer.com/news/security/power-company-enel-group-suffers-snake-ransomware-attack/; https://www.bleepingcomputer.com/news/security/honda-investigates-possible-ransomware-attack-networks-impacted/,True,False,False,False
https://www.bleepingcomputer.com/news/security/power-company-enel-group-suffers-snake-ransomware-attack/,True,False,False,False
https://www.teiss.co.uk/collabera-maze-ransomware-attack/,True,False,False,False
https://www.zdnet.com/article/lion-warns-of-beer-shortages-following-ransomware-attack/; https://www.infosecurity-magazine.com/news/trouble-brewing-aussie-beer/; https://www.gizmodo.com.au/2020/06/lion-beer-producer-ransomware-gang-revil/; https://securityboulevard.com/2020/06/ransomware-attack-confirmed-by-australia-based-beverage-manufacturer/; https://www.zdnet.com/article/lion-gets-breweries-up-and-running-following-ransomware-attack/,True,False,False,False
https://www.cyfirma.com/maze-ransomware-group-declared-successful-exploits-of-many-organizations-and-released-massive-data-on-public-site-in-one-day/,True,False,False,False
https://www.cyfirma.com/maze-ransomware-group-declared-successful-exploits-of-many-organizations-and-released-massive-data-on-public-site-in-one-day/,True,False,False,False
https://minutodaseguranca.blog.br/ransomware-maze-anuncia-invasao-nas-redes-da-cpfl-e-outras-empresas/,True,False,False,False
https://minutodaseguranca.blog.br/ransomware-maze-anuncia-invasao-nas-redes-da-cpfl-e-outras-empresas/,True,False,False,False
https://minutodaseguranca.blog.br/ransomware-maze-anuncia-invasao-nas-redes-da-cpfl-e-outras-empresas/,True,False,False,False
https://minutodaseguranca.blog.br/ransomware-maze-anuncia-invasao-nas-redes-da-cpfl-e-outras-empresas/,True,False,False,False
https://minutodaseguranca.blog.br/ransomware-maze-anuncia-invasao-nas-redes-da-cpfl-e-outras-empresas/,True,False,False,False
https://minutodaseguranca.blog.br/ransomware-maze-anuncia-invasao-nas-redes-da-cpfl-e-outras-empresas/,True,False,False,False
https://minutodaseguranca.blog.br/ransomware-maze-anuncia-invasao-nas-redes-da-cpfl-e-outras-empresas/,True,False,False,False
https://minutodaseguranca.blog.br/ransomware-maze-anuncia-invasao-nas-redes-da-cpfl-e-outras-empresas/,True,False,False,False
https://www.govtech.com/security/Keizer-Ore-Pays-48000-to-Hackers-After-Ransomware-Attack.html,True,False,False,False
https://www.bleepingcomputer.com/news/security/city-of-knoxville-shuts-down-network-after-ransomware-attack/; https://www.knoxnews.com/story/news/2020/06/12/city-knoxville-ransomware-attack-what-we-know/3174334001/; https://www.infosecurity-magazine.com/news/ransomware-hits-tennessee-city/; https://www.wate.com/news/local-news/knoxville-will-not-pay-ransomware-attacker/; https://www.knoxnews.com/story/news/2020/07/02/ransomware-attackers-pressure-knoxville-posting-city-data-online/5363018002/; https://www.smartcitiesdive.com/news/knoxville-tn-data-published-online-after-ransomware-attack/581065/; https://www.wate.com/news/local-news/knoxville-pays-217k-to-combat-june-2020-ransomware-attack/,True,False,False,False
https://www.alexcityoutlook.com/news/tallapoosa-county-recovers-from-ransomware-attack/article_11c1983e-b23a-11ea-a31f-c353b4adbb67.html,True,False,False,False
https://turnto10.com/news/local/cyber-security-expert-says-care-new-england-hack-is-indicative-of-ransomware,True,False,False,False
https://vejario.abril.com.br/cidade/hackers-invadem-light-resgate/,True,False,False,False
https://www.itwire.com/security/criminals-use-sekhmet-ransomware-to-hit-gas-company-silpac-twice.html,True,False,False,False
https://www.itwire.com/security/attackers-hit-thai-power-authority-using-maze-ransomware.html; https://www.itwire.com/security/maze-used-to-attack-on-big-thai-beverages-company.html,True,False,False,False
https://www.crn.com.au/news/xerox-files-allegedly-stolen-by-maze-ransomware-group-reports-550026; https://www.bleepingcomputer.com/news/security/business-giant-xerox-allegedly-suffers-maze-ransomware-attack/; https://www.zdnet.com/article/ransomware-gang-publishes-tens-of-gbs-of-internal-data-from-lg-and-xerox/,True,False,False,False
https://twitter.com/ransomleaks/status/1277285675142909953; https://twitter.com/ransomleaks/status/1277285675142909953,True,False,False,False
https://twitter.com/ransomleaks/status/1277281322885681154,True,False,False,False
https://www.itwire.com/security/maze-used-to-attack-on-big-thai-beverages-company.html,True,False,False,False
https://www.scmagazine.com/home/security-news/ransomware/netwalker-ransomware-group-claims-attack-on-fort-worth-transportation-agency/,True,False,False,False
https://www.fyimusicnews.ca/articles/2020/07/19/durham-radio-beats-back-ransomware-attack,True,False,False,False
https://www.itwire.com/security/attackers-use-revil-ransomware-to-hit-texas-retirement-specialist.html,True,False,False,False
https://cointelegraph.com/news/spanish-railway-infrastructure-threatened-by-ransomware,True,False,False,False
https://healthitsecurity.com/news/3-weeks-after-ransomware-attack-all-400-uhs-systems-back-online,True,False,False,False
https://www.cyberscoop.com/ransomware-thanos-middle-east-palo-alto_networks/,True,False,False,False
https://www.itwire.com/security/ransomware-suspected-in-attack-on-canada-defence-academy.html,True,False,False,False
https://cointelegraph.com/news/english-football-club-hit-with-multi-million-dollar-ransomware-attack,True,False,False,False
https://www.kcentv.com/article/news/crime/athens-recovers-from-cyber-attack-ransom-not-paid-to-attackers/501-e958e94b-7a4f-4317-88c4-fbaa0c7be5bc,True,False,False,False
https://www.afr.com/technology/aged-care-provider-regis-hit-by-ransomware-hack-20200803-p55hxu,True,False,False,False
https://www.abqjournal.com/1486658/unm-falls-victim-to-a-ransomware-cyberattack-ex-as-classes-start-some-records-and-important-data-cannot-be-used.html,True,False,False,False
https://www.forbes.com/sites/daveywinder/2020/07/17/orange-europes-fourth-largest-mobile-operator-confirms-ransomware-attack-nefilim-data-theft/#484e9d184780,True,False,False,False
https://www.itwire.com/security/cooke-county-in-texas-apparently-hit-by-gang-using-revil-ransomware.html; https://www.govtech.com/security/Texas-County-Sheriffs-Office-Suffers-Ransomware-Attack.html,True,False,False,False
https://www.kcbd.com/2020/07/15/ransomware-attack-halts-x-fab-production-lubbock-worldwide/; https://cyware.com/blog/live-updates-maze-ransomware-attacks-5bce,True,False,False,False
https://www.businesswire.com/news/home/20200705005037/en/DXC-Identifies-Ransomware-Attack-Part-Xchanging-Environment; https://www.crn.com/news/channel-programs/multiple-dxc-technology-customers-down-after-insurance-arm-hit-by-ransomware,True,False,False,False
https://www.mtairynews.com/news/88310/cyber-attack-targets-surry-county-schools,True,False,False,False
https://www.cbs42.com/news/local/chilton-county-records-system-affected-by-ransomware-attack/; https://www.cshub.com/attacks/articles/incident-of-the-week-alabama-hit-by-2nd-ransomware-attack-in-as-many-months; https://www.govtech.com/security/Alabama-County-Offices-to-Reopen-After-Ransomware-Attack.html,True,False,False,False
https://www.beckershospitalreview.com/cybersecurity/cyberattack-encrypts-electronic-files-at-louisiana-clinic-affecting-308-000-patients.html,True,False,False,False
https://cybleinc.com/2020/07/10/alfanar-a-globally-renowned-manufacturer-and-supplier-of-electrical-construction-products-got-allegedly-targeted-by-the-netwalker-ransomware-operators-data-leak/,True,False,False,False
https://www.moneycontrol.com/news/business/haldirams-server-hit-by-ransomware-attack-hackers-demand-750000-for-giving-access-to-stolen-data-5975831.html,True,False,False,False
https://www.marketscreener.com/SITEONE-LANDSCAPE-SUPPLY-27547962/news/SITEONE-LANDSCAPE-SUPPLY-INC-Other-Events-form-8-K-30999215/,True,False,False,False
https://www.heraldnews.com/news/20200902/somerset-berkley-regional-high-school-victim-of-ransomware-attack,True,False,False,False
https://www.zdnet.com/article/ransomware-gang-demands-7-5-million-from-argentinian-isp/,True,False,False,False
https://www.sltrib.com/news/2020/08/21/university-utah-pays-more/,True,False,False,False
https://wben.radio.com/articles/coordinated-ransomware-cyberattack-at-suny-erie,True,False,False,False
https://www.zdnet.com/article/garmin-services-and-production-go-down-after-ransomware-attack/; https://www.cnn.com/2020/07/24/tech/garmin-ransomware-attack/index.html; https://www.taipeitimes.com/News/biz/archives/2020/07/27/2003740598; https://arstechnica.com/information-technology/2020/07/garmans-four-day-service-meltdown-was-caused-by-ransomware/; https://www.bleepingcomputer.com/news/security/confirmed-garmin-received-decryptor-for-wastedlocker-ransomware/,True,False,False,False
https://www.itwire.com/security/sydney-strata-management-firm-strata-plus-hit-by-maze-ransomware.html; https://kirbyidau.com/2020/07/25/incident-sydney-strata-management-firm-strata-plus-hit-by-maze-ransomware-itwire/,True,False,False,False
https://www.tripwire.com/state-of-security/security-data-protection/dussman-group-subsidiary-struck-by-ransomware-that-leaked-its-data/,True,False,False,False
https://www.bleepingcomputer.com/news/security/business-technology-giant-konica-minolta-hit-by-new-ransomware/,True,False,False,False
https://www.freightwaves.com/news/canada-trucking-company-manitoulin-hit-by-ransomware-attack,True,False,False,False
https://www.bleepingcomputer.com/news/security/darkside-ransomware-hits-north-american-real-estate-developer/,True,False,False,False
https://www.bankinfosecurity.com/ransomware-reportedly-hits-ventilator-maker-a-14801,True,False,False,False
https://www.itnews.com.au/news/semiconductor-giant-sk-hynix-silent-on-ransomware-attack-552052,True,False,False,False
https://healthitsecurity.com/news/ransomware-hackers-post-data-from-2-providers-device-manufacturer,True,False,False,False
https://healthitsecurity.com/news/ransomware-hackers-post-data-from-2-providers-device-manufacturer,True,False,False,False
https://www.itwire.com/security/lithium-ion-battery-maker-comes-under-attack-from-netwalker-ransomware.html,True,False,False,False
https://cybleinc.com/2020/08/13/canadian-tire-a-well-established-retail-company-based-in-canada-got-allegedly-breached-by-netwalker/,True,False,False,False
https://krebsonsecurity.com/2020/08/medical-debt-collection-firm-r1-rcm-hit-in-ransomware-attack/,True,False,False,False
https://securityboulevard.com/2020/08/kentucky-based-fine-spirits-manufacturer-targeted-by-revil-ransomware/,True,False,False,False
https://securityboulevard.com/2020/08/revil-ransomware-operators-claim-valley-health-systems-as-new-victim/,True,False,False,False
https://cybleinc.com/2020/08/24/national-western-life-insurance-company-nightmare-continues/,True,False,False,False
https://www.infosecurity-magazine.com/news/third-uk-universities-ransomware/,True,False,False,False
https://www.theregister.com/2020/08/10/in_brief_security/,True,False,False,False
https://www.bizjournals.com/triangle/news/2020/08/11/huge-cary-firm-confirms-ransomware-attack.html,True,False,False,False
https://kfor.com/news/local/ponca-city-public-schools-delays-start-of-school-due-to-ransomware-attack/,True,False,False,False
https://www.inquirer.com/transportation/septa-malware-attack-ransomware-fbi-employees-cybersecurity-20201007.html,True,False,False,False
https://www.forbes.com/sites/daveywinder/2020/08/05/has-canon-suffered-a-ransomware-attack-10tb-of-data-alleged-stolen-report/#1a82e83f499e,True,False,False,False
https://twitter.com/ransomleaks/status/1291028644656287744,True,False,False,False
https://www.thedesertreview.com/education/ivc-impacted-due-to-ransomware/article_01a2ac98-db3b-11ea-9ecb-ef27969ddc1f.html; https://holtvilletribune.com/2020/08/imperial-valley-news/ivc-online-classes-delayed-due-to-ransomware/,True,False,False,False
"https://globalnews.ca/news/7275792/okanagan-similkameen-regional-district-ransomware/#:~:text=Okanagan%20Similkameen%20regional%20district%20targeted%20by%20ransomware%20attack,-By%20Doyle%20Potenteau&text=The%20Regional%20District%20of%20the,of%20an%20attempted%20ransomware%20attack.&text=In%20related%20news%2C%20American%20cybersecurity,Canadian%20Tire%20store%20in%20Kelowna.",True,False,False,False
https://www.castanet.net/news/Penticton/308004/RDOS-targeted-by-attempted-ransomware-attack,True,False,False,False
https://www.tripwire.com/state-of-security/security-data-protection/carnival-reveals-it-detected-a-ransomware-attack-on-its-systems/,True,False,False,False
https://www.muyseguridad.net/2020/08/19/mapfre-victima-ataque-ransomware/,True,False,False,False
https://www.freightwaves.com/news/files-from-tfis-canpar-leak-after-ransomware-attack,True,False,False,False
"https://www.jdsupra.com/legalnews/geo-group-hit-with-ransomware-attack-91106/#:~:text=(GEO)%2C%20a%20publicly%20held,inmates%20and%20residents%20contained%20on",True,False,False,False
https://www.lep.co.uk/news/crime/myerscough-college-hit-devastating-cyber-attack-gcse-results-day-2948814,True,False,False,False
https://www.kait8.com/2020/08/25/gosnell-schools-hit-with-ransomeware-attack/,True,False,False,False
https://www.crn.com/news/security/ma-labs-ransomware-attack-shakes-up-components-industry,True,False,False,False
https://www.wyff4.com/article/haywood-county-schools-victim-of-ransomware-attack/33796215#; https://www.bleepingcomputer.com/news/security/suncrypt-ransomware-shuts-down-north-carolina-school-district/,True,False,False,False
https://www.bleepingcomputer.com/news/security/netwalker-ransomware-hits-argentinian-government-demands-4-million/,True,False,False,False
https://news3lv.com/news/local/ccsd-says-it-was-targeted-in-ransomware-attack; https://www.8newsnow.com/news/local-news/ccsd-releases-update-on-recent-ransomware-attack-offers-credit-monitoring-to-employees/,True,False,False,False
https://kmph.com/news/local/selma-unified-hit-with-ransomware-attack,True,False,False,False
https://www.bleepingcomputer.com/news/security/agelocker-ransomware-targets-qnap-nas-devices-steals-data/,True,False,False,False
https://www.theregister.com/2020/09/08/newcastle_northumbria_universities_cyber_attack/,True,False,False,False
https://www.abc.net.au/news/2020-09-19/anglicare-sydney-victim-of-cyber-security-breach-involving-data/12681510,True,False,False,False
https://www.infosecurity-magazine.com/news/us-court-documents-published-in/,True,False,False,False
https://www.infosecurity-magazine.com/news/us-staffing-firm-hit-by-ransomware/,True,False,False,False
https://www.itwire.com/security/australian-company-jands-appears-to-have-been-hit-by-windows-ransomware.html,True,False,False,False
https://techcrunch.com/2020/09/03/cygilant-ransomware/,True,False,False,False
https://healthitsecurity.com/news/ransomware-hacking-groups-post-data-from-5-healthcare-entities,True,False,False,False
https://www.bleepingcomputer.com/news/security/softserve-hit-by-ransomware-windows-customization-tool-exploited/,True,False,False,False
https://blocksandfiles.com/2020/12/09/airgapped-defence-helps-schools-in-ransomware-attack/,True,False,False,False
https://www.bleepingcomputer.com/news/security/university-hospital-new-jersey-hit-by-suncrypt-ransomware-data-leaked/,True,False,False,False
"https://www.calcalistech.com/ctech/articles/0,7340,L-3848490,00.html",True,False,False,False
https://jang.com.pk/news/819076; https://www.bleepingcomputer.com/news/security/the-week-in-ransomware-september-11th-2020-a-barrage-of-attacks/,True,False,False,False
https://nltimes.nl/2020/09/14/gelderland-security-region-hit-ransomware-attack,True,False,False,False
https://www.newsbreak.com/news/2057464669691/cyberattack-shuts-down-ohio-online-classes,True,False,False,False
https://www.europapress.es/economia/finanzas-00340/noticia-segurcaixa-adeslas-activa-plan-contingencia-ataque-ransomware-20200910191611.html,True,False,False,False
https://www.supplychaindive.com/news/DSW-Designer-Brands-ransomware-attack-cybersecurity-inventory/591970/,True,False,False,False
https://fredericksburg.com/news/local/king-george-will-resume-virtual-classes-tuesday-after-resolving-cyberattack/article_92b81153-a7cc-56c5-ad3d-cd620df42ad1.html,True,False,False,False
https://www.courant.com/community/hartford/hc-news-hartford-ransomware-schools-20200908-zaq4q6n3pza47i4p6lv5lfefm4-story.html,True,False,False,False
https://www.bleepingcomputer.com/news/security/equinix-data-center-giant-hit-by-netwalker-ransomware-45m-ransom/; https://securityaffairs.co/wordpress/108115/cyber-crime/equinix-netwalker-ransomware.html?utm_source=rss&utm_medium=rss&utm_campaign=equinix-netwalker-ransomware,True,False,False,False
https://securityboulevard.com/2020/09/pakistans-largest-power-supplier-hit-by-netwalker-ransomware/; https://latesthackingnews.com/2020/09/14/pakistans-power-utility-k-electric-suffered-ransomware-attack/; https://www.bleepingcomputer.com/news/security/hackers-leak-files-stolen-in-pakistans-k-electric-ransomware-attack/,True,False,False,False
https://cointelegraph.com/news/major-chilean-bank-shuts-down-all-branches-following-ransomware-attack,True,False,False,False
https://nbc24.com/news/local/tps-confirms-ransomware-attack-that-exposed-staff-and-students-personal-information; https://www.databreaches.net/privacy-nightmare-for-toledo-public-schools-hackers-dumped-student-and-employee-data/,True,False,False,False
https://globalnews.ca/news/7344192/ontario-nurses-college-ransomware-cyberattack/; https://www.insurancebusinessmag.com/ca/news/cyber/nursing-body-recovers-from-ransomware-attack-but-does-not-reveal-if-info-was-stolen-235231.aspx,True,False,False,False
https://www.greatfallstribune.com/story/news/education/2020/09/15/great-falls-public-schools-work-recover-network-ransomware-attack/5805453002/,True,False,False,False
https://thebrunswicknews.com/news/local_news/jia-computer-system-infiltrated-in-ransomware-attack/article_be4bcce8-071a-544c-8a4e-d4e4c3a4dfd5.html,True,False,False,False
https://securityboulevard.com/2020/09/seychelles-bank-doesnt-know-how-it-got-infected-with-ransomware-last-week/,True,False,False,False
"https://www.securityweek.com/german-hospital-hacked-patient-taken-another-city-dies
https://www.theregister.com/2020/09/23/doppelpaymer_german_hospital_ransomware/
https://ifsh.de/en/news-detail/the-duesseldorf-cyber-incident",True,False,False,False
https://www.darkreading.com/attacks-breaches/virginias-largest-school-system-hit-with-ransomware/d/d-id/1338906,True,False,False,False
https://www.foxla.com/news/newhall-school-district-halts-distance-learning-after-ransomware-attack,True,False,False,False
https://www.bleepingcomputer.com/news/security/leading-us-laser-developer-ipg-photonics-hit-with-ransomware/,True,False,False,False
https://techcrunch.com/2020/11/26/us-fertility-ransomware-attack/?guccounter=1&guce_referrer=aHR0cHM6Ly93d3cuZ29vZ2xlLmNvbS8&guce_referrer_sig=AQAAAKkBVUc6DrnDJmNGmOTId49wbps5iNMMboNqXYSHdqfc21p0oPfEGOQEoi-EACmQ93_S8k0PdWlblDRX6IFBI5ofnrORcP3PIXpNDzeXZGevPZMm2CNlW58YlyPDWLtyoulndWQm1V0ZfbuXkCSqZhjFTqErDUfHZ2UxjTn8f5CE,True,False,False,False
https://www.insurancebusinessmag.com/us/news/cyber/luxottica-gets-blindsided-by-ransomware-attack-234388.aspx,True,False,False,False
https://www.sacbee.com/news/local/article246132265.html,True,False,False,False
https://www.nytimes.com/2020/10/03/technology/clinical-trials-ransomware-attack-drugmakers.html,True,False,False,False
"https://www.automotivelogistics.media/logistics-service-providers/imo-cma-cgm-gefco-hit-by-cyber-attacks/41156.article ;
https://theloadstar.com/gefco-says-cyber-attack-on-its-system-was-designed-to-disrupt-our-business/ ;
https://therecord.media/cert-france-lockean-ransomware-group-behind-attacks-on-french-companies/",True,False,False,False
https://tribalbusinessnews.com/sections/gaming/13198-trio-of-tribal-casinos-hit-by-recent-external-cyber-attacks,True,False,False,False
https://www.erienewsnow.com/story/42683939/millcreek-township-confirms-computer-system-hacked-erie-news-now-uncovers-township-hit-by-ransomware-attack?utm_medium=social&utm_source=facebook_Erie_News_Now,True,False,False,False
https://www.fiercebiotech.com/cro/as-ert-hit-by-ransomware-attack-trial-company-kicks-out-old-chief-as-covid-work-delayed,True,False,False,False
https://krebsonsecurity.com/2020/09/govt-services-firm-tyler-technologies-hit-in-apparent-ransomware-attack/; https://www.bleepingcomputer.com/news/security/tyler-technologies-paid-ransomware-gang-for-decryption-key/,True,False,False,False
https://www.beckershospitalreview.com/cybersecurity/vendor-ransomware-attack-exposes-patient-information-at-south-carolina-practice.html,True,False,False,False
http://kokomoperspective.com/kp/news/library-hit-with-ransomware-attack/article_aa2c67cc-6a4d-11eb-95f5-fb96634fb05e.html,True,False,False,False
https://www.bleepingcomputer.com/news/security/ransomware-hits-us-based-arthur-j-gallagher-insurance-giant/,True,False,False,False
https://www.insurancenews.com.au/international/gallagher-hit-by-ransomware-attack,True,False,False,False
https://www.bleepingcomputer.com/news/security/uhs-hospitals-hit-by-reported-country-wide-ryuk-ransomware-attack/; https://www.medicaleconomics.com/view/what-happens-if-the-affordable-care-act-is-overturned-part-1; https://patch.com/california/fremont/fremont-hospital-hit-ransomware-cyberattack; https://healthitsecurity.com/news/3-weeks-after-ransomware-attack-all-400-uhs-systems-back-online,True,False,False,False
https://gcaptain.com/shipping-giant-cma-cgm-hit-by-cyber-attack/,True,False,False,False
https://www.freightwaves.com/news/ransomware-hackers-claims-attack-on-texas-customs-broker,True,False,False,False
https://www.freightwaves.com/news/truckers-personal-information-exposed-after-daseke-ransomware-attack,True,False,False,False
https://www.itwire.com/security/auto-equipment-maker-kyb-hit-by-windows-netwalker-ransomware.html,True,False,False,False
https://healthitsecurity.com/news/ransomware-hacking-groups-steal-leak-data-from-3-more-providers,True,False,False,False
https://www.computerweekly.com/news/252494466/Hackney-Council-data-leaked-by-Pysa-ransomware-gang,True,False,False,False
https://healthitsecurity.com/news/ransomware-hacking-groups-steal-leak-data-from-3-more-providers,True,False,False,False
https://www.japantimes.co.jp/news/2020/10/23/business/corporate-business/japan-shionogi-cyberattack-data-breach/,True,False,False,False
https://www.computerweekly.com/news/252490395/Software-AG-caught-in-double-extortion-ransomware-hit,True,False,False,False
"https://statescoop.com/ransomware-election-system-hall-county-georgia/
https://www.cnn.com/2020/10/22/tech/ransomware-election-georgia/index.html; https://gcn.com/articles/2020/10/26/ransomware-georgia-signature-database.aspx",True,False,False,False
https://tribalbusinessnews.com/sections/gaming/13198-trio-of-tribal-casinos-hit-by-recent-external-cyber-attacks,True,False,False,False
https://www.zdnet.com/article/barnes-noble-confirms-cyberattack-customer-data-breach/,True,False,False,False
https://www.abc12.com/2020/10/12/mount-pleasant-digital-firewall-foils-ransomware-attack/,True,False,False,False
https://www.railjournal.com/technology/keolis-commuter-services-takes-boston-systems-offline-following-ransomware-attack/,True,False,False,False
https://www.sonomanews.com/article/news/sonoma-hospitals-security-incident-was-russian-ransomware-attack/?sba=AAS; https://www.pressdemocrat.com/article/news/sonoma-valley-hospital-hit-by-cybercriminals-with-ransomware-attack/?sba=AAS,True,False,False,False
https://thecybersecurity.news/general-cyber-security-news/mortgage-loan-servicing-company-discloses-ransomware-attack-to-multiple-states-5972/,True,False,False,False
https://www.bleepingcomputer.com/news/security/wastedlocker-ransomware-hits-boyne-resorts-ski-resort-operator/,True,False,False,False
https://www.hipaajournal.com/dickinson-county-health-suffers-ransomware-attack/; https://www.nbcnews.com/tech/tech-news/more-hospitals-hit-ransomware-feds-warn-about-cyberattacks-n1245292,True,False,False,False
https://www.nbcnews.com/politics/2020-election/live-blog/2020-10-24-trump-biden-election-n1244363/ncrd1244650#liveBlogHeader,True,False,False,False
https://healthitsecurity.com/news/ransomware-attack-hits-dickinson-county-health-spurs-ehr-downtime; https://healthitsecurity.com/news/ransomware-hacking-groups-steal-leak-data-from-3-more-providers,True,False,False,False
https://www.bleepingcomputer.com/news/security/enel-group-hit-by-ransomware-again-netwalker-demands-14-million/,True,False,False,False
https://www.bleepingcomputer.com/news/security/montreals-stm-public-transport-system-hit-by-ransomware-attack/,True,False,False,False
https://www.turnto23.com/news/local-news/city-of-shafter-hit-with-ransomware-attack,True,False,False,False
https://www.knoxnews.com/story/news/crime/2020/10/27/deroyal-industries-tennessee-ransomware-attack/3754629001/,True,False,False,False
https://www.bleepingcomputer.com/news/security/french-it-giant-sopra-steria-hit-by-ryuk-ransomware/,True,False,False,False
https://www.hipaajournal.com/indiana-ag-westend-dental-hipaa-violations/,True,False,False,False
https://healthitsecurity.com/news/ransomware-hacking-groups-steal-leak-data-from-3-more-providers,True,False,False,False
https://www.devdiscourse.com/article/technology/1273986-pti-services-disrupted-after-massive-ransomware-attack-on-servers,True,False,False,False
https://portswigger.net/daily-swig/x-cart-customers-recovering-from-ransomware-attack-that-led-to-widespread-e-commerce-site-outages; https://www.zdnet.com/article/ransomware-hits-e-commerce-platform-x-cart/,True,False,False,False
https://www.bleepingcomputer.com/news/security/steelcase-furniture-giant-hit-by-ryuk-ransomware-attack/; https://siliconangle.com/2020/11/12/furniture-maker-steelcase-shut-two-weeks-following-ransomware-attack/,True,False,False,False
https://www.outlookindia.com/newsscroll/ransomware-attack-on-restaurant-chain-mithaas-probe-on/1964442,True,False,False,False
https://healthitsecurity.com/news/hospital-recovers-from-ransomware-vendor-incidents-hit-kroeger-provider,True,False,False,False
https://www.computerweekly.com/news/252495684/Serco-confirms-Babuk-ransomware-attack,True,False,False,False
https://www.kdrv.com/content/news/Sky-Lakes-Medical-Center-targeted-in-ransomware-attack-572890331.html; https://www.nbcnews.com/tech/tech-news/more-hospitals-hit-ransomware-feds-warn-about-cyberattacks-n1245292,True,False,False,False
https://www.nny360.com/news/stlawrencecounty/update-three-st-lawrence-county-hospitals-hit-by-ransomware-attack-tuesday/article_01778d25-333e-567b-8e03-6581fa571a37.html,True,False,False,False
https://www.infosecurity-magazine.com/news/isentia-reeling-after-suspected/,True,False,False,False
https://www.beckershospitalreview.com/cybersecurity/ransomware-group-posts-stolen-north-carolina-county-health-data-online.html; https://www.bellinghamherald.com/news/business/article249285895.html,True,False,False,False
https://www.nbcnews.com/tech/tech-news/more-hospitals-hit-ransomware-feds-warn-about-cyberattacks-n1245292; https://www.democratandchronicle.com/story/news/2020/10/30/rochester-health-systems-step-up-cyber-security-amid-ransomware-attacks/6086925002/; https://healthitsecurity.com/news/uvm-health-brings-ehr-back-online-one-month-after-ransomware-attack; https://vtdigger.org/2020/12/22/ransomware-downed-uvm-medical-center-systems-but-no-payment-made/,True,False,False,False
https://www.bleepingcomputer.com/news/security/masterchef-big-brother-producer-hit-by-doppelpaymer-ransomware/,True,False,False,False
https://www.insurancebusinessmag.com/ca/news/cyber/colliers-international-group-gets-slammed-by-cyberattack-244294.aspx,True,False,False,False
https://www.infosecurity-magazine.com/news/campari-group-rocks-after/,True,False,False,False
"https://www.bleepingcomputer.com/news/security/brazils-court-system-under-massive-ransomexx-ransomware-attack/ ;
https://www.bankinfosecurity.com/ransomware-hits-brazilian-national-treasury-a-17318",True,False,False,False
https://www.bleepingcomputer.com/news/security/laptop-maker-compal-hit-by-ransomware-17-million-demanded/,True,False,False,False
https://www.bleepingcomputer.com/news/security/retail-giant-cencosud-hit-by-egregor-ransomware-attack-stores-impacted/,True,False,False,False
https://www.cbc.ca/news/canada/new-brunswick/saint-john-cyberattack-ransomware-1.5977467,True,False,False,False
https://www.bleepingcomputer.com/news/security/k12-online-schooling-giant-pays-ryuk-ransomware-to-stop-data-leak/,True,False,False,False
https://statescoop.com/local-governments-forced-offline-after-ransomware-targets-web-host/; https://www.wect.com/2020/11/18/ransomware-attack-brings-columbus-countys-website-down/; https://www.infosecurity-magazine.com/news/oregon-county-hit-by-ransomware/; https://www.thehour.com/business/article/Derby-s-Griffin-Hospital-website-taken-down-in-15739406.php?src=nwkhpbiz; https://www.azcentral.com/story/news/local/arizona/2020/11/19/arizona-judicial-branch-website-affected-ransomware-attack-provider/6346851002/,True,False,False,False
https://www.bleepingcomputer.com/news/security/cold-storage-giant-americold-hit-by-cyberattack-services-impacted/,True,False,False,False
https://www.govinfosecurity.com/from-st-louis-to-france-ransomware-victim-list-expands-a-15436,True,False,False,False
https://www.mcdonoughvoice.com/story/news/2020/12/02/mcdonough-county-housing-authority-experiences-ransomware-data-breach/3792999001/,True,False,False,False
https://www.hrsd.com/news-release-november-19-2020,True,False,False,False
https://www.lemonde.fr/actualite-medias/article/2020/11/19/le-quotidien-paris-normandie-vise-par-une-cyberattaque_6060387_3236.html,True,False,False,False
https://www.govinfosecurity.com/from-st-louis-to-france-ransomware-victim-list-expands-a-15436,True,False,False,False
https://usaherald.com/advantech-hit-with-conti-ransomware-hackers-demand-13m-in-double-extortion-demand/,True,False,False,False
https://france3-regions.francetvinfo.fr/pays-de-la-loire/loire-atlantique/pays-loire-ouest-france-victime-cyberattaque-1897364.html,True,False,False,False
https://www.koreatimes.co.kr/www/tech/2020/11/694_299692.html; https://www.bleepingcomputer.com/news/security/ransomware-gang-says-they-stole-2-million-credit-cards-from-e-land/,True,False,False,False
https://www.bleepingcomputer.com/news/security/truck-routing-provider-rand-mcnally-hit-by-cyberattack/,True,False,False,False
https://www.infosecurity-magazine.com/news/ransomware-attack-on-baltimore/,True,False,False,False
https://www.bleepingcomputer.com/news/security/danish-news-agency-ritzau-refuses-to-pay-after-ransomware-attack/,True,False,False,False
"https://www.bleepingcomputer.com/news/security/ransomware-forces-hosting-provider-netgain-to-take-down-data-centers/
https://web.archive.org/web/20210331192224/https://www.databreachtoday.com/breach-victims-piling-up-in-wake-cloud-vendor-attack-a-16307",True,False,False,False
https://www.infosecurity-magazine.com/news/aerospace-giant-embraer-hit/,True,False,False,False
https://www.bleepingcomputer.com/news/security/pennsylvania-county-pays-500k-ransom-to-doppelpaymer-ransomware/,True,False,False,False
https://www.bleepingcomputer.com/news/security/foxconn-electronics-giant-hit-by-ransomware-34-million-ransom/,True,False,False,False
https://www.zdnet.com/article/ransomware-hits-helicopter-maker-kopter/,True,False,False,False
https://www.waaytv.com/content/news/Huntsville-City-Schools-cancels-classes-Tuesday-due-to-ransomware-threat--573241121.html,True,False,False,False
"https://globalnews.ca/news/7499986/translink-suspicious-network-activity-update/ ; 
https://bc.ctvnews.ca/printed-ransom-note-asked-translink-for-7-5-million-in-december-cyberattack-1.5389170",True,False,False,False
https://www.bleepingcomputer.com/news/security/kmart-nationwide-retailer-suffers-a-ransomware-attack/,True,False,False,False
https://www.bleepingcomputer.com/news/security/home-appliance-giant-whirlpool-hit-in-nefilim-ransomware-attack/,True,False,False,False
https://appleinsider.com/articles/20/12/08/ransomware-attack-on-apple-repair-partner-causing-delayed-repairs-lost-products,True,False,False,False
https://siliconangle.com/2020/12/24/uk-cosmetic-surgery-provider-hit-ransomware-customer-data-stolen/,True,False,False,False
https://www.yaktrinews.com/city-of-ellensburg-is-the-victim-of-a-ransomware-cyberattack/,True,False,False,False
https://www.scmagazine.com/home/security-news/data-breach/actors-steal-data-of-500k-patients-during-eye-clinic-ransomware-attack/,True,False,False,False
https://nypost.com/2021/01/02/cyberattack-cripples-nyc-does-teacher-disciplinary-system/,True,False,False,False
https://www.ksla.com/2020/12/07/ransomware-cripples-municipal-computers-texarkana/,True,False,False,False
https://baltimore.cbslocal.com/2020/12/07/computer-systems-down-at-greater-baltimore-medical-center-due-to-ransomware-incident/,True,False,False,False
https://www.kmbc.com/article/city-of-independence-dealing-with-ransomware-attack-on-city-technology/34893170,True,False,False,False
https://securityboulevard.com/2020/12/payment-processing-giant-tsys-ransomware-incident-immaterial-to-company/,True,False,False,False
"https://www.databreaches.net/french-pharmaceutical-firm-involved-in-packaging-anti-covid-vaccines-hit-by-cyberattack/ ;
https://www.sudouest.fr/sciences-et-technologie/cyberattaque-en-europe-des-documents-lies-au-vaccin-pfizer-biontech-ont-ete-pirates-1640070.php",True,False,False,False
https://www.cbc.ca/news/canada/manitoba/peter-nygard-bail-ransomware-attack-1.5859131,True,False,False,False
https://www.bleepingcomputer.com/news/security/flavors-designer-symrise-halts-production-after-clop-ransomware-attack/,True,False,False,False
https://www.bleepingcomputer.com/news/security/intels-habana-labs-hacked-by-pay2key-ransomware-data-stolen/,True,False,False,False
https://www.itwire.com/security/auto-services-firm-inchcape-hit-by-windows-ransomexx-ransomware.html,True,False,False,False
https://www.freightwaves.com/news/news-alert-forward-air-reveals-ransomware-attack-warns-of-revenue-hit; https://www.securityweek.com/trucking-giant-says-ransomware-attack-had-75m-impact,True,False,False,False
https://www.wdrb.com/news/business/jefferson-county-pva-office-hit-by-ransomware-attack/article_fdeb5286-43d0-11eb-81f1-770245866a54.html,True,False,False,False
"https://therecord.media/cert-france-lockean-ransomware-group-behind-attacks-on-french-companies/ ;
https://www.lanouvellerepublique.fr/amboise/le-groupe-pharmaceutique-fareva-serait-victime-d-une-cyber-attaque",True,False,False,False
https://thedigitalhacker.com/hurtigruten-the-well-known-norwegian-cruise-company-hit-by-cyberattack/,True,False,False,False
https://www.scmagazine.com/home/security-news/ransomware/conti-ransomware-gang-tied-to-latest-attacks-on-hospitals-in-florida-and-texas/,True,False,False,False
https://www.duluthnewstribune.com/newsmd/health-news/6823429-Fergus-Falls-health-systems-computer-network-disrupted-after-ransomware-attack,True,False,False,False
https://www.bleepingcomputer.com/news/security/freepbx-developer-sangoma-hit-with-conti-ransomware-attack/,True,False,False,False
https://www.freightwaves.com/news/ransomware-attack-hits-short-line-rail-operator-omnitrax,True,False,False,False
https://www.bankinfosecurity.com/ransomware-disrupts-scottish-environment-protection-agency-a-15768; https://www.bankinfosecurity.com/ransomware-cleanup-costs-scottish-agency-11-million-a-16344,True,False,False,False
https://nowhabersham.com/cornelia-hit-by-ransomware-attack/,True,False,False,False
https://www.brusselstimes.com/news/belgium-all-news/147433/antwerp-laboratory-becomes-latest-victim-of-cyber-attack/,True,False,False,False
https://healthitsecurity.com/news/hoya-optical-labs-notifies-consumers-of-healthcare-ransomware-attack; https://www.bloomberg.com/news/articles/2021-04-21/hackers-target-iconic-japan-s-toshiba-rival-hoya-with-ransomware,True,False,False,False
https://www.ctpost.com/local/article/Bridgeport-Schools-computer-network-hit-by-13515819.php,True,False,False,False
http://www.wboc.com/story/39841796/salisbury-police-department-faces-worst-computer-network-attack-in-history,True,False,False,False
https://www.spokesman.com/stories/2019/mar/07/spokanes-columbia-surgical-specialists-paid-nearly/,True,False,False,False
https://securitytoday.com/articles/2019/01/15/ransomware-attack-closes-down-texas-town.aspx,True,False,False,False
https://www.cybersecurity-insiders.com/belgium-metal-producer-nyrstar-hit-by-a-ransomware-attack/,True,False,False,False
https://statescoop.com/ransomware-attack-on-akron-ohio-takes-down-311-service-amid-major-snowstorm/,True,False,False,False
https://patch.com/washington/sammamish/ransomware-attack-hits-sammamish-city-computer-system,True,False,False,False
https://www.bleepingcomputer.com/news/security/new-lockergoga-ransomware-allegedly-used-in-altran-attack/,True,False,False,False
https://herald-review.com/news/state-and-regional/crime-and-courts/foreign-hackers-infiltrate-mount-zion-school-district-computer-system-most/article_ee9376f3-85e9-53b7-a490-721660f2f151.html,True,False,False,False
https://www.beaumontenterprise.com/news/article/Beaumont-dental-clinic-breached-by-ransomware-15185166.php,True,False,False,False
https://www.eenews.net/stories/1060131769,True,False,False,False
https://www.tallahassee.com/story/news/money/2019/02/26/network-tallahassee-internet-provided-hacked-pays-ransom-get-back-online/2991190002/,True,False,False,False
https://www.parkrapidsenterprise.com/news/education/4579363-park-rapids-schools-hit-ransomware-attack,True,False,False,False
https://www.bostonglobe.com/business/2019/03/12/cyberattack-with-ransom-demand-has-disrupted-public-defenders-for-weeks/6TkoNMGrHbnzT7tsMI2xoO/story.html,True,False,False,False
"https://www.taosnews.com/stories/taos-schools-resolving-ransomware-attack,55866",True,False,False,False
https://www.msspalert.com/cybersecurity-breaches-and-attacks/ransomware/georgia-county-pays-400000/,True,False,False,False
https://www.battlecreekenquirer.com/story/news/local/2019/08/22/ransomware-attack-john-bizon-william-scalf-medical-practice/2062806001/; https://blog.emsisoft.com/en/34822/the-state-of-ransomware-in-the-us-report-and-statistics-2019/,True,False,False,False
https://www.fishercountychronicle.com/articles/2019/03/29/fisher-county-sheriff%E2%80%98s-office-network-held-ransom,True,False,False,False
http://www.bristolpress.com/BP-Plymouth+News/346297/plymouth-officials-work-to-get-system-back-online-after-cyber-attack,True,False,False,False
https://www.zdnet.com/article/police-federation-hit-by-ransomware-attack/,True,False,False,False
https://www.vice.com/en/article/8xyj7g/ransomware-forces-two-chemical-companies-to-order-hundreds-of-new-computers,True,False,False,False
https://www.securityweek.com/ransomware-attack-costs-norsk-hydro-tens-millions-dollars,True,False,False,False
https://www.heraldsun.com/news/local/article228089459.html,True,False,False,False
https://www.sirkit.ca/blog/3-cyber-attacks-in-canada-a-wake-call-for-business/,True,False,False,False
https://techcrunch.com/2019/04/02/arizona-beverages-ransomware/,True,False,False,False
https://www.businesswire.com/news/home/20190322005490/en/Hexion-Addresses-Network-Security-Incident; https://www.wired.com/story/lockergoga-ransomware-crippling-industrial-firms/,True,False,False,False
https://wnyt.com/news/albany-ransomware-attack/5300397/,True,False,False,False
https://radioinsight.com/headlines/175822/townsquare-media-stations-taken-down-by-ransomware-attack/,True,False,False,False
https://www.govtech.com/news/Small-Town-Nearly-Done-Recovering-from-Ransomware-Attack.html,True,False,False,False
https://www.myhighplains.com/news/local-news/potter-county-sheriffs-office-continues-to-recover-from-ransomware-attack/,True,False,False,False
https://fox13now.com/2019/04/11/ransomware-attack-hits-garfield-county-shutting-off-its-computer-access-for-weeks/,True,False,False,False
https://www.google.com/search?q=how+much+was+the+genessee+county+ransom&rlz=1C1GCEB_enUS860US862&oq=how+much+was+the+genessee+county+ransom&aqs=chrome..69i57j33.5319j0j4&sourceid=chrome&ie=UTF-8,True,False,False,False
https://wcti12.com/news/local/city-of-greenville-says-it-has-resolved-ransomware-attack-without-having-to-pay; http://www.theeastcarolinian.com/news/article_0e589de8-5bea-11e9-896b-f7fe9a51c832.html,True,False,False,False
https://www.tribwekchron.com/single-post/2019/04/25/Imperial-County-Refuses-Ransomware-Demands-Rebuilds-Network; https://holtvilletribune.com/2020/08/imperial-valley-news/ivc-online-classes-delayed-due-to-ransomware/,True,False,False,False
https://www.wptv.com/news/region-martin-county/stuart/fbi-investigating-ransomware-targeting-city-of-stuart; https://nakedsecurity.sophos.com/2020/02/28/ransomware-wipes-evidence-lets-suspected-drug-dealers-walk-free/,True,False,False,False
https://www.zdnet.com/article/cyber-security-firm-verint-hit-by-ransomware/,True,False,False,False
https://www.zdnet.com/article/the-weather-channel-goes-off-the-air-for-90-minutes-after-ransomware-infection/,True,False,False,False
https://www.newscentermaine.com/article/news/augusta-city-offices-hit-by-computer-virus/97-2e380b61-5e75-4627-b8a1-b3b3af6e23e2; https://www.msspalert.com/cybersecurity-news/augusta-maine-malware-attack/,True,False,False,False
https://www.cybersecurity-insiders.com/ransomware-attack-on-cleveland-hopkins-international-airport/,True,False,False,False
https://techcrunch.com/2019/04/23/aebi-schmidt-ransomware/,True,False,False,False
https://www.messenger-inquirer.com/news/local/library-officials-confident-post-ransomware-attack/article_c9f09ce3-f851-577d-96ad-a6ce430018d1.html,True,False,False,False
https://www.squamishchief.com/news/local-news/ransomware-attack-corrupts-many-of-squamish-s-municipal-computer-server-files-1.23916590,True,False,False,False
https://www.dailyfreeman.com/news/rhinebeck-school-district-computer-system-attacked-by-ransomware/article_2314d174-3c5a-5feb-a89f-70b6b36e24bc.html,True,False,False,False
https://www.msspalert.com/cybersecurity-breaches-and-attacks/ransomware/georgia-cartersville-city-pays-380k-ransom/,True,False,False,False
https://www.beckershospitalreview.com/cybersecurity/ransomware-attack-on-mailing-service-exposes-info-of-20-000-oregon-clinic-patients.html,True,False,False,False
https://observer-reporter.com/news/localnews/city-weighs-new-computer-security-measures-following-ransomware-attack/article_99d2efc6-b3a2-11e9-a7b4-379694cd118e.html,True,False,False,False
https://www.msspalert.com/cybersecurity-news/ransomware-attack-hits-baltimore-city-servers/,True,False,False,False
https://www.msspalert.com/cybersecurity-breaches-and-attacks/ransomware/ryuk-ransomware-hits-msp-centric-csp/,True,False,False,False
https://www.idahostatesman.com/news/local/community/boise/article230430154.html,True,False,False,False
https://www.tampabay.com/breaking-news/radio-station-wmnf-victim-of-ransomware-cyberattack-20190717/,True,False,False,False
https://www.themonitor.com/2019/06/08/edcouch-server-hit-ransomware/,True,False,False,False
https://www.nytimes.com/2019/06/27/us/lake-city-florida-ransom-cyberattack.html  https://securityaffairs.co/wordpress/87381/breaking-news/riviera-beach-city-ransomware.html,True,False,False,False
https://www.bleepingcomputer.com/news/security/new-doppelpaymer-ransomware-emerges-from-bitpaymers-code/,True,False,False,False
https://www.msspalert.com/cybersecurity-breaches-and-attacks/ransomware/msp-pays-150000-to-recover-data/,True,False,False,False
https://www.fox61.com/article/news/local/other-ransomware-attacks-in-connecticut/520-0954fbed-1eff-40ba-b3a3-8eba937c90f0,True,False,False,False
https://www.bbc.com/news/uk-48881959,True,False,False,False
https://www.zdnet.com/article/ransomware-halts-production-for-days-at-major-airplane-parts-manufacturer/,True,False,False,False
https://healthitsecurity.com/news/enloe-medical-remains-in-ehr-downtime-2-weeks-after-cyberattack        https://www.wdrb.com/in-depth/park-duvalle-health-center-pays-ransom-for-patient-records-in/article_68416546-af0b-11e9-ba4d-0bd49b023c3e.html,True,False,False,False
https://www.wpri.com/target-12/pawtuckets-hacked-computers-still-down-as-investigation-continues/,True,False,False,False
https://www.nytimes.com/2019/06/27/us/lake-city-florida-ransom-cyberattack.html,True,False,False,False
"https://www.wvnews.com/news/wvnews/harrison-county-wv-still-locked-out-of-some-files-two-weeks-after-cyberattack/article_3599bc25-4d46-5a06-82db-e46a4fe65bbe.html ;
https://www.wvnews.com/news/wvnews/harrison-county-wv-officials-working-to-address-cyberattack/article_14e63fb8-849d-52cb-adb8-746f0ac0185a.html ;
",True,False,False,False
https://www.joc.com/trucking-logistics/ltl-trucking-logistics/duie-pyle/cyber-attack-hits-us-ltl-trucker-duie-pyle_20190617.html,True,False,False,False
https://www.crn.com/news/managed-services/it-by-design-network-restored-after-ransomware-attack-that-impacted-8-customers,True,False,False,False
https://www.miamiherald.com/news/business/article232011757.html,True,False,False,False
https://www.usnews.com/news/best-states/new-mexico/articles/2020-03-21/new-mexico-agencies-on-edge-amid-rising-ransomware-attacks,True,False,False,False
https://www.ajc.com/news/state--regional-govt--politics/georgia-court-agency-hacked-ransom-attack/P3UaTuigNhT6JfREQaiKZK/,True,False,False,False
https://www.compliancejunction.com/sarrell-dental-ransomware-attack-impacts-391472-patients/,True,False,False,False
https://turnto10.com/i-team/nbc-10-i-team-coventry-public-schools-computers-attacked-with-malware,True,False,False,False
https://www.cyberscoop.com/honeywell-hack-ransomware-manufacturing-norsk-hydro/,True,False,False,False
https://www.healthcareitnews.com/news/hospital-ransomware-attack-led-infants-death-lawsuit-alleges,True,False,False,False
https://www.desmoinesregister.com/story/news/education/2022/12/23/recent-ransomware-attacks-show-vulnerability-in-iowa-schools/69743208007/,True,False,False,False
https://www.govtech.com/security/Massachusetts-Communities-Fight-Back-Against-Cyberattacks.html,True,False,False,False
https://www.bleepingcomputer.com/news/security/hackers-ask-for-53-million-ransom-turn-down-400k-get-nothing/,True,False,False,False
https://www.bleepingcomputer.com/news/security/la-porte-county-pays-130-000-ransom-to-ryuk-ransomware/,True,False,False,False
https://www.modernhealthcare.com/cybersecurity/utah-practice-says-320000-patient-records-hit-ransomware-attack,True,False,False,False
https://www.syracuse.com/schools/2019/07/syracuse-ransomware-attack-school-district-expects-to-pay-50000-insurance-pays-rest.html,True,False,False,False
https://www.beckershospitalreview.com/cybersecurity/texas-healthcare-provider-pays-hackers-in-ransomware-attack.html,True,False,False,False
https://www.bleepingcomputer.com/news/security/monroe-college-hit-with-ransomware-2-million-demanded/#.XSjWUBTBMFI.twitter,True,False,False,False
http://www.crowdersentry.net/ransomware-attack-rattles-crowder/,True,False,False,False
https://collierville.com/82-featured-news/1666-town-of-collierville-ransomware-attack,True,False,False,False
https://thesouthern.com/news/local/crime-and-courts/river-radio-of-southern-illinois-hacked-files-rendered-useless/article_55a48832-04a1-5eb3-a86d-cb5c41c1ab77.html,True,False,False,False
https://www.witf.org/2019/10/01/pa-school-district-paid-over-38k-to-end-ransomware-attack/,True,False,False,False
http://www.journalaz.com/news/education/49717-hackers-hit-cvusd-hit-with-ransomware-attack-as-school-year-starts.html,True,False,False,False
https://www.rbr.com/max-il-ill/,True,False,False,False
https://www.thenewsstar.com/story/news/education/2019/07/24/hacking-threat-targeted-monroe-city-morehouse-schools/1822318001/,True,False,False,False
https://blog.emsisoft.com/en/34822/the-state-of-ransomware-in-the-us-report-and-statistics-2019/,True,False,False,False
https://www.thenewsstar.com/story/news/education/2019/07/24/hacking-threat-targeted-monroe-city-morehouse-schools/1822318001/,True,False,False,False
https://www.thenewsstar.com/story/news/education/2019/07/24/hacking-threat-targeted-monroe-city-morehouse-schools/1822318001/,True,False,False,False
https://www.govtech.com/data/Vigo-County-Ind-Computers-Hit-by-Ransomware-Attack.html,True,False,False,False
https://blog.emsisoft.com/en/34822/the-state-of-ransomware-in-the-us-report-and-statistics-2019/,True,False,False,False
https://securityboulevard.com/2019/07/city-power-johannesburg-hit-by-a-ransomware-attack-that-encrypted-all-its-databases-applications-and-network/,True,False,False,False
https://securityaffairs.co/wordpress/89194/cyber-crime/louisiana-schools-cyber-attacks.html,True,False,False,False
https://wjactv.com/news/local/officials-elk-county-school-targeted-in-national-cyber-attack-dhs-investigating,True,False,False,False
https://securityaffairs.co/wordpress/89370/malware/houston-county-schools-malware-attack.html https://www.bleepingcomputer.com/news/security/malware-attack-delays-alabama-districts-school-year-twice/,True,False,False,False
https://denver.cbslocal.com/2020/01/28/regis-university-cyber-summit/,True,False,False,False
https://www.spamfighter.com/News-22479-Ransomware-attack-on-CHI-Health-impacted-48000-Lakeside-patients.htm,True,False,False,False
https://wtkr.com/2019/08/27/ransomware-attack-hits-new-kent-co-public-schools-ahead-of-new-school-year/,True,False,False,False
https://www.kcur.org/health/2019-08-07/truman-medical-centers-paid-ransomware-attackers-to-unlock-its-computer-system,True,False,False,False
https://www.woodranchmedical.com/,True,False,False,False
https://healthitsecurity.com/news/malicious-code-on-mission-health-store-website-undetected-for-3-years,True,False,False,False
https://statescoop.com/texas-ransomware-attack-nine-named-feds-respond/,True,False,False,False
https://statescoop.com/texas-ransomware-attack-nine-named-feds-respond/,True,False,False,False
https://statescoop.com/texas-ransomware-attack-nine-named-feds-respond/,True,False,False,False
https://statescoop.com/texas-ransomware-attack-nine-named-feds-respond/,True,False,False,False
https://www.kbtx.com/content/news/Local-IT-departments-on-alert-as-agencies-including-Robertson-County-Sheriffs-Office-hacked-557926521.html,True,False,False,False
https://statescoop.com/texas-ransomware-attack-nine-named-feds-respond/,True,False,False,False
https://statescoop.com/texas-ransomware-attack-nine-named-feds-respond/,True,False,False,False
https://statescoop.com/texas-ransomware-attack-nine-named-feds-respond/,True,False,False,False
https://statescoop.com/texas-ransomware-attack-nine-named-feds-respond/,True,False,False,False
https://www.newschannel10.com/2019/08/19/city-borger-affected-by-ransomware-attack/,True,False,False,False
https://statescoop.com/texas-ransomware-attack-nine-named-feds-respond/,True,False,False,False
https://healthitsecurity.com/news/malicious-code-on-mission-health-store-website-undetected-for-3-years;  https://magnoliapediatrics.com/notice-of-potential-unauthorized-disclosure-of-information-for-patients-of-magnolia-pediatrics/,True,False,False,False
https://www.cnn.com/2019/08/29/politics/ransomware-attack-dental-offices/index.html  https://www.bleepingcomputer.com/news/security/sodinokibi-ransomware-encrypts-records-of-hundreds-of-dental-practices/,True,False,False,False
https://web.archive.org/web/20190913025858/https://www.inquirer.com/business/health/temple-university-health-hack-cyber-attack-20190912.html,True,False,False,False
https://www.govtech.com/security/Massachusetts-Communities-Fight-Back-Against-Cyberattacks.html,True,False,False,False
https://www.kshb.com/news/local-news/platte-county-schools-target-of-malware-attack-tech-team-honored-for-response,True,False,False,False
https://www.nbcchicago.com/news/local/lake-county-indiana-hit-by-ransomware-attack-559603631.html,True,False,False,False
https://www.governmentnews.com.au/type_contributors/ransomware-rising-how-hackers-are-targeting-government-agencies/,True,False,False,False
https://www.hipaajournal.com/betty-jean-kerr-peoples-health-centers-ransomware-attack-impacts-152000-patients/,True,False,False,False
https://www.zdnet.com/article/ransomware-incident-to-cost-danish-company-a-whopping-95-million/,True,False,False,False
https://www.bleepingcomputer.com/news/security/students-rejoice-school-district-closed-by-ransomware-attack/,True,False,False,False
https://www.bleepingcomputer.com/news/security/students-rejoice-school-district-closed-by-ransomware-attack/,True,False,False,False
https://www.usnews.com/news/best-states/connecticut/articles/2019-09-10/ransomware-attack-hits-school-district-twice-in-4-months,True,False,False,False
https://www.rrstar.com/news/20190909/rockford-public-schools-phones-internet-disabled-by-ransomware,True,False,False,False
https://www.inquirer.com/business/entercom-radio-hack-ransomware-kyw-20190911.html,True,False,False,False
https://www.cyberdefensemagazine.com/campbell-county-memorial-hospital-in-wyoming-hit-by-ransomware-attack/,True,False,False,False
https://www.hipaajournal.com/southeastern-minnesota-oral-maxillofacial-surgery-ransomware-attack-impacts-80000-patients/,True,False,False,False
https://www.zdnet.com/article/malware-infection-disrupts-production-at-defence-contractor-plants-in-three-countries/,True,False,False,False
https://elpais.com/politica/2019/10/04/actualidad/1570211574_890574.html,True,False,False,False
https://www.spamfighter.com/News-22472-Cornelia-City-faced-ransomware-attack-for-the-third-time-this-year.htm,True,False,False,False
https://www.insurancejournal.com/news/southeast/2019/10/07/544667.htm,True,False,False,False
https://www.vic.gov.au/cyber-health-incident,True,False,False,False
https://www.cbsnews.com/news/ransomware-attack-621-hospitals-cities-and-schools-hit-so-far-in-2019/; https://www.bleepingcomputer.com/news/security/dch-hospital-pays-ryuk-ransomware-for-decryption-key/ https://www.bleepingcomputer.com/news/security/us-and-australian-hospitals-targeted-by-new-ransomware-attacks/,True,False,False,False
https://www.beckershospitalreview.com/cybersecurity/arkansas-provider-alerts-15-000-patients-of-ransomware-attack.html,True,False,False,False
https://www.wfla.com/8-on-your-side/better-call-behnken/cyberattack-hits-careersource-agencies-in-tampa-bay/,True,False,False,False
https://www.wfla.com/8-on-your-side/better-call-behnken/cyberattack-hits-careersource-agencies-in-tampa-bay/,True,False,False,False
https://www.phillyvoice.com/ransomware-cherry-hill-school-district-computer-attack-ryuk-russia-based/,True,False,False,False
https://www.unionleader.com/news/education/ransomware-attack-thwarted-at-sunapee/article_325cea79-c2a8-5e56-90ed-b474c2f69635.html,True,False,False,False
https://boisedev.com/news/2019/04/02/report-boise-radio-stations-hit-with-ransomware-affecting-on-air-operations/,True,False,False,False
https://www.zdnet.com/article/m6-one-of-frances-biggest-tv-channels-hit-by-ransomware/; https://lexpansion.lexpress.fr/high-tech/piratage-informatique-apres-m6-d-autres-medias-francais-alertes_2103513.html,True,False,False,False
https://www.thegazette.com/subject/news/business/ingredion-to-deduct-wages-from-employee-paychecks-following-ransomware-attack-20191129,True,False,False,False
https://www.zdnet.com/article/major-german-manufacturer-still-down-a-week-after-getting-hit-by-ransomware/,True,False,False,False
https://www.bleepingcomputer.com/news/security/trialworks-ransomware-attack-disrupts-court-cases-and-deadlines/,True,False,False,False
https://www.asicentral.com/news/newsletters/promogram/october-2019/alphabroder-suffers-ransomware-attack/,True,False,False,False
https://maintenance.pb.com/pbcom/outage.html?pbcom=october-14,True,False,False,False
https://www.cybersecurity-insiders.com/lifelabs-canada-hit-by-a-ransomware-attack/,True,False,False,False
https://ottawacitizen.com/technology/tech-news/manitoba-insurance-agency-admits-it-was-hit-by-ransomware/wcm/665f3d3a-4c7e-4f3e-9ac4-3b8ba9d5390d,True,False,False,False
https://wcyb.com/news/local/johnson-city-hiring-cybersecurity-expert-months-after-ransomware-attack,True,False,False,False
https://krebsonsecurity.com/2019/11/ransomware-bites-400-veterinary-hospitals/,True,False,False,False
https://www.hipaajournal.com/ransomware-attacks-reported-by-florida-and-texas-healthcare-providers/,True,False,False,False
https://www.bleepingcomputer.com/news/security/quiksilver-and-billabong-affected-by-ransomware-attack/,True,False,False,False
https://edscoop.com/ransomware-forces-new-mexico-school-district-scrub-30000-devices/,True,False,False,False
https://www.bankinfosecurity.com/maze-ransomware-gang-names-more-alleged-victims-a-13539,True,False,False,False
https://nunatsiaq.com/stories/article/government-of-nunavut-says-its-computer-backups-are-ok-despite-ransomware-attack/,True,False,False,False
https://www.bleepingcomputer.com/news/security/ransomware-attacks-hit-everis-and-spains-largest-radio-network/,True,False,False,False
https://www.bostonglobe.com/metro/2019/11/04/ransomware-attackers-demand-almost-from-foxborough-school-amid-weekslong-network-shutdown/RekQZXXFn6L1sRx5lvMmLL/story.html,True,False,False,False
https://www.clarionledger.com/story/news/local/2019/11/05/cyber-attack-ransomware-lincoln-county-school-district-mississippi-internet-safety/4164970002/,True,False,False,False
https://www.cryptopolitan.com/spainish-radio-network-hit-by-ransomware/,True,False,False,False
https://www.witn.com/content/news/Ransomware-attack-delays-local-liquor-store-opening-564584301.html,True,False,False,False
http://wvmetronews.com/2019/11/14/wood-county-schools-rebuild-continues-after-ransomware-attack/,True,False,False,False
https://bobsullivan.net/syndication/plastic-surgeons-patients-extorted-by-hackers-as-ransomware-gangs-ramp-up-dual-threat-hacks/,True,False,False,False
https://threatpost.com/ransomware-attack-downs-hosting-service-smarterasp-net/150072/,True,False,False,False
https://www.reuters.com/article/us-mexico-pemex/hackers-demand-5-million-from-mexicos-pemex-in-cyberattack-idUSKBN1XN03A; https://www.msspalert.com/cybersecurity-breaches-and-attacks/ransomware/pemex-recovery-update/,True,False,False,False
https://www.databreaches.net/attacked-by-ransomware-central-kansas-orthopedic-group-refused-to-pay-ransom-and-restored-from-backups/,True,False,False,False
https://www.southbendtribune.com/news/education/penn-harris-madison-schools-working-to-restore-network-after-ransomware/article_fa7359e7-9805-51cd-94d3-34bd65edb461.html,True,False,False,False
https://www.beaumontenterprise.com/news/article/Port-Neches-Groves-ISD-attacked-by-ransomware-14829523.php,True,False,False,False
https://www.masslive.com/news/2019/11/chicopee-school-computers-being-restored-after-ransomware-attack-leaves-many-files-useless.html,True,False,False,False
https://www.cisomag.com/rouen-hospital-ransomware-attack/,True,False,False,False
https://seniorhousingnews.com/2019/11/27/senior-care-providers-scramble-after-14m-ransomware-attack-hits-tech-firm-vcpi/,True,False,False,False
https://www.cpomagazine.com/cyber-security/louisiana-hit-with-another-ryuk-ransomware-attack/,True,False,False,False
https://www.dailybulletin.com/2019/11/22/claremont-unified-schools-hit-by-ransomware-attack/,True,False,False,False
https://www.beckershospitalreview.com/cybersecurity/hacker-attempts-to-encrypt-connecticut-provider-with-ransomware.html,True,False,False,False
http://www.pagosasun.com/county-ransomware-virus-eradicated-hackers-ask-for-300000/,True,False,False,False
https://krebsonsecurity.com/2019/12/ransomware-at-colorado-it-provider-affects-100-dental-offices/,True,False,False,False
https://www.newsobserver.com/news/business/article237743489.html,True,False,False,False
https://ktiv.com/2019/11/27/north-platte-hospital-reports-ransomware-attack/,True,False,False,False
https://www.2-spyware.com/prosegur-shuts-down-their-it-network-after-ryuk-ransomware-attack,True,False,False,False
https://wgme.com/news/local/maine-school-district-victim-of-ransomware-attack,True,False,False,False
https://www.infosecurity-magazine.com/news/bird-construction-compromised-in/,True,False,False,False
https://www.governmentnews.com.au/type_contributors/ransomware-rising-how-hackers-are-targeting-government-agencies/,True,False,False,False
https://www.govinfosecurity.com/ransomware-attack-on-ehr-vendor-impacts-home-health-chain-a-13751,True,False,False,False
https://www.bleepingcomputer.com/news/security/ransomware-locks-down-the-nipissing-first-nation/,True,False,False,False
https://www.beckershospitalreview.com/cybersecurity/mdlabs-refuses-to-pay-1-7m-ransomware-demand-hackers-threaten-to-release-data.html,True,False,False,False
https://www.cyberscoop.com/hackensack-meridian-health-ransomware-attack/               https://www.thedailybeast.com/ransomware-took-out-new-jersey-hospital-heath-network-for-five-days,True,False,False,False
https://www.daily-chronicle.com/2019/12/03/ransomware-attack-hits-sycamore-school-district-427/apeslaw/,True,False,False,False
https://healthitsecurity.com/news/accounting-firm-ransomware-hack-affects-community-care-patient-data,True,False,False,False
https://www.zdnet.com/article/ransomware-attack-hits-major-us-data-center-provider/,True,False,False,False
https://www.northjersey.com/story/entertainment/arts/2019/12/05/shakespeare-theatre-madison-nj-suffers-ransomware-attack/2618147001/,True,False,False,False
https://www.businesswire.com/news/home/20191213005492/en/Bio-Rad-Progress-Recovering-Ransomware-Attack,True,False,False,False
https://securityboulevard.com/2019/12/maze-ransomware-used-in-pensacola-cyber-attack/,True,False,False,False
https://eastgreenwichnews.com/town-hit-by-ransoware-system-shut-down-to-limit-damage/,True,False,False,False
https://www.buschsblog.com/single-post/2019/12/13/BUSCH%E2%80%99S-FRESH-FOOD-MARKET-ATTACKED-BY-RANSOMWARE-VIRUS,True,False,False,False
https://nakedsecurity.sophos.com/2020/01/07/maze-ransomware-threatens-data-exposure-unless-6m-ransom-paid/,True,False,False,False
https://www.wpbf.com/article/west-palm-beach-car-dealership-hit-by-ransomware/30202071#,True,False,False,False
https://www.infosecurity-magazine.com/news/louisiana-college-struck-by/,True,False,False,False
https://www.live5news.com/2020/01/24/lawsuit-claims-thousands-patients-information-compromised-tidelands-health-ransomware-attack/,True,False,False,False
https://apnews.com/f6d6a3acdc1cbca7b71dfa2068c1e3d9; https://www.wdsu.com/article/many-first-responders-from-paramedics-to-police-facing-emotional-toll-of-pandemic/33045855,True,False,False,False
https://www.abc10.com/article/news/crime/hackers-cripple-city-of-galt-computer-systems-in-ransomware-attack/103-285fbb72-420b-46da-96d8-8f4ca5b8055a,True,False,False,False
https://www.tcpalm.com/story/news/crime/st-lucie-county/2019/12/17/st-lucie-county-sheriffs-office-victim-ransomware-incident/2675429001/,True,False,False,False
https://www.freightwaves.com/news/truckstop-com-says-ransomware-knocked-its-sites-offline,True,False,False,False
https://www.itnews.com.au/news/maastricht-university-pulls-all-it-offline-after-ransomware-attack-535979; https://www.scmagazine.com/home/security-news/ransomware/a-tail-of-two-ransomware-attacks/,True,False,False,False
https://krebsonsecurity.com/2019/12/ransomware-at-it-services-provider-synoptek/,True,False,False,False
https://www.sunnews.org/city-of-seal-beach-victim-of-ransomware-attack/,True,False,False,False
https://nakedsecurity.sophos.com/2020/01/10/ransomware-pounces-on-california-schools-las-vegas-trounces-attack/,True,False,False,False
https://www.reporternewspapers.net/2020/01/09/city-of-dunwoody-recovers-from-cyber-attack-that-shut-down-computer-systems/,True,False,False,False
https://www.msspalert.com/cybersecurity-news/sodinokibi-hits-msp-new-york-airport/,True,False,False,False
https://www.clickondetroit.com/news/local/2020/01/02/ransomware-attack-forces-richmond-schools-to-extend-holiday-break/     https://www.msspalert.com/cybersecurity-breaches-and-attacks/ransomware/malware-hits-schools-hospitals/,True,False,False,False
https://www.crn.com/news/security/albany-airport-pays-ransom-after-its-msp-was-hit-by-ransomware; https://www.msspalert.com/cybersecurity-news/sodinokibi-hits-msp-new-york-airport/,True,False,False,False
https://www.bleepingcomputer.com/news/security/us-coast-guard-says-ryuk-ransomware-took-down-maritime-facility/,True,False,False,False
https://www.cisomag.com/ransomware-tampa-bay-times/,True,False,False,False
https://www.reuters.com/article/us-britain-travelex/ransomware-hit-travelex-says-it-has-recovered-its-uk-website-idUSKBN1ZU2DZ; https://www.bbc.com/news/business-51034731; https://www.cryptoglobe.com/latest/2020/04/travelex-paid-2-3-million-in-bitcoin-following-ransomware-attack/,True,False,False,False
https://newsnationusa.com/news/entertainment/movie-review/azusa-police-suffered-a-ransomware-attack-in-2018-the-city-kept-it-secret/,True,False,False,False
https://www.bankinfosecurity.com/ransomware-attack-hit-us-natural-gas-facility-a-13740,True,False,False,False
https://www.daily-times.com/story/news/local/farmington/2018/01/18/farmington-recovering-after-ransomware-attack/1044845001/; https://www.governing.com/security/New-Mexico-Tries-to-Respond-to-Increased-Ransomware-Attacks.html,True,False,False,False
https://www.scmagazine.com/home/security-news/ransomware/belle-fourche-s-d-city-hall-hit-with-ransomware/,True,False,False,False
https://www.securityweek.com/samsam-ransomware-attacks-hit-healthcare-firms  https://www.hancockregionalhospital.org/2018/01/cyber-attack-pov-ceo/,True,False,False,False
https://www.cyberscoop.com/ransomware-adams-memorial-hospital-decatur-indiana/,True,False,False,False
https://www.securityweek.com/samsam-ransomware-attacks-hit-healthcare-firms,True,False,False,False
https://www.wcnc.com/article/news/crime/crimestoppers/sc-school-district-latest-victim-to-ransomware/275-512723105,True,False,False,False
https://www.wspa.com/news/spartanburg-co-libraries-hit-by-ransomware-attack/,True,False,False,False
https://www.wsav.com/news/malware-attack-continues-to-cripple-city-of-savannah-employees/,True,False,False,False
https://www.govtech.com/security/North-Carolina-County-Announces-Full-Recovery-from-Ransomware-Attack.html,True,False,False,False
https://www.4029tv.com/article/videos-inspiration-to-your-day/29369758,True,False,False,False
https://www.hhs.gov/hipaa/for-professionals/compliance-enforcement/agreements/pmi-npd/index.html,True,False,False,False
https://fox28media.com/news/local/city-of-hinesville-servers-impacted-by-ransomware-attack,True,False,False,False
https://www.msspalert.com/cybersecurity-breaches-and-attacks/colorado-dot-suffers-samsam-ransomware-attack-shuts-down-2k-computers/,True,False,False,False
https://www.wfsb.com/news/a-dozen-state-agencies-targeted-in-cyberattack/article_dccc3f9c-cb6b-52ad-9f55-29eed0677ff6.html; https://www.itgovernanceusa.com/blog/12-connecticut-state-agencies-hit-by-a-cyber-attack; https://www.itgovernanceusa.com/blog/12-connecticut-state-agencies-hit-by-a-cyber-attack,True,False,False,False
http://deltadailynews.com/mvsu-campus-loses-internet-after-ransomware-attack/,True,False,False,False
https://www.al.com/news/2018/03/leeds_hit_with_ransomware_atta.html,True,False,False,False
https://www.seculore.com/cyber-attacks-alabama,True,False,False,False
https://www.middletownpress.com/news/article/Portland-s-computers-attacked-by-ransomware-for-12756087.php,True,False,False,False
https://www.courant.com/breaking-news/hc-courts-judicial-ransomware-attack-0310-story.html,True,False,False,False
https://www.middletownpress.com/news/article/Portland-s-computers-attacked-by-ransomware-for-12756087.php,True,False,False,False
https://www.11alive.com/article/news/local/cyberattack-hits-atlanta-computers-everyone-who-has-done-business-with-city-may-be-at-risk/85-530947288; https://www.msspalert.com/cybersecurity-news/atlanta-ransomware-update-city-refuses-cyber-kidnappers-demands-still-assessing-damage/,True,False,False,False
https://www.baltimoresun.com/news/crime/bs-md-ci-911-hacked-20180327-story.html,True,False,False,False
https://www.databreaches.net/mn-associates-in-psychiatry-and-psychology-disclose-ransomware-incident/,True,False,False,False
https://www.utilitydive.com/news/hackers-hit-communications-system-of-energy-transfer-partners-pipeline/520531/,True,False,False,False
https://www.cbsnews.com/news/school-district-pays-10000-bitcoin-ransom-after-cyberattack-massachusetts/,True,False,False,False
https://www.seculore.com/cyber-attacks-virginia,True,False,False,False
https://bangordailynews.com/2018/04/18/news/midcoast/hackers-seeking-ransom-hit-maine-towns-computer-system/,True,False,False,False
https://thecounty.me/2018/04/23/news/ashland-library-an-falls-victim-to-computer-hacking/,True,False,False,False
https://www.gainesvilletimes.com/news/dawson-computer-servers-fall-victim-cyberattack/,True,False,False,False
https://www.whio.com/news/local/computer-virus-cripples-riverside-police-fire-server/ZmcXnwlGySR8QyIc6h2iMM/,True,False,False,False
https://www.bleepingcomputer.com/news/security/police-dept-loses-10-months-of-work-to-ransomware-gets-infected-a-second-time/,True,False,False,False
https://www.nrtoday.com/news/public_safety/roseburg-public-schools-computer-system-hacked/article_22c805d9-7f4a-5646-a832-b9711b23be32.html#comments,True,False,False,False
https://www.kcur.org/health/2018-08-03/ransomware-attack-at-blue-springs-medical-practice-exposes-45-000-patient-records,True,False,False,False
https://www.dailyadvance.com/news/local/cyberattack-shuts-down-pasquotank-website-files/article_fae0c688-0b7a-5475-92a6-266bfc38cdd8.html,True,False,False,False
https://www.cbs46.com/news/city-of-winder-newest-city-hit-with-cyber-attack/article_311f2101-b1d3-5e0c-8633-3875c32a83a5.html,True,False,False,False
https://www.zdnet.com/article/what-happens-when-the-cops-get-hit-with-malware-too/,True,False,False,False
https://lifars.com/2018/06/chiles-bank-computers-crash-swift-hack/,True,False,False,False
https://www.govtech.com/security/Ransomware-Misses-Mark-in-Ohio-Town.html,True,False,False,False
https://www.govtech.com/security/Three-Agencies-Affected-No-Data-Compromised-In-Rhode-Island-Malware-Incident.html,True,False,False,False
https://www.palmbeachpost.com/news/20190621/in-depth-how-riviera-beach-left-door-wide-open-for-hackers                                    https://www.wptv.com/news/region-c-palm-beach-county/village-of-palm-springs-confirms-cyber-attack,True,False,False,False
https://www.courant.com/community/middletown/hc-news-middletown-school-ransomware-20180629-story.html,True,False,False,False
https://www.govtech.com/budget-finance/To-Pay-or-Not-to-Pay-Ransomware-Demands-Can-Be-Less-Costly-than-Mitigation.html,True,False,False,False
https://www.wfsb.com/news/derby-police-dept-hit-by-hackers/article_0dbbd764-af71-55ca-971b-fb34450f28af.html,True,False,False,False
https://www.securityweek.com/ransomware-attack-hits-health-firm-labcorp,True,False,False,False
https://www.bleepingcomputer.com/news/security/bitpaymer-ransomware-infection-forces-alaskan-town-to-use-typewriters-for-a-week/,True,False,False,False
https://www.bankinfosecurity.com/shipping-giant-cosco-hit-by-ransomware-attack-a-11256,True,False,False,False
https://www.zdnet.com/article/city-of-valdez-alaska-admits-to-paying-off-ransomware-infection/,True,False,False,False
https://www.pinejournal.com/news/education/4486912-cloquet-school-district-hit-second-ransomware-attack,True,False,False,False
https://www.bleepingcomputer.com/news/security/the-pga-possibly-infected-with-the-bitpaymer-ransomware/;                              https://www.cisomag.com/pga-golf-championship-targeted-by-ransomware-attack/,True,False,False,False
https://www.govtech.com/security/Coweta-County-Ga-Largely-Restores-Servers-Following-Ransomware-Attack.html,True,False,False,False
https://marblehead.wickedlocal.com/news/20180905/cyber-security-sweep-of-marbleheads-town-systems-on-tap,True,False,False,False
https://www.miamiherald.com/latest-news/article218289740.html,True,False,False,False
https://journalstar.com/news/state-and-regional/nebraska/computer-virus-disrupts-beatrice-city-agencies/article_b49a843b-2a62-5938-9446-9620e83d9738.html,True,False,False,False
https://www.hipaajournal.com/more-than-600000-michigan-residents-affected-by-wolverine-solutions-breach-warns-ag-nessel/,True,False,False,False
https://www.bbc.com/news/technology-45677511,True,False,False,False
https://www.securityweek.com/what-onslow-water-and-sewer-authority-can-teach-about-responsible-disclosure,True,False,False,False
https://www.localnews8.com/news/rexburg/ransomware-attack-knocks-out-madison-county-s-system/805840532,True,False,False,False
https://statescoop.com/indiana-national-guard-recovers-from-ransomware-attack-on-state-server/,True,False,False,False
https://www.nhregister.com/news/article/West-Haven-falls-victim-to-ransomware-13318508.php,True,False,False,False
https://www.wtnh.com/news/connecticut/new-haven/west-haven-officials-pay-ransom-after-cyber-attack-disables-23-servers-at-city-hall/1533883085/,True,False,False,False
https://muscatinejournal.com/muscatine/news/local/muscatine-cyber-attack-affects-more-than-city/article_91f81f8c-e5db-56bc-a082-44c5a698ada9.html,True,False,False,False
https://www.wthitv.com/content/video/498057511.html,True,False,False,False
https://www.petoskeynews.com/gaylord/featured-ght/j-l-finds-silver-lining-in-being-victimized-by-ransomware/article_bd1dc1c0-7be6-5818-ac19-327e7add0b7f.html,True,False,False,False
https://www.wandtv.com/news/ransomware-may-have-hit-moultrie-computer-system/article_2147c536-fb0e-5771-ad79-7785b260fe9c.html,True,False,False,False
https://theworldlink.com/news/local/north-bend-computer-systems-fall-victim-to-ransomware/article_78ba3e86-8a56-516f-b64a-2ac35a8f2fd9.html,True,False,False,False
https://www.thestar.com.my/news/nation/2018/11/13/media-prima-hit-by-ransomware-hackers-demand-rm26mil-in-bitcoins-says-report/,True,False,False,False
https://techcrunch.com/2019/04/02/arizona-beverages-ransomware/,True,False,False,False
https://www.dailyrecord.com/story/news/local/morris-county/2018/11/26/rockaway-twp-police-computers-down-after-possible-cyber-attack/2118354002/,True,False,False,False
https://www.wpri.com/news/local-news/blackstone-valley/thundermist-health-center-dealing-with-ransomware-attack/,True,False,False,False
https://cbs12.com/news/local/town-of-jupiter-hit-by-malware-attack,True,False,False,False
https://www.healthcarefinancenews.com/news/hhs-settles-100k-ransomware-investigation,True,False,False,False
https://www.bleepingcomputer.com/news/security/hackers-used-dc-police-surveillance-system-to-distribute-cerber-ransomware/,True,False,False,False
https://www.washingtonpost.com/local/public-safety/hackers-hit-dc-police-closed-circuit-camera-network-city-officials-disclose/2017/01/27/d285a4a4-e4f5-11e6-ba11-63c4b4fb5a63_story.html,True,False,False,False
https://wchstv.com/news/local/kanawha-county-board-of-education-server-accessed-by-ransomeware,True,False,False,False
https://www.dailydot.com/layer8/missouri-sheriff-hit-ransomware-leaked-audio-recordings-police-informants-victims/,True,False,False,False
https://www.seculore.com/cyber-attacks-florida         https://frontrunner-mccc.s3.amazonaws.com/785BBB3B-5056-907D-8D7D-CFF8DEFB68E3.pdf,True,False,False,False
https://www.theguardian.com/books/2017/jan/23/ransomware-attack-paralyses-st-louis-libraries-as-hackers-demand-bitcoin?CMP=twt_books_b-gdnbooks,True,False,False,False
https://www.csoonline.com/article/3162764/ransomware-locked-hotel-out-of-its-electronic-key-lock-system.html; https://www.bleepingcomputer.com/news/security/ransomware-infects-electronic-door-locking-system-at-austrian-hotel/,True,False,False,False
https://techcrunch.com/2017/02/02/ransomware-completely-shuts-down-ohio-town-government/,True,False,False,False
http://fox2now.com/2017/02/10/roxana-police-department-the-latest-victim-of-ransomware/,True,False,False,False
"https://www.govinfosecurity.com/doctor-hit-500k-hipaa-fine-feds-worse-than-hacker-a-26706
https://www.hipaajournal.com/500000-hipaa-penalty-plastic-surgery-associates-of-south-dakota/",True,False,False,False
https://www.news9.com/story/34515915/gov-omes-confirm-agency-hacked-no-ransom-paid,True,False,False,False
https://www.ksl.com/index.php?sid=43220149&nid=157&title=hackers-demand-25k-30k-after-ransomware-attack-takes-down-countys-servers-in-idaho,True,False,False,False
https://www.engadget.com/2017/03/04/ransomware-attack-pennsylvania-democrats-state-senators/,True,False,False,False
https://www.thetelegraph.com/news/article/Wood-River-Police-Department-thwarts-attempt-at-12591008.php,True,False,False,False
https://techtalk.pcmatic.com/2017/04/03/forsyth-school-cyber-attack/,True,False,False,False
https://www.wrbl.com/news/crime-watch/troup-county-says-hackers-demanded-ransom-in-server-breach/,True,False,False,False
http://buffalonews.com/2017/05/20/ecmc-got-hacked-cyber-extortionists/,True,False,False,False
https://www.pjstar.com/news/20170426/pekin-high-school-subject-of-cyberattack,True,False,False,False
https://www.wafb.com/2018/11/28/iranian-hackers-charged-us-ransomware-scheme/,True,False,False,False
http://www.cbc.ca/news/canada/sudbury/cambrian-college-ransomware-hack-1.4093634,True,False,False,False
http://www.ibtimes.co.uk/wannacry-list-major-companies-networks-hit-by-deadly-ransomware-around-globe-1621587,True,False,False,False
http://www.ibtimes.co.uk/wannacry-list-major-companies-networks-hit-by-deadly-ransomware-around-globe-1621587,True,False,False,False
http://www.ibtimes.co.uk/wannacry-list-major-companies-networks-hit-by-deadly-ransomware-around-globe-1621587,True,False,False,False
https://www.acronis.com/en-us/articles/ransomware-logistics/,True,False,False,False
http://www.ibtimes.co.uk/wannacry-list-major-companies-networks-hit-by-deadly-ransomware-around-globe-1621587,True,False,False,False
http://www.ibtimes.co.uk/wannacry-list-major-companies-networks-hit-by-deadly-ransomware-around-globe-1621587,True,False,False,False
http://www.ibtimes.co.uk/wannacry-list-major-companies-networks-hit-by-deadly-ransomware-around-globe-1621587,True,False,False,False
http://www.ibtimes.co.uk/wannacry-list-major-companies-networks-hit-by-deadly-ransomware-around-globe-1621587,True,False,False,False
http://www.ibtimes.co.uk/wannacry-list-major-companies-networks-hit-by-deadly-ransomware-around-globe-1621587,True,False,False,False
http://www.ibtimes.co.uk/wannacry-list-major-companies-networks-hit-by-deadly-ransomware-around-globe-1621587,True,False,False,False
http://www.ibtimes.co.uk/wannacry-list-major-companies-networks-hit-by-deadly-ransomware-around-globe-1621587,True,False,False,False
http://www.ibtimes.co.uk/wannacry-list-major-companies-networks-hit-by-deadly-ransomware-around-globe-1621587,True,False,False,False
https://twitter.com/JamesMcLeary/status/863748297630011392?ref_src=twsrc%5Etfw&ref_url=http%3A%2F%2F     www.ibtimes.co.uk%2Fwannacry-list-major-companies-networks-hit-by-deadly-ransomware-around-globe-1621587,True,False,False,False
https://twitter.com/nkl0x55/status/863340271391580161/photo/1,True,False,False,False
https://twitter.com/cnLedger/status/863318942533566464/photo/1,True,False,False,False
http://www.ibtimes.co.uk/wannacry-list-major-companies-networks-hit-by-deadly-ransomware-around-globe-1621587,True,False,False,False
http://www.ibtimes.co.uk/wannacry-list-major-companies-networks-hit-by-deadly-ransomware-around-globe-1621587,True,False,False,False
http://www.ibtimes.co.uk/wannacry-list-major-companies-networks-hit-by-deadly-ransomware-around-globe-1621587,True,False,False,False
http://www.ibtimes.co.uk/wannacry-list-major-companies-networks-hit-by-deadly-ransomware-around-globe-1621587,True,False,False,False
http://www.ibtimes.co.uk/wannacry-list-major-companies-networks-hit-by-deadly-ransomware-around-globe-1621587,True,False,False,False
http://www.ibtimes.co.uk/wannacry-list-major-companies-networks-hit-by-deadly-ransomware-around-globe-1621587,True,False,False,False
http://www.ibtimes.co.uk/wannacry-list-major-companies-networks-hit-by-deadly-ransomware-around-globe-1621587,True,False,False,False
http://www.ibtimes.co.uk/wannacry-list-major-companies-networks-hit-by-deadly-ransomware-around-globe-1621587,True,False,False,False
https://twitter.com/patrickcoomans/status/863434863243907073/photo/1                   https://www.acronis.com/en-us/articles/ransomware-logistics/,True,False,False,False
http://www.reuters.com/article/us-cyber-attack-victims-idUSKCN18B1PX?utm_campaign=trueAnthem:+Trending+Content&utm_content=5919d2da04d3013240ef843d&utm_medium=trueAnthem&utm_source=twitter,True,False,False,False
http://www.npr.org/sections/thetwo-way/2017/05/15/528451534/wannacry-ransomware-what-we-know-monday?utm_source=twitter.com&utm_medium=social&utm_campaign=npr&utm_term=nprnews&utm_content=20170515,True,False,False,False
https://efficientgov.com/blog/2017/05/18/cook-county-hit-wannacry-ransomware/,True,False,False,False
https://altamontenterprise.com/06012017/computer-virus-strikes-library-regional-network,True,False,False,False
https://mybroadband.co.za/news/security/211576-telkom-systems-crippled-by-wannacry-ransomware.html,True,False,False,False
https://www.hipaajournal.com/cascade-eye-and-skin-centers-hipaa-settlement/,True,False,False,False
https://www.zdnet.com/article/korean-web-host-hands-over-1-billion-won-to-ransomware-crooks/; https://www.foxnews.com/tech/ransomware-attack-costs-south-korean-company-1m-largest-payment-ever,True,False,False,False
https://www.kqed.org/futureofyou/436414/the-crippling-ransomware-attack-on-kqed-the-inside-story,True,False,False,False
https://siliconangle.com/2017/06/21/wannycry-ransomware-takes-honda-car-manufacturing-plant-offline/,True,False,False,False
https://www.tennessean.com/story/news/crime/2017/07/05/murfreesboro-police-fire-computers-infected-virus/453774001/,True,False,False,False
https://www.pressofatlanticcity.com/news/cape-may-county-the-target-of-several-ransomware-attacks/article_a391ebf2-ee69-57ac-b5d2-a500576f73b4.html,True,False,False,False
https://fox59.com/2017/07/07/brownsburg-public-library-and-marion-county-fairgrounds-hit-by-ransomware-attacks/,True,False,False,False
https://fox59.com/2017/07/07/brownsburg-public-library-and-marion-county-fairgrounds-hit-by-ransomware-attacks/,True,False,False,False
https://www.springfieldnewssun.com/news/local/mad-river-twp-fire-and-ems-data-hacked-encrypted-with-ransomware/opxU7apA05cKTWwKzcxZMK/,True,False,False,False
https://www.klfy.com/news/iberia-parish-sheriffs-office-computer-system-attacked-by-ransomware-virus/,True,False,False,False
http://www.emissourian.com/local_news/washington/a-year-in-review-major-news-stories/article_4848bab7-0c3e-5735-b58a-b03384361624.html,True,False,False,False
https://www.postandcourier.com/news/report-dorchester-district-suffers-summer-ransomware-attack-no-student-or/article_c9bd9e3a-8ddd-11e7-b3e9-f36127b6e7f4.html,True,False,False,False
https://www.pinejournal.com/news/4486912-cloquet-school-district-hit-second-ransomware-attack,True,False,False,False
https://www.echopress.com/news/4313266-becker-county-website-shut-down-cyber-attack,True,False,False,False
https://www.bleepingcomputer.com/news/security/bit-paymer-ransomware-hits-scottish-hospitals/,True,False,False,False
https://www.caledonianrecord.com/news/local/st-johnsbury-town-computer-hacked/article_9bd20a98-29d3-52dd-807e-f01392fa7cde.html,True,False,False,False
https://www.ksn.com/news/local/ransomware-attack-hits-butler-county-computer-network/,True,False,False,False
https://www.leadertelegram.com/news/front-page/no-id-theft-related-to-nw-wisconsin-library-system-hack/article_5329b68e-c659-5353-a5aa-6fd318b53228.html,True,False,False,False
https://www.alexcityoutlook.com/news/tallapoosa-county-recovers-from-ransomware-attack/article_11c1983e-b23a-11ea-a31f-c353b4adbb67.html; https://www.courthousenews.com/alabama-county-reportedly-paid-37000-ransom-cyber-attack/,True,False,False,False
https://www.denverpost.com/2017/10/04/englewood-computers-ransomware-attack/,True,False,False,False
https://www.seculore.com/cyber-attacks-maine,True,False,False,False
https://www.seattletimes.com/seattle-news/eastside/wire-transfer-scheme-ransomware-attack-tiny-yarrow-point-finds-itself-in-criminals-crosshairs/,True,False,False,False
http://www.squaremeals.org/News/WhatsNew/tabid/1898/Article/2842/SECURITY-NOTICE.aspx,True,False,False,False
https://www.govtech.com/security/Spring-Hill-Tenn-Hit-with-Ransomware-Attack.html,True,False,False,False
https://www.sacbee.com/news/local/article185669953.html,True,False,False,False
https://www.jsonline.com/story/communities/lake-country/news/nashotah/2017/12/08/after-computer-hack-nashotah-pays-2-k-ransom-residents-personal-information/931996001/,True,False,False,False
https://www.ajc.com/news/state--regional-govt--politics/georgia-agriculture-website-finally-restored-after-malware-attack/PqV5X1QMaIFoPFx6zM5O2K/#,True,False,False,False
https://www.charlotteobserver.com/news/politics-government/article189428824.html,True,False,False,False
https://www.duluthnewstribune.com/news/4374457-proctor-schools-hit-ransomware-attack,True,False,False,False
https://www.kmvt.com/content/news/Jerome-School-District-falls-victim-to-ransomware--463510223.html,True,False,False,False
https://www.columbiadailyherald.com/news/20180105/mcps-experiences-cyber-attack,True,False,False,False
http://www.healthcareitnews.com/news/emory-healthcare-hit-ransomware-data-over-200000-patients-hacked,True,False,False,False
http://www.startribune.com/the-new-snow-day-cloquet-schools-close-because-of-computer-virus/372612611/,True,False,False,False
https://insidebitcoins.com/news/former-uber-security-chief-charged-for-bitcoin-hush-money-payment,True,False,False,False
http://www.tribnow.com/news/virus-hits-trmc-computers/article_ec2e44bc-bf83-11e5-97be-7fdbf276996d.html [expired]  https://www.beckershospitalreview.com/healthcare-information-technology/texas-hospital-ehr-suffers-ransomware-attack.html,True,False,False,False
https://www.boston.com/news/local-news/2016/02/02/medfield-paid-hackers-a-300-ransom-to-unlock-the-town-network,True,False,False,False
http://hollywoodpresbyterian.com/default/assets/File/20160217%20Memo%20from%20the%20CEO%20v2.pdf [expired] https://www.latimes.com/business/technology/la-me-ln-hollywood-hospital-bitcoin-20160217-story.html,True,False,False,False
https://www.judiciary.senate.gov/imo/media/doc/05-18-16%20Hucks%20Testimony.pdf,True,False,False,False
http://www.oxfordeagle.com/2016/02/23/oxford-school-district-recovering-from-computer-hack/,True,False,False,False
http://www.theregister.co.uk/2016/02/26/german_hospitals_ransomware/,True,False,False,False
http://www.theregister.co.uk/2016/02/26/german_hospitals_ransomware/,True,False,False,False
https://www.wral.com/ransomware-attacks-reported-in-durham/15414091/,True,False,False,False
"https://www.powelltribune.com/stories/county-hit-by-ransomware,2540",True,False,False,False
https://techtalk.pcmatic.com/2016/02/25/arizona-superior-court-attacked-by-ransomware/,True,False,False,False
http://www.latimes.com/local/lanow/la-me-ln-county-health-Services-ransomware-20160226-story.html [subscription required] https://la.eater.com/2016/2/29/11128218/la-county-health-department-targeted-cyberattack-ransom,True,False,False,False
https://www.heraldtribune.com/news/20170728/city-of-sarasota-ransomware-attack-isis-and-fbi,True,False,False,False
https://www.daily-journal.com/news/local/kankakee-county-computers-get-held-ransom-by-insidious-new-threat/article_d1112286-c54b-5ebf-b8b6-22331e55b86d.html,True,False,False,False
https://www.syracuse.com/news/2016/03/ransomware_targets_cny_town_how_to_recognize_and_prevent_it.html,True,False,False,False
https://www.reviewjournal.com/local/local-las-vegas/clark-county-water-reclamation-district-computer-system-hacked/,True,False,False,False
https://www.washingtonpost.com/world/national-security/these-hackers-can-hold-a-town-hostage-and-they-want-ransom--paid-in-bitcoin/2016/03/18/1a2e2494-eba9-11e5-bc08-3e03a5b41910_story.html?utm_term=.0e0e7def9715,True,False,False,False
https://ohioauditor.gov/news/pressreleases/Details/3039,True,False,False,False
https://www.pinejournal.com/news/4486912-cloquet-school-district-hit-second-ransomware-attack,True,False,False,False
https://nationalpost.com/news/canada/ottawa-hospital-hit-with-ransomware-information-on-four-computers-locked-down,True,False,False,False
https://www.wired.com/2016/03/ransomware-why-hospitals-are-the-perfect-targets/,True,False,False,False
http://www.latimes.com/nation/la-na-0407-cyber-hospital-20160407-story.html,True,False,False,False
https://melrose.wickedlocal.com/news/20160229/update-melrose-police-pay-hackers-in-bitcoin-to-recover-encryption-key,True,False,False,False
http://www.baltimoresun.com/health/bs-md-medstar-ransom-hack-20160330-story.html,True,False,False,False
http://wnewsj.com/news/20025/cyber-scammers-attack-government-entities,True,False,False,False
http://www.lansingstatejournal.com/story/news/local/2016/11/25/bwl-prepared-ransomware-attack/94332454/,True,False,False,False
https://www.beckershospitalreview.com/healthcare-information-technology/dekalb-health-suffers-ransomware-attack-diverts-patients-to-other-hospitals.html,True,False,False,False
http://www.timesrecordnews.com/story/news/local/2016/05/11/county-offices-under-cyber-attack/92585276/,True,False,False,False
https://www.bluemountaineagle.com/news/esd-hit-by-ransomware-attack/article_24003596-f598-5662-b282-8d0c1628bc48.html,True,False,False,False
http://www.beckershospitalreview.com/healthcare-information-technology/kansas-heart-hospital-pays-ransom-then-hackers-came-back-for-more.html,True,False,False,False
https://www.12news.com/article/news/local/arizona/ransomware-virus-infects-pcao-case-files/225540620,True,False,False,False
http://www.reviewonline.com/news/local-news/2016/06/juvenile-court-computer-system-hacked/,True,False,False,False
http://www.theglobeandmail.com/news/national/how-the-university-of-calgary-hack-wentdown/article30358657,True,False,False,False
https://www.governmentnews.com.au/type_contributors/ransomware-rising-how-hackers-are-targeting-government-agencies/,True,False,False,False
http://www.parispi.net/news/local_news/article_b8941e24-6cb1-11e7-8821-abac5e9986bd.html,True,False,False,False
https://www.channel3000.com/news/local-news/janesville-computer-systems-hit-by-virus-likely-ransomware_20161114080304479/156155709,True,False,False,False
https://cbs12.com/news/local/town-of-palm-beach-fights-ransomware-attack-on-911-system,True,False,False,False
http://www.healthcareitnews.com/news/ransomware-attack-urgent-care-clinic-oxford-purportedly-caused-russian-hackers,True,False,False,False
https://siouxcityjournal.com/news/supervisors-approve-investigation-into-cyber-attack-that-compromised-county-files/article_6273cb18-7704-5803-bd66-c88a9931a4d0.html,True,False,False,False
https://www.wadenapj.com/news/4082194-city-computers-infected-virus,True,False,False,False
https://www.databreaches.net/ri-university-gastroenterology-notifies-patients-of-ransomware-attack/,True,False,False,False
http://www.marinij.com/health/20160804/marin-electronic-medical-record-system-hacked-ransom-paid,True,False,False,False
http://www.beckershospitalreview.com/healthcare-information-technology/new-jersey-spine-center-pays-ransom-to-cyberattackers-after-seeing-no-other-option.html,True,False,False,False
,True,False,False,False
https://www.beckershospitalreview.com/healthcare-information-technology/ransomware-encrypts-data-at-keck-medicine-of-usc-no-ransom-paid.html,True,False,False,False
https://www.hipaajournal.com/rainbow-childrens-clinic-ransomware-attack-resulted-in-data-loss-3635/,True,False,False,False
https://www.beckershospitalreview.com/healthcare-information-technology/3-weeks-after-cyberattack-appalachian-regional-healthcare-facilities-now-back-online.html,True,False,False,False
https://techtalk.pcpitstop.com/2016/10/03/54625/,True,False,False,False
https://www.khon2.com/news/local-news/malicious-software-may-have-infected-hfd-computer-system/901601753,True,False,False,False
https://www.grandforksherald.com/news/4113494-nd-department-attacked-ransomware,True,False,False,False
https://www.cnn.com/2020/02/13/politics/palm-beach-county-elections-ransomware-attack/index.html,True,False,False,False
https://www.palmbeachdailynews.com/news/crime--law/palm-beach-computer-systems-victim-another-malware-attack/FUJHtuuqNHo34qUZZALHCL/,True,False,False,False
https://www.beckershospitalreview.com/healthcare-information-technology/saint-francis-health-system-denies-ransom-demand-for-6k-patients-data.html  https://www.databreaches.net/st-francis-health-system-hacked-thedarkoverlord/,True,False,False,False
https://www.tennessean.com/story/news/local/robertson/2016/09/20/springfield-city-hall-recovers-ransomware-attack/90746176/,True,False,False,False
https://www.seculore.com/cyber-attacks-texas,True,False,False,False
http://www.darkreading.com/attacks-breaches/ransomware-raises-the-bar-again-/d/d-id/1327138,True,False,False,False
https://www.brainerddispatch.com/news/4125343-crow-wing-county-board-back-or-pay-county-fights-against-ransomware,True,False,False,False
https://www.abc27.com/news/mount-holly-springs-police-fall-victim-to-cyber-attack/,True,False,False,False
https://turnto10.com/news/local/hack-of-police-computer-system-costs-department-5k,True,False,False,False
https://www.theregister.co.uk/2016/10/31/virus_shuts_down_nhs_trust/,True,False,False,False
http://www.toledoblade.com/Politics/2016/12/07/Residents-information-is-exposed-in-Henry-County-hacking.html,True,False,False,False
http://www.thebraziltimes.com/story/2365451.html [subscription required] ,True,False,False,False
http://www.csoonline.com/article/3148274/security/after-attack-indiana-county-will-spend-220000-on-ransomware-recovery.html,True,False,False,False
http://www.lansingstatejournal.com/story/news/local/2016/11/18/msu-names-and-social-security-numbers-accessed-data-breach/94086880/,True,False,False,False
http://www.kokomotribune.com/news/local_news/howard-county-fights-back-against-ransomware-after-attack/article_4c7e2a44-c23f-11e6-8362-9b63b15dd241.html,True,False,False,False
https://www.dailyinterlake.com/archive/article-d9ec72a2-b117-11e6-95cc-7be8ddd1e3c5.html,True,False,False,False
https://www.somdnews.com/enterprise/news/local/st-mary-s-government-s-computers-attacked-on-thanksgiving/article_29f6e7fc-2a65-593e-94da-d34ea5204c65.html,True,False,False,False
https://www.tripwire.com/state-of-security/featured/ransomware-hits-san-francisco-transport-system-free-rides-for-all-as-73000-demanded/,True,False,False,False
http://www.cbc.ca/news/canada/ottawa/carleton-university-hack-ransomware-update-1.3872889,True,False,False,False
http://katv.com/news/local/ransomware-impacting-arkansas-businesses,True,False,False,False
http://harrisondaily.com/news/our-computer-system-got-hacked-sheriff-s-department-hit-with/article_f2555720-c0ba-11e6-b10d-8b1490740836.html [subscription required] https://www.4029tv.com/article/carroll-county-pays-ransom-money-to-hackers/8492405,True,False,False,False
https://www.theregister.co.uk/2017/01/27/texas_cops_lose_evidence_going_back_eight_years_in_ransomware_attack/,True,False,False,False
http://www.postandcourier.com/news/mount-pleasant-police-department-hit-with-ransomware-cyberattack/article_40875fb4-c233-11e6-97cf-bf33fcb6f361.html,True,False,False,False
http://www.bizjournals.com/atlanta/news/2016/12/23/georgia-tech-notifies-employees-of-data-breach.html,True,False,False,False
https://www.databreaches.net/mi-alpena-public-schools-superintendent-says-ransomware-was-just-some-inconvenience/,True,False,False,False
http://www.dailynews.com/technology/20170106/la-college-district-pays-28k-ransom-after-hacker-takes-lavc-student-data-hostage,True,False,False,False
https://www.healthcareitnews.com/news/how-kelsey-seybold-clinic-recovered-ransomware-attack,True,False,False,False
http://www.chicagotribune.com/news/local/breaking/ct-midlothian-hacker-ransom-met-20150220-story.html,True,False,False,False
http://www.post-gazette.com/business/tech-news/2016/12/05/Pittsburgh-FBI-office-has-hand-in-dismantling-International-cybercrime-network-of-servers-called-Avalanche/stories/201612050166,True,False,False,False
http://www.latimes.com/nation/la-na-0407-cyber-hospital-20160407-story.html,True,False,False,False
http://www.latimes.com/nation/la-na-0407-cyber-hospital-20160407-story.html,True,False,False,False
http://fortune.com/2016/05/07/health-care-ransomware/,True,False,False,False
http://www.rrstar.com/article/20151114/NEWS/151119746,True,False,False,False
http://scid.infracritical.com/pages/scid-00005/,True,False,False,False
http://globalnews.ca/news/2750045/calgary-police-suspect-quite-a-few-other-ransomware-attacks-besides-u-of-c/,True,False,False,False
https://blog.trendmicro.com/the-growing-concern-of-cyber-attacks-on-critical-infrastructure/,True,False,False,False
https://www.washingtonpost.com/world/national-security/these-hackers-can-hold-a-town-hostage-and-they-want-ransom--paid-in-bitcoin/2016/03/18/1a2e2494-eba9-11e5-bc08-3e03a5b41910_story.html?utm_term=.0e0e7def9715,True,False,False,False
http://www.naco.org/articles/sheriff%E2%80%99s-office-computers-held-hostage-%E2%80%98ransomware%E2%80%99,True,False,False,False
https://www.washingtonpost.com/world/national-security/these-hackers-can-hold-a-town-hostage-and-they-want-ransom--paid-in-bitcoin/2016/03/18/1a2e2494-eba9-11e5-bc08-3e03a5b41910_story.html?utm_term=.0e0e7def9715,True,False,False,False
https://www.nbcnews.com/tech/security/virus-wipes-out-new-hampshire-police-departments-computers-n126466,True,False,False,False
https://www.bostonglobe.com/business/2015/04/06/tewksbury-police-pay-bitcoin-ransom-hackers/PkcE1GBTOfU52p31F9FM5L/story.html,True,False,False,False
http://www.tennessean.com/story/news/local/dickson/2014/11/11/dickson-sheriffs-office-pays-ransom-cyber-criminals/18868325/,True,False,False,False
https://www.bostonglobe.com/business/2015/04/06/tewksbury-police-pay-bitcoin-ransom-hackers/PkcE1GBTOfU52p31F9FM5L/story.html,True,False,False,False
https://www.aberdeen.com/techpro-essentials/security-breaches-hit-close-home-ransomware/,True,False,False,False
