md_organization,sec_best_name,sec_best_cik,score_combo,decision
EMCOR,"EMCOR GROUP, INC.",105634,100,auto_accept
Energy Transfer Partners,"ENERGY TRANSFER, LP",1012569,100,auto_accept
Lumen Technologies,"LUMEN TECHNOLOGIES, INC.",18926,100,auto_accept
Tyler Technologies,TYLER TECHNOLOGIES INC,860731,100,auto_accept
CNA Financial (Insurance Giant),CNA FINANCIAL CORP,21175,100,auto_accept
Gen Digital,GEN DIGITAL INC.,849399,100,auto_accept
ENGlobal Corporation,ENGLOBAL CORP,933738,100,auto_accept
CDK Global,"CDK GLOBAL, INC.",1609702,100,auto_accept
Crinetics Pharmaceuticals,"CRINETICS PHARMACEUTICALS, INC.",1658247,100,auto_accept
Compass Group,"COMPASS, INC.",1563190,100,auto_accept
Supernus Pharmaceuticals,"SUPERNUS PHARMACEUTICALS, INC.",1356576,100,auto_accept
Accenture,ACCENTURE HOLDINGS PLC,1647339,100,auto_accept
National Western Life (insurance),"NATIONAL WESTERN LIFE GROUP, INC.",1635984,100,auto_accept
R1 RCM (medical debt collection firm),R1 RCM INC.,1472595,100,auto_accept
Mr. Cooper,MR. COOPER GROUP INC.,933136,100,auto_accept
Fidelity National Financial,"FIDELITY NATIONAL FINANCIAL, INC.",1331875,100,auto_accept
Caesars Entertainment,CAESARS ENTERTAINMENT CORP,858339,100,auto_accept
Lee Enterprises,"LEE ENTERPRISES, INC",58361,100,auto_accept
"Bio-Rad Laboratories, Inc.","BIO-RAD LABORATORIES, INC.",12208,100,auto_accept
SeaChange International (supplier of video delivery software),SEACHANGE INTERNATIONAL INC,1019671,100,auto_accept
Carnival PLC (cruise ship operator),CARNIVAL CORP,815097,100,auto_accept
PharMerica,PHARMERICA CORP,1388195,100,auto_accept
Change Healthcare (UnitedHealth Group),"CHANGE HEALTHCARE HOLDINGS, INC.",1444598,100,auto_accept
Chubb,CHUBB CORP,20171,100,auto_accept
IPG Photonics,IPG PHOTONICS CORP,1111928,100,auto_accept
MGM Resorts International,MGM RESORTS INTERNATIONAL,789570,100,auto_accept
Essendant,ESSENDANT INC,355999,100,auto_accept
A10 Networks,"A10 NETWORKS, INC.",1580808,100,auto_accept
ScanSource,"SCANSOURCE, INC.",918965,100,auto_accept
Microchip Technology,MICROCHIP TECHNOLOGY INC,827054,100,auto_accept
Snap-on,SNAP-ON INC,91440,100,auto_accept
MetLife,METLIFE INC,1099219,100,auto_accept
Yum!Brands,YUM BRANDS INC,1041061,100,auto_accept
Hanesbrands Inc.,HANESBRANDS INC.,1359841,100,auto_accept
Extreme Networks,EXTREME NETWORKS INC,1078271,100,auto_accept
GEO Group Inc,GEO GROUP INC,923796,100,auto_accept
Simpson Manufacturing,"SIMPSON MANUFACTURING CO., INC.",920371,100,auto_accept
Tyson Foods,"TYSON FOODS, INC.",100493,100,auto_accept
NextGen Healthcare,"NEXTGEN HEALTHCARE, INC.",708818,100,auto_accept
Krispy Kreme,"KRISPY KREME, INC.",1857154,100,auto_accept
LabCorp,LABCORP HOLDINGS INC.,920148,100,auto_accept
TTEC,"TTEC HOLDINGS, INC.",1013880,100,auto_accept
Brandywine Realty Trust,BRANDYWINE REALTY TRUST,790816,100,auto_accept
Prudential Financial ,PRUDENTIAL FINANCIAL INC,1137774,100,auto_accept
Western Digital ,WESTERN DIGITAL CORP,106040,100,auto_accept
Montrose Environmental Group,"MONTROSE ENVIRONMENTAL GROUP, INC.",1643615,100,auto_accept
WestRock Company,WESTROCK CO,1636023,100,auto_accept
Barnes & Noble,BARNES & NOBLE INC,890491,100,auto_accept
Cencora,"CENCORA, INC.",1140859,100,auto_accept
Omnicell,"OMNICELL, INC.",926326,100,auto_accept
LivaNova,LIVANOVA PLC,1639691,100,auto_accept
FedEx,FEDEX CORP,1048911,100,auto_accept
Enzo Biochem,ENZO BIOCHEM INC,316253,100,auto_accept
ORBCOMM,ORBCOMM INC.,1361983,100,auto_accept
Dish Network,DISH NETWORK CORP,1001082,100,auto_accept
Artivion,"ARTIVION, INC.",784199,100,auto_accept
Advanced Micro Devices (AMD),ADVANCED MICRO DEVICES INC,2488,100,auto_accept
"Allscripts Healthcare Solutions, Inc.","ALLSCRIPTS HEALTHCARE SOLUTIONS, INC.",1124804,100,auto_accept
Garmin,GARMIN LTD,1121788,100,auto_accept
Kaman,KAMAN CORP,54381,100,auto_accept
Dole Food Company,DOLE FOOD CO INC,18169,100,auto_accept
SPAR (supermarket chain),"SPAR GROUP, INC.",1004989,100,auto_accept
Johnson Controls International ,JOHNSON CONTROLS INTERNATIONAL PLC,833444,100,auto_accept
Magellan Health,MAGELLAN HEALTH INC,19411,100,auto_accept
MarineMax,MARINEMAX INC,1057060,100,auto_accept
10x Genomics,"10X GENOMICS, INC.",1770787,100,auto_accept
Nvidia,NVIDIA CORP,1045810,100,auto_accept
Walmart,WALMART INC.,104169,100,auto_accept
MongoDB,"MONGODB, INC.",1441816,100,auto_accept
Townsquare Media,"TOWNSQUARE MEDIA, INC.",1499832,100,auto_accept
Marten Transport,MARTEN TRANSPORT LTD,799167,100,auto_accept
Maximus,"MAXIMUS, INC.",1032220,100,auto_accept
CDW,CDW CORP,1402057,100,auto_accept
Equinix,EQUINIX INC,1101239,100,auto_accept
Sinclair Broadcast Group,SINCLAIR BROADCAST GROUP INC,912752,100,auto_accept
Henry Schein,HENRY SCHEIN INC,1000228,100,auto_accept
AT&T,AT&T INC.,732717,100,auto_accept
Total System Services Inc. (TSYS),TOTAL SYSTEM SERVICES INC,721683,100,auto_accept
BlackBaud (Cloud provider),BLACKBAUD INC,1280058,100,auto_accept
Rite Aid,RITE AID CORP,84129,100,auto_accept
Steelcase Inc.,STEELCASE INC,1050825,100,auto_accept
Halliburton,HALLIBURTON CO,45012,100,auto_accept
Kraft Heinz Co,KRAFT HEINZ CO,1637459,100,auto_accept
Brown-Forman Corp (alcohol manufacturer),BROWN FORMAN CORP,14693,100,auto_accept
Ingredion,INGREDION INC,1046257,100,auto_accept
Guess,GUESS INC,912463,100,auto_accept
Coca-Cola Co.,COCA COLA CO,21344,100,auto_accept
CTS,CTS CORP,26058,100,auto_accept
Xerox Corporation,XEROX CORP,108772,100,auto_accept
CBIZ,"CBIZ, INC.",944148,100,auto_accept
Panera Bread,PANERA BREAD CO,724606,100,auto_accept
Parker Hannifin,PARKER-HANNIFIN CORP,76334,100,auto_accept
CyrusOne,CYRUSONE INC.,1553023,100,auto_accept
Cornerstone Building Brands,"CORNERSTONE BUILDING BRANDS, INC.",883902,100,auto_accept
Forward Air Corp,FORWARD AIR CORP,912728,100,auto_accept
SiteOne Landscape Supply,"SITEONE LANDSCAPE SUPPLY, INC.",1650729,100,auto_accept
LoanDepot,"LOANDEPOT, INC.",1831631,100,auto_accept
Tribune Publishing,TRIBUNE PUBLISHING CO,1593195,100,auto_accept
Diebold Nixdorf (ATM provider),"DIEBOLD NIXDORF, INC",28823,100,auto_accept
R.R Donnelley & Sons Co (RRD),RR DONNELLEY & SONS CO,29669,96.7,auto_accept
Transak,TRANSAKT LTD.,1263872,96,auto_accept
SAED International,SED INTERNATIONAL HOLDINGS INC,800286,95.933,auto_accept
Light,"NLIGHT, INC.",1124796,94.545,auto_accept
Everis,EVERI HOLDINGS INC.,1318568,94.545,auto_accept
CS Energy,CMS ENERGY CORP,811156,94.489,auto_accept
McDonald's Corporation,MCDONALDS CORP,63908,94.489,auto_accept
Arthur J Gallagher (AJG) (insurance brokerage and risk management firm),ARTHUR J. GALLAGHER & CO.,354190,94,auto_accept
Aspen Healthcare Services,AMN HEALTHCARE SERVICES INC,1142750,93.182,auto_accept
Keytronic,KEY TRONIC CORP,719733,92.398,needs_review
Matek Systems,MITEK SYSTEMS INC,807863,92.308,auto_accept
Globe Pharmaceuticals,"EAGLE PHARMACEUTICALS, INC.",827871,92.286,auto_accept
OneTouchPoint,TOUCHPOINT GROUP HOLDINGS INC.,225211,92.174,auto_accept
Frontier Communications,"FRONTIER COMMUNICATIONS PARENT, INC.",20520,92.075,auto_accept
Sun Pharmaceuticals,"SUPERNUS PHARMACEUTICALS, INC.",1356576,91.942,auto_accept
Westech International (US military contractor),WESCO INTERNATIONAL INC,929008,91.778,auto_accept
ECU Worldwide,FBEC WORLDWIDE INC.,1311735,91.733,auto_accept
Conducent,CONDUENT INC,1677703,91.471,needs_review
Symbiotic LLC,SYMBOTIC INC.,1837240,91.471,needs_review
ION ,"IONQ, INC.",1824920,91.429,auto_accept
ION Group,"IONQ, INC.",1824920,91.429,auto_accept
Whirlpool,WHIRLPOOL CORP /DE/,106640,91.429,auto_accept
Altran Technologies,ALR TECHNOLOGIES INC.,1087022,90.986,auto_accept
Greenland,"GREENLANE HOLDINGS, INC.",1743745,90.98,auto_accept
Universal Health Services (UHS) Hospitals,UNIVERSAL HOSPITAL SERVICES INC,886171,90.777,auto_accept
SmileDirect,"SMILEDIRECTCLUB, INC.",1775625,90.769,needs_review
Tata Technologies,SENSATA TECHNOLOGIES HOLDING PLC,1477294,90.68,auto_accept
C-Edge Technologies,CPS TECHNOLOGIES CORP/DE/,814676,90.256,auto_accept
EliTech,ELITE GROUP INC.,1607281,90,needs_review
Abiom,ABIOMED INC,815094,90,needs_review
Nine Entertainment,"PENN ENTERTAINMENT, INC.",921738,89.905,auto_accept
ESO Solutions,"NEXEO SOLUTIONS HOLDINGS, LLC",1540047,89.829,auto_accept
Bird Construction,"CONSTRUCTION PARTNERS, INC.",1718227,89.655,needs_review
Regal Medical Group,"REVA MEDICAL, INC.",1496268,89.467,auto_accept
Atlanta (and Atlanta PD),ATLANTICA INC,1062506,89.423,auto_accept
Entercom Communications Corp.,ENTROPIC COMMUNICATIONS INC,1227930,89.383,auto_accept
Beacon Health Solutions,ENDO HEALTH SOLUTIONS INC.,1100962,88.741,auto_accept
Sapiens (Software Company),SAPIENT CORP,1008817,88.352,auto_accept
PIH Health,P3 HEALTH PARTNERS INC.,1832511,88.173,needs_review
Meshworks,FRESHWORKS INC.,1544522,88.173,needs_review
Nygard International,MONAR INTERNATIONAL INC.,1470719,88.097,needs_review
Boyce Technologies (device manufacturer- transit communication systems and now ventilators b/c of COVID-19),BK TECHNOLOGIES,2186,88.052,needs_review
Sangoma Technologies Corporation,SIGA TECHNOLOGIES INC,1010086,88.021,auto_accept
Software AG,BMC SOFTWARE INC,835729,88,needs_review
ES Group,AES CORP,874761,88,needs_review
MeridianLink,MERIDIAN HOLDINGS INC./NV,1437925,88,needs_review
Clorox,CLOROX CO /DE/,21076,88,needs_review
Coop,"COOPER COMPANIES, INC.",711404,88,needs_review
Roscosmos (space agency),COSMOS GROUP HOLDINGS INC.,1706509,88,needs_review
Delta Electronics,ANDREA ELECTRONICS CORP,6494,87.792,auto_accept
Extern,EXTERRAN CORP,1635881,87.792,auto_accept
Nordex,INCORDEX CORP.,1818550,87.792,auto_accept
DSC Logistics,ARC LOGISTICS PARTNERS LP,1583744,87.436,needs_review
LG Electronics,PULSE ELECTRONICS CORP,96763,87.246,needs_review
Optoma Technology Inc.,PAR TECHNOLOGY CORP,708821,87.246,needs_review
Euro Support,"OS SUPPORT, INC.",1658520,86.986,needs_review
Artech Information Systems,CASS INFORMATION SYSTEMS INC,708781,86.922,needs_review
Advantech,ADVANT E CORP,925043,86.745,needs_review
Americold,AMPERICO CORP,1554054,86.745,needs_review
Travelex,"TRAVELERS COMPANIES, INC.",86312,86.745,needs_review
SAC Wireless,CIG WIRELESS CORP.,1432754,86.364,needs_review
Media Prima,PRIVATE MEDIA GROUP INC,1068084,86.364,needs_review
SBTech (online sports betting websites),"ABTECH HOLDINGS, INC.",1405858,86.364,needs_review
LTI Power Systems,MONOLITHIC POWER SYSTEMS INC,1280452,86.12,needs_review
Schlatter Industries,SCHMITT INDUSTRIES INC,922612,86.082,needs_review
BHI Energy,CH ENERGY GROUP INC,1061393,86.082,needs_review
Stratus Technologies,"ORMAT TECHNOLOGIES, INC.",1296445,86.082,needs_review
Jas Worldwide,"ACI WORLDWIDE, INC.",935036,85.969,needs_review
Kinmax Technology,INOVA TECHNOLOGY INC.,1088211,85.909,needs_review
MKS Instruments Inc,MEADE INSTRUMENTS CORP,1032067,85.893,needs_review
Foxsemicon Integrated Technology,INTEGRATED DEVICE TECHNOLOGY INC,703361,85.714,needs_review
Sandvik,SANDISK CORP,1000180,85.714,needs_review
Genea,GENERAC HOLDINGS INC.,1474735,85.556,needs_review
Netgain,EGAIN CORP,1066194,85.556,needs_review
Colliers International Group,INTERNATIONAL BALER CORP,781902,85.546,needs_review
Opus Interactive,TOUCAN INTERACTIVE CORP,1602143,85.541,needs_review
Ardent Health Services,GENTIVA HEALTH SERVICES INC,1096142,85.538,needs_review
Micro Star International (MSI),MONAR INTERNATIONAL INC.,1470719,85.527,needs_review
Brooks International (business management consultant),"ARGO GROUP INTERNATIONAL HOLDINGS, INC.",1091748,85.526,needs_review
Bassett Furniture,BASSETT FURNITURE INDUSTRIES INC,10329,85.333,needs_review
Pitney Bowes,PITNEY BOWES INC /DE/,78814,85.333,needs_review
Norton Healthcare,NATIONAL HEALTHCARE CORP,1047335,85.294,needs_review
SHI,JUSHI HOLDINGS INC.,1909747,85,needs_review
Mulford Construction Company,"CONSTRUCTION PARTNERS, INC.",1718227,85,needs_review
Satia ,ATI INC,1018963,85,needs_review
Orange (mobile operator),"ORANGEHOOK, INC.",1503985,85,needs_review
City of Independence,INDEPENDENCE HOLDING CO,701869,85,needs_review
MITRE,"MIT HOLDING, INC.",1367416,85,needs_review
Coca-Cola FEMSA,COCA COLA CO,21344,85,needs_review
Capita,GH CAPITAL INC.,1609472,85,needs_review
Professional Finance Company Inc. (PFC),PROFESSIONAL HOLDING CORP.,1630856,85,needs_review
The Boeing Company,BOEING CO,12927,85,needs_review
Talman Software,TABLEAU SOFTWARE INC,1303652,84.989,needs_review
National Insurance Board (NIBTT),AMERICAN NATIONAL INSURANCE CO,904163,84.967,needs_review
American Golf Corporation,ALL AMERICAN GOLD CORP.,1409430,84.923,needs_review
Allergy Partners,ALLERGAN INC,850693,84.923,needs_review
Northern Trains,NORTHERN TRUST CORP,73124,84.855,needs_review
IFX Networks,"FTE NETWORKS, INC.",1122063,84.783,needs_review
Regis Healthcare (health and aged care provider),MERGE HEALTHCARE INC,944765,84.612,needs_review
Gedia Automotive Group,GREEN AUTOMOTIVE CO,1497632,84.612,needs_review
Visser Precision,"VISHAY PRECISION GROUP, INC.",1487952,84.612,needs_review
Siemens Energy,SM ENERGY CO,893538,84.604,needs_review
Medibank Private Limited,PRIVATE MEDIA GROUP INC,1068084,84.562,needs_review
Trellance,"RELIANCE, INC.",861884,84.412,needs_review
Premier Family Medical,PREMIER BIOMEDICAL INC,1515740,84.364,needs_review
Crossroads Technologies,"SHOALS TECHNOLOGIES GROUP, INC.",1831651,84.361,needs_review
Blue Waters Products Limited,"MUELLER WATER PRODUCTS, INC.",1350593,84.361,needs_review
CMC Electronics,"CHINA ELECTRONICS HOLDINGS, INC.",1440770,84.306,needs_review
DeRoyal Industries,CEA INDUSTRIES INC.,1482541,84.306,needs_review
Kojima Industries,KATY INDUSTRIES INC,54681,84.306,needs_review
Albany International Airport,ALBANY INTERNATIONAL CORP /DE/,819793,84.268,needs_review
Prime Healthcare Services,HEALTHCARE SERVICES GROUP INC,731012,84.251,needs_review
Spectrum Industries,SMG INDUSTRIES INC.,1426506,84.196,needs_review
Duopharma Biotech ,"PHARMACYTE BIOTECH, INC.",1157075,84.129,needs_review
Carolina Foods,CHINA FOODS HOLDINGS LTD.,1310630,84,needs_review
Continental,PACIFIC CONTINENTAL CORP,1084717,84,needs_review
Toyota Financial Services,"CB FINANCIAL SERVICES, INC.",1605301,83.88,needs_review
Hipocrate Information System (HIS) ,CASS INFORMATION SYSTEMS INC,708781,83.81,needs_review
Salisbury PD,"SALISBURY BANCORP, INC.",1060219,83.778,needs_review
McLaren HealthCare,MERGE HEALTHCARE INC,944765,83.697,needs_review
Atalanta,ATLANTICA INC,1062506,83.697,needs_review
Sierra Wireless,"ERF WIRELESS, INC.",1020646,83.671,needs_review
Onix Group,MISONIX INC,880432,83.636,needs_review
Southern Water,SOUTHERN CO,92122,83.636,needs_review
Sparboe (egg producer),"SPAR GROUP, INC.",1004989,83.636,needs_review
Molson Coors,MOLSON COORS BEVERAGE CO,24545,83.636,needs_review
NRC Health,HEALTH NET INC,916085,83.556,needs_review
Canon,CANOO INC.,1750153,83.556,needs_review
Epiq Global (MSP),"GLOBAL AI, INC.",1473490,83.556,needs_review
Gates Corporation,IGATE CORP,1024732,83.556,needs_review
Ofcom,JOCOM HOLDINGS CORP.,1907425,83.556,needs_review
Service Employees International Union,SERVICE CORP INTERNATIONAL,89089,83.448,needs_review
Vestas,"VENTAS, INC.",740260,83.333,needs_review
Bose,BOISE INC.,1391390,83.333,needs_review
CSAT Solutions,JACOBS SOLUTIONS INC.,52988,83.2,needs_review
Momentive (industrial firm),MOMENTIVE GLOBAL INC.,1739936,83.2,needs_review
Digital Management Inc. (NASA Contractor),AGRO CAPITAL MANAGEMENT CORP.,1598323,83.193,needs_review
Apprentice Information Systems,CASS INFORMATION SYSTEMS INC,708781,83.188,needs_review
PSI Software,EPICOR SOFTWARE CORP,1517393,83.175,needs_review
The Guardian,UNITED GUARDIAN INC,101295,83.175,needs_review
Swissport International,"PORTER HOLDING INTERNATIONAL, INC.",1605810,83.174,needs_review
Ronmor Holdings Real Estate,TALON REAL ESTATE HOLDING CORP.,1426011,83,needs_review
Franklin County,FRANKLIN COVEY CO,886206,82.989,needs_review
K-Electric (electric utility supplier),NVENT ELECTRIC PLC,1720635,82.895,needs_review
Panasonic,SONIC CORP,868611,82.857,needs_review
City of Clearfield,"CLEARFIELD, INC.",796505,82.857,needs_review
The Washington Times,WASHINGTON PRIME GROUP INC.,1594686,82.796,needs_review
Newpark Resources,"ESP RESOURCES, INC.",1346526,82.783,needs_review
Eurofins Scientific,BRAIN SCIENTIFIC INC.,1662382,82.667,needs_review
Omni Hotels and Resorts,PARK HOTELS & RESORTS INC.,1617406,82.609,needs_review
Kisters AG,STERIS CORP,815065,82.517,needs_review
Scripps Health,"OSCAR HEALTH, INC.",1568651,82.517,needs_review
Compal,"COMPASS, INC.",1563190,82.517,needs_review
AirAsia,AIRGAS INC,804212,82.517,needs_review
Symrise AG,EMRISE CORP,854852,82.517,needs_review
US Fertility,"INVO FERTILITY, INC.",1417926,82.517,needs_review
State Electric Company Limited (STELCO),TAMPA ELECTRIC CO,96271,82.343,needs_review
Nidec Precision,TECHPRECISION CORP,1328792,82.343,needs_review
Entrust Energy,PETROQUEST ENERGY INC,872248,82.323,needs_review
Emory Healthcare,ETERNITY HEALTHCARE INC.,1437822,82.286,needs_review
Keck Medicine,MEDICINES CO /DE,1113481,82.286,needs_review
ASCO,WATSCO INC,105016,82.286,needs_review
Nikkei,"NIKE, INC.",320187,82.286,needs_review
Impresa,CIMPRESS PLC,1262976,82.286,needs_review
Nexperia,"EXPEDIA GROUP, INC.",1324424,82.286,needs_review
Washington DC,WASHINGTON PRIME GROUP INC.,1594686,82.184,needs_review
Valley Health Systems,VANGUARD HEALTH SYSTEMS INC,1045829,82.153,needs_review
Northern Ireland TrustFord,NORTHERN TRUST CORP,73124,82,needs_review
BST & CO (accounting firm),"STRAN & COMPANY, INC.",1872525,81.923,needs_review
Cisco,COMDISCO HOLDING CO INC,1179484,81.709,needs_review
RE&S Holdings,AG&E HOLDINGS INC.,105608,81.709,needs_review
Munoz Engineering PC,OMNITEK ENGINEERING CORP,1404804,81.667,needs_review
Powertech Technology Inc.,"RECON TECHNOLOGY, LTD",1442620,81.667,needs_review
Microlise,MICROSEMI CORP,310568,81.667,needs_review
Unnamed transportation and logistics companies,"TRANSPORTATION & LOGISTICS SYSTEMS, INC.",1463208,81.667,needs_review
Capital Health,CARDINAL HEALTH INC,721371,81.655,needs_review
Eagers Automotive,TRW AUTOMOTIVE HOLDINGS CORP,1267097,81.652,needs_review
TransForm,"TRANSPHORM, INC.",1715768,81.637,needs_review
Moneris Solutions,MAISON SOLUTIONS INC.,1892292,81.558,needs_review
TransCanada,TRANSCAT INC,99302,81.544,needs_review
Englewood Complete Technology Services,FOOD TECHNOLOGY SERVICE INC,868267,81.54,needs_review
American Family Insurance,AMERICAN COASTAL INSURANCE CORP,1401521,81.412,needs_review
CommScope,"COMSCORE, INC.",1158172,81.412,needs_review
Kansas Court Systems,CASA SYSTEMS INC,1333835,81.364,needs_review
ARCare,"SHARECARE, INC.",1816233,81.333,needs_review
Comparis ,"COMPASS, INC.",1563190,81.333,needs_review
Televerde,LEVERE HOLDINGS CORP.,1841383,81.333,needs_review
Axis Health System,ELITE HEALTH SYSTEMS INC.,1089815,81.308,needs_review
Massy Stores,"ROSS STORES, INC.",745732,81.242,needs_review
Ma Labs,"MIRAMAR LABS, INC.",1586727,81.134,needs_review
Superior Plus,"SUPERIOR GROUP OF COMPANIES, INC.",95574,81,needs_review
Valent USA LLC,"NUVALENT, INC.",1861560,80.952,needs_review
Technica,TECHNIPFMC PLC,1681459,80.952,needs_review
Kent Commercial Services (News Site),"SPARTA COMMERCIAL SERVICES, INC.",318299,80.949,needs_review
Spanish National Research Council (CSIC),NATIONAL RESEARCH CORP,70487,80.8,needs_review
Kia Motors America (KMA),"MOTOS AMERICA, INC.",1409175,80.799,needs_review
Standley Systems (vendor to Healthcare Sector),BENTLEY SYSTEMS INC,1031308,80.737,needs_review
California City,CALIFORNIA MINES CORP.,1414030,80.737,needs_review
Lotus Media Group,GLOBUS MEDICAL INC,1237831,80.727,needs_review
Hancock Health,"CANO HEALTH, INC.",1800682,80.727,needs_review
Forsee Power,POWER ONE INC,1042825,80.714,needs_review
Temple University Health System,"UNIVERSITY GENERAL HEALTH SYSTEM, INC.",1383960,80.623,needs_review
Tidelands Health,"TELADOC HEALTH, INC.",1477449,80.593,needs_review
Northeast Surgical Group,"RTI SURGICAL, INC.",1100441,80.364,needs_review
Allied Universal,FAB UNIVERSAL CORP.,1074909,80.3,needs_review
Florida International University,"NATIONAL AMERICAN UNIVERSITY HOLDINGS, INC.",1399855,80.286,needs_review
Oahu Transit Services,"AIR TRANSPORT SERVICES GROUP, INC.",894081,80.262,needs_review
Maximum Industries,LCI INDUSTRIES,763744,80.2,needs_review
Petrobras,PETROGAS CO,1609258,80.181,needs_review
Akron,AKORN INC,3116,80,needs_review
Banco BCR,BCB BANCORP INC,1228454,80,needs_review
Gefco,"GEPCO, LTD.",1454010,80,needs_review
Prosegur,"PROS HOLDINGS, INC.",1392972,80,needs_review
Cloudstar,"COSTAR GROUP, INC.",1057352,80,needs_review
Campari Group,CAPRI HOLDINGS LTD,1530721,80,needs_review
Acer,"ACERAGEN, INC.",861838,80,needs_review
Keralty (Colombia health system),DUKE REALTY LIMITED PARTNERSHIP/,1003410,80,needs_review
ABB,ABBVIE INC.,1551152,80,needs_review
LifeLabs,LIFE PARTNERS HOLDINGS INC,49534,80,needs_review
Golden Age Nursing Home,"GOLDEN GATE HOMES, INC.",1328208,80,needs_review
Underwriters Laboratories (UL),UNIGENE LABORATORIES INC,352747,79.928,needs_review
Mat-Su Surgical,MAKO SURGICAL CORP.,1411861,79.87,needs_review
Gallery Systems,GSE SYSTEMS INC,944480,79.838,needs_review
Veritas Logistics,"RAND LOGISTICS, INC.",1294250,79.785,needs_review
MedStar Mobile Healthcare,MERGE HEALTHCARE INC,944765,79.765,needs_review
Honda Motor Co.,HYZON MOTORS INC.,1716583,79.684,needs_review
China Energy Engineering Corporation,GRAND CHINA ENERGY GROUP LTD,1408956,79.654,needs_review
Rackspace,"TALKSPACE, INC.",1803901,79.608,needs_review
Nyrstar,VYSTAR CORP,1308027,79.487,needs_review
Manutan,"MANUKA, INC.",1062128,79.487,needs_review
Altice,LATTICE INC,350644,79.487,needs_review
Kopter,KOPPERS HOLDINGS INC.,1315257,79.487,needs_review
AerCap,PARACAP CORP,1337408,79.487,needs_review
"Practice Resources, LLC",PORTAGE RESOURCES INC.,1403674,79.429,needs_review
Prospect Medical Holdings,"OUTSET MEDICAL, INC.",1484612,79.429,needs_review
One Call (insurance),"CABLE ONE, INC.",1632127,79.412,needs_review
Globalcaja,"JADE GLOBAL HOLDINGS, INC.",1518171,79.398,needs_review
First American,"AMERICAN RETAIL GROUP, INC.",277905,79.363,needs_review
Transformative Healthcare,PERFORMANT HEALTHCARE INC,1550695,79.337,needs_review
IKEA,"NIKE, INC.",320187,79.286,needs_review
Lion (Beverage giant),"IONQ, INC.",1824920,79.286,needs_review
East Bay Biotech,EASTGATE BIOTECH CORP,1099574,79.286,needs_review
AGCO,EACO CORP,784539,79.286,needs_review
Spectra Logic,"SPECTRAL AI, INC.",1833498,79.286,needs_review
Elap,YELP INC,1345016,79.286,needs_review
Sony,PONY GROUP INC.,1784058,79.286,needs_review
UCLA,CALA CORP,794107,79.286,needs_review
QNAP,SNAP INC,1564408,79.286,needs_review
Pilz,HPIL HOLDING,1286345,79.286,needs_review
PhilHealth,"EHEALTH, INC.",1333493,79.276,needs_review
Expeditors,"EXPEDIA GROUP, INC.",1324424,79.276,needs_review
Manitoulin Transport (Trucking/supply chain company),MARTEN TRANSPORT LTD,799167,79.259,needs_review
Lorien Health Services,HEALTHCARE SERVICES GROUP INC,731012,79.23,needs_review
Ubiqus Group (Contractor to NYC Department of Education),UBIQUITI INC.,1511737,79.221,needs_review
TheBus,"LANTHEUS HOLDINGS, INC.",1521036,79.221,needs_review
Telkom,TELKONET INC,1094084,79.221,needs_review
ForceNet (impacting Australian Defence Department),KFORCE INC,930420,79.221,needs_review
Synnovis,ENOVIS CORP,1420800,79.221,needs_review
Zellis,"NUWELLIS, INC.",1506492,79.221,needs_review
MTB BANK,BANK MUTUAL CORP,1123270,79.211,needs_review
Frontier Software,"JIVE SOFTWARE, INC.",1462633,79.2,needs_review
Empress EMS (Emergency Medical Services),EMPRESS MINING INC.,1524774,79.2,needs_review
CarePointe ENT,"CHARGEPOINT HOLDINGS, INC.",1777393,79.2,needs_review
HTC Global Services,"STREAM GLOBAL SERVICES, INC.",1405287,79.197,needs_review
Tower (wireless chip and camera sensors manufacturer),"OPOWER, INC.",1412043,79.192,needs_review
FONASA (Chile's National Health Fund),FONAR CORP,355019,79.192,needs_review
Elgon Inc,EXELON CORP,1109357,79.192,needs_review
"Izumi Co., Ltd.",ZUMIEZ INC,1318008,79.192,needs_review
US Radiology,"US ECOLOGY, INC.",742126,79.192,needs_review
Elexon,EXONE CO,1561627,79.192,needs_review
International Join Commission (IJC),"CHANG-ON INTERNATIONAL, INC.",42136,78.992,needs_review
Select Education Group,"STRATEGIC EDUCATION, INC.",1013934,78.857,needs_review
Faxinating Solutions,ISIGN SOLUTIONS INC.,727634,78.857,needs_review
Christus Health,CVS HEALTH CORP,64803,78.756,needs_review
Crawford County,CRAWFORD & CO,25475,78.73,needs_review
McLaren Health Care,"HCA HEALTHCARE, INC.",860730,78.701,needs_review
Encino Energy,"ABCO ENERGY, INC.",1300938,78.684,needs_review
Tata Power,STARDUST POWER INC.,1831979,78.684,needs_review
Midland Information Technology Consortium (MITCON),"MEDICAL INFORMATION TECHNOLOGY, INC.",1011452,78.61,needs_review
Alphabroder,"ALPHABET HOLDING COMPANY, INC.",1566978,78.496,needs_review
Atos SE,"GATOS SILVER, INC.",1517006,78.496,needs_review
Hellmann Worldwide,HILTON WORLDWIDE HOLDINGS INC.,1585689,78.475,needs_review
Leon Medical Centers,AETHLON MEDICAL INC,882291,78.418,needs_review
Kmart,LOOKSMART LTD,1077866,78.413,needs_review
Xchanging (msp insurance managed services business subsidiary of DXC Technology),NXCHAIN INC.,1039757,78.333,needs_review
Correos Express,"EXPRESS, INC.",1483510,78.182,needs_review
City of Hayward,"HAYWARD HOLDINGS, INC.",1834622,78.182,needs_review
City of Oshkosh,OSHKOSH CORP,775158,78.182,needs_review
Jordan Health,SOTERA HEALTH CO,1822479,78.154,needs_review
Serco,ENSERVCO CORP,319458,78.154,needs_review
Deloitte,ELITE GROUP INC.,1607281,78.154,needs_review
Skender,SONDER HOLDINGS INC.,1819395,78.154,needs_review
Sierra College,"SIERRA ONCOLOGY, INC.",1290149,78.11,needs_review
Doctors' Management Services,BIRNER DENTAL MANAGEMENT SERVICES INC,948072,78.043,needs_review
Enel Group,ENVELA CORP,701719,78,needs_review
ELTA (Greece Postal Service),ELUTIA INC.,1708527,78,needs_review
Thai Beverage Public Company,PULSE BEVERAGE CORP,1420569,77.908,needs_review
Nikki-Universal Co. Ltd,UNIVERSAL TOKEN,1919182,77.846,needs_review
Colonial Pipeline,ATLAS PIPELINE PARTNERS LP,1092914,77.781,needs_review
American Clinical Solutions,AMERICAN COMMERCE SOLUTIONS INC,949982,77.778,needs_review
Banco Estado (Public Bank),"ESSA BANCORP, INC.",1382230,77.727,needs_review
The Harris Foundation,"FOUNDATION HEALTHCARE, INC.",1272597,77.714,needs_review
eResearchTechnology (ERT),"RECON TECHNOLOGY, LTD",1442620,77.675,needs_review
eResearchTechnology (includes IQVIA and Bristol Myers Squibb),"RECON TECHNOLOGY, LTD",1442620,77.675,needs_review
Capital Medical Center,CANTEL MEDICAL CORP,19446,77.619,needs_review
SimonMed Imaging,MONOTYPE IMAGING HOLDINGS INC.,1385292,77.593,needs_review
Ascension Health System,ELITE HEALTH SYSTEMS INC.,1089815,77.592,needs_review
La Poste Mobile,MOBILE LADS CORP,1580264,77.538,needs_review
Westend Dental,WESTERN DIGITAL CORP,106040,77.517,needs_review
Toronto Zoo,TORON INC.,1484674,77.5,needs_review
Boyne Resorts,PEAK RESORTS INC,1517401,77.486,needs_review
Granite Wellness Centers,"WELLNESS CENTER USA, INC.",1516887,77.442,needs_review
"Healthcare Fiscal Management, Inc. (St. Mary's Health Care Contractor)","HEALTH MANAGEMENT ASSOCIATES, INC",792985,77.34,needs_review
Liberty Hospital,"LIBERTY GLOBAL, INC.",1316631,77.333,needs_review
Stuart City,"STAR EQUITY HOLDINGS, INC.",707388,77.321,needs_review
City of Gary,PARTY CITY HOLDINGS INC.,1340554,77.321,needs_review
R. E. Gilmore Investments Corp.,GIA INVESTMENTS CORP.,1500497,77.314,needs_review
ISS World,OTIS WORLDWIDE CORP,1781335,77.295,needs_review
Kenya Airways,US AIRWAYS GROUP INC,701345,77.295,needs_review
UK Research and Innovation,NATIONAL RESEARCH CORP,70487,77.155,needs_review
Max Media,"GRAY MEDIA, INC",43196,77.152,needs_review
TransLink (Metro Vancouver transit system),"INTRALINKS HOLDINGS, INC.",1488075,77.152,needs_review
Trans-Northern Pipelines,NORTHWEST PIPELINE LLC,110019,77.143,needs_review
Queensland University of Technology (QUT),"UNIVERSAL SOLAR TECHNOLOGY, INC.",1434389,77.125,needs_review
Sandhills Global,"HST GLOBAL, INC.",797564,77.094,needs_review
Georgetown County,"GEORGETOWN BANCORP, INC.",1542299,77.071,needs_review
Top Aces,GAMESTOP CORP.,1326380,77,needs_review
ADATA,ADT CORP,1546640,77,needs_review
Mpact (formerly Taxistop),PCT LTD,1119897,77,needs_review
Advanced,ADVANT E CORP,925043,77,needs_review
Bell Technical Solutions (BTS),"EMR TECHNOLOGY SOLUTIONS, INC.",1687999,77,needs_review
GSS,GUESS INC,912463,77,needs_review
Evide,"EVE HOLDING, INC.",1823652,77,needs_review
AEP,AMREP CORP.,6207,77,needs_review
Shoprite Group,SHORETEL INC,1388133,77,needs_review
Ampol,AOL INC.,1468516,77,needs_review
Sarasota,"MANASOTA GROUP, INC.",1074458,77,needs_review
Strata Plus (strata management firm),SP PLUS CORP,1059262,76.923,needs_review
Easterseals,EASTERN CO,31107,76.923,needs_review
Yuba City,CITY HOLDING CO,726854,76.923,needs_review
Lake Region Healthcare,MERGE HEALTHCARE INC,944765,76.803,needs_review
Sberbank,IBERIABANK CORP,933141,76.667,needs_review
Events DC,ENVENTIS CORP,766561,76.639,needs_review
Medfield,GOLDFIELD CORP,42316,76.639,needs_review
Unimicron,MILACRON HOLDINGS CORP.,1637913,76.639,needs_review
City of Hartford,FIRST HARTFORD CORP,36369,76.593,needs_review
New Cooperative,GOLDEN GROWERS COOPERATIVE,1489874,76.531,needs_review
Kaunas University of Technology,"UNIVERSAL SOLAR TECHNOLOGY, INC.",1434389,76.518,needs_review
SAOG United Insurance Company,SAFETY INSURANCE GROUP INC,1172052,76.448,needs_review
Bouygues Construction Unit,GRANITE CONSTRUCTION INC,861459,76.334,needs_review
London Drugs,"LEONARDO DRS, INC.",1833756,76.304,needs_review
Wabtec Corportation,WEST BANCORPORATION INC,1166928,76.211,needs_review
RailWorks Corporation,"PIXELWORKS, INC",1040161,76.211,needs_review
Pionet,EXPONENT INC,851520,76.19,needs_review
Synoptek,NORTEK INC,1216596,76.19,needs_review
Finastra,"NATERA, INC.",1604821,76.19,needs_review
HCLTech,"FDCTECH, INC.",1722731,76.19,needs_review
Entrust Corporation,"ZENTRUM HOLDINGS, INC.",1818152,76.19,needs_review
Savannah (and Savannah PD),ARVANA INC,1113313,76.19,needs_review
Portland,RYLAND GROUP INC,85974,76.19,needs_review
Reddit,MEREDITH CORP,65011,76.19,needs_review
Intrado,"SIENTRA, INC.",1551693,76.19,needs_review
MegaFon,MEGANET CORP,1527795,76.19,needs_review
Firstmac,FIRMA HOLDINGS CORP.,1387054,76.154,needs_review
Northwest Arkansas Community College (NWACC),NORTHEAST COMMUNITY BANCORP INC,1354772,76.15,needs_review
Lamoille Health Partners,"NMI HEALTH, INC.",1088213,76.141,needs_review
Riverside Community Care,"PROVIDENT COMMUNITY BANCSHARES, INC.",926164,76.111,needs_review
California's 911 services,CALIFORNIA WATER SERVICE GROUP,1035201,76.082,needs_review
MediaOnline,EDGAR ONLINE INC,1080224,76.047,needs_review
Wentworth Golf Club,J.G. WENTWORTH CO,1580185,76.033,needs_review
Lufkin ISF,LUFKIN INDUSTRIES INC,60849,76,needs_review
Cook County,"COUNTY BANCORP, INC.",1470205,75.927,needs_review
Technological University Dublin (TU Dublin),"BLINK TECHNOLOGIES, INC.",1418452,75.918,needs_review
State of Illinois,OWENS-ILLINOIS GROUP INC,812233,75.914,needs_review
Highland Park ISD,"HIGHLANDS REIT, INC.",1661458,75.914,needs_review
Encloe Medical Center,CANTEL MEDICAL CORP,19446,75.876,needs_review
VT San Antonio Aerospace (aerospace and defense contractor),ASTRO AEROSPACE LTD.,1425203,75.862,needs_review
Constellation Software Inc,CONSTELLATION ENERGY GROUP INC,1004440,75.798,needs_review
National Health Service (NHS) UK,SERVICE CORP INTERNATIONAL,89089,75.785,needs_review
Insport (sports store),"INSPERITY, INC.",1000753,75.769,needs_review
Motel One,"MODEL N, INC.",1118417,75.769,needs_review
Sabella,AMBARELLA INC,1280263,75.769,needs_review
Arizona Beverages,AMAIZE BEVERAGE CORP,1137005,75.769,needs_review
"Marion County, FL","MADISON COUNTY FINANCIAL, INC.",1547635,75.769,needs_review
Nonin Medical,"VIVANI MEDICAL, INC.",1266806,75.749,needs_review
Samsung Electronics,WINLAND ELECTRONICS INC,749935,75.726,needs_review
United Enertech (US construction company,GRANITE CONSTRUCTION INC,861459,75.686,needs_review
MediSecure,"EXICURE, INC.",1698530,75.686,needs_review
WOWW Radio,"RADIOIO, INC.",1005758,75.686,needs_review
Texas Department of Transportation,"PATRIOT TRANSPORTATION HOLDING, INC.",1616741,75.678,needs_review
Wadena,ADEIA INC.,1803696,75.636,needs_review
Linfox,"INFOR, INC.",1556148,75.636,needs_review
Tendam,TEGNA INC,39899,75.636,needs_review
Asahi Group Holdings,"KASHIN, INC.",1467845,75.636,needs_review
Tensor,TESCO CORP,1022705,75.636,needs_review
Fareva,"ARENA GROUP HOLDINGS, INC.",894871,75.636,needs_review
Casio,MASIMO CORP,937556,75.636,needs_review
Avery,"EVERGY, INC.",1711269,75.636,needs_review
Excis,"CODEXIS, INC.",1200375,75.556,needs_review
Foxconn,CONNS INC,1223389,75.556,needs_review
Renault,"ARENA GROUP HOLDINGS, INC.",894871,75.556,needs_review
Janesville,JANEL CORP,1133062,75.556,needs_review
Personal Touch Holding Corp.,"PERSONALIS, INC.",1527753,75.556,needs_review
Brookfield Residential (land developer and home builder),"BROOKFIELD OAKTREE HOLDINGS, LLC",1403528,75.548,needs_review
Electronic Warfare Associates (EWA),ELECTRONIC ARTS INC.,712515,75.515,needs_review
Tokio Marine,WEST MARINE INC,912833,75.423,needs_review
InterContinental Hotels Grou (ICH),"INTERCONTINENTAL EXCHANGE, INC.",1571949,75.4,needs_review
East Central University,"UNIVERSITY GENERAL HEALTH SYSTEM, INC.",1383960,75.383,needs_review
Louisiana’s Office of Technology Services (OTS),FOOD TECHNOLOGY SERVICE INC,868267,75.349,needs_review
Carnegie Clean Energy,AMERICAN ENERGY GROUP LTD,843212,75.333,needs_review
Metro Presort,MET PRO CORP,65201,75.333,needs_review
Wolverine Solutions Group,WOLVERINE RESOURCES CORP.,1424404,75.322,needs_review
Bretagne Telecom,REEVES TELECOM LTD PARTNERSHIP,314741,75.304,needs_review
Medical Diagnostic Laboratories,MESA LABORATORIES INC /CO/,724004,75.294,needs_review
Betances Health Center,COVENTRY HEALTH CARE INC,1054833,75.29,needs_review
Western Alliance Bank,WESTERN ALLIANCE BANCORPORATION,1212545,75.245,needs_review
Frederick Health,CRC HEALTH CORP,1360474,75.223,needs_review
Gujarat Mineral Development Corporation (GMDC),EDUCATIONAL DEVELOPMENT CORP,31667,75.165,needs_review
Indiana National Guard,AMERICAN NATIONAL GROUP INC,1801075,75.077,needs_review
CompuGroup Medical,CRH MEDICAL CORP,1461119,75.064,needs_review
Kansas Water Facility,KANSAS CITY SOUTHERN,54480,75.014,needs_review
Care New England,NEW ENGLAND REALTY ASSOCIATES LIMITED PARTNERSHIP,746514,75,needs_review
Grand Palais,GREEN PLAINS PARTNERS LP,1635650,75,needs_review
Perfection Fresh,"FRESHPET, INC.",1611647,75,needs_review
MDSI Inc,MSCI INC.,1408198,75,needs_review
CareerSource Tampa Bay,"TAP RESOURCES, INC.",1407343,74.989,needs_review
CloudJumper,"CLOUDERA, INC.",1535379,74.98,needs_review
Osaka General Medical Center,MEDIA GENERAL INC,216539,74.972,needs_review
City of Washington,WASHINGTON PRIME GROUP INC.,1594686,74.946,needs_review
Austal USA,METALS USA HOLDINGS CORP.,1362491,74.941,needs_review
Royal Mail,ROYAL GOLD INC,85535,74.941,needs_review
Springfield,"SPRINGBIG HOLDINGS, INC.",1801602,74.941,needs_review
"State of Connecticut (12 State Agencies, including the Department of Administrative Services)",CONNECTICUT WATER SERVICE INC / CT,276209,74.932,needs_review
Owens Ear Center (Fort Worth),"WELLNESS CENTER USA, INC.",1516887,74.916,needs_review
Cleveland Hopkins International Airport,ARRIS INTERNATIONAL PLC,1645494,74.866,needs_review
Southwire (cable and wire manufacturer),SHIRE PLC,936402,74.857,needs_review
OmniTRAX,"OMNIAB, INC.",1846253,74.857,needs_review
Johnson City,JOHNSON CONTROLS INC,53669,74.857,needs_review
VirtualGuard,VIRTUSA CORP,1207074,74.818,needs_review
Saint Francis Health System,SUNLINK HEALTH SYSTEMS INC,96793,74.803,needs_review
Trinity Metro (Fort Worth transit agency),MOTRICITY INC,1336691,74.747,needs_review
Eberspächer Group ,CENTERSPACE,798359,74.747,needs_review
Goodman Mintz LLP,GOODMAN NETWORKS INC,1335982,74.713,needs_review
Washington D.C. Police CCTV,WASHINGTON PRIME GROUP INC.,1594686,74.667,needs_review
Unnamed health care company,"OPTION CARE HEALTH, INC.",1014739,74.662,needs_review
Motilal Oswal Financial Services (MOFSL),KINGSWAY FINANCIAL SERVICES INC,1072627,74.606,needs_review
Elbit Systems of America,MERIT MEDICAL SYSTEMS INC,856982,74.602,needs_review
Delta-Montrose Electric Association (DMEA),CHUGACH ELECTRIC ASSOCIATION INC,878004,74.497,needs_review
Florida Medical Clinic,"INARI MEDICAL, INC.",1531048,74.476,needs_review
North Carolina State Bar,PEOPLES BANCORP OF NORTH CAROLINA INC,1093672,74.446,needs_review
Becker County,"COUNTY BANCORP, INC.",1470205,74.444,needs_review
China gas stations,STATION CASINOS LLC,1503579,74.406,needs_review
Forsyth County,COMMUNITY FIRST INC,1179500,74.317,needs_review
American Renal Associates (ARA),REX AMERICAN RESOURCES CORP,744187,74.313,needs_review
Claro Company/América Móvil,OIL-DRI CORP OF AMERICA,74046,74.294,needs_review
Wipro,"PROG HOLDINGS, INC.",1808834,74.286,needs_review
Uber,BERRY CORP (BRY),1705873,74.286,needs_review
Yoshiba Foods,HF FOODS GROUP INC.,1680873,74.286,needs_review
Yodel,DELL INC,826083,74.286,needs_review
MediaMarkt,MEDIACOM LLC,1064116,74.286,needs_review
Shell,DELL INC,826083,74.286,needs_review
Lush,EPLUS INC,1022408,74.286,needs_review
UnitingCare,LINCARE HOLDINGS INC,882235,74.286,needs_review
OakBend Medical Center,CANTEL MEDICAL CORP,19446,74.286,needs_review
Compucom,"CCOM GROUP, INC.",21828,74.286,needs_review
Toll Group,KNOLL INC,1011570,74.286,needs_review
Evolve Bank & Trust,M&T BANK CORP,36270,74.286,needs_review
Montréal-Nord (Montreal North) ,REGAL REXNORD CORP,82811,74.266,needs_review
Navias Supermarket,"HARRIS TEETER SUPERMARKETS, INC.",85704,74.242,needs_review
Farmalink,AMERA LINK INC,1133266,74.211,needs_review
Madison County,"MADISON COUNTY FINANCIAL, INC.",1547635,74.211,needs_review
Madeira Health Service (Sesaram),HEALTHCARE SERVICES GROUP INC,731012,74.198,needs_review
New York Blood Center Enterprises,"EOS ENERGY ENTERPRISES, INC.",1805077,74.182,needs_review
Dakota Carrier Network (DCN),"ARISTA NETWORKS, INC.",1596532,74.162,needs_review
REC Silicon ASA,SILICON IMAGE INC,1003214,74.161,needs_review
Petróleos Mexicanos (Pemex),"EOS PETRO, INC.",1419583,74.127,needs_review
Financial Business and Consumer Solutions,"DONNELLEY FINANCIAL SOLUTIONS, INC.",1669811,74.084,needs_review
Development Bank of Southern Africa,ASIAN DEVELOPMENT FRONTIER INC.,1353633,74.048,needs_review
Communications and Power Industries (CPI),"INTERMETRO COMMUNICATIONS, INC.",1160142,74,needs_review
Bangkok Airways,US AIRWAYS GROUP INC,701345,73.956,needs_review
Mercury IT,MERCURY GENERAL CORP,64996,73.956,needs_review
Rockdale County Water Resources,"VIDLER WATER RESOURCES, INC.",830122,73.928,needs_review
Auckland Transport (AT) transportation authority,"PATRIOT TRANSPORTATION HOLDING, INC.",1616741,73.891,needs_review
Sunflower Medical Group,SELECT MEDICAL HOLDINGS CORP,1320414,73.885,needs_review
State of Missouri,SPIRE MISSOURI INC,57183,73.885,needs_review
Granger Medical Clinic,"INARI MEDICAL, INC.",1531048,73.87,needs_review
Mail2World,WORLDS INC,1961,73.864,needs_review
CU Collections,COLLECTORS UNIVERSE INC,1089143,73.846,needs_review
International AIDS Vaccine Initiative,INTERNATIONAL BUSINESS MACHINES CORP,51143,73.782,needs_review
Hoya Optics,"INRAD OPTICS, INC.",719494,73.739,needs_review
Sol Oriens,CORONUS SOLAR INC.,1448900,73.739,needs_review
Point32Health,"NANTHEALTH, INC.",1566469,73.739,needs_review
Russia Central Bank,CENTERSTATE BANK CORP,1102266,73.735,needs_review
Fannin County,"MADISON COUNTY FINANCIAL, INC.",1547635,73.702,needs_review
Red Barrels,BARREL ENERGY INC.,1631463,73.684,needs_review
American Addiction Center,AMERICAN ENERGY GROUP LTD,843212,73.667,needs_review
Daily Thermetrics,AGILE THERAPEUTICS INC,1261249,73.662,needs_review
Kvertus,VERU INC.,863894,73.636,needs_review
TrialWorks (MSP),REALNETWORKS INC,1046327,73.636,needs_review
Isentia,"IDENTIV, INC.",1036044,73.626,needs_review
Stadler (Rail vehicle manufacturer),STAPLES INC,791519,73.626,needs_review
Shimano,HILLMAN COMPANIES INC,1029831,73.626,needs_review
Manlius,VALIDUS HOLDINGS LTD,1348259,73.626,needs_review
Alfanar,"ALEANNA, INC.",1845123,73.626,needs_review
Topsham,"TOSHOAN HOLDINGS, INC.",1567860,73.626,needs_review
Munster Technological University (MTU),UNIVERSAL TECHNICAL INSTITUTE INC,1261654,73.624,needs_review
Gateway Casinos and Entertainment Ltd.,AMERICAN CASINO & ENTERTAINMENT PROPERTIES LLC,1297735,73.593,needs_review
Russian Railways,US AIRWAYS GROUP INC,701345,73.538,needs_review
Accellion clients,ACCELLENT INC,1342505,73.538,needs_review
Horizon Actuarial Services,ORRSTOWN FINANCIAL SERVICES INC,826154,73.419,needs_review
McKenzie Health System,SUNLINK HEALTH SYSTEMS INC,96793,73.404,needs_review
National Association of Eating Disorders,"ZIONS BANCORPORATION, NATIONAL ASSOCIATION /UT/",109380,73.383,needs_review
Chenango County,"COUNTY BANCORP, INC.",1470205,73.379,needs_review
Bar Ilan University,"NATIONAL AMERICAN UNIVERSITY HOLDINGS, INC.",1399855,73.351,needs_review
Carleton University,"NATIONAL AMERICAN UNIVERSITY HOLDINGS, INC.",1399855,73.351,needs_review
BlueScope (Steelmaker- Port Kembla),USCORP,873185,73.333,needs_review
SpetsInTech,"RENTECH, INC.",868725,73.333,needs_review
Cencosud,"CENCORA, INC.",1140859,73.333,needs_review
Kewadin Casinos,STATION CASINOS LLC,1503579,73.333,needs_review
SoftServe,FISERV INC,798354,73.333,needs_review
Xplain,PLAINS GP HOLDINGS LP,1581990,73.333,needs_review
Collabera,ECOLAB INC.,31462,73.333,needs_review
Jeppesen (Boeing subsidiary),PERSEON CORP,320174,73.333,needs_review
Hoya Optical Labs,OPTICAL CABLE CORP,1000230,73.333,needs_review
European Medicines Agency,BEONE MEDICINES LTD.,1651308,73.286,needs_review
Northwest Territories Power Corporation,NORTHERN STATES POWER CO,1123852,73.269,needs_review
American Dental Association,AMERICAN NATIONAL GROUP INC,1801075,73.266,needs_review
ZEGG Hotels & Store,"XENIA HOTELS & RESORTS, INC.",1616000,73.255,needs_review
One Brooklyn Health,HEALTH NET INC,916085,73.241,needs_review
Parkview Medical Center (Pueblo County),CANTEL MEDICAL CORP,19446,73.205,needs_review
Medservicegroup,AMERIGROUP CORP,1064863,73.2,needs_review
SmarterASP.NET,PETSMART INC,863157,73.182,needs_review
Truman Medical Centers,"TREACE MEDICAL CONCEPTS, INC.",1630627,73.143,needs_review
Unnamed manufacturing facilities,ARTS WAY MANUFACTURING CO INC,7623,73.131,needs_review
Research Electronics International,RESTAURANT BRANDS INTERNATIONAL LIMITED PARTNERSHIP,1618755,73.128,needs_review
Alphadyne,ALPHA-EN CORP,1023298,73.122,needs_review
Schneider Electric,EMERSON ELECTRIC CO,32604,73.122,needs_review
ZicroDATA,INNODATA INC,903651,73.122,needs_review
Appalachian Regional Healthcare,"AMERICAN HEALTHCARE REIT, INC.",1632970,73.121,needs_review
Ideallease Inc,DALLASNEWS CORP,1413898,73.111,needs_review
Asteelflash,STEELCASE INC,1050825,73.111,needs_review
Oregon's Department of Transportation,"PATRIOT TRANSPORTATION HOLDING, INC.",1616741,73.11,needs_review
"Washington County, PA",WASHINGTON PRIME GROUP INC.,1594686,73.103,needs_review
Pacific Market Research (PMR) (research and consulting firm),ACACIA RESEARCH CORP,934549,73.053,needs_review
CommonSpirit Health,COSMOS HEALTH INC.,1474167,73,needs_review
Department of Mineral Resources,MEMORIAL RESOURCE DEVELOPMENT CORP.,1599222,72.966,needs_review
Newcastle University,"NATIONAL AMERICAN UNIVERSITY HOLDINGS, INC.",1399855,72.941,needs_review
Ingo Money,"DIGILITI MONEY GROUP, INC.",1487906,72.941,needs_review
Orange County (and PD),"ORANGE COUNTY BANCORP, INC. /DE/",1754226,72.931,needs_review
Linn-Mar School District,"MARINA DISTRICT FINANCE COMPANY, INC.",1517007,72.851,needs_review
Ouest-France,FRANCESCA'S HOLDINGS CORP,1399935,72.85,needs_review
Monash Hleath,"IMS HEALTH HOLDINGS, INC.",1595262,72.85,needs_review
Coos County Family Health Services,GENTIVA HEALTH SERVICES INC,1096142,72.821,needs_review
Gigabyte,IGATE CORP,1024732,72.821,needs_review
Banco de Chile,"CHICOPEE BANCORP, INC.",1355786,72.8,needs_review
Wayne County,CON-WAY INC.,23675,72.782,needs_review
Meyer Corportation,WEST BANCORPORATION INC,1166928,72.75,needs_review
Canadian Tire,CANADIAN CANNABIS CORP.,1532424,72.727,needs_review
Professional Account Management,REGIONAL MANAGEMENT CORP.,1519401,72.674,needs_review
ConsensioHealth,"CANO HEALTH, INC.",1800682,72.65,needs_review
Bradford Health,"CANO HEALTH, INC.",1800682,72.65,needs_review
Boardriders,"BOSTON CARRIERS, INC.",1174672,72.65,needs_review
Jackson Hospital,JACKSON FINANCIAL INC.,1822993,72.593,needs_review
Curo Fund Services,"QUANTA SERVICES, INC.",1050915,72.593,needs_review
Transport for London,MARTEN TRANSPORT LTD,799167,72.593,needs_review
Ozark Orthopaedics,ORTHOPEDIATRICS CORP,1425450,72.593,needs_review
Victoria Racing Club,"LAKE VICTORIA MINING COMPANY, INC.",1402062,72.588,needs_review
Department of Energy,FAR EAST ENERGY CORP,1124024,72.571,needs_review
Crystal Lake Health Center,"HERITAGE-CRYSTAL CLEAN, INC.",1403431,72.5,needs_review
Martinique Collectivity,TE CONNECTIVITY PLC,1385157,72.481,needs_review
Connecticut Judicial Branch,"FIRST CONNECTICUT BANCORP, INC.",1511198,72.448,needs_review
Bank Of China,BANK OF HAWAII CORP,46195,72.444,needs_review
Michigan State University,"NATIONAL AMERICAN UNIVERSITY HOLDINGS, INC.",1399855,72.407,needs_review
WorldNet Telecommunications and ISP,SHENANDOAH TELECOMMUNICATIONS CO/VA/,354963,72.38,needs_review
Nordic Choice Hotels,CHOICE HOTELS INTERNATIONAL INC /DE,1046311,72.379,needs_review
Arizona Superior Court,"SUPERIOR GROUP OF COMPANIES, INC.",95574,72.364,needs_review
SteelBlue,"TRUEBLUE, INC.",768899,72.353,needs_review
Pendragon,DENDREON CORP,1107332,72.353,needs_review
Israel Institute of Technology (the Technion),ISPIRE TECHNOLOGY INC.,1948455,72.28,needs_review
Bakker Logistiek,ARC LOGISTICS PARTNERS LP,1583744,72.149,needs_review
Suffolk County,SUFFOLK BANCORP,754673,72.149,needs_review
PBI Research Services,"BASIC ENERGY SERVICES, INC.",1109189,72.125,needs_review
Great Plains Health,GREEN PLAINS PARTNERS LP,1635650,72.054,needs_review
Town of Freeport,FREEPORT-MCMORAN INC,831259,72.019,needs_review
KYB Corporation,"KBR, INC.",1357615,72,needs_review
Inetum,INTEST CORP,1036262,72,needs_review
AXA (insurance),"AAC HOLDINGS, INC.",1606180,72,needs_review
DNV,NOV INC.,1021860,72,needs_review
PGA,APA CORP,1841666,72,needs_review
SSP (insurance software company),"DSS, INC.",771999,72,needs_review
AMD (semiconductor giant),ACM CORP,1493265,72,needs_review
NCR Corporation (Aloha POS),"CVR PARTNERS, LP",1425292,72,needs_review
Yanfeng Automotive Interiors,"SALEEN AUTOMOTIVE, INC.",1528098,72,needs_review
Skanlog,KALLO INC.,1389034,72,needs_review
Ritzau,"SPRIZA, INC.",1565248,72,needs_review
Jands,ANDES 7 INC.,1650205,72,needs_review
Helix,HEALING CO INC.,1441082,72,needs_review
Volvo,"REVOLVE GROUP, INC.",1746618,72,needs_review
SN Servicing Corporation,"SERVICETITAN, INC.",1638826,72,needs_review
Nissan,UNISYS CORP,746838,72,needs_review
Häfele,"MCAFEE, INC.",890801,72,needs_review
SilPac,IAC INC.,1800227,72,needs_review
FatFace,AFLAC INC,4977,72,needs_review
Kiezer,PFIZER INC,78003,72,needs_review
CPC Corp. (Tawain's state-owned energy company),CCO HOLDINGS LLC,1271833,72,needs_review
HLB (Belgian accounting firm),"OLB GROUP, INC.",1314196,72,needs_review
C.R. Laurence,RALPH LAUREN CORP,1037038,72,needs_review
"DKA (refrigeration and air conditioning specialist, Dussmann Group subsidiary)",KLA CORP,319201,72,needs_review
Durham,GRAHAM CORP,716314,72,needs_review
RRCA Accounts Management,ARES MANAGEMENT CORP,1176948,72,needs_review
Cadena SER,"GEN SERV, INC.",1608429,72,needs_review
Embraer,"BRAZE, INC.",1676238,72,needs_review
Palermo,ALERE INC.,1145460,72,needs_review
Avrig,AVINGER INC,1506928,72,needs_review
Shinwa Co Ltd,"KASHIN, INC.",1467845,72,needs_review
City of Augusta,AUGUSTA GOLD CORP.,1448597,72,needs_review
Delaware County,"ALIGHT, INC. / DELAWARE",1809104,72,needs_review
Anna Jaques Hospital (AJH),JANUS CAPITAL GROUP INC,1065865,72,needs_review
Blowtherm,VAPOTHERM INC,1253176,72,needs_review
City of St. Helena,HELEN OF TROY LTD,916789,72,needs_review
Volvo Cars,CARS.COM INC.,1683606,72,needs_review
Island of Martinique,"SMART SAND, INC.",1529628,72,needs_review
K12 (AKA Stride Inc),"K2M GROUP HOLDINGS, INC.",1499807,72,needs_review
Jefferson Village,JEFFERIES GROUP LLC,1084580,71.923,needs_review
United Health Centers,"UNITED RENTALS, INC.",1067701,71.912,needs_review
N.C. Central University,"NATIONAL AMERICAN UNIVERSITY HOLDINGS, INC.",1399855,71.911,needs_review
Bridgestone Americas,AMERICAN BITCOIN CORP.,1755953,71.905,needs_review
Lake Charles Memorial Health System (LCMHS),PREAXIA HEALTH CARE PAYMENT SYSTEMS INC.,1350156,71.843,needs_review
Fresenius SE & Co.,SAFE & GREEN HOLDINGS CORP.,1023994,71.826,needs_review
Colorado Department of Transportation (CDOT),"PATRIOT TRANSPORTATION HOLDING, INC.",1616741,71.815,needs_review
Bridgeport School Systems,DOT HILL SYSTEMS CORP,1042783,71.745,needs_review
University Hospital New Jersey,UNIVERSAL HOSPITAL SERVICES INC,886171,71.735,needs_review
Network Tallahassee,"PULSE NETWORK, INC.",1521013,71.726,needs_review
Lacroix Group,LANTRONIX INC,1114925,71.667,needs_review
Eskenazi Health,ETHEMA HEALTH CORP,792935,71.657,needs_review
Carruth Compliance Consulting,BOWMAN CONSULTING GROUP LTD.,1847590,71.63,needs_review
Niagara University,"NATIONAL AMERICAN UNIVERSITY HOLDINGS, INC.",1399855,71.63,needs_review
Pacific Pulmonary Medical Group,AMERICAN PACIFIC CORP,350832,71.597,needs_review
Howard University,UNIVERSAL POWER GROUP INC.,1372000,71.595,needs_review
American Radio Relay League (ARRL),AMERICAN EAGLE ENERGY CORP,1282613,71.579,needs_review
Timberline Billing Service,TIMBERLINE RESOURCES CORP,1288750,71.563,needs_review
Crystal Valley,RETAIL VALUE INC.,1735184,71.538,needs_review
Coffee County,"REBORN COFFEE, INC.",1707910,71.538,needs_review
City of Westmount,WESTMOUNTAIN CO,1421603,71.527,needs_review
Sonoma Valley Hospital,"ONE GROUP HOSPITALITY, INC.",1399520,71.512,needs_review
Brazilian ministries,"GIBRALTAR INDUSTRIES, INC.",912562,71.474,needs_review
Veolia North America,AMERICAN MEDIA INC,880555,71.444,needs_review
Telefonica,"TELENAV, INC.",1474439,71.444,needs_review
McMenamins (breweries),CUMMINS INC,26172,71.444,needs_review
Belarusian Railways,BNSF RAILWAY CO,15511,71.437,needs_review
Berkine (Algerian Petroleum Joint Venture),"BEELINE HOLDINGS, INC.",1534708,71.429,needs_review
E-Land Retailer,INLAND REAL ESTATE CORP,923284,71.429,needs_review
Mithaas (restaurant chain),"MISTRAS GROUP, INC.",1436126,71.429,needs_review
City of Cleveland,CLEVELAND-CLIFFS INC.,764065,71.429,needs_review
Crowder College,CORINTHIAN COLLEGES INC,1066134,71.416,needs_review
City of Wichita,"CITY OFFICE REIT, INC.",1593222,71.381,needs_review
Garfield County,"CLEARFIELD, INC.",796505,71.341,needs_review
Kuala Lumpur International Airport,"AXION POWER INTERNATIONAL, INC.",1028153,71.316,needs_review
Bank Indonesia,"INDEPENDENT BANK GROUP, INC.",1564618,71.304,needs_review
PrivatBank 24,"PRIVATEBANCORP, INC",889936,71.304,needs_review
eHealth Saskatchewan,SOTERA HEALTH CO,1822479,71.304,needs_review
Royal Dirkzwager,"ROYAL BAKERY HOLDINGS, INC.",1594485,71.299,needs_review
Automatic Funds Transfer Services Inc. (vendor to city of Bainbridge Island),"AIR TRANSPORT SERVICES GROUP, INC.",894081,71.273,needs_review
Formosa Petrochemica,"KEYUAN PETROCHEMICALS, INC.",1326396,71.246,needs_review
Georgia Department of Agriculture,GENERAL AGRICULTURE CORP,1519894,71.231,needs_review
Ohio Lottery,OHIO LEGACY CORP,1096654,71.213,needs_review
"City of Albany, New york",BANK OF NEW YORK MELLON CORP,1390777,71.213,needs_review
Springhill Medical Center,CANTEL MEDICAL CORP,19446,71.209,needs_review
Family Health Center,"HEALTH CATALYST, INC.",1636422,71.143,needs_review
Monmouth College,CORINTHIAN COLLEGES INC,1066134,71.143,needs_review
Texarkana Metropolitan Area,METROPOLITAN BANK HOLDING CORP.,1476034,71.123,needs_review
AvidXchange,"LEGACYXCHANGE, INC.",1423579,71.111,needs_review
Alberta Dental Service Corporation,NATURAL GAS SERVICES GROUP INC,1084991,71.111,needs_review
Refuah Health Center,ACCENDRA HEALTH INC/VA/,75252,71.053,needs_review
Park County,CANTERBURY PARK HOLDING CORP,926761,71.012,needs_review
Union County,SOUTHERN UNION CO,203248,71.012,needs_review
Swire Pacific Offshore (SPO) (maritime services provider),"PACIFIC SOFTWARE, INC.",1400732,70.998,needs_review
Baltimore 911 System,ALTERNET SYSTEMS INC,1126003,70.968,needs_review
Crisp Regional Health Services,HEALTHCARE SERVICES GROUP INC,731012,70.966,needs_review
PrismHR,PRICESMART INC,1041803,70.924,needs_review
Kansas City Area Transportation Authority,"PATRIOT TRANSPORTATION HOLDING, INC.",1616741,70.916,needs_review
Sunshine Coast Regional District (SCRD),COAST DISTRIBUTION SYSTEM INC,728303,70.905,needs_review
Texas Supreme Court Website,"WEST TEXAS RESOURCES, INC.",1518985,70.851,needs_review
Macmillan (publishing),HILLMAN COMPANIES INC,1029831,70.833,needs_review
Grupo GTD,"GROUPON, INC.",1490281,70.833,needs_review
Habana Labs,"BALANCE LABS, INC.",1632121,70.83,needs_review
Magnolia Pediatrics,ORTHOPEDIATRICS CORP,1425450,70.824,needs_review
Mitsubishi Canada Aerospace,LMI AEROSPACE INC,1059562,70.783,needs_review
Rocky Mountain Gastroenterology,ROCKY MOUNTAIN CHOCOLATE FACTORY INC,785815,70.769,needs_review
Hospitals in Spain,"RCI HOSPITALITY HOLDINGS, INC.",935419,70.769,needs_review
Domingos Martins,DOMINARI HOLDINGS INC.,12239,70.769,needs_review
Singing River Health System,SUNLINK HEALTH SYSTEMS INC,96793,70.748,needs_review
University Gastroenterology,"UNIVERSAL BIOENERGY, INC.",1320729,70.709,needs_review
Memorial Health System,CAS MEDICAL SYSTEMS INC,764579,70.69,needs_review
Monterey Health Center,"WORLD HEALTH ENERGY HOLDINGS, INC.",943535,70.69,needs_review
Fortescue Metals,FORCE MINERALS CORP,1333563,70.667,needs_review
University of Michigan,"NATIONAL AMERICAN UNIVERSITY HOLDINGS, INC.",1399855,70.629,needs_review
Dickinson County Health,CROSS COUNTRY HEALTHCARE INC,1141103,70.619,needs_review
Virtual Private Network Solutions,VERTICAL HEALTH SOLUTIONS INC,1163332,70.615,needs_review
California Department of Finance,CALIFORNIA MINES CORP.,1414030,70.603,needs_review
Community Care Alliance,"CRAFT BREW ALLIANCE, INC.",892222,70.588,needs_review
Blue Yonder,BLUE NILE INC,1091171,70.571,needs_review
National Veterinary Associates ,"NATIONAL WESTERN LIFE GROUP, INC.",1635984,70.476,needs_review
Sopra Steria,STEVIA NUTRA CORP.,1498046,70.476,needs_review
Evolution Mining,GEOVIC MINING CORP.,1398005,70.47,needs_review
Vantage Travel,LIFEVANTAGE CORP,849146,70.4,needs_review
IT By Design,IMMUNE DESIGN CORP.,1437786,70.4,needs_review
Texas Department of Agriculture,GENERAL AGRICULTURE CORP,1519894,70.4,needs_review
Telecom Namibia,"TELCO CUBA, INC.",1427644,70.4,needs_review
Press Trust of India (PTI),PROSHARES TRUST II,1415311,70.386,needs_review
Transform Hospital Group LTD,TARGET HOSPITALITY CORP.,1712189,70.345,needs_review
City of Wayne,DONGFANG CITY HOLDING GROUP CO LTD,1793330,70.338,needs_review
Road Distribution Services,"DISTRIBUTION SOLUTIONS GROUP, INC.",703604,70.27,needs_review
West End Medical Center,COGENTIX MEDICAL INC /DE/,894237,70.27,needs_review
Advanced Computer Software Group,ADVENT SOFTWARE INC /DE/,1002225,70.242,needs_review
Greater Cincinnati Behavioral Health Services,GENTIVA HEALTH SERVICES INC,1096142,70.23,needs_review
"Riviera Beach, Florida","CBA FLORIDA, INC.",1289496,70.227,needs_review
KHS Bicycles,BICYCLE THERAPEUTICS PLC,1761612,70.227,needs_review
Minnesota Department of Education,EDUCATIONAL DEVELOPMENT CORP,31667,70.199,needs_review
2 hospitals in the Czech Republic,TEXAS REPUBLIC CAPITAL CORP,1560452,70.182,needs_review
English Football League Club,MAJOR LEAGUE FOOTBALL INC,1308569,70.068,needs_review
Bitmarck,"BARK, INC.",1819574,70,needs_review
ADIF (Spanish railway manager),ADEIA INC.,1803696,70,needs_review
Ring LLC,ARION GROUP CORP.,1698702,70,needs_review
Rapattoni,"PATTERSON COMPANIES, INC.",891024,70,needs_review
Eisai,"ISATORI, INC.",741114,70,needs_review
Bayhealth Hospital,"OSCAR HEALTH, INC.",1568651,70,needs_review
JVCKenwood,"ROCKWOOD HOLDINGS, INC.",1315695,70,needs_review
Moncler,"MONRO, INC.",876427,70,needs_review
Denso,DENNY'S CORP,852772,70,needs_review
Carthage Area Hospital,AMERGENT HOSPITALITY GROUP INC.,1805024,70,needs_review
Water for People,BLUE WATER PETROLEUM CORP.,1502772,70,needs_review
iConstituent,"INTELIQUENT, INC.",1292653,69.974,needs_review
Maple Lead Foods,"LIFEWAY FOODS, INC.",814586,69.969,needs_review
DeKalb Health Auburn,CARDINAL HEALTH INC,721371,69.943,needs_review
The National Health Laboratory Service (NHLS),"FIDELITY NATIONAL INFORMATION SERVICES, INC.",1136893,69.942,needs_review
Village of Nashotah,PISMO COAST VILLAGE INC,216877,69.942,needs_review
BMW France,"FRANCHISE GROUP, INC.",1528930,69.895,needs_review
Butler County (and PD),BUTLER NATIONAL CORP,15847,69.876,needs_review
Tallahassee Memorial HealthCare,"TABULA RASA HEALTHCARE, INC.",1651561,69.846,needs_review
Columbus Regional Healthcare System,PRESTIGE CONSUMER HEALTHCARE INC.,1295947,69.804,needs_review
Erie County Medical Center,"MEDICAN ENTERPRISES, INC.",847015,69.714,needs_review
Alleghany County Schools,ALLEGHANY CORP /DE,775368,69.697,needs_review
George County,"ORANGE COUNTY BANCORP, INC. /DE/",1754226,69.688,needs_review
Cardiology of Virginia,BAY BANKS OF VIRGINIA INC,1034594,69.658,needs_review
Wood Ranch Medical,ONCOSEC MEDICAL INC,1444307,69.63,needs_review
City of Winder,"CITY OFFICE REIT, INC.",1593222,69.63,needs_review
Sky Lakes Medical Center,CANTEL MEDICAL CORP,19446,69.624,needs_review
Lincoln College,CORINTHIAN COLLEGES INC,1066134,69.593,needs_review
Center Line Public Schools,PUBLIC SERVICE ENTERPRISE GROUP INC,788784,69.565,needs_review
Sobeys,SOTHEBYS,823094,69.524,needs_review
Holdcroft Motor Group,FORD MOTOR CO,37996,69.511,needs_review
Clay County,"COUNTY BANCORP, INC.",1470205,69.511,needs_review
Supeo (DBS IT service provider),"SUPERIOR GROUP OF COMPANIES, INC.",95574,69.5,needs_review
Eye Care Leaders,RES CARE INC /KY/,776325,69.474,needs_review
Rheinmetall,KENNAMETAL INC,55242,69.474,needs_review
Rheinmetall AG,KENNAMETAL INC,55242,69.474,needs_review
Accordbank,ACCO BRANDS CORP,712034,69.474,needs_review
Columbia Eye Clinic,"COLUMBIA BANKING SYSTEM, INC.",887343,69.474,needs_review
Glenwood Community School District,FIRST COMMUNITY CORP /SC/,932781,69.423,needs_review
Volusia County Library System,"VOLT SOLAR SYSTEMS, INC.",1454725,69.409,needs_review
Hinds County,"MADISON COUNTY FINANCIAL, INC.",1547635,69.394,needs_review
Morehead State University,"UNIVERSITY GENERAL HEALTH SYSTEM, INC.",1383960,69.388,needs_review
City of Rolle,"CITY OFFICE REIT, INC.",1593222,69.379,needs_review
SUNY Erie Community College,SUN COMMUNITIES INC,912593,69.333,needs_review
Town of Ulster,"OUSTER, INC.",1816581,69.333,needs_review
"Central Licensing Bureau, Inc. (CLB)","DECENTRAL LIFE, INC.",1281984,69.323,needs_review
AAA Ambulance Service,ARMA SERVICES INC,1625285,69.3,needs_review
Florida Heart Associates,MANHATTAN ASSOCIATES INC,1056696,69.296,needs_review
Alabama Cardiovascular Group,CARDIOVASCULAR SYSTEMS INC,1180145,69.293,needs_review
Mid-Delaware Imaging (MDI),AWARE INC /MA/,1015739,69.286,needs_review
Indraprastha Institute of Information Technology Delhi (IIIT-Delhi),"CHINA SOAR INFORMATION TECHNOLOGY, INC.",1582586,69.258,needs_review
Cache Creek Casino Resort,MONARCH CASINO & RESORT INC,907242,69.244,needs_review
Cache Creek Casino Resort (Yocha Dehe Wintun Nation),MONARCH CASINO & RESORT INC,907242,69.244,needs_review
Antwerp General Medical Laboratory (AML),"LIBERATOR MEDICAL HOLDINGS, INC.",17485,69.234,needs_review
Maternal and Family Health Services,AMN HEALTHCARE SERVICES INC,1142750,69.205,needs_review
Home Hardware Stores Ltd,ORCHARD SUPPLY HARDWARE STORES CORP,896842,69.187,needs_review
City of Alexandria,"J. ALEXANDER'S HOLDINGS, INC.",1617227,69.186,needs_review
SERV Behavioral Health System,ELITE HEALTH SYSTEMS INC.,1089815,69.184,needs_review
City of Oak Ridge,OAKRIDGE HOLDINGS INC,73605,69.169,needs_review
City of Defiance,FINANCE OF AMERICA COMPANIES INC.,1828937,69.168,needs_review
Southeastern Wire (wire manufacturer),"EASTERN INSURANCE HOLDINGS, INC.",1321268,69.168,needs_review
Yazoo Valley Electric Power Association,CHUGACH ELECTRIC ASSOCIATION INC,878004,69.154,needs_review
Richmond Community Schools,FIRST COMMUNITY CORP /SC/,932781,69.15,needs_review
CareerSource Pinellas,RHINO RESOURCE PARTNERS LP,1490630,69.143,needs_review
Saskatoon John Diefenbaker International Airport,JOHNSON CONTROLS INTERNATIONAL PLC,833444,69.128,needs_review
Mizuno,"IMUNON, INC.",749647,69.091,needs_review
EquiLend,EQUINIX INC,1101239,69.091,needs_review
Ampersand,AMEREN CORP,1002910,69.091,needs_review
Mapfre (insurance company),MARKEL GROUP INC.,1096343,69.091,needs_review
Demant,ADIENT PLC,1670541,69.091,needs_review
Xeinadin,"XERIANT, INC.",1481504,69.091,needs_review
Group Health Cooperative,"CREATIVE REALITIES, INC.",1356093,69.091,needs_review
Tulane University,"UNIVERSAL INSURANCE HOLDINGS, INC.",891166,69.091,needs_review
Akumin,GARMIN LTD,1121788,69.091,needs_review
Brooks County,"COUNTY BANCORP, INC.",1470205,69.091,needs_review
Elite Fitness,"ELITE ENERGIES, INC.",1479683,69.091,needs_review
Sam's Club,"CLS HOLDINGS USA, INC.",1522222,69.02,needs_review
University of Waterloo,FAB UNIVERSAL CORP.,1074909,69.019,needs_review
New Mexico Highlands University,"HIGHLANDS REIT, INC.",1661458,68.952,needs_review
Busch's Inc (Grocery chain),BUSCAR CO,1518380,68.923,needs_review
Geidi (IT serves),"AUGMEDIX, INC.",1769804,68.923,needs_review
SpiceJet,SPIRE CORP,731657,68.923,needs_review
Lürssen,ESSENT GROUP LTD.,1448893,68.923,needs_review
Pixhawk ,SCHAWK INC,719164,68.923,needs_review
 Fujifilm,UNIFI INC,100726,68.923,needs_review
Florida Department of Health,HEALTHCARE CORP OF AMERICA,1514682,68.898,needs_review
Fondation de Verdeil,"FOUNDATION MEDICINE, INC.",1488613,68.889,needs_review
Alto Calore Servizi SpA,HEALTHCARE SERVICES GROUP INC,731012,68.889,needs_review
Tax Services in Ukraine,"AIR TRANSPORT SERVICES GROUP, INC.",894081,68.889,needs_review
Wood County,BRANCHOUT FOOD INC.,1962481,68.876,needs_review
Lucky Star Casinos (Cheyenne and Arapaho Tribes),CENTURY CASINOS INC /CO/,911147,68.8,needs_review
Davidson County,"MADISON COUNTY FINANCIAL, INC.",1547635,68.8,needs_review
Ohlone College,CORINTHIAN COLLEGES INC,1066134,68.8,needs_review
"Lake County, Indiana","MADISON COUNTY FINANCIAL, INC.",1547635,68.784,needs_review
Columbia Surgical Specialists,"ASENSUS SURGICAL, INC.",876378,68.762,needs_review
Unnamed Canadian healthcare organization,PACIFIC HEALTH CARE ORGANIZATION INC,1138476,68.75,needs_review
Greater Baltimore Medical Center,"LIBERATOR MEDICAL HOLDINGS, INC.",17485,68.735,needs_review
University Medical Center,"UNIVERSITY GENERAL HEALTH SYSTEM, INC.",1383960,68.718,needs_review
Partnership HealthPlan of California,HEALTHCARE CORP OF AMERICA,1514682,68.718,needs_review
Assured Imaging,ASSURED GUARANTY LTD,1273813,68.71,needs_review
University Hospital Brno,"NATIONAL AMERICAN UNIVERSITY HOLDINGS, INC.",1399855,68.704,needs_review
Telecommunication Services of Trinidad and Tobago (TSTT),TELECOMMUNICATION SYSTEMS INC /FA/,1111665,68.701,needs_review
 Stor-a-file Limited,"SOBR SAFE, INC.",1425627,68.667,needs_review
FinalSite,MINERALRITE CORP,1096296,68.667,needs_review
Muscatine Power and Water,NUSCALE POWER CORP,1822966,68.664,needs_review
Spring Hill (and 911 Services),"HILL-ROM HOLDINGS, INC.",47518,68.664,needs_review
Wayne Memorial Hospital,"ONE GROUP HOSPITALITY, INC.",1399520,68.664,needs_review
Toshiba Tec Group,"TRI-TECH HOLDING, INC.",1460801,68.664,needs_review
Webuild SpA (industrial group),TOPBUILD CORP,1633931,68.664,needs_review
Office of Management and Enterprise,"NEW ENTERPRISE STONE & LIME CO., INC.",1527032,68.606,needs_review
United Nations Development Programme (UNDP),UNITED DEVELOPMENT FUNDING IV,1440292,68.584,needs_review
Brenntag,"CORETAG, INC.",1624140,68.571,needs_review
Olympia House (Petaluma),"CLUBHOUSE MEDIA GROUP, INC.",1389518,68.571,needs_review
The Ottawa Hospital,"RUTHS HOSPITALITY GROUP, INC.",1324272,68.571,needs_review
OneBlood,NEONODE INC.,87050,68.571,needs_review
FERSPED Inc. (Macedonian shipping company),"FRESHPET, INC.",1611647,68.571,needs_review
Bachoco,"ARCHROCK, INC.",1389050,68.571,needs_review
Cambrian College,"COLLECTIVE BRANDS, INC.",1060232,68.571,needs_review
Diskriter,FISKER INC./DE,1720990,68.571,needs_review
Colosseum Dental,ESSEX RENTAL CORP.,1373988,68.571,needs_review
Belt Railway Company of Chicago,BNSF RAILWAY CO,15511,68.571,needs_review
Grant County Education Service District,ITT EDUCATIONAL SERVICES INC,922475,68.531,needs_review
Hexion Inc. and MPM Holdings Inc.,COHEN & CO INC.,1270436,68.522,needs_review
Development Bank of Seychelles,DREAM HOMES & DEVELOPMENT CORP.,1518336,68.444,needs_review
Unnamed Hog Farm,"FARMHOUSE, INC. /NV",1811999,68.4,needs_review
VNDirect Cyber Systems,AEHR TEST SYSTEMS,1040470,68.387,needs_review
Brookshire Dental,"BERKSHIRE GREY, INC.",1824734,68.339,needs_review
Andrews Braces,KAELAND RESOURCES CORP,1560021,68.339,needs_review
Riverhead Central School District,CENTRAL EUROPEAN DISTRIBUTION CORP,1046880,68.339,needs_review
Brazilian National Treasury,STAR ALLIANCE INTERNATIONAL CORP.,1614556,68.333,needs_review
Baton Rouge Community College,COMMUNITYONE BANCORP,764811,68.299,needs_review
Milton Town School District,"DISTRIBUTION SOLUTIONS GROUP, INC.",703604,68.299,needs_review
Gyrodata Incorporated,"GYRODYNE, LLC",1589061,68.269,needs_review
Muscatine (City and PD),CALPINE CORP,916457,68.269,needs_review
City of Richmond,"CITY OFFICE REIT, INC.",1593222,68.269,needs_review
Dairy Farm Group,FORWARD AIR CORP,912728,68.235,needs_review
Village of Palm Springs,PISMO COAST VILLAGE INC,216877,68.235,needs_review
GBI Genios,GENERATION BIO CO.,1733294,68.235,needs_review
TietoEVRY,TIDEWATER INC,98222,68.235,needs_review
Tampa General Hospital,GENERAL STEEL HOLDINGS INC,1239188,68.19,needs_review
New York Racing Association (NYRA),NEW YORK REIT LIQUIDATING LLC,1474464,68.167,needs_review
Unnamed Canadian healthcare provider,"CNL HEALTHCARE PROPERTIES, INC.",1496454,68.144,needs_review
Lake Washington Vascular,WASHINGTON BANKING CO,1058690,68.111,needs_review
International Trade Administration Commission,ILUSTRATO PICTURES INTERNATIONAL INC.,1496383,68.052,needs_review
Fremont County,COMMUNITY FIRST INC,1179500,68.046,needs_review
Sargent & Lundy,SAGE FUND LP,1083768,68.034,needs_review
IxMetro Powerhost,NET POWER INC.,1845437,68.034,needs_review
Giant Group/Giant Pay,GREEN GIANT INC.,1158420,68.034,needs_review
Wiregrass Electric Cooperative,GOLDEN GROWERS COOPERATIVE,1489874,68.031,needs_review
Georgia Tech,"AGRI-FINTECH HOLDINGS, INC.",1648365,68,needs_review
American Board of Internal Medicine,AMERICAN INTERNATIONAL VENTURES INC /DE/,5656,68,needs_review
Gaston College,"LEGG MASON, INC.",704051,68,needs_review
PracticeMax,PRICESMART INC,1041803,68,needs_review
Palm Beach 911 Services,1ST FINANCIAL SERVICES CORP,1434743,67.907,needs_review
Maastricht University,"NATIONAL AMERICAN UNIVERSITY HOLDINGS, INC.",1399855,67.902,needs_review
Judson ISD,LUDUSON G INC.,1737193,67.895,needs_review
Rouen University Hospital Center (CHU),UNIVERSAL HOSPITAL SERVICES INC,886171,67.875,needs_review
City of Lodi,DONGFANG CITY HOLDING GROUP CO LTD,1793330,67.874,needs_review
Tri-City Medical Center,"STRATA CRITICAL MEDICAL, INC.",1779128,67.848,needs_review
MedStar Health Baltimore,"SABRA HEALTH CARE REIT, INC.",1492298,67.848,needs_review
Santa Clara Valley Transportation Authority,"PATRIOT TRANSPORTATION HOLDING, INC.",1616741,67.832,needs_review
Granules India,GATES INDUSTRIAL CORP PLC,1718512,67.826,needs_review
U.S Marshals Service,ARMA SERVICES INC,1625285,67.826,needs_review
Henry County,"ACORN ENERGY, INC.",880984,67.826,needs_review
Leeds PD and FD,S&W SEED CO,1477246,67.826,needs_review
Meier Tobler,NOBLE ENERGY INC,72207,67.826,needs_review
Somerset County,COMMUNITY FIRST INC,1179500,67.826,needs_review
Okanagan College,CORINTHIAN COLLEGES INC,1066134,67.81,needs_review
Centralia College,"DECENTRAL LIFE, INC.",1281984,67.801,needs_review
City of Tulsa,GLOBAL FUTURE CITY HOLDING INC.,1164964,67.801,needs_review
Telecom Argentina,REEVES TELECOM LTD PARTNERSHIP,314741,67.801,needs_review
Richmond University Medical Center (RUMC),"NATIONAL AMERICAN UNIVERSITY HOLDINGS, INC.",1399855,67.801,needs_review
Bernalillo County,"COUNTY BANCORP, INC.",1470205,67.801,needs_review
Plastic Surgery Associates,REAL ESTATE ASSOCIATES LTD/CA,225789,67.755,needs_review
Ashland Community Library,FIRST COMMUNITY BANKSHARES INC /VA/,859070,67.755,needs_review
Envision Credit Union,ELLINGTON CREDIT CO,1560672,67.719,needs_review
City of Columbus,"OXFORD CITY FOOTBALL CLUB, INC.",1414295,67.715,needs_review
Magenta Photo Studio,"KARTOON STUDIOS, INC.",1355848,67.714,needs_review
Charles Darwin School,SCHWAB CHARLES CORP,316709,67.714,needs_review
Twin Falls County,"MADISON COUNTY FINANCIAL, INC.",1547635,67.678,needs_review
Chilton County,"COUNTY BANCORP, INC.",1470205,67.662,needs_review
Washoe Tribe,WASHINGTON PRIME GROUP INC.,1594686,67.662,needs_review
"Lake City, Florida","CBA FLORIDA, INC.",1289496,67.662,needs_review
City of Galt,PARTY CITY HOLDINGS INC.,1340554,67.656,needs_review
ExecuPharm,INTEC PHARMA LTD.,1638381,67.656,needs_review
Arnold Clark,GOLD LAKES CORP.,1386936,67.656,needs_review
IPS Securex Holdings,"CLEAR SECURE, INC.",1856314,67.633,needs_review
Lehigh Valley Health Network,"HIGH WIRE NETWORKS, INC.",1413891,67.633,needs_review
Imperial County,JOURNEY MEDICAL CORP,1867066,67.586,needs_review
US natural gas compression facility,DELTA NATURAL GAS CO INC,277375,67.557,needs_review
Minnesota State University-Moorhead,"UNIVERSITY GENERAL HEALTH SYSTEM, INC.",1383960,67.551,needs_review
RI State Police,"TRISTATE CAPITAL HOLDINGS, INC.",1380846,67.51,needs_review
University of Pisa,FAB UNIVERSAL CORP.,1074909,67.51,needs_review
Argentina's National Securities Commission (CNV),SECURITY NATIONAL FINANCIAL CORP,318673,67.492,needs_review
Transnet SOC Ltd,SPECTRANETICS CORP,789132,67.491,needs_review
Handa Hospital,DIAMONDROCK HOSPITALITY CO,1298946,67.49,needs_review
Black & McDonald,"STANLEY BLACK & DECKER, INC.",93556,67.488,needs_review
MN Associates in Psychiatry and Psychology,JACK HENRY & ASSOCIATES INC,779152,67.449,needs_review
Thundermist Health Center,ELITE HEALTH SYSTEMS INC.,1089815,67.429,needs_review
Unnamed medical facilities (12),MEDICAL ACTION INDUSTRIES INC,748270,67.415,needs_review
Disability Help Group,RELIABILITY INC,34285,67.399,needs_review
9 Israeli Hospitals,"RCI HOSPITALITY HOLDINGS, INC.",935419,67.395,needs_review
City of Kingman,DONGFANG CITY HOLDING GROUP CO LTD,1793330,67.371,needs_review
Shoreline Community College,CORINTHIAN COLLEGES INC,1066134,67.366,needs_review
University of Calgary,"NATIONAL AMERICAN UNIVERSITY HOLDINGS, INC.",1399855,67.323,needs_review
North Carolina Native American Tribe,NORTH AMERICAN OIL & GAS CORP.,1515635,67.312,needs_review
Cochise Eye and Laser,"COHEN & STEERS, INC.",1284812,67.306,needs_review
Hawaii Community College,CORINTHIAN COLLEGES INC,1066134,67.305,needs_review
Extend Fertility,"INVO FERTILITY, INC.",1417926,67.304,needs_review
Henning Harders (freight and logistics firm),HARDINGE INC,313716,67.291,needs_review
City of Shafter,"CITY OFFICE REIT, INC.",1593222,67.281,needs_review
Bucks County CAD System,NETSCOUT SYSTEMS INC,1078075,67.268,needs_review
Hammersmith Medicines Research,DYNAMICS RESEARCH CORP,30822,67.26,needs_review
Gramercy Surgery Center,REGENCY CENTERS CORP,910606,67.228,needs_review
City of Cornelia,"BANC OF CALIFORNIA, INC.",1169770,67.211,needs_review
Fred Hutchinson Cancer Center,"AMERICAN EDUCATION CENTER, INC.",1626556,67.2,needs_review
Barlow Respiratory Hospital,"APPLE HOSPITALITY REIT, INC.",1418121,67.184,needs_review
Florida Memorial University,"NATIONAL AMERICAN UNIVERSITY HOLDINGS, INC.",1399855,67.18,needs_review
Hawaii Payroll Services,NATURAL GAS SERVICES GROUP INC,1084991,67.178,needs_review
Silverstone Circuit,SILVERGATE CAPITAL CORP,1312109,67.154,needs_review
Havre Public Schools,"REPUBLIC SERVICES, INC.",1060391,67.154,needs_review
Nocona General Hospital,GENERAL STEEL HOLDINGS INC,1239188,67.143,needs_review
NorthBay Vacaville Hospital,"RCI HOSPITALITY HOLDINGS, INC.",935419,67.143,needs_review
Octapharma Plasma US,"PDL BIOPHARMA, INC.",882104,67.133,needs_review
Monroe College (Manhattan and New Rochelle campuses),CORINTHIAN COLLEGES INC,1066134,67.133,needs_review
Palau health ministry,NATIONAL HEALTH INVESTORS INC,877860,67.13,needs_review
Pierce County Public Transportation Benefit Area Corporation (Pierce Transit),"PATRIOT TRANSPORTATION HOLDING, INC.",1616741,67.106,needs_review
Chinese Police,"CHILDRENS PLACE, INC.",1041859,67.094,needs_review
Washington Adventist University,WASHINGTON BANKING CO,1058690,67.08,needs_review
Hackensack Meridian Health,ACCENDRA HEALTH INC/VA/,75252,67.071,needs_review
Infosys McCamish Systems,"INFRAX SYSTEMS, INC.",1380277,66.986,needs_review
Indianhead Library System,INNER SYSTEMS INC,1271551,66.986,needs_review
Missouri Delta Medical Center,COGENTIX MEDICAL INC /DE/,894237,66.974,needs_review
Titus Regional Medical Center,REVOLUTIONS MEDICAL CORP,1041009,66.974,needs_review
Planned Parenthood,PLANET PAYMENT INC,1362925,66.964,needs_review
Cygilant (threat detection cybersecurity company),CYNGN INC.,1874097,66.923,needs_review
MacKay Memorial Hospital,"RCI HOSPITALITY HOLDINGS, INC.",935419,66.923,needs_review
Oxford School District,OXFORD INDUSTRIES INC,75288,66.923,needs_review
Société de transport de Montréal (STM) (public transport agency),GOLDEN STATE PETROLEUM TRANSPORT CORP,1038286,66.916,needs_review
Wilmington Surgical Associates,REAL ESTATE ASSOCIATES LTD VII,722648,66.905,needs_review
New Jersey Spine Center,"BANCORP OF NEW JERSEY, INC.",1390312,66.9,needs_review
Court Services Victoria,VICTORIA'S SECRET & CO.,1856437,66.9,needs_review
Unnamed trucking and logistics company,"RAND LOGISTICS, INC.",1294250,66.883,needs_review
Barts Health NHS Trust,"QTS REALTY TRUST, INC.",1577368,66.859,needs_review
Toledo Public Schools (TPS),PUBLIC STORAGE,1393311,66.805,needs_review
Ferrara Candy,"CERTARA, INC.",1827090,66.769,needs_review
Palm Hill PD,"HILL-ROM HOLDINGS, INC.",47518,66.769,needs_review
Pierre Fabre,FABRINET,1408710,66.769,needs_review
"Borger City, Texas","TEXAS COMMUNITY BANCSHARES, INC.",1849466,66.762,needs_review
"Crozer-Keystone Health System (Delaware County, PA)",SUNLINK HEALTH SYSTEMS INC,96793,66.738,needs_review
Xavier University,UNIVERSAL CORP /VA/,102037,66.715,needs_review
Kawasaki Motors Europe,"LEO MOTORS, INC.",1356564,66.691,needs_review
X-Cart,"CARDAX, INC.",1544238,66.667,needs_review
SEA-Tank Terminal,ASTEA INTERNATIONAL INC,945989,66.667,needs_review
Saint Anthony Hospital,AMERGENT HOSPITALITY GROUP INC.,1805024,66.667,needs_review
Knox College,KOLLAGENX CORP.,1402486,66.667,needs_review
The Rehab Group,REALPHA TECH CORP.,1859199,66.667,needs_review
Patelco Credit Union,ELLINGTON CREDIT CO,1560672,66.667,needs_review
Internet Nayana,"SYNUTRA INTERNATIONAL, INC.",1293593,66.667,needs_review
Dragos,DAEGIS INC.,880562,66.667,needs_review
Kahua,"KAYA HOLDINGS, INC.",1530746,66.667,needs_review
Jax Spine and Pain Centers,CENTRAL GARDEN & PET CO,887733,66.667,needs_review
Fawry,FAIRWAY GROUP HOLDINGS CORP,1555492,66.667,needs_review
Al Bawani,"ABAKAN, INC",1400000,66.667,needs_review
Crow Wing County,VW WIN CENTURY INC.,1630391,66.667,needs_review
Wymondham College,CORINTHIAN COLLEGES INC,1066134,66.667,needs_review
Unnamed US bank,"BANKUNITED, INC.",1504008,66.635,needs_review
Hillel Yaffe Medical Center,CANTEL MEDICAL CORP,19446,66.62,needs_review
Fisher County PD,FISHER COMMUNICATIONS INC,1034669,66.611,needs_review
St. Lucie County Tax Collector,COLLECTORS UNIVERSE INC,1089143,66.591,needs_review
City of Tarrant,DONGFANG CITY HOLDING GROUP CO LTD,1793330,66.571,needs_review
University of Rochester,"UNIVERSITY GENERAL HEALTH SYSTEM, INC.",1383960,66.565,needs_review
Alpena School System,AMTECH SYSTEMS INC,720500,66.516,needs_review
Illinois Valley Community College,COMMUNITY CHOICE FINANCIAL INC.,1528061,66.47,needs_review
WSSC Water,WATERS CORP /DE/,1000697,66.466,needs_review
"(3) DCH Health System hospitals (Tuscaloosa, Fayetter, and Northport, AL)",SUNLINK HEALTH SYSTEMS INC,96793,66.456,needs_review
Raleigh Housing Authority,AMERICAN HOUSING REIT INC.,1506385,66.448,needs_review
Boston Public Library,REPUBLIC AIRWAYS HOLDINGS INC,1159154,66.445,needs_review
Hawai'i Community College,CORINTHIAN COLLEGES INC,1066134,66.417,needs_review
Ace Hardware ,DEMANDWARE INC,1301031,66.417,needs_review
"Carinthia, Austria",ASTORIA FINANCIAL CORP,910322,66.41,needs_review
Imperial Valley College,DEER VALLEY CORP,95047,66.405,needs_review
Rand McNally,"ROAD MARSHALL, INC.",1657249,66.4,needs_review
Austin Peay State University,"NATIONAL AMERICAN UNIVERSITY HOLDINGS, INC.",1399855,66.398,needs_review
Bingham County,"COUNTY BANCORP, INC.",1470205,66.398,needs_review
Bombardier Recreational Products (BRP),REVLON CONSUMER PRODUCTS CORP,890547,66.398,needs_review
District of Squamish,QUALITY DISTRIBUTION INC,922863,66.368,needs_review
Allen Independent School District,AMERICAN INDEPENDENCE CORP,97196,66.349,needs_review
Town of Summervile,"SUPERIOR GROUP OF COMPANIES, INC.",95574,66.332,needs_review
City of Bridgeport,"MY CITY BUILDERS, INC.",1556801,66.324,needs_review
City of Torrance (Los Angeles County),"CITY OFFICE REIT, INC.",1593222,66.3,needs_review
City of Hamilton,"HAMILTON BANCORP, INC.",1551739,66.3,needs_review
Kansas Heart Hospital,"KINSALE CAPITAL GROUP, INC.",1669162,66.296,needs_review
Kadokawa Group,"KADMON HOLDINGS, INC.",1557142,66.286,needs_review
EKZ (library services provider),AZEK CO INC.,1782754,66.286,needs_review
Kadokawa,"KADMON HOLDINGS, INC.",1557142,66.286,needs_review
Acadian Ambulance,ACADIAN ASSET MANAGEMENT INC.,1748824,66.284,needs_review
New York City Department of Education,BANK OF NEW YORK MELLON CORP,1390777,66.27,needs_review
Gilmer County,COMMUNITY FIRST INC,1179500,66.264,needs_review
Mt. San Rafael Hospital,"RUTHS HOSPITALITY GROUP, INC.",1324272,66.256,needs_review
TruckStop.com,"VITACOST.COM, INC.",1401688,66.226,needs_review
BORN Ontario,IRON MOUNTAIN INC,1020569,66.226,needs_review
Millinocket Regional Hospital,"RCI HOSPITALITY HOLDINGS, INC.",935419,66.224,needs_review
Newfoundland Health Care System,SUNLINK HEALTH SYSTEMS INC,96793,66.209,needs_review
Reproductive Biology Associates (RBA),CBL & ASSOCIATES PROPERTIES INC,910612,66.207,needs_review
Industrial and Commercial Bank of China (ICBC),COMMERCIAL BANCSHARES INC OH,1009976,66.19,needs_review
The Semikron Group,SYMBION INC/TN,1091312,66.182,needs_review
Durham Radio,"QUARTA-RAD, INC.",1549631,66.182,needs_review
Blue Springs Family Care,"BLUE CALYPSO, INC.",1399587,66.14,needs_review
HomeTeamNS,"HEARTBEAM, INC.",1779372,66.13,needs_review
Iberdrola,"AMBER ROAD, INC.",1314223,66.13,needs_review
Naruto Yamakami Hospital,"RUTHS HOSPITALITY GROUP, INC.",1324272,66.09,needs_review
"La Porte County, Indiana",FIRST COMMUNITY FINANCIAL CORP,763293,66.087,needs_review
Corporación Nacional de Telecomunicación (CNT),COMTECH TELECOMMUNICATIONS CORP /DE/,23197,66.087,needs_review
H-Hotels,"AV HOMES, INC.",39677,66.071,needs_review
KC Scout,"CS DISCO, INC.",1625641,66.071,needs_review
Fast Shop,AT HOME GROUP INC.,1646228,66.071,needs_review
The Plastic Bag Company,CHINA XD PLASTICS CO LTD,1353970,66.071,needs_review
Hitachi,CHATCHING INC.,1524083,66.071,needs_review
Tipalti,ZIPREALTY INC,1142512,66.071,needs_review
Kenyon Produce (KP) Snacks,AVON PRODUCTS INC,8868,66.063,needs_review
Town of Marblehead,FIRST MARBLEHEAD CORP,1262279,66.063,needs_review
WMNF Tampa,T STAMP INC,1718939,66.063,needs_review
Ireland's Health Service Executive (HSE),GENTIVA HEALTH SERVICES INC,1096142,66.047,needs_review
Whitehouse ISD,"CHEFS' WAREHOUSE, INC.",1517175,66.041,needs_review
Cape May County,"COUNTY BANCORP, INC.",1470205,66.041,needs_review
JIPMER,IMPERVA INC,1364962,66.014,needs_review
Daniel B. Hastings (Customs broker and freight forwarder) (Part of CPH Group),HASTINGS ENTERTAINMENT INC,1054579,66.014,needs_review
Wood River Police Department,APARTMENT INCOME REIT CORP.,1820877,66.003,needs_review
VGTRK,"TRACK GROUP, INC.",1045942,66,needs_review
Subway,EBAY INC,1065088,66,needs_review
Lurie Children's Hospital,"CHILDRENS PLACE, INC.",1041859,66,needs_review
Agro Baggio,"URBAN-GRO, INC.",1706524,66,needs_review
Wootton Academy Trust,ACADIA REALTY TRUST,899629,66,needs_review
AutoCanada,"AUTONATION, INC.",350698,66,needs_review
Desert Wells Family Medicine (Queen Creek Medical Center),MEDICINES CO /DE,1113481,66,needs_review
NJVC,GENVEC INC,934473,66,needs_review
Medical University of Innsbruck,"NATIONAL AMERICAN UNIVERSITY HOLDINGS, INC.",1399855,65.998,needs_review
Lewis and CLark Community College,COMMUNITY WEST BANCSHARES /,1051343,65.977,needs_review
Kenosha Unified School District,"UNIFIED SIGNAL, INC.",1122991,65.971,needs_review
Liverpool John Moores,"LEO MOTORS, INC.",1356564,65.95,needs_review
Children's Choice Pediatrics,ORTHOPEDIATRICS CORP,1425450,65.909,needs_review
Henderson Methodist Hospital,HERSHA HOSPITALITY TRUST,1063344,65.897,needs_review
"Tangipahoa Parish schools, Louisiana",LOUISIANA-PACIFIC CORP,60519,65.856,needs_review
Potter County Sheriff's Office,"CITY OFFICE REIT, INC.",1593222,65.855,needs_review
Lukas Hospital in Germany,HERSHA HOSPITALITY TRUST,1063344,65.85,needs_review
National College of Ireland (NCI),OLD NATIONAL BANCORP /IN/,707179,65.768,needs_review
Swansea Public Schools,PUBLIC STORAGE,1393311,65.758,needs_review
Chilean Ministry of Agriculture,"CHINA MODERN AGRICULTURAL INFORMATION, INC.",1479526,65.738,needs_review
Allegheny County DA's office,ALLEGHANY CORP /DE,775368,65.727,needs_review
Harrison County,"MADISON COUNTY FINANCIAL, INC.",1547635,65.723,needs_review
Cincinnati Public Schools,CINCINNATI FINANCIAL CORP,20286,65.72,needs_review
Neurology Center of Nevada,"EUROPEAN WAX CENTER, INC.",1856236,65.72,needs_review
William Carey University,CLAYTON WILLIAMS ENERGY INC /DE,880115,65.717,needs_review
Atlantic General Hospital,PORTLAND GENERAL ELECTRIC CO /OR/,784977,65.691,needs_review
German Youth Hostel Association (DJH),"TRI-STATE GENERATION & TRANSMISSION ASSOCIATION, INC.",1637880,65.677,needs_review
City of Exeter,FOREST CITY ENTERPRISES INC,38067,65.676,needs_review
Unnamed multi-state grain company,UNITED STATES ANTIMONY CORP,101538,65.666,needs_review
"Westmoreland Mechanical Testing and Research, Inc.","WESTMORELAND RESOURCE PARTNERS, LP",1412347,65.665,needs_review
Valley Regional Transit,JUNIATA VALLEY FINANCIAL CORP,714712,65.615,needs_review
Weiser Memorial Hospital,WESTERN ASSET MORTGAGE CAPITAL CORP,1465885,65.604,needs_review
Mission Community Hospital,MISSION COMMUNITY BANCORP,1129920,65.6,needs_review
Indigo Books and Music,"B&G FOODS, INC.",1278027,65.59,needs_review
Jackson County,"MADISON COUNTY FINANCIAL, INC.",1547635,65.587,needs_review
"State Agencies (departments of Children, Youth and Families; Human Services; and Behavioral Healthcare, Developmental Disabilities and Hospitals)","STATE INVESTORS BANCORP, INC.",1513971,65.586,needs_review
Auction House Manheim,HUAHUI EDUCATION GROUP LTD,1680935,65.586,needs_review
Credit Agricole Bank,CREDIT ACCEPTANCE CORP,885550,65.586,needs_review
Lakeland Community College,CORINTHIAN COLLEGES INC,1066134,65.569,needs_review
Alabama State Department of Education,EDUCATIONAL DEVELOPMENT CORP,31667,65.565,needs_review
Glenn County Office of Education,"GRAND CANYON EDUCATION, INC.",1434588,65.556,needs_review
Energias de Portugal (EDP),"ENERGY FOCUS, INC/DE",924168,65.54,needs_review
The Industrial and Commercial Bank of China (ICBC),"COLE OFFICE & INDUSTRIAL REIT (CCIT II), INC.",1572758,65.533,needs_review
Park Rapids School System,"CISCO SYSTEMS, INC.",858877,65.506,needs_review
Unnamed Electronic Surveillance firm,FREQUENCY ELECTRONICS INC,39020,65.504,needs_review
Aoraki/Mount Cook (Department of Conservation's search and rescue base),"PARAMOUNT GROUP, INC.",1605607,65.495,needs_review
Mount Desert Hospital,AMERGENT HOSPITALITY GROUP INC.,1805024,65.477,needs_review
DP World Australia,TRANS WORLD CORP,914577,65.477,needs_review
Electricity Generating Authority of Thailand,PORTLAND GENERAL ELECTRIC CO /OR/,784977,65.476,needs_review
Rompetrol gas station,STATION CASINOS LLC,1503579,65.467,needs_review
Fulton County,"FUSION CONNECT, INC.",1071411,65.455,needs_review
Fincantieri Vard Group AS (Shipbuilding Company),"AXOS FINANCIAL, INC.",1299709,65.455,needs_review
Northwest Atlantic Fisheries Organization,"NORTHWEST BANCSHARES, INC.",1471265,65.41,needs_review
Coventry School Department,"SKY CENTURY INVESTMENT, INC.",1555017,65.407,needs_review
Cedar Rapids Community School District,FIRST COMMUNITY CORP /SC/,932781,65.397,needs_review
Fincantieri Marine Group,MAINSOURCE FINANCIAL GROUP,720002,65.395,needs_review
Sacramento Transit System,"SAFEBRAIN SYSTEMS, INC.",1271073,65.378,needs_review
City of Del Rio,"CITY OFFICE REIT, INC.",1593222,65.376,needs_review
Brazil's social security system,CAS MEDICAL SYSTEMS INC,764579,65.333,needs_review
Yakult,"ENERGY VAULT HOLDINGS, INC.",1828536,65.333,needs_review
Central Texas Pediatric Orthopedics,ORTHOPEDIATRICS CORP,1425450,65.333,needs_review
Roxana Police Department,APARTMENT INCOME REIT CORP.,1820877,65.333,needs_review
Tampa Bay Zoo,"PAZOO, INC.",1533427,65.333,needs_review
Abstract and Title Co,"FITLIFE BRANDS, INC.",1374328,65.326,needs_review
Advanced Accounting,NAVIGANT CONSULTING INC,1019737,65.323,needs_review
University of Vermont (UVM) Health Network,HEALTHWAY SHOPPING NETWORK,1479014,65.315,needs_review
Mayanei Hayeshua Hospital,HERSHA HOSPITALITY TRUST,1063344,65.306,needs_review
Regis University,"UNIVERSAL LOGISTICS HOLDINGS, INC.",1308208,65.3,needs_review
Mad River Fire and EMS,RED RIVER BANCSHARES INC,1071236,65.263,needs_review
BridgeValley Community and Technical College,TECHNICAL COMMUNICATIONS CORP,96699,65.253,needs_review
Hessen Consumer Center,CONSUMERS BANCORP INC /OH/,1006830,65.251,needs_review
Unnamed US Bakery,BAKER HUGHES HOLDINGS LLC,808362,65.241,needs_review
H&M Israel,W&E SOURCE CORP.,1368275,65.238,needs_review
"Robertson County Sheriff's Office, Texas","CITY OFFICE REIT, INC.",1593222,65.227,needs_review
Bryan County Ambulance Authority,"COUNTY BANCORP, INC.",1470205,65.217,needs_review
Nissan Australia ,"PUISSANT INDUSTRIES, INC.",1511618,65.214,needs_review
United Urology Group,"ONCOLOGY INSTITUTE, INC.",1799191,65.192,needs_review
Granite School District,GRANITE CONSTRUCTION INC,861459,65.168,needs_review
Cosco Shipping Lines,EAGLE BULK SHIPPING INC.,1322439,65.158,needs_review
Portugal Telecom,REEVES TELECOM LTD PARTNERSHIP,314741,65.091,needs_review
Campbell County School District,CAMPBELL FUND TRUST,1043951,65.091,needs_review
DePauw University,UNIVERSAL POWER GROUP INC.,1372000,65.086,needs_review
Southeastern Lousiana University,"UNIVERSITY GENERAL HEALTH SYSTEM, INC.",1383960,65.086,needs_review
Sumter County Sherriff's Office,"CITY OFFICE REIT, INC.",1593222,65.078,needs_review
Panorama Eyecare,"PANDORA MEDIA, INC.",1230276,65.067,needs_review
CardioComm,CARE.COM INC,1412270,65,needs_review
Tallapoosa County Probate Office (Alabama),"CITY OFFICE REIT, INC.",1593222,65,needs_review
Gadsden Independent School District,AMERICAN INDEPENDENCE CORP,97196,65,needs_review
Costa Rican Social Security Fund (CCCS),COMMAND SECURITY CORP,864509,65,needs_review
Abilene Independent School District,AMERICAN INDEPENDENCE CORP,97196,65,needs_review
YMCA of Greater Charlotte,"CHARLOTTE'S WEB HOLDINGS, INC.",1750155,65,needs_review
Rainbow Children's Clinic,"CHILDRENS PLACE, INC.",1041859,65,needs_review
Lubbock University Medical Center,"NATIONAL AMERICAN UNIVERSITY HOLDINGS, INC.",1399855,64.975,needs_review
Roseburg Public Schools,WISCONSIN PUBLIC SERVICE CORP,107833,64.965,needs_review
Université Paris-Saclay,"NATIONAL AMERICAN UNIVERSITY HOLDINGS, INC.",1399855,64.964,needs_review
St. Joseph’s/Candler Hospital,"CONDOR HOSPITALITY TRUST, INC.",929545,64.964,needs_review
City of Whitehall,"CITY OFFICE REIT, INC.",1593222,64.935,needs_review
Genessee County,GENESIS ENERGY LP,1022321,64.934,needs_review
City of Garrison,CITY NATIONAL CORP,201461,64.934,needs_review
City of Leeds,DONGFANG CITY HOLDING GROUP CO LTD,1793330,64.923,needs_review
City of Beatrice (and PD and FD),BIOTRICITY INC.,1630113,64.923,needs_review
Morrison Community Hospital,COMMUNITY HEALTH SYSTEMS INC,1108109,64.92,needs_review
Stoli Gorup,"SOLID POWER, INC.",1844862,64.848,needs_review
Recal Lasar,ASIA TRAVEL CORP,1027235,64.848,needs_review
University of San Francisco (UCSF),UNIVEST FINANCIAL CORP,102212,64.848,needs_review
McLeod Russel,"USELL.COM, INC.",1271075,64.848,needs_review
Coffee County Jail,"REBORN COFFEE, INC.",1707910,64.839,needs_review
University of the Bahamas,"BAHAMAS CONCIERGE, INC.",1526759,64.835,needs_review
Lincoln County Sheriff's Department,"APARTMENT INCOME REIT, L.P.",926660,64.8,needs_review
City of Montmagne,DONGFANG CITY HOLDING GROUP CO LTD,1793330,64.8,needs_review
Davenport Community School District,FIRST COMMUNITY CORP /SC/,932781,64.798,needs_review
City of Flint,CITY NATIONAL CORP,201461,64.749,needs_review
Deutsche Bahn (Germany Rail Network),US BANCORP DE,36104,64.749,needs_review
Los Angeles Superior Court,"SUPERIOR DRILLING PRODUCTS, INC.",1600422,64.749,needs_review
"City of Augusta, Maine",AUGUSTA GOLD CORP.,1448597,64.727,needs_review
Tennessee State University,UNITED STATES STEEL CORP,1163302,64.702,needs_review
City of Oakley,CITY NATIONAL CORP,201461,64.646,needs_review
St. Mary's County,FIRST COMMUNITY CORP /SC/,932781,64.63,needs_review
Kellogg Community College,"COGENT COMMUNICATIONS HOLDINGS, INC.",1158324,64.63,needs_review
Klinikum Arnsberg hospital,AMERGENT HOSPITALITY GROUP INC.,1805024,64.63,needs_review
Southeastern Pennsylvania Transportation Authority (SEPTA),"ROADRUNNER TRANSPORTATION SYSTEMS, INC.",1440024,64.619,needs_review
"Department of Insurance, Securities and Banking (DISB)",GREAT WEST LIFE & ANNUITY INSURANCE CO,744455,64.617,needs_review
Inchcape,LINCARE HOLDINGS INC,882235,64.615,needs_review
Langlade County,"MADISON COUNTY FINANCIAL, INC.",1547635,64.615,needs_review
Prince Edward Island government,"EASTERLY GOVERNMENT PROPERTIES, INC.",1622194,64.577,needs_review
Midwest Transplant Network,MITEL NETWORKS CORP,1170534,64.571,needs_review
University of Oklahoma,"NATIONAL AMERICAN UNIVERSITY HOLDINGS, INC.",1399855,64.571,needs_review
Calgary public libraries,REPUBLIC AIRWAYS HOLDINGS INC,1159154,64.571,needs_review
Wheat Ridge County,CROSS COUNTRY HEALTHCARE INC,1141103,64.571,needs_review
Unnamed small company,SUNGAME CORP,1462506,64.571,needs_review
Norsk Hydro,"HYDROFARM HOLDINGS GROUP, INC.",1695295,64.571,needs_review
Maharashtra Industrial Development Corporation (MIDC) IT systems,INFRASTRUCTURE DEVELOPMENTS CORP.,1389415,64.565,needs_review
Bighton PD,"NIGHTFOOD HOLDINGS, INC.",1593001,64.561,needs_review
"Managed[.]com (Web Hosting Provider for Columbus County, NC, Griffin Hospital in CT, Arizona Judicial Branch, and Jackson County, OR, among others)","GOLD.COM, INC.",1591588,64.561,needs_review
Tietoevery,TIDEWATER INC,98222,64.561,needs_review
Max Linear (radio- frequency chip maker),ELLIE MAE INC,1122388,64.561,needs_review
"Mead O'Brien, Inc","BEYOND MEAT, INC.",1655210,64.522,needs_review
Betty Jean People’s Health,"HEALTHPEAK PROPERTIES, INC.",765880,64.522,needs_review
Miratorg Agribusiness Holding,"BUSINESS FIRST BANCSHARES, INC.",1624322,64.522,needs_review
Hall County,"SALLY BEAUTY HOLDINGS, INC.",1368458,64.522,needs_review
Victor Central School District,CENTRAL EUROPEAN DISTRIBUTION CORP,1046880,64.436,needs_review
Thailand Digital Billboard,"DIGITAL BRANDS GROUP, INC.",1668010,64.429,needs_review
St. Louis Public Library,REPUBLIC AIRWAYS HOLDINGS INC,1159154,64.423,needs_review
Butler County Community College,UNITED COMMUNITY BANCORP,1514131,64.408,needs_review
Nassau Bay,BALLY'S CORP,1747079,64.385,needs_review
Hartnell College,CORINTHIAN COLLEGES INC,1066134,64.381,needs_review
Groveport Madison Schools,MADISON TECHNOLOGIES INC.,1318268,64.381,needs_review
Milcreek Township,MILACRON HOLDINGS CORP.,1637913,64.369,needs_review
Neurological Spine Institute of Savannah,"ONCOLOGY INSTITUTE, INC.",1799191,64.368,needs_review
Russian Interior Ministry,"MINISTRY PARTNERS INVESTMENT COMPANY, LLC",944130,64.343,needs_review
Toronto Transit Commission (TTC),TRITON EMISSION SOLUTIONS INC.,1143238,64.314,needs_review
City of Saint John,DONGFANG CITY HOLDING GROUP CO LTD,1793330,64.31,needs_review
Presque Isle Police Department,"APARTMENT INCOME REIT, L.P.",926660,64.291,needs_review
Highline Public Schools,"INTERPUBLIC GROUP OF COMPANIES, INC.",51644,64.247,needs_review
Merseyrail (Rail network),MERISEL INC /DE/,724941,64.235,needs_review
Clark County Water Reclamation,BOREAL WATER COLLECTION INC.,1538333,64.226,needs_review
Park School District,SCHOLAR ROCK HOLDING CORP,1727196,64.226,needs_review
University of Sherbrooke,UNIVERSAL TOKEN,1919182,64.191,needs_review
Marion County Fairgrounds,"MADISON COUNTY FINANCIAL, INC.",1547635,64.184,needs_review
Abdali Hospital,OPTICAL CABLE CORP,1000230,64.171,needs_review
Tigo Business,"IGM BIOSCIENCES, INC.",1496323,64.171,needs_review
Archuleta County ,"SUN COUNTRY AIRLINES HOLDINGS, INC.",1743907,64.167,needs_review
Port of Nagoya,WORLDNET INC OF NEVADA,1118233,64.167,needs_review
"Luxotitica (eye wear, Ray-Ban parent company)",ELUTIA INC.,1708527,64.167,needs_review
Stonington School District,"DISTRIBUTION SOLUTIONS GROUP, INC.",703604,64.167,needs_review
Central Piedmont Community College (CPCC),INTERMOUNTAIN COMMUNITY BANCORP,1284506,64.123,needs_review
Reykjavík University (HR),"NATIONAL AMERICAN UNIVERSITY HOLDINGS, INC.",1399855,64.091,needs_review
Sarrell Dental and Eye Centers,CENTRAL GARDEN & PET CO,887733,64.089,needs_review
Seattle Public Library,REPUBLIC AIRWAYS HOLDINGS INC,1159154,64.07,needs_review
Toronto Public Library,REPUBLIC AIRWAYS HOLDINGS INC,1159154,64.07,needs_review
American Associated Pharmacies,AMERICAN SOIL TECHNOLOGIES INC,1031896,64.026,needs_review
Spine Diagnostic and Pain Treatment,"MEDITE CANCER DIAGNOSTICS, INC.",75439,64,needs_review
CaptureRx,"CAREDX, INC.",1217234,64,needs_review
MCNA Dental,MONAR INTERNATIONAL INC.,1470719,64,needs_review
Central Kansas Orthopedic Group,KANSAS CITY SOUTHERN,54480,64,needs_review
Kanawha County Board of Education,"GRAND CANYON EDUCATION, INC.",1434588,64,needs_review
Montenegro government and CI,"MONTROSE ENVIRONMENTAL GROUP, INC.",1643615,64,needs_review
City of Sheboygan,DONGFANG CITY HOLDING GROUP CO LTD,1793330,64,needs_review
Ada County Highway District,AMCON DISTRIBUTING CO,928465,64,needs_review
Dominican Republic's Migration Agency,AMERICAN PUBLIC EDUCATION INC,1201792,63.974,needs_review
Panama-Buena Vista Union School District,PANGAEA LOGISTICS SOLUTIONS LTD.,1606909,63.969,needs_review
Ejército de Chile,GENERAL CABLE CORP /DE/,886035,63.95,needs_review
Lincoln County School District,LINCOLN ELECTRIC HOLDINGS INC,59527,63.913,needs_review
Andrew Agencies,"SNYDER'S-LANCE, INC.",57528,63.908,needs_review
"Charlton Town, MA",HAMILTON LANE INC,1433642,63.908,needs_review
Wexford County,COMMUNITY FIRST INC,1179500,63.908,needs_review
Indonesia's national data centre,CENTENARY INTERNATIONAL CORP,759999,63.888,needs_review
Harvest Food Distributors (San Diego),"AMERICAN TIRE DISTRIBUTORS HOLDINGS, INC.",1323891,63.866,needs_review
Government of Bermuda,"EASTERLY GOVERNMENT PROPERTIES, INC.",1622194,63.866,needs_review
Finance of Rio de Janeiro,FIRST FINANCIAL HOLDINGS INC /DE/,787075,63.865,needs_review
Colorado Fertility Center,CENTURY COBALT CORP.,1456802,63.846,needs_review
Winnebago Public Schools,WINNEBAGO INDUSTRIES INC,107687,63.842,needs_review
Anglicare Sydney (aged care provider),SYNERGY EMPIRE LTD,1766267,63.826,needs_review
York Animal Hospital,"APPLE HOSPITALITY REIT, INC.",1418121,63.81,needs_review
Napa Valley College,VALLEY NATIONAL BANCORP,714310,63.81,needs_review
Actuaries and Associates (retirement specialist),JACK HENRY & ASSOCIATES INC,779152,63.759,needs_review
Yuma Regional Medical Center (YRMC),"CREATIVE MEDICAL TECHNOLOGY HOLDINGS, INC.",1187953,63.758,needs_review
Waikato District Health,"HEALTH-RIGHT DISCOVERIES, INC.",1537663,63.752,needs_review
Canadian Nurses Association,MANHATTAN ASSOCIATES INC,1056696,63.745,needs_review
Penn-Harris Madison Schools,MADISON TECHNOLOGIES INC.,1318268,63.745,needs_review
Mansfield Independent School District,INDEPENDENT BANK CORP /MI/,39311,63.722,needs_review
City of Coppell,"OXFORD CITY FOOTBALL CLUB, INC.",1414295,63.692,needs_review
City of Farmington,DONGFANG CITY HOLDING GROUP CO LTD,1793330,63.639,needs_review
Cox Media Group tv/radio stations,STATION CASINOS LLC,1503579,63.619,needs_review
Baker & Taylor (library services provider),"STANLEY BLACK & DECKER, INC.",93556,63.615,needs_review
Lazio Region in Italy,REGIONS FINANCIAL CORP,1281761,63.609,needs_review
Managed Care of North America (MCNA) Dental,NORTH AMERICAN OIL & GAS CORP.,1515635,63.599,needs_review
"Kaufman City, Texas",TEXAS INSTRUMENTS INC,97476,63.597,needs_review
Hernando County,COUNTERPATH CORP,1236997,63.59,needs_review
Robeson County,COHN ROBBINS HOLDINGS CORP.,1818212,63.59,needs_review
Dawson County,SONIC FOUNDRY INC,1029744,63.59,needs_review
Gunnebo Group,"UNEEQO, INC.",1572317,63.59,needs_review
Kaseya clients,SITE CENTERS CORP.,894315,63.59,needs_review
Linn County,COMMUNITY FIRST INC,1179500,63.59,needs_review
"CMA CGM (french carrier, container line)",CSP INC /MA/,356037,63.59,needs_review
Gilroy Gardens,"GLOBAL ARENA HOLDING, INC.",1138724,63.59,needs_review
Stanford University,UNIVERSAL BIOSENSORS INC,1279695,63.59,needs_review
Vigo County,COMMUNITY FIRST INC,1179500,63.59,needs_review
Rochester Public Schools,WISCONSIN PUBLIC SERVICE CORP,107833,63.587,needs_review
Invest Hong Kong (InvestHK),"SUNSTONE HOTEL INVESTORS, INC.",1295810,63.586,needs_review
City of Baltimore,BIOTRICITY INC.,1630113,63.556,needs_review
City of Valdez,DONGFANG CITY HOLDING GROUP CO LTD,1793330,63.556,needs_review
"Ouachita School District, Louisiana",LOUISIANA-PACIFIC CORP,60519,63.529,needs_review
Cuyahoga Metropolitan Housing Authority,MOHEGAN TRIBAL GAMING AUTHORITY,1005276,63.521,needs_review
Kokomo-Howard Public Library,REPUBLIC AIRWAYS HOLDINGS INC,1159154,63.497,needs_review
"Jackson County, Georgia",JACKSON FINANCIAL INC.,1822993,63.476,needs_review
Kansas City Kansas Police Department,KANSAS CITY LIFE INSURANCE CO,54473,63.441,needs_review
Department of Defense,DENVER PARENT CORP,1588242,63.439,needs_review
Benefit Recovery Specialists Inc (BRSI),"SPECIALTY CONTRACTORS, INC.",1489039,63.401,needs_review
Defense Procurement Agency,COPT DEFENSE PROPERTIES,860546,63.401,needs_review
7-Eleven,LEVERE HOLDINGS CORP.,1841383,63.377,needs_review
British Telecom Gorup,REEVES TELECOM LTD PARTNERSHIP,314741,63.377,needs_review
Baton Rouge Clinic,"BANC OF CALIFORNIA, INC.",1169770,63.333,needs_review
Des Moines Area Community College,"COMMUNITY SAVINGS BANCORP, INC.",1682593,63.328,needs_review
West Haven City Hall,PINNACLE WEST CAPITAL CORP,764622,63.312,needs_review
Christie's Auction House,CRITEO S.A.,1576427,63.294,needs_review
Christopher Rural Health,"CHINA HEALTH RESOURCE, INC.",1173784,63.279,needs_review
Madhya Pradesh Power Management Company (MPPMC),SILVERCREST ASSET MANAGEMENT GROUP INC.,1549966,63.277,needs_review
Myerscough College,CORINTHIAN COLLEGES INC,1066134,63.262,needs_review
"City of Lafayette, Colorado","COLORADO INTERSTATE GAS COMPANY, L.L.C.",200155,63.245,needs_review
north-east England council,NEW ENGLAND REALTY ASSOCIATES LIMITED PARTNERSHIP,746514,63.245,needs_review
Saginaw Township Community Schools,COMMUNITY FINANCIAL SHARES INC,1123735,63.234,needs_review
NPR KQED San Francisco,FRANCESCA'S HOLDINGS CORP,1399935,63.203,needs_review
Scottish Environment Protection Agency,ADVANCED ENVIRONMENTAL RECYCLING TECHNOLOGIES INC,849706,63.19,needs_review
Pawtucket Fire Department,APARTMENT INCOME REIT CORP.,1820877,63.188,needs_review
Melrose Police Department,APARTMENT INCOME REIT CORP.,1820877,63.188,needs_review
Pembroke Pines,PROKIDNEY CORP.,1850270,63.188,needs_review
Groupe IDEA,IDAHO COPPER CORP,1263364,63.188,needs_review
Hurtigruten (Norwegian Cruise Company),"TRUETT-HURST, INC.",1564709,63.188,needs_review
Lansing Board of Water & Light,TWO RIVERS WATER & FARMING CO,1302946,63.185,needs_review
City of Newark,"CINEMARK HOLDINGS, INC.",1385280,63.182,needs_review
US Coast Guard,"CARGURUS, INC.",1494259,63.182,needs_review
Karachi Police Office,"CITY OFFICE REIT, INC.",1593222,63.176,needs_review
Albanian Government,AMANASU ENVIRONMENT CORP,1142801,63.158,needs_review
Lawrence County 911 center,GREENE COUNTY BANCORP INC,1070524,63.113,needs_review
Düsseldorf University Hospital,"NATIONAL AMERICAN UNIVERSITY HOLDINGS, INC.",1399855,63.079,needs_review
Great Plain Regional Medical Center,GREAT PLAINS ENERGY INC,1143068,63.056,needs_review
Henry County Voting,"MID-CON ENERGY PARTNERS, LP",1527709,63.03,needs_review
Hollywood Presbyterian Medical Center,VARIAN MEDICAL SYSTEMS INC,203527,63.019,needs_review
Tewksbury Police Department,APARTMENT INCOME REIT CORP.,1820877,63,needs_review
Mutuelle Nationale des Hospitaliers (MNH),NATIONAL INTERSTATE CORP,1301106,62.984,needs_review
Center for Facial Restoration,"POWER SOLUTIONS INTERNATIONAL, INC.",1137091,62.956,needs_review
Tamil Nadu Public Department,PROTHENA CORP PUBLIC LTD CO,1559053,62.946,needs_review
Verint- Cybersecurity firm,VERINT SYSTEMS INC,1166388,62.937,needs_review
Omnix Int'l,"INTCOMEX, INC.",1359425,62.895,needs_review
"A. Duie Pyle (west chester, PA)",AUDIOEYE INC,1362190,62.895,needs_review
Sturdy Memorial Hospital,MEMORIAL RESOURCE DEVELOPMENT CORP.,1599222,62.893,needs_review
Colorado State University,"NATIONAL AMERICAN UNIVERSITY HOLDINGS, INC.",1399855,62.893,needs_review
Guilford College,CORINTHIAN COLLEGES INC,1066134,62.857,needs_review
Skidmore College,CORINTHIAN COLLEGES INC,1066134,62.857,needs_review
Nichirin-Flex U.S.A,"U.S. LIGHTING GROUP, INC.",1536394,62.839,needs_review
Apple MacBook via supplier Quanta Computer,"SUPER MICRO COMPUTER, INC.",1375365,62.839,needs_review
Renton School District,"DISTRIBUTION SOLUTIONS GROUP, INC.",703604,62.823,needs_review
Clark County School District,FIRST COMMUNITY CORP /SC/,932781,62.802,needs_review
Daviess County Public Library,REPUBLIC AIRWAYS HOLDINGS INC,1159154,62.769,needs_review
University of Detroit Mercy,"NATIONAL AMERICAN UNIVERSITY HOLDINGS, INC.",1399855,62.751,needs_review
Monroe County,"CONTANGO ORE, INC.",1502377,62.748,needs_review
"Sabine Parish School District, Louisiana",LOUISIANA-PACIFIC CORP,60519,62.731,needs_review
State Bar of Georgia,"STRATEX OIL & GAS HOLDINGS, INC.",1482361,62.73,needs_review
Port Lavaca City Hall,PARTY CITY HOLDCO INC.,1592058,62.722,needs_review
San Miguel County,"MADISON COUNTY FINANCIAL, INC.",1547635,62.708,needs_review
Mitchell County Schools,FIRST COMMUNITY CORP /SC/,932781,62.708,needs_review
Regina Public Schools,WISCONSIN PUBLIC SERVICE CORP,107833,62.699,needs_review
Danish Agro,"CARDIO DIAGNOSTICS HOLDINGS, INC.",1870144,62.696,needs_review
University of York,"SUPERIOR GROUP OF COMPANIES, INC.",95574,62.696,needs_review
Claxton-Hepburn Medical Center,COGENTIX MEDICAL INC /DE/,894237,62.681,needs_review
DESFA,ADEIA INC.,1803696,62.667,needs_review
Spartanburg County,SPARTAN GOLD LTD.,1426530,62.667,needs_review
Knauf Group,KAOPU GROUP INC,1602706,62.667,needs_review
Indiabulls Group,"FRIENDABLE, INC.",1414043,62.667,needs_review
Summerville Police Department,APARTMENT INCOME REIT CORP.,1820877,62.667,needs_review
Kimchuk,"IMK GROUP, INC.",1321710,62.667,needs_review
Dallas County,CUENTAS INC.,1424657,62.667,needs_review
Summit Pathology Labs,"UNITY BIOTECHNOLOGY, INC.",1463361,62.667,needs_review
City of Seal Beach,ARCH CAPITAL GROUP LTD.,947484,62.667,needs_review
Paris-Normandie (french newspaper),"DORMAN PRODUCTS, INC.",868780,62.667,needs_review
Hoya Vision Care US/Optical Labs,"OPTION CARE HEALTH, INC.",1014739,62.667,needs_review
BSR Infratech India Ltd,"AGRI-FINTECH HOLDINGS, INC.",1648365,62.665,needs_review
Town of Huntsville,HELEN OF TROY LTD,916789,62.665,needs_review
"Berry Family Services, Rowlett, Texas",TEXAS MINERAL RESOURCES CORP.,1445942,62.607,needs_review
Lindsay Municipal Hospital,"CAPITAL FINANCIAL HOLDINGS, INC",944696,62.599,needs_review
Duvel Moortgat Brewery,KINDER MORGAN ENERGY PARTNERS L P,888228,62.568,needs_review
City of Lowell,"OXFORD CITY FOOTBALL CLUB, INC.",1414295,62.523,needs_review
Moultrie County,CROSS COUNTRY HEALTHCARE INC,1141103,62.523,needs_review
University of Buenos Aires (UBA),UNIVERSAL BIOSENSORS INC,1279695,62.522,needs_review
"Louise W Eggleston Center, Inc.","CARRIAGE HOUSE EVENT CENTER, INC.",1798458,62.522,needs_review
Wirral University Teaching Hospital (WUTH) NHS Trust ,UNIVERSAL HOSPITAL SERVICES INC,886171,62.519,needs_review
Cincinnati State Technical and Community College,NATIONAL TECHNICAL SYSTEMS INC /CA/,110536,62.511,needs_review
Gallagher (Broker),POWER GALA CORP.,1575259,62.51,needs_review
Bulgarian government agency for refugee management,AF OCEAN INVESTMENT MANAGEMENT CO,1501489,62.5,needs_review
St. Lucie County Sheriff's Office,"CITY OFFICE REIT, INC.",1593222,62.5,needs_review
Manhasset Schools,"MPHASE TECHNOLOGIES, INC.",825322,62.473,needs_review
Des Moines Public Schools,"INTERPUBLIC GROUP OF COMPANIES, INC.",51644,62.418,needs_review
Allied Pilots Association (APA),"ALLIED WORLD ASSURANCE CO HOLDINGS, AG",1163348,62.411,needs_review
Sherwood Food Distributors (Detroit),"DISTRIBUTION SOLUTIONS GROUP, INC.",703604,62.368,needs_review
Penncrest School District,"MARINA DISTRICT FINANCE COMPANY, INC.",1517007,62.368,needs_review
Bluefield University,UNIVEST FINANCIAL CORP,102212,62.342,needs_review
Woodlawn Dental Center,TAUBMAN CENTERS INC,890319,62.342,needs_review
Reading Municipal Light Department (RMLD),READING INTERNATIONAL INC,716634,62.338,needs_review
Ponca City Public Schools,PROTHENA CORP PUBLIC LTD CO,1559053,62.333,needs_review
Virtual Care Provider Inc. (VCPI) ,"PROVIDENT BANCORP, INC.",1635840,62.323,needs_review
Athens School District,GATES INDUSTRIAL CORP PLC,1718512,62.323,needs_review
City of Potsdam,DONGFANG CITY HOLDING GROUP CO LTD,1793330,62.286,needs_review
City of Oakland,DONGFANG CITY HOLDING GROUP CO LTD,1793330,62.286,needs_review
Pasquotank County,COUNTERPATH CORP,1236997,62.286,needs_review
UF Health-The Villages Hospital,HERSHA HOSPITALITY TRUST,1063344,62.226,needs_review
Howard County Government,"EASTERLY GOVERNMENT PROPERTIES, INC.",1622194,62.222,needs_review
Town of Apex,ASPECT SOFTWARE GROUP HOLDINGS LTD.,1506546,62.222,needs_review
Faxon Machining,"COEUR MINING, INC.",215466,62.222,needs_review
"Monroe City schools, Louisiana","POPEYES LOUISIANA KITCHEN, INC.",1041379,62.222,needs_review
North Bend (and PD),NORTHRIM BANCORP INC,1163370,62.186,needs_review
Vanderbilt University Medical Center,"VIVANI MEDICAL, INC.",1266806,62.171,needs_review
Segafredo Zanetti,MARZETTI CO,57515,62.171,needs_review
City of Gondomar,PARTY CITY HOLDCO INC.,1592058,62.17,needs_review
Cape Cod Regional Transit Authority (CCRT),MOHEGAN TRIBAL GAMING AUTHORITY,1005276,62.17,needs_review
Cooke County Sheriff's Office,"CITY OFFICE REIT, INC.",1593222,62.167,needs_review
Livingston School District,"STRONGHOLD DIGITAL MINING, INC.",1856028,62.137,needs_review
Azusa police department,APARTMENT INCOME REIT CORP.,1820877,62.121,needs_review
Perusahaan Gas Negara (PGN),PAA NATURAL GAS STORAGE LP,1481506,62.121,needs_review
Cosmetic Dental Group,NATIONAL COMMERCE CORP,1609951,62.115,needs_review
Subex / Sectrio,ELECTRO SENSORS INC,351789,62.112,needs_review
Direccion Nacional de Migraciones (Argentina's official immigration agency),EDISON INTERNATIONAL,827052,62.109,needs_review
Park Duvalle Community Health Center,ETERNITY HEALTHCARE INC.,1437822,62.091,needs_review
Konica Minolta,"IOTA COMMUNICATIONS, INC.",1095130,62.078,needs_review
City of Cedar Falls,CEDAR FAIR L P,811532,62.078,needs_review
City of St. Cloud,PARTY CITY HOLDCO INC.,1592058,62.078,needs_review
City of Hinesville,ISLE OF CAPRI CASINOS INC,863015,62.066,needs_review
Kaiserslautern University of Applied Sciences (HS Kaiserslautern),SINCERITY APPLIED MATERIALS HOLDINGS CORP.,1532595,62.033,needs_review
Mitsubishi,JUSHI HOLDINGS INC.,1909747,62,needs_review
Designer Shoe Warehouse's (DSW) Software Vendor,"SPORTSMAN'S WAREHOUSE HOLDINGS, INC.",1132105,61.994,needs_review
Ashville Plastic Surgery Institute,BROADVIEW INSTITUTE INC,73048,61.968,needs_review
M.J. Brunner (msp),BANNER CORP,946673,61.961,needs_review
Brazilian Ministry of Health,"CHINA HEALTH INDUSTRIES HOLDINGS, INC.",1309057,61.961,needs_review
Control Panels USA,JOHNSON CONTROLS INC,53669,61.961,needs_review
Emil Frey,SEMILEDS CORP,1333822,61.961,needs_review
City of Pleasanton,"CITY OFFICE REIT, INC.",1593222,61.961,needs_review
CHI Health Lakeside Hospital,"CHINA HEALTH INDUSTRIES HOLDINGS, INC.",1309057,61.961,needs_review
Banijay Group SAS,SES AI CORP,1819142,61.961,needs_review
Steamship Authority,CURIOSITYSTREAM INC.,1776909,61.961,needs_review
Aebi Schmidt,ABSCI CORP,1672688,61.961,needs_review
Town of Frederick,"EF HUTTON AMERICA, INC.",1565700,61.961,needs_review
Blaine County School District,COMMUNITY BANKERS TRUST CORP,1323648,61.932,needs_review
Marietta City Schools,OLD MARKET CAPITAL CORP,1000045,61.923,needs_review
Online storage vendor of Harvard Eye Associates,REAL ESTATE ASSOCIATES LTD/CA,225789,61.905,needs_review
Department of Migrant Workers (DMW),APARTMENT INCOME REIT CORP.,1820877,61.882,needs_review
Southampton County,"ARC DOCUMENT SOLUTIONS, INC.",1305168,61.882,needs_review
Langs Building Supplies (Queensland),"AMERICA'S SUPPLIERS, INC.",1002390,61.872,needs_review
Langs Building Supplies,"AMERICA'S SUPPLIERS, INC.",1002390,61.872,needs_review
West Oaks School,SOUTHWEST GAS CORP,92416,61.857,needs_review
Moorestown Visiting Nurse Association,"ZIONS BANCORPORATION, NATIONAL ASSOCIATION /UT/",109380,61.841,needs_review
River Radio of Southern Illinois,SOUTHERN CALIFORNIA EDISON CO,92103,61.839,needs_review
Wood County Schools,"COTTONWOOD COMMUNITIES, INC.",1692951,61.833,needs_review
University of New Mexico School of Law,"NATIONAL AMERICAN UNIVERSITY HOLDINGS, INC.",1399855,61.818,needs_review
King Edward VII's Hospital,"KINGSMEN CAPITAL GROUP, LTD",1100734,61.786,needs_review
Troup County (and PD),COUNTERPATH CORP,1236997,61.785,needs_review
Boggi Milano,VILACTO BIO INC.,1576724,61.785,needs_review
City of Lawrence,PARTY CITY HOLDINGS INC.,1340554,61.781,needs_review
Royal Canadian Mounted Police (RCMP),PACIFIC GOLD & ROYALTY CORP.,1137855,61.758,needs_review
Regional District of Okanagan-Similkameen,"MARINA DISTRICT FINANCE COMPANY, INC.",1517007,61.75,needs_review
Regional District of Okanagan Similkameen,"MARINA DISTRICT FINANCE COMPANY, INC.",1517007,61.75,needs_review
Rensselaer County Library,CROSS COUNTRY HEALTHCARE INC,1141103,61.735,needs_review
T A Khoury & Co,W&T OFFSHORE INC,1288403,61.714,needs_review
The Travis Central Appraisal District,CENTRAL EUROPEAN DISTRIBUTION CORP,1046880,61.688,needs_review
Nova Scotia Government,"NUVERRA ENVIRONMENTAL SOLUTIONS, INC.",1403853,61.681,needs_review
Lancaster Independent School District,AMERICAN INDEPENDENCE CORP,97196,61.675,needs_review
Ostermeir FZE (engineering firm),"AFTERMASTER, INC.",836809,61.667,needs_review
Kensington Wine Market,ARLINGTON ASSET INVESTMENT CORP.,1209028,61.667,needs_review
Derby Police Department,"KBS LEGACY PARTNERS APARTMENT REIT, INC.",1469822,61.667,needs_review
Government of Dubai,"EASTERLY GOVERNMENT PROPERTIES, INC.",1622194,61.654,needs_review
Unnamed biomolecular institute,"MOLECULAR TEMPLATES, INC.",1183765,61.654,needs_review
Holding Slovenske Elektrarne (HSE),RARE ELEMENT RESOURCES LTD,1419806,61.587,needs_review
Programa de Atención Médica Integral (PAMI),INTERACTIVE MULTI MEDIA AUCTION CORP,1565430,61.584,needs_review
Riverside FD and PD,P&F INDUSTRIES INC,75340,61.558,needs_review
Rio Arriba County,"SUN COUNTRY AIRLINES HOLDINGS, INC.",1743907,61.558,needs_review
Houston Housing Authority,MOHEGAN TRIBAL GAMING AUTHORITY,1005276,61.558,needs_review
Charleston County School District,DIME COMMUNITY BANCSHARES INC,1005409,61.548,needs_review
North Carolina A&T State University,"UNITED STATES SHORT OIL FUND, LP",1439567,61.535,needs_review
Toronto's Hospital for Sick Children (SickKids),"CONDOR HOSPITALITY TRUST, INC.",929545,61.532,needs_review
City of Newburg,"CLEARPOINT NEURO, INC.",1285550,61.505,needs_review
Vallianz Holidgs,DOUGLAS ELLIMAN INC.,1878897,61.505,needs_review
Haldiram's (Food major),ADA-ES INC,1223112,61.5,needs_review
Cognizant,COVANTA HOLDING CORP,225648,61.5,needs_review
Australia's Fire Rescue Victoria,VICTORIA'S SECRET & CO.,1856437,61.462,needs_review
Shakespeare Theatre,HARTE HANKS INC,45919,61.455,needs_review
Jefferson County School System,"COMMUNITY FINANCIAL SYSTEM, INC.",723188,61.429,needs_review
Center for Fertility and Gynecology (Los Angeles),ENERGY & TECHNOLOGY CORP.,1432963,61.429,needs_review
Peru's National Directorate of Intelligence,"GREEN PARTS INTERNATIONAL, INC.",1577898,61.417,needs_review
Rehoboth McKinley Christian Health Care Services,"ALLIANCE HEALTHCARE SERVICES, INC",817135,61.414,needs_review
Madison County Government and Police Department,MADISON SQUARE GARDEN ENTERTAINMENT CORP.,1952073,61.408,needs_review
Henry County Schools,FIRST COMMUNITY CORP /SC/,932781,61.404,needs_review
Horry County Schools,FIRST COMMUNITY CORP /SC/,932781,61.404,needs_review
Las Vegas Cancer Center,ENTERPRISE BANCORP INC /MA/,1018399,61.4,needs_review
Chester County School District,FIRST COMMUNITY CORP /SC/,932781,61.389,needs_review
Minneapolis Public Schools (MPS),PUBLIC SERVICE ENTERPRISE GROUP INC,788784,61.381,needs_review
Tillamook County,WILLIAMS CONTROLS INC,854860,61.364,needs_review
Jerome School District,EMPIRE DISTRICT ELECTRIC CO,32689,61.342,needs_review
Taos Municipal School District,"PRINCIPAL SOLAR, INC.",1587476,61.333,needs_review
French Ministry of Justice,"MINISTRY PARTNERS INVESTMENT COMPANY, LLC",944130,61.333,needs_review
Cleveland City School District,CLEVELAND-CLIFFS INC.,764065,61.304,needs_review
Fauquier County Public Schools,"INTERPUBLIC GROUP OF COMPANIES, INC.",51644,61.299,needs_review
St Helens Council,COMMUNITY HEALTHCARE TRUST INC,1631569,61.279,needs_review
Kemptville District Hospital,EMPIRE DISTRICT ELECTRIC CO,32689,61.271,needs_review
City of Pensacola,CITY NATIONAL CORP,201461,61.263,needs_review
J&B Importers,PROCTER & GAMBLE CO,80424,61.244,needs_review
Richland-Bean Blossom Community School (Edgewood Schools),PDL COMMUNITY BANCORP,1703489,61.243,needs_review
Onslow County Water and Sewer,LORAL SPACE & COMMUNICATIONS INC.,1006269,61.226,needs_review
 Mississippi Center for Advanced Medicine,ADVANCED ENERGY INDUSTRIES INC,927003,61.212,needs_review
Spain's State Public Employment Service (SEPE),SOUTHWESTERN PUBLIC SERVICE CO,92521,61.212,needs_review
Turks and Caicos Islands Government (TCIG),NEVADA GOLD & CASINOS INC,277058,61.212,needs_review
Binion's Casino (TLC Casino Enterprises),WASHINGTON BANKING CO,1058690,61.191,needs_review
Scranton School District,"DISTRIBUTION SOLUTIONS GROUP, INC.",703604,61.137,needs_review
Cascade Eye and Skin Centers,JACK HENRY & ASSOCIATES INC,779152,61.115,needs_review
Town of Cornelius,CALLIDUS SOFTWARE INC,1035748,61.101,needs_review
SegurCaixa Adeslas (insurance company),"ASENSUS SURGICAL, INC.",876378,61.101,needs_review
Creos Luxembourg and Enovos (Encevo),BARNES & NOBLE INC,890491,61.075,needs_review
Gastroenterology Consultants,COGNIZANT TECHNOLOGY SOLUTIONS CORP,1058290,61.071,needs_review
Tanbridge House School,WESTBRIDGE RESEARCH GROUP,750150,61.068,needs_review
Rangely District Hospital (Rio Blanco County),"MARINA DISTRICT FINANCE COMPANY, INC.",1517007,61.047,needs_review
Centrais Eletricas Brasileiras (Eletrobras),"CENTRAL FEDERAL BANCSHARES, INC",1651987,61.044,needs_review
Law Enforcement Health Benefits Inc. (LEHB),ETERNITY HEALTHCARE INC.,1437822,61.029,needs_review
Town of Yarrow Point,"TRI POINTE HOMES, INC.",1561680,61.026,needs_review
Huntsville City Schools,CITY NATIONAL CORP,201461,61.026,needs_review
St. Louis Metro Transit,GOLDEN STATE PETROLEUM TRANSPORT CORP,1038286,61.01,needs_review
Heilbronn Stimme,TIM HORTONS INC.,1345111,61.01,needs_review
Curry County,COMMUNITY FIRST INC,1179500,61.01,needs_review
Effingham County Schools,"MADISON COUNTY FINANCIAL, INC.",1547635,61,needs_review
Contra Costa County Library,"SPECIALTY CONTRACTORS, INC.",1489039,61,needs_review
SK Hynix (semiconductor company),PHOENIX PLUS CORP.,1785493,61,needs_review
"Keene City, Texas",TEXAS INSTRUMENTS INC,97476,60.979,needs_review
Mt. Zion School District,"DISTRIBUTION SOLUTIONS GROUP, INC.",703604,60.97,needs_review
San Francisco 49ers NFL team,SANTA FE FINANCIAL CORP,86759,60.966,needs_review
NFL San Francisco 49ers Team,SANTA FE FINANCIAL CORP,86759,60.966,needs_review
"The Arc of Winnebago, Boone and Ogle Counties",WINNEBAGO INDUSTRIES INC,107687,60.966,needs_review
Rockford Public Schools,SCHOLAR ROCK HOLDING CORP,1727196,60.952,needs_review
Government of Mexico,MGIC INVESTMENT CORP,876437,60.952,needs_review
Henry County 911,"ACORN ENERGY, INC.",880984,60.952,needs_review
JBS (meat processor),"BGSF, INC.",1474903,60.952,needs_review
X-FAB,KARBON-X CORP.,1729637,60.923,needs_review
Minneapolis Park and Recreation Board,PARK HOTELS & RESORTS INC.,1617406,60.889,needs_review
"Adams Memorial Hospital, Indiana","CAPITAL FINANCIAL HOLDINGS, INC",944696,60.882,needs_review
Virginia's Division of Legislative Automated Systems (DLAS),INTERNATIONAL AUTOMATED SYSTEMS INC,820380,60.872,needs_review
Detroit City Government,FOREST CITY ENTERPRISES INC,38067,60.87,needs_review
City of Durham,DONGFANG CITY HOLDING GROUP CO LTD,1793330,60.819,needs_review
Office of the Colorado State Public Defender,PUBLIC SERVICE CO OF COLORADO,81018,60.791,needs_review
Monroe County School District,FIRST COMMUNITY CORP /SC/,932781,60.778,needs_review
Platte County School District,FIRST COMMUNITY CORP /SC/,932781,60.778,needs_review
Port of Lisbon Administration (APL),"PORTER HOLDING INTERNATIONAL, INC.",1605810,60.735,needs_review
Fisher and Paykel Appliances,JACK HENRY & ASSOCIATES INC,779152,60.716,needs_review
The College Nurses of Ontario,CORINTHIAN COLLEGES INC,1066134,60.714,needs_review
Brownsburg Public Library,PROTHENA CORP PUBLIC LTD CO,1559053,60.692,needs_review
Rockville Centre School District,CENTRAL EUROPEAN DISTRIBUTION CORP,1046880,60.677,needs_review
"Sault Ste. Marie, Ontario Police","OLLIE'S BARGAIN OUTLET HOLDINGS, INC.",1639300,60.662,needs_review
Providence Public Schools Department (PPSD),PUBLIC SERVICE ENTERPRISE GROUP INC,788784,60.643,needs_review
Oglethorp County School System,COMMUNITY HEALTH SYSTEMS INC,1108109,60.635,needs_review
Foxborough Regional Charter School,CHARTER FINANCIAL CORP,1478726,60.633,needs_review
Lanka Government Cloud (LGC),CLOUD PEAK ENERGY INC.,1441849,60.627,needs_review
Bernards Township,"ICONIC BRANDS, INC.",1350073,60.615,needs_review
Instituto Agrario Dominicano (IAD),TINTIC GOLD MINING CO,1301839,60.58,needs_review
Port of Seattle,SABLE OFFSHORE CORP.,1831481,60.575,needs_review
Nacogdoches Independent School District,AMERICAN INDEPENDENCE CORP,97196,60.571,needs_review
Sycamore School District 427,SYCAMORE NETWORKS INC,1092367,60.571,needs_review
Vernon City Police Department,"LIVE NATION ENTERTAINMENT, INC.",1335258,60.556,needs_review
Town of Collierville,HELEN OF TROY LTD,916789,60.553,needs_review
Norman Public Schools,"REPUBLIC SERVICES, INC.",1060391,60.543,needs_review
Buenos Aires legislature,"UNITED AIRLINES HOLDINGS, INC.",100517,60.513,needs_review
City of Belle Fourche,GLOBAL FUTURE CITY HOLDING INC.,1164964,60.513,needs_review
Leominster School District,MSC INDUSTRIAL DIRECT CO INC,1003078,60.507,needs_review
MHMR Authority of Brazos Valley,TENNESSEE VALLEY AUTHORITY,1376986,60.459,needs_review
Hermon School Department,MONARCH CEMENT CO,67517,60.451,needs_review
Nantucket Public Schools,"INTERPUBLIC GROUP OF COMPANIES, INC.",51644,60.451,needs_review
Prince George's County Public Schools,PUBLIC SERVICE ENTERPRISE GROUP INC,788784,60.439,needs_review
City of Edcouch,PARTY CITY HOLDCO INC.,1592058,60.417,needs_review
City of Hoboken,PARTY CITY HOLDCO INC.,1592058,60.417,needs_review
Blacon High School,BLACK HILLS CORP /SD/,1130464,60.417,needs_review
Hyundai Motor Europe,HYZON MOTORS INC.,1716583,60.417,needs_review
4 Canadian courier divisions of TFI International's Canpar Express,APCO OIL & GAS INTERNATIONAL INC,311471,60.417,needs_review
Copper Mountain Mining Corportation,"AUBURN NATIONAL BANCORPORATION, INC",750574,60.41,needs_review
Leicester City Council,"CENTURY COMMUNITIES, INC.",1576940,60.385,needs_review
Fraunhofer Institute for Industrial Engineering IAO,INDUSTRIAL INCOME TRUST INC.,1464720,60.376,needs_review
Addison Northwest School District,FIRST NORTHWEST BANCORP,1556727,60.373,needs_review
OilTanking GmbH and Mabanaft GmbH,BLACK STALLION OIL & GAS INC.,1542335,60.371,needs_review
Pro Rodeo Cowboys Association (PRCA),CBL & ASSOCIATES PROPERTIES INC,910612,60.358,needs_review
Lamar County Sheriff's Department,"LANDMARK APARTMENT TRUST, INC.",1347523,60.351,needs_review
Memorial Hospital and Manor,PARK HOTELS & RESORTS INC.,1617406,60.348,needs_review
Circleville Municipal Court,CAREVIEW COMMUNICATIONS INC,1377149,60.348,needs_review
Lutheran Social Services of Illinois (LSSI),INDUSTRIAL SERVICES OF AMERICA INC,4187,60.308,needs_review
Chile Government Agency,AGNC INVESTMENT CORP.,1423689,60.295,needs_review
City of Bardstown,BOSTON SCIENTIFIC CORP,885725,60.294,needs_review
Edsembli (service provider for Nunavut’s Department of Education),"MEDWELLAI, INC.",1520118,60.294,needs_review
Murfreesboro PD and FD,P&F INDUSTRIES INC,75340,60.242,needs_review
South and City College,"BRAND HOUSE COLLECTIVE, INC.",1056285,60.216,needs_review
"City of Keizer, Oregon",FOREST CITY ENTERPRISES INC,38067,60.216,needs_review
Point32Health - Harvard Pilgrim Health Care (HPHC),COVENTRY HEALTH CARE INC,1054833,60.193,needs_review
Mount Pleasant Police Department,FAIRMOUNT SANTROL HOLDINGS INC.,1010858,60.168,needs_review
Macon-Bibb County,MONARCH COMMUNITY BANCORP INC,1169769,60.168,needs_review
Empresas Publicas de Medellin (EPM),EMPRESS MINING INC.,1524774,60.155,needs_review
Albuquerque Public Schools,"REPUBLIC SERVICES, INC.",1060391,60.155,needs_review
Department of Justice and Constitutional Development,SUSTAINABLE DEVELOPMENT ACQUISITION I CORP.,1837248,60.131,needs_review
Altoona Water Authority (AWA),CALIFORNIA WATER SERVICE GROUP,1035201,60.093,needs_review
"Rainbow Dental Care, PLLC","OPTION CARE HEALTH, INC.",1014739,60.092,needs_review
University of Duisburg-Essen (UDE),"UNIVERSITY GENERAL HEALTH SYSTEM, INC.",1383960,60.087,needs_review
Haywood County School District,FIRST COMMUNITY CORP /SC/,932781,60.086,needs_review
Kershaw County School District,FIRST COMMUNITY CORP /SC/,932781,60.086,needs_review
Manchester Ophthalmology,CARPENTER TECHNOLOGY CORP,17843,60.07,needs_review
Hospital in Oloron-Sainte-Marie,INNSUITES HOSPITALITY TRUST,82473,60.061,needs_review
PA State Senate Democrats,"EMPIRE STATE REALTY OP, L.P.",1553079,60.056,needs_review
Bristol Community College,CITIZENS COMMUNITY BANCORP INC.,1367859,60.056,needs_review
"St. Lawrence Health System Hospitals (Canton-Potsdam, Gouverneur, and Massena)",SUNLINK HEALTH SYSTEMS INC,96793,60.032,needs_review
Camden County Police Department,PINNACLE ENTERTAINMENT INC.,356213,60.009,needs_review
Spartanburg District One Schools,"DISTRIBUTION SOLUTIONS GROUP, INC.",703604,60,needs_review
City of New Orleans,FOREST CITY ENTERPRISES INC,38067,60,needs_review
Pinal County Attorney's Office,"MADISON COUNTY FINANCIAL, INC.",1547635,60,needs_review
Las Cruces Public School District,ATLAS AMERICA PUBLIC #9 LTD.,1121745,60,needs_review
Tampa Bay Times,"ALTA MESA HOLDINGS, LP",1518403,60,needs_review
Franklin County Public Schools,"MADISON COUNTY FINANCIAL, INC.",1547635,60,needs_review
Emma Willard School,WILLIAMS CONTROLS INC,854860,60,needs_review
TB Kawashima,"KASHIN, INC.",1467845,60,needs_review
"City of Cornelia, GA","BANC OF CALIFORNIA, INC.",1169770,59.918,needs_review
City of West Haven,WEST COAST VENTURES GROUP CORP.,1551906,59.918,needs_review
LDLC ASVEL (ASVEL),DAVE INC./DE,1841408,59.91,needs_review
City of Ellensburg,ELLINGTON CREDIT CO,1560672,59.91,needs_review
Spartanburg County Library,COMMUNITY FIRST INC,1179500,59.887,needs_review
Vernon Township,VERONI BRANDS CORP.,1693690,59.886,needs_review
Brandywine Urology Consultants,UNITED CAPITAL CONSULTANTS INC.,1693696,59.886,needs_review
Houston Rockets NBA Team,"STREAM GLOBAL SERVICES, INC.",1405287,59.859,needs_review
Center Hospitalier Sud Francilien (CHSF),"PURSUIT ATTRACTIONS & HOSPITALITY, INC.",884219,59.81,needs_review
Redcar and Cleveland Council,"LEGEND OIL & GAS, LTD.",1140414,59.795,needs_review
Unnamed NSW council,"NUANCE COMMUNICATIONS, INC.",1002517,59.784,needs_review
Nipissing First Nation (NFN) Administration,ILUSTRATO PICTURES INTERNATIONAL INC.,1496383,59.783,needs_review
Eastern Hancock Community School Corportation,TECHNICAL COMMUNICATIONS CORP,96699,59.783,needs_review
City of Dunwoody,DONGFANG CITY HOLDING GROUP CO LTD,1793330,59.77,needs_review
Center Hospitalier de Dax-Côte d’Argent,AMERGENT HOSPITALITY GROUP INC.,1805024,59.77,needs_review
Deaprtment of Health Services for state of Yap,STEWART INFORMATION SERVICES CORP,94344,59.768,needs_review
St Landry Parish Schools,UNITED PARKS & RESORTS INC.,1564902,59.762,needs_review
Netherlands Organisation for Scientific Research (NWO),PACIFIC HEALTH CARE ORGANIZATION INC,1138476,59.75,needs_review
Discount Car and Truck Rentals ,FREDERICK COUNTY BANCORP INC,1258831,59.742,needs_review
Town of Colonie,HELEN OF TROY LTD,916789,59.74,needs_review
Clay County Courthouse,NORTHEAST COMMUNITY BANCORP INC,1354772,59.74,needs_review
San Francisco's Bay Area Rapid Transit,INVESCO CURRENCYSHARES SWISS FRANC TRUST,1353615,59.729,needs_review
Jefferson Credit Union,"ACCREDITED SOLUTIONS, INC.",1464865,59.707,needs_review
Wolfe Eye Clinic,STEELE OCEANIC CORP,1404280,59.704,needs_review
Savannah Technical College,CORINTHIAN COLLEGES INC,1066134,59.667,needs_review
Southeastern Minnesota Oral & Maxillofacial Surgery (SEMOMS) ,SOUTHEASTERN BANK FINANCIAL CORP,880116,59.667,needs_review
Chicopee Public Schools,"REPUBLIC SERVICES, INC.",1060391,59.667,needs_review
Forsyth Public Schools,"REPUBLIC SERVICES, INC.",1060391,59.653,needs_review
Unnamed US cancer center,"CARRIAGE HOUSE EVENT CENTER, INC.",1798458,59.642,needs_review
Tarrant Appraisal District,"AMERICAN TIRE DISTRIBUTORS HOLDINGS, INC.",1323891,59.615,needs_review
Office of the Attorney General,CASEYS GENERAL STORES INC,726958,59.608,needs_review
The Costa Rican Government Entities,"NUVEEN GLOBAL CITIES REIT, INC.",1711799,59.6,needs_review
Pellissippi State Community College,MISSION COMMUNITY BANCORP,1129920,59.6,needs_review
Lewis & Clark College,"LEGEND OIL & GAS, LTD.",1140414,59.566,needs_review
Guildford County School,FIRST COMMUNITY CORP /SC/,932781,59.566,needs_review
City of Joplin,DONGFANG CITY HOLDING GROUP CO LTD,1793330,59.556,needs_review
Syracuse City School District,COAST DISTRIBUTION SYSTEM INC,728303,59.556,needs_review
Jekyll Island Authority,TENNESSEE VALLEY AUTHORITY,1376986,59.549,needs_review
Fitzgibbon Hospital,DIAMONDROCK HOSPITALITY CO,1298946,59.549,needs_review
City of Mount Vernon,"ZERO GRAVITY SOLUTIONS, INC.",1574186,59.549,needs_review
Alder Hey Children's Hospital,AMERGENT HOSPITALITY GROUP INC.,1805024,59.549,needs_review
State of Rhode Island/RIBridges,BRIGGS & STRATTON CORP,14195,59.546,needs_review
Yuba County,HONG YUAN HOLDING GROUP,1324759,59.529,needs_review
OKC Indian Clinic (OKCIC),CINDISUE MINING CORP,1481339,59.464,needs_review
Hackney Council,JACKSON FINANCIAL INC.,1822993,59.464,needs_review
Sri Lanka Telecom,PLANAR SYSTEMS INC,722392,59.454,needs_review
Italian Revenue Agency,"XIAMEN LUTONG INTERNATIONAL TRAVEL AGENCY CO., LTD.",1445175,59.429,needs_review
Deutsche Windtechnik,AUTOSCOPE TECHNOLOGIES CORP,943034,59.429,needs_review
Nevada Joint Union High School District (NJUHSD),"DISTRIBUTION SOLUTIONS GROUP, INC.",703604,59.41,needs_review
ESKOM Hld SOC Ltd.,"GOLD ROCK HOLDINGS, INC.",894501,59.394,needs_review
Bexar County Appraisal District,FREDERICK COUNTY BANCORP INC,1258831,59.394,needs_review
Brazil's Foreign Ministry,"MINISTRY PARTNERS INVESTMENT COMPANY, LLC",944130,59.394,needs_review
City of Sammamish,"CITY OFFICE REIT, INC.",1593222,59.394,needs_review
Mecklenburg County,JOURNEY MEDICAL CORP,1867066,59.394,needs_review
NHS Dumfries and Galloway,"DINE BRANDS GLOBAL, INC.",49754,59.371,needs_review
Great Falls Public Schools,"REPUBLIC SERVICES, INC.",1060391,59.371,needs_review
Dorchester School District,ROCHESTER MEDICAL CORPORATION,868368,59.371,needs_review
ABC Liquor Store in Pitt County,"CONTAINER STORE GROUP, INC.",1411688,59.368,needs_review
Coweta County and Public Safety,CREATIVE MEDIA & COMMUNITY TRUST CORP,908311,59.363,needs_review
Warren County Sheriff's Department,SPHERE ENTERTAINMENT CO.,1795250,59.333,needs_review
City of Cartersville,CAREVIEW COMMUNICATIONS INC,1377149,59.295,needs_review
Estes Express Lines,"LEE ENTERPRISES, INC",58361,59.294,needs_review
Town of Jupiter,"PERIMETER SOLUTIONS, INC.",1880319,59.294,needs_review
Montgomery County (Alabama),LOTTERY.COM INC.,1673481,59.286,needs_review
La Posada at Park Centre,CENTRAL GARDEN & PET CO,887733,59.279,needs_review
All India Institute of Medical Sciences (AIIMS),INDUSTRIAL SERVICES OF AMERICA INC,4187,59.272,needs_review
Bigfork School District,BRIDGFORD FOODS CORP,14177,59.271,needs_review
"Durham, N.H. police department",DREAM HOMES & DEVELOPMENT CORP.,1518336,59.257,needs_review
Selma Unified School District,UNITED STATES STEEL CORP,1163302,59.242,needs_review
Coombe Women and Infants University Hospital,"PURSUIT ATTRACTIONS & HOSPITALITY, INC.",884219,59.222,needs_review
Rutherford County Schools,FIRST COMMUNITY CORP /SC/,932781,59.203,needs_review
Proctor School District,EMPIRE DISTRICT ELECTRIC CO,32689,59.191,needs_review
Middletown School District,"DISTRIBUTION SOLUTIONS GROUP, INC.",703604,59.186,needs_review
Rhinebeck School District,"MARINA DISTRICT FINANCE COMPANY, INC.",1517007,59.167,needs_review
Pekin High School,HIGHPOINT RESOURCES CORP,1725526,59.14,needs_review
Ermenegildo Zegna,REGIONAL MANAGEMENT CORP.,1519401,59.14,needs_review
Allegheny Intermediate Unit school system,"UNIVERSITY GENERAL HEALTH SYSTEM, INC.",1383960,59.136,needs_review
Sunapee Middle School,SCHOOL SPECIALTY INC,1055454,59.099,needs_review
Elektroprivreda Srbije (EPS),PETRO RIVER OIL CORP.,1172298,59.099,needs_review
Network of Village of Weiz,"VISTANCE NETWORKS, INC.",1517228,59.088,needs_review
Visalia Unified School District,"MARINA DISTRICT FINANCE COMPANY, INC.",1517007,59.085,needs_review
Boston Children's Health Physicians,"BIOSCIENCE HEALTH INNOVATIONS, INC.",1784440,59.073,needs_review
Town of East Greenwich,"GREEN EARTH TECHNOLOGIES, INC",1433966,59.056,needs_review
Huber Heights,"U.S. LIGHTING GROUP, INC.",1536394,59.055,needs_review
L’Agenzia delle Entrate,"DECENTRAL LIFE, INC.",1281984,59.048,needs_review
Rock County Public Health Department,CROSS COUNTRY HEALTHCARE INC,1141103,59,needs_review
Jackson County Intermediate School District,ENERGY FUTURE INTERMEDIATE HOLDING CO LLC,1445146,58.997,needs_review
Columbiana County Juvenile Court System,"COLUMBIA PROPERTY TRUST, INC.",1252849,58.99,needs_review
"Grayson County, Texas",FIRST COMMUNITY CORP /SC/,932781,58.979,needs_review
Baltimore County Public Schools (BCPS) ,PDL COMMUNITY BANCORP,1703489,58.974,needs_review
Dickson County Sheriff’s Office,"CITY OFFICE REIT, INC.",1593222,58.913,needs_review
Chatham County Government,"PROVIDENT COMMUNITY BANCSHARES, INC.",926164,58.909,needs_review
"Morehouse Parish School District, Louisiana","POPEYES LOUISIANA KITCHEN, INC.",1041379,58.905,needs_review
British Library,"CHINA-BIOTICS, INC",1271057,58.901,needs_review
Northern Lincolnshire & Goole NHS Foundation Trust,AMERICAN BAR ASSOCIATION MEMBERS / NORTHERN TRUST COLLECTIVE TR,878375,58.89,needs_review
The weather channel Atlanta,FEDERAL HOME LOAN BANK OF ATLANTA,1331465,58.889,needs_review
Buffalo Public Schools,BUFFALO WILD WINGS INC,1062449,58.882,needs_review
Pittsburgh Regional Transit,NUTRASTAR INTERNATIONAL INC.,1273385,58.863,needs_review
Port Neches-Groves ISD,"FORTE BIOSCIENCES, INC.",1419041,58.846,needs_review
"Village of Ilion, N.Y.",PISMO COAST VILLAGE INC,216877,58.846,needs_review
Douglas County Libraries,CROSS COUNTRY HEALTHCARE INC,1141103,58.83,needs_review
CloudNordic and AzeroCloud,"FLOOR & DECOR HOLDINGS, INC.",1507079,58.826,needs_review
San Bernardino County Sheriff's Department,"ORANGE COUNTY BANCORP, INC. /DE/",1754226,58.814,needs_review
Iberia Parish Sheriff's Office,"CITY OFFICE REIT, INC.",1593222,58.804,needs_review
Resort Municipality of Whistler (RMOW),"WESTERN CAPITAL RESOURCES, INC.",1363958,58.776,needs_review
Fourth Judicial District Court of Louisiana,"HOME FEDERAL BANCORP, INC. OF LOUISIANA",1500375,58.758,needs_review
Companhia Paranaense de Energia (Copel),GRAND CHINA ENERGY GROUP LTD,1408956,58.73,needs_review
"City of Florence, Alabama","BANC OF CALIFORNIA, INC.",1169770,58.73,needs_review
Woodbury County,BRANCHOUT FOOD INC.,1962481,58.703,needs_review
Fairfax County Public Schools,COMMUNITY FINANCIAL SHARES INC,1123735,58.693,needs_review
Licking County government offices,"EASTERLY GOVERNMENT PROPERTIES, INC.",1622194,58.692,needs_review
"Webster Township, Washtenaw County","HUIXIN WASTE WATER SOLUTIONS, INC.",1381807,58.683,needs_review
Interboro School District,MSC INDUSTRIAL DIRECT CO INC,1003078,58.675,needs_review
Riverdale Country School,RIVER VALLEY BANCORP,1015593,58.673,needs_review
City of Englewood,DONGFANG CITY HOLDING GROUP CO LTD,1793330,58.667,needs_review
Lebanon School District,"DISTRIBUTION SOLUTIONS GROUP, INC.",703604,58.667,needs_review
"City of Plainfield, N.J.",CITY NATIONAL CORP,201461,58.634,needs_review
Marin General Healthcare District and Prima Medical Group,"GRIFFIN-AMERICAN HEALTHCARE REIT II, INC.",1455271,58.631,needs_review
Brockton Neighborhood Health Center,"WORLD HEALTH ENERGY HOLDINGS, INC.",943535,58.596,needs_review
North Texas Municipal Water District,"MARINA DISTRICT FINANCE COMPANY, INC.",1517007,58.542,needs_review
Port of Rijeka,POWDER RIVER COAL CORP.,1499197,58.542,needs_review
Burke County Public Schools,"REPUBLIC SERVICES, INC.",1060391,58.534,needs_review
City of Marseille,OLD MARKET CAPITAL CORP,1000045,58.528,needs_review
Indian police in the state of Andhra Pradesh,UNITED STATES LIME & MINERALS INC,82020,58.518,needs_review
City of Onkaparinga Council,DONGFANG CITY HOLDING GROUP CO LTD,1793330,58.455,needs_review
Post Falls Police Department,"PROCESSA PHARMACEUTICALS, INC.",1533743,58.445,needs_review
Tenafly Public School District,"INTERPUBLIC GROUP OF COMPANIES, INC.",51644,58.442,needs_review
"City of Greenville, NC",YUNHONG GREEN CTI LTD.,1042187,58.441,needs_review
Toronto District School Board,"DISTRIBUTION SOLUTIONS GROUP, INC.",703604,58.396,needs_review
Jefferson County Property Valuation Administrators Office (PVA),OFFICE PROPERTIES INCOME TRUST,1456772,58.391,needs_review
City of West Jordan,SEACOAST BANKING CORP OF FLORIDA,730708,58.357,needs_review
Kwik Trip,"KWIKCLICK, INC.",1884164,58.333,needs_review
Clackamas Community College,CITIZENS COMMUNITY BANCORP INC.,1367859,58.31,needs_review
Edmonds School District,"DISTRIBUTION SOLUTIONS GROUP, INC.",703604,58.303,needs_review
Gosnell School District,"DISTRIBUTION SOLUTIONS GROUP, INC.",703604,58.303,needs_review
City of Mt. Pleasant,"CITY OFFICE REIT, INC.",1593222,58.286,needs_review
Whitworth University,WESTPORT ENERGY HOLDINGS INC.,1102414,58.286,needs_review
Metropolitan Community College of Kansas City,COMMUNITY CHOICE FINANCIAL INC.,1528061,58.267,needs_review
Port of San Diego (Harbor and PD),SIMON PROPERTY GROUP L P /DE/,1022344,58.266,needs_review
Hospital Centre of Versailles,SIO GENE THERAPIES INC.,1636050,58.245,needs_review
Bonham City Police Department,PINNACLE ENTERTAINMENT INC.,356213,58.204,needs_review
Rhode Island Public Transit Authority (RIPTA),MOHEGAN TRIBAL GAMING AUTHORITY,1005276,58.145,needs_review
Fort Worth Independent School District,"MARINA DISTRICT FINANCE COMPANY, INC.",1517007,58.142,needs_review
John Christner Trucking,"CUSTOM TRUCK ONE SOURCE, INC.",1709682,58.099,needs_review
Newberry County Memorial Hospital,CONTINENTAL MATERIALS CORP,24104,58.095,needs_review
Vermilion Parish School Board,SILICON LABORATORIES INC.,1038074,58.069,needs_review
National Instititue of Mental Health and Neurological Sciences (NIMHANS),PHOENIX LIFE SCIENCES INTERNATIONAL LIMITED.,1493212,58.047,needs_review
Solano Partner Libraries and St. Helena (SPLASH),DELTA OIL & GAS INC,1166847,58.019,needs_review
Haverhill Public Schools,"REPUBLIC SERVICES, INC.",1060391,58.002,needs_review
Trego County Lemke Memorial Hospital,"CONDOR HOSPITALITY TRUST, INC.",929545,58,needs_review
Brazilian Federal Executive Branch,GENERAL ELECTRIC CAPITAL CORP,40554,57.992,needs_review
Eye & Retina Surgeons,DARDEN RESTAURANTS INC,940944,57.979,needs_review
Pinal County School Office Data Processing Consortium,AUTOMATIC DATA PROCESSING INC,8670,57.969,needs_review
"City Power, Johannesburg, South Africa",CURRENCYSHARES SOUTH AFRICAN RAND TRUST,1433997,57.948,needs_review
LaSalle County Government,SHFL ENTERTAINMENT INC.,718789,57.933,needs_review
Ayuntamiento de Jerez (Jerez City Council),"RED MOUNTAIN RESOURCES, INC.",1483496,57.933,needs_review
Gestore dei Servizi Energetici SpA (GSE),FORBES ENERGY SERVICES LTD.,1434842,57.922,needs_review
University of West Scotland (UWS),EAST COAST DIVERSIFIED CORP,1256540,57.922,needs_review
Atlantic States Marine Fisheries Commission (ASMFC),"ATLANTIC CAPITAL BANCSHARES, INC.",1461755,57.922,needs_review
Maury County Public Schools,"INTERPUBLIC GROUP OF COMPANIES, INC.",51644,57.909,needs_review
"Athol Police Department, MA",APARTMENT INCOME REIT CORP.,1820877,57.807,needs_review
Fylde Coast Academy Trust (FCAT)/Blackpool,CAMPBELL FUND TRUST,1043951,57.778,needs_review
Tucson Unified School District,"DISTRIBUTION SOLUTIONS GROUP, INC.",703604,57.762,needs_review
Ferrari S.p.A.,ORION S.A.,1609804,57.727,needs_review
Columbia College of Chicago,FEDERAL HOME LOAN BANK OF CHICAGO,1331451,57.704,needs_review
King George County Schools,CORE MOLDING TECHNOLOGIES INC,1026655,57.703,needs_review
Mountain View Los Altos Union High School District,MOUNTAIN HIGH ACQUISITIONS CORP.,1507181,57.692,needs_review
Florida Orthopaedic Institute,BURZYNSKI RESEARCH INSTITUTE INC,724445,57.684,needs_review
South Staffordshire Water,"VIDLER WATER RESOURCES, INC.",830122,57.636,needs_review
Planned Parenthood’s Los Angeles clinics,"CHINA HOUSING & LAND DEVELOPMENT, INC.",1303330,57.551,needs_review
Utsunomiya Central Clinic (UCC),CENTRAL EUROPEAN DISTRIBUTION CORP,1046880,57.519,needs_review
"Lubbock County, Texas",TEXAS REPUBLIC CAPITAL CORP,1560452,57.512,needs_review
TAP Air Portugal,"ORIENTAL MAGIC SOUP, INC.",1579541,57.512,needs_review
Maryland Department of Health website,"STEADFAST APARTMENT REIT, INC.",1585219,57.443,needs_review
The Police Federation of England and Wales (PFEW),"BARNES & NOBLE EDUCATION, INC.",1634117,57.365,needs_review
The Paris-Normandy daily (newspaper),SANDY SPRING BANCORP INC,824410,57.343,needs_review
Traverse City Area Publics Schools (TCAPS),"TRAVERE THERAPEUTICS, INC.",1438533,57.333,needs_review
Kilvington Grammar School,"BURLINGTON STORES, INC.",1579298,57.311,needs_review
Narragansett Bay Commission,"NUANCE COMMUNICATIONS, INC.",1002517,57.262,needs_review
Kankakee County,COMMUNITY FINANCIAL CORP /MD/,855874,57.26,needs_review
Villefranche-sur-Saône (Rhône) Hospital Center,AMERICAN SHARED HOSPITAL SERVICES,744825,57.251,needs_review
Wrest Point and Launceston Country Club (2 Casinos),HOUSTON WIRE & CABLE CO,1356949,57.226,needs_review
Commission des services electriques de Montréal (CSEM),"H&E EQUIPMENT SERVICES, INC.",1339605,57.225,needs_review
Graham City Police Department,EME HOMER CITY GENERATION LP,1099534,57.163,needs_review
Newberg-Dundee School District,DUESENBERG TECHNOLOGIES INC.,1551887,57.153,needs_review
Wichita County District Clerk,FREDERICK COUNTY BANCORP INC,1258831,57.153,needs_review
System used by 40 French Museums,FLEXPOINT SENSOR SYSTEMS INC,925660,57.143,needs_review
Cullman County Revenue Commissioner,GREENE COUNTY BANCORP INC,1070524,57.143,needs_review
Dallas Central Appraisal District,"CNL STRATEGIC CAPITAL, LLC",1684682,57.117,needs_review
City of Lakewood,DONGFANG CITY HOLDING GROUP CO LTD,1793330,57.103,needs_review
Batttelle for Kids,"CBA FLORIDA, INC.",1289496,57.103,needs_review
Affordacare Urgent Care Clinic,"RELIANCE BANCSHARES, INC.",1397771,57.1,needs_review
Zaporizhzhya Titanium-Magnesium Plant,TITANIUM ASSET MANAGEMENT CORP,1407161,57.09,needs_review
Wyandotte County,"CONSTANT CONTACT, INC.",1405277,57.083,needs_review
Westchester County library,LIBERTY RESOURCES ACQUISITION CORP.,1880151,57.075,needs_review
Westmoreland County Housing Authority,"CHINA HOUSING & LAND DEVELOPMENT, INC.",1303330,57.029,needs_review
Access Sports Medicine & Orthopaedics,"CAESARS ENTERTAINMENT RESORT PROPERTIES, LLC",1610979,57.004,needs_review
Barnstable Police Department,"STABLEX TECHNOLOGIES, INC.",1086745,57,needs_review
Jacksonville Sheriff's Office,"CITY OFFICE REIT, INC.",1593222,57,needs_review
KEOLIS Commuter Services [operator of the Massachusetts Bay Transportation Authority (MBTA) commuter rail network],"EVO TRANSPORTATION & ENERGY SERVICES, INC.",728447,56.988,needs_review
Superior Court of Los Angeles County ,"CRACKER BARREL OLD COUNTRY STORE, INC",1067294,56.978,needs_review
Town of Rockport,FREEPORT-MCMORAN INC,831259,56.976,needs_review
Plymouth and Plymouth PD,"PLYMOUTH INDUSTRIAL REIT, INC.",1515816,56.944,needs_review
Agencia Tributaria de España (Spanish Tax Agency),"CHINA DE XIAO QUAN CARE GROUP CO., LTD",1552979,56.941,needs_review
Olympus,"EVOLUS, INC.",1570562,56.923,needs_review
Jefferson County Clerk's Office,GREENE COUNTY BANCORP INC,1070524,56.923,needs_review
Affordacare Urgent Care Clinics,"SURGICAL CARE AFFILIATES, INC.",1411574,56.913,needs_review
North Branch Area School District,NORTH AMERICAN OIL & GAS CORP.,1515635,56.902,needs_review
Costa Rica's Ministry of Public Works and Transport (MOPT),"EVO TRANSPORTATION & ENERGY SERVICES, INC.",728447,56.866,needs_review
"Houston County schools, Alabama",AQUABOUNTY TECHNOLOGIES INC,1603978,56.819,needs_review
Unnamed Slovakian organizations,"SUNWIN STEVIA INTERNATIONAL, INC.",806592,56.807,needs_review
Collinsville Police Department,"INNOVATIVE PAYMENT SOLUTIONS, INC.",1591913,56.807,needs_review
Indianapolis Housing Agency,GREYSTONE HOUSING IMPACT INVESTORS LP,1059142,56.776,needs_review
Claremont Unified School District,"ADM TRONICS UNLIMITED, INC.",849401,56.748,needs_review
"Honolulu, FD","NU-MED PLUS, INC.",1543637,56.727,needs_review
Highgate Wood School,"HIGH SIERRA TECHNOLOGIES, INC.",1365388,56.727,needs_review
City of Quincy MA,"CITY OFFICE REIT, INC.",1593222,56.727,needs_review
Town of St Johnsbury,"TWENTY-FIRST CENTURY FOX, INC.",1308161,56.727,needs_review
Broward County Public Schools,PUBLIC SERVICE CO OF COLORADO,81018,56.727,needs_review
Mississippi Valley State University,UNIVERSAL DISPLAY CORP PA,1005284,56.727,needs_review
Newhall School District,MSC INDUSTRIAL DIRECT CO INC,1003078,56.727,needs_review
KrausMaffei,"TRANSMEDICS GROUP, INC.",1756262,56.727,needs_review
Kronos Private Cloud,CLECO CORPORATE HOLDINGS LLC,1089819,56.686,needs_review
Cloquet School District,COAST DISTRIBUTION SYSTEM INC,728303,56.686,needs_review
VF Corporation,5V INC.,1504876,56.667,needs_review
M6,3M CO,66740,56.667,needs_review
Government-run organizations in the Middle East and North Africa,AMERICAN CASINO & ENTERTAINMENT PROPERTIES LLC,1297735,56.667,needs_review
Group 1001 (insurance holding company),1606 CORP.,1877461,56.667,needs_review
Zwijndrecht police,"WINDSTREAM TECHNOLOGIES, INC.",1439133,56.64,needs_review
"Village of Key Biscayne, Florida",SEACOAST BANKING CORP OF FLORIDA,730708,56.633,needs_review
Percsoft and the Digital Dental Record,HALL OF FAME RESORT & ENTERTAINMENT CO,1708176,56.614,needs_review
Hardenhuish School,SCHWAB CHARLES CORP,316709,56.607,needs_review
https://www.insurancenews.com.au/international/gallagher-hit-by-ransomware-attack,"ATACAMA RESOURCES INTERNATIONAL, INC.",1584618,56.551,needs_review
Columbus Metro Federal Credit Union,CREDITRISKMONITOR COM INC,315958,56.508,needs_review
2 undisclosed Alabama cities,UNIGENE LABORATORIES INC,352747,56.5,needs_review
Town of Didsbury,TWIN DISC INC,100378,56.457,needs_review
Unnamed service provider for Greater Manchester Police,PROVIDENT FINANCIAL SERVICES INC,1178970,56.446,needs_review
Wolcott School District,"DISTRIBUTION SOLUTIONS GROUP, INC.",703604,56.444,needs_review
Crystal Lake Community High School District 155,CREATIVE MEDIA & COMMUNITY TRUST CORP,908311,56.444,needs_review
Booneville School District,BARNWELL INDUSTRIES INC,10048,56.444,needs_review
Hampton Roads Sanitation District,BROAD CAPITAL ACQUISITION CORP,1865120,56.437,needs_review
Cuncombe County's Council on Aging,"ORANGE COUNTY BANCORP, INC. /DE/",1754226,56.437,needs_review
San Francisco Municipal Transport Authority (SFMTA),MOHEGAN TRIBAL GAMING AUTHORITY,1005276,56.432,needs_review
Town of Plainfield,TOWER FINANCIAL CORP,1072847,56.431,needs_review
New Orleans Ernest N Morial Convention Center,CENTERPOINT ENERGY RESOURCES CORP,1042773,56.406,needs_review
Association of German Chambers of Industry and Commerce (DIHK),AMERICAN BAR ASSOCIATION MEMBERS / NORTHERN TRUST COLLECTIVE TR,878375,56.376,needs_review
The Dallas Central Appraisal District,PAA NATURAL GAS STORAGE LP,1481506,56.348,needs_review
New Mexico Public Regulation Commission,CRIMSON EXPLORATION INC.,813779,56.329,needs_review
Washington DC Metropolitan Police Department,EXPEDITORS INTERNATIONAL OF WASHINGTON INC,746515,56.322,needs_review
San Joaquin County Superior Court,"PAN OCEAN CONTAINER SUPPLIES, LTD.",1372167,56.3,needs_review
Committee for Public Counsel,"CITIZENS REPUBLIC BANCORP, INC.",351077,56.288,needs_review
Midlothian Police Department,"CAREPAYMENT TECHNOLOGIES, INC.",1142406,56.282,needs_review
Peru Township,TUCOWS INC /PA/,909494,56.257,needs_review
Scottish NHS Trust Dumfries and Galloway,INVESCO CURRENCYSHARES CANADIAN DOLLAR TRUST,1353612,56.242,needs_review
Pittsburgh Unified School District,EMPIRE DISTRICT ELECTRIC CO,32689,56.177,needs_review
Surry County Schools,"SUPER MICRO COMPUTER, INC.",1375365,56.158,needs_review
Middlesex County Public Schools,PUBLIC SERVICE ENTERPRISE GROUP INC,788784,56.143,needs_review
"Tom Berkowitz Trucking Inc (whitinsville, MA)",JEWETT CAMERON TRADING CO LTD,885307,56.142,needs_review
Johnson County Sheriff's Department,JOHNSON CONTROLS INTERNATIONAL PLC,833444,56.112,needs_review
Carlisle Area School District,ROYAL CARIBBEAN CRUISES LTD,884887,56.091,needs_review
North Miami Beach Police Department,AF OCEAN INVESTMENT MANAGEMENT CO,1501489,56.088,needs_review
Brechbuhler Scales Inc,"GREENHUNTER RESOURCES, INC.",1410056,56.068,needs_review
Australian Clinical Labls (ACL)  Medlab Pathology,MEDICAL INTERNATIONAL TECHNOLOGY INC,1112372,56.039,needs_review
St. Margaret’s Health–Spring Valley,UNIVERSAL HEALTH REALTY INCOME TRUST,798783,56.029,needs_review
Akron-Summit County Public Library,COMMUNITY BANKERS TRUST CORP,1323648,56.023,needs_review
Cambridge University Press & Assessment,CBL & ASSOCIATES PROPERTIES INC,910612,56.02,needs_review
Refinadora Costarricense de Petróleo (RECOPE),AMERICAN SUPERCONDUCTOR CORP /DE/,880807,55.98,needs_review
Los Angeles County Health Department,GLOBAL EAGLE ENTERTAINMENT INC.,1512077,55.98,needs_review
"Campbell County Memorial Hospital, Wyoming","CAMPBELL GLOBAL TREND FUND, L.P.",1478220,55.972,needs_review
Hospital Clínic de Barcelona,BEACON FINANCIAL CORP,1108134,55.953,needs_review
"Plastic Surgeon Kristin Tarbet (Bellevue, Wash)",EAST STONE ACQUISITION CORP,1760683,55.944,needs_review
NHS Lanarkshire board hospitals,PARK HOTELS & RESORTS INC.,1617406,55.942,needs_review
Kelsey-Seybold Clinic,SOLID BIOSCIENCES INC.,1707502,55.913,needs_review
Ridgway Area School District,"MISTER CAR WASH, INC.",1853513,55.888,needs_review
City of Huber Heights,"HOUSE OF BODS FITNESS, INC.",1584489,55.873,needs_review
Cockrell Hill Police Department,"CAREPAYMENT TECHNOLOGIES, INC.",1142406,55.838,needs_review
Gibbs Hurley Chartered Accountants,HUALE ACOUSTICS LTD,1636760,55.837,needs_review
Singapore shopping mall,GENCO SHIPPING & TRADING LTD,1326200,55.837,needs_review
Somerset Berkley Regional High School,"BERKSHIRE INCOME REALTY, INC.",1178862,55.818,needs_review
"Brookside Medical Center, Battle Creek, MI",INTERACTIVE MULTI MEDIA AUCTION CORP,1565430,55.816,needs_review
Toledo Ohio Schools?,MICHAELS STORES INC,740670,55.765,needs_review
Rockaway Township PD,PROCYON CORP,812306,55.726,needs_review
Subsidiary of Shionogi & Co.,GENCO SHIPPING & TRADING LTD,1326200,55.722,needs_review
Limestone Sewage Treatment Plant,ARLINGTON ASSET INVESTMENT CORP.,1209028,55.712,needs_review
Maine School Administrative District #6,TAKE TWO INTERACTIVE SOFTWARE INC,946581,55.687,needs_review
Goodman Campbell Brain and Spine,MORGAN STANLEY SMITH BARNEY CHARTER CAMPBELL LP,1169749,55.658,needs_review
City of Killeen,FIRST OF LONG ISLAND CORP,740663,55.619,needs_review
Unnamed US Farm,"ANNIE'S, INC.",1431897,55.584,needs_review
Pottawatomie County,COUPA SOFTWARE INC,1385867,55.584,needs_review
Ahmed Almazrouei Group,"HEALTHMARKETS, INC.",773660,55.503,needs_review
Orleans Parish Assessor's Office (New Orleans),TANDY BRANDS ACCESSORIES INC,869487,55.476,needs_review
Brazil’s Superior Tribunal de Justiça (Court System),INDUSTRIAL PROPERTY TRUST INC.,1558441,55.475,needs_review
Government of Nunavut,"NUVERRA ENVIRONMENTAL SOLUTIONS, INC.",1403853,55.466,needs_review
North Babylon School District,FIRST NORTHWEST BANCORP,1556727,55.419,needs_review
Yellow Pages Canada,GREENHILL & CO INC,1282977,55.288,needs_review
City of Dallas and Dallas Police Department,FEDERAL HOME LOAN BANK OF DALLAS,1331757,55.273,needs_review
Ontario Secondary School Teachers' Federation,"FIDELITY NATIONAL INFORMATION SERVICES, INC.",1136893,55.246,needs_review
"Wilmer City, Texas",ELME COMMUNITIES,104894,55.227,needs_review
Canada's Royal Military College,"MILAGRO OIL & GAS, INC.",1530796,55.222,needs_review
Philadelphia Inquirer,LAKELAND INDUSTRIES INC,798081,55.222,needs_review
"Monroe-Woodbury Central School District, Orange County, New York",CENTRAL EUROPEAN DISTRIBUTION CORP,1046880,55.218,needs_review
Administrative Office of the District Attorneys (AODA),"RUSH STREET INTERACTIVE, INC.",1793659,55.205,needs_review
Mountain View Hospital and Idaho Falls Community Hospital,INTERMOUNTAIN COMMUNITY BANCORP,1284506,55.193,needs_review
Katholische Hospitalvereinigung Ostwestfalen (KHO),UNIVERSAL HOSPITAL SERVICES INC,886171,55.184,needs_review
Champaign-Urbana Public Health District,TEXAS REPUBLIC CAPITAL CORP,1560452,55.112,needs_review
Debenham High School,"NAMLIONG SKYCOSMOS, INC.",1342219,55.108,needs_review
"Camp Verde Unified School District, Arizona","AMERICAN TIRE DISTRIBUTORS HOLDINGS, INC.",1323891,55.098,needs_review
Gippsland Health Alliance and South West Alliance of Rural Health,SOUTHWEST GEORGIA FINANCIAL CORP,315849,55.098,needs_review
City of Modesto police department,"APARTMENT INCOME REIT, L.P.",926660,55.034,needs_review
Greensville County Public Schools,PUBLIC SERVICE ENTERPRISE GROUP INC,788784,55.034,needs_review
"Mandan, Hidatsa, and Arikara Nation tribes",HEIDRICK & STRUGGLES INTERNATIONAL INC,1066605,54.976,needs_review
"Town of St. Marys, Ontario",TOWN SPORTS INTERNATIONAL HOLDINGS INC,1281774,54.948,needs_review
Hopewell Area School District,EDGEWELL PERSONAL CARE CO,1096752,54.941,needs_review
UK Labour Party data manager supplier,"PAN OCEAN CONTAINER SUPPLIES, LTD.",1372167,54.914,needs_review
Cancer and Hematology Centers of Western Michigan,"FIRST FEDERAL OF NORTHERN MICHIGAN BANCORP, INC.",1128227,54.872,needs_review
Tightwrapz Printshop,"RIGHT ON BRANDS, INC.",1580262,54.857,needs_review
Jamaica Constabulary Force,CONSTELLATION PHARMACEUTICALS INC,1434418,54.855,needs_review
"Daniel Bendetowicz, MD internal medicine provider (Fort Myers)",INTERNATIONAL TOWER HILL MINES LTD,1134115,54.769,needs_review
"LogicalNet (MSP) Schenectady, NY",ROIVANT SCIENCES LTD.,1635088,54.695,needs_review
Municipality of Beckley,"UNITY BIOTECHNOLOGY, INC.",1463361,54.654,needs_review
Chambersburg Area School District,ARENA PHARMACEUTICALS INC,1080709,54.641,needs_review
Unnamed external cloud vendor,JAMES RIVER COAL CO,1297720,54.5,needs_review
Louisiana's Office of Motor Vehicles,PUBLIC SERVICE CO OF COLORADO,81018,54.497,needs_review
Governmnet of Vanuatu,VANGUARD GREEN INVESTMENT LTD,1746119,54.462,needs_review
Mount Holly Springs PD,"SOUTH BEACH SPIRITS, INC.",1572840,54.417,needs_review
New Kent County Public Schools,PUBLIC SERVICE ENTERPRISE GROUP INC,788784,54.375,needs_review
Housing Authority of McDonough County,MOHEGAN TRIBAL GAMING AUTHORITY,1005276,54.373,needs_review
City of Antwerp's admin software provider Digipolis,AMERICAN TAX CREDIT PROPERTIES II L P,842314,54.349,needs_review
Housing Authority of Los Angeles (HACLA),"KRATOS DEFENSE & SECURITY SOLUTIONS, INC.",1069258,54.293,needs_review
"City of New Bedford, Massachusetts","HOUSE OF BODS FITNESS, INC.",1584489,54.286,needs_review
Edw. C. Levy C. | The Levy Gorup of Companies,LEVEL ONE BANCORP INC,1412707,54.168,needs_review
15 Undisclosed Texas Towns,"ADM TRONICS UNLIMITED, INC.",849401,54.053,needs_review
"Swansea, Massachusetts Police Department","PROCESSA PHARMACEUTICALS, INC.",1533743,54.048,needs_review
Ministry of Federal Affairs and General Administration,FEDERAL NATIONAL MORTGAGE ASSOCIATION FANNIE MAE,310522,53.987,needs_review
Los Angeles Unified School District (LAUSD),ELECTRO SCIENTIFIC INDUSTRIES INC,726514,53.944,needs_review
Mount Desert Sewage Treatment Plant,FIFTH STREET ASSET MANAGEMENT INC.,1611988,53.944,needs_review
Florida's First Judicial Circuit,"FIRST PHYSICIANS CAPITAL GROUP, INC.",1003226,53.81,needs_review
"Clearwater River Casino & Lodge, and the It’se Ye-Ye Casino (Nez Perce Tribe)",AMERICAN CASINO & ENTERTAINMENT PROPERTIES LLC,1297735,53.758,needs_review
Berufsbildungszentrum ,HUBILU VENTURE CORP,1639068,53.714,needs_review
Murfreesboro Medical Clinic & SurgiCenter (MMC),"COLE OFFICE & INDUSTRIAL REIT (CCIT II), INC.",1572758,53.668,needs_review
Fleetwood Area School District,OIL-DRI CORP OF AMERICA,74046,53.529,needs_review
Georgia Administrative Office of the Courts,"COLE OFFICE & INDUSTRIAL REIT (CCIT II), INC.",1572758,53.477,needs_review
Ewing Marion Kauffman School,"MICRO IMAGING TECHNOLOGY, INC.",808015,53.415,needs_review
Dallas Area Rapid Transit (DART) transit computer system,MORGAN STANLEY SMITH BARNEY CHARTER CAMPBELL LP,1169749,53.407,needs_review
The Church of England St Augustine Academy,"WESTERN NEW ENGLAND BANCORP, INC.",1157647,53.395,needs_review
Conseil des écoles publiques de l’Est de l’Ontario (School District),KEYSTONE CONSOLIDATED INDUSTRIES INC,55604,53.273,needs_review
Shenango Area School District,CENTRAL EUROPEAN DISTRIBUTION CORP,1046880,53.257,needs_review
Urgent Care Clinic of Oxford,GRANITE CITY FOOD & BREWERY LTD.,1048620,53.246,needs_review
Romantik Seehotel Jaegerwirt,"AEROGROW INTERNATIONAL, INC.",1316644,53.2,needs_review
UBX Cloud MSP- company name undisclosed,UNITED NATURAL FOODS INC,1020859,53.2,needs_review
Johannesburg-Lewiston School District,"DISTRIBUTION SOLUTIONS GROUP, INC.",703604,53.073,needs_review
Borough of Matanuska-Susitna (Mat-Su),"BRIGHT MOUNTAIN MEDIA, INC.",1568385,52.917,needs_review
School District of Janesville,"DISTRIBUTION SOLUTIONS GROUP, INC.",703604,52.81,needs_review
"Flagstaff School District, Arizona",OIL-DRI CORP OF AMERICA,74046,52.81,needs_review
Clover Park School District,"MISTER CAR WASH, INC.",1853513,52.762,needs_review
Brownsville Public Utility Board (BPUB),HORIZON THERAPEUTICS PUBLIC LTD CO,1492426,52.731,needs_review
Yamaha Motor's Philippines,"RYMAN HOSPITALITY PROPERTIES, INC.",1040829,52.65,needs_review
Municipal Water Authority of Aliquippa,MOHEGAN TRIBAL GAMING AUTHORITY,1005276,52.616,needs_review
Cherry Hill School District,CENTRAL EUROPEAN DISTRIBUTION CORP,1046880,52.609,needs_review
"Borough of Duncannon (Perry County, PA)",APOLLO EDUCATION GROUP INC,929887,52.5,needs_review
Ukraine Ministry of Foreign Affairs,"HARTFORD INSURANCE GROUP, INC.",874766,52.439,needs_review
Paraguay's General Directorate of Information and Communication Technologies of the Armed Forces,EVOLUTION METALS & TECHNOLOGIES CORP.,1866226,52.149,needs_review
Argentina's Judiciary of Córdoba,ACCENTIA BIOPHARMACEUTICALS INC,1310094,52.047,needs_review
Papua New Guinea's Department of Finance's Integrated Financial Management System (IFMS),APARTMENT INVESTMENT & MANAGEMENT CO,922864,51.931,needs_review
Unified Government of Wyandotte County and Kansas City,CANADIAN PACIFIC KANSAS CITY LTD/CN,16875,51.704,needs_review
Enel Argentina Edesur S.A. Buenos Aires,ARES INDUSTRIAL REAL ESTATE INCOME TRUST INC.,1625941,51.591,needs_review
University of Utah's College of Social and Behavioral Science,"UNIVERSITY GENERAL HEALTH SYSTEM, INC.",1383960,51.438,needs_review
Tri-City College Prep High School,ISHARES S&P GSCI COMMODITY-INDEXED TRUST,1332174,51.429,needs_review
Jefferson Area Board for Aging,BIO REFERENCE LABORATORIES INC,792641,51.333,needs_review
Douglasville-Douglas County Water and Sewer Authority,"SEARS HOMETOWN & OUTLET STORES, INC.",1548309,51.234,needs_review
E.W Wylie of Daseke Inc. (Trucking company),ETFS WHITE METALS BASKET TRUST,1489024,51.206,needs_review
Guatemala's Ministry of Foreign Affairs,"MONTROSE ENVIRONMENTAL GROUP, INC.",1643615,50.972,needs_review
Arrigo Dodge Chrysler Jeep of West Palm Beach,BANK JOS A CLOTHIERS INC /DE/,920033,50.844,needs_review
Haberdashers’ Monmouth Schools,"WHOLE EARTH BRANDS, INC.",1753706,50.638,needs_review
Los Angeles Valley College (LAVC) part of Los Angeles Community College District (LACCD),FIRST COMMUNITY BANKSHARES INC /VA/,859070,50.304,needs_review
Office of the Palm Beach County Supervisor of Elections,"CHICKEN SOUP FOR THE SOUL ENTERTAINMENT, INC.",1679063,50.125,needs_review
Center for Orthopedic Specialists/Providence Medical Institute,ENTERPRISE FINANCIAL SERVICES CORP,1025835,49.701,needs_review
Ministerio de Economía y Finanzas de Ecuador (Ecuador's Ministry of Finance),ELECTRONIC SERVITOR PUBLICATION NETWORK INC.,1709542,49.428,needs_review
"Knoxville PD and City of Knoxville, TN (Knox County)","COLE OFFICE & INDUSTRIAL REIT (CCIT II), INC.",1572758,49.355,needs_review
"Chinese traffic police, immigration and public security bureaus","KRATOS DEFENSE & SECURITY SOLUTIONS, INC.",1069258,48.933,needs_review
Brazil's Tribunal de Justiça do Estado do Rio Grande do Sul,ARES INDUSTRIAL REAL ESTATE INCOME TRUST INC.,1625941,48.879,needs_review
Veiligheidsregio Noord- en Oost-Gelderland (VNOG) (Gelderland security region),"ENDEAVOR EMERGING OPPORTUNITIES FUND, LP",1409834,48.052,needs_review
"Fort Collins-Loveland Water District and the South Fort Collins Sanitation District, Colorado","TRI-STATE GENERATION & TRANSMISSION ASSOCIATION, INC.",1637880,46.798,needs_review
"Fort Collins-Loveland Water District and the South For Collins Sanitation District, Colorado","TRI-STATE GENERATION & TRANSMISSION ASSOCIATION, INC.",1637880,46.123,needs_review
"Victorian Hospitals across Gippsland, Geelong, Warrnmabool, and regional towns","CANG BAO TIAN XIA INTERNATIONAL ART TRADE CENTER, INC.",1006840,45.65,needs_review
Carroll County Sheriff's Office and another unspecified agency in the county,REEF OIL & GAS INCOME & DEVELOPMENT FUND III LP,1411643,44.462,needs_review
