"ID","Date Began","Year","Org Name","Location","Primary Sector","Secondary Sector","Strain","MITRE ATT&CK ID","Duration","Duration Rank","Ransom Amount","Local Currency","Ransom Scale","Paid Status","Pay Method","Amount Paid","Source","Related Incidents","Comments"
"2085","1/1/2025","2025","Telefonica","Spain","Communication","","Hellcat","","","","","","","","","","https://www.securityweek.com/infostealer-infections-lead-to-telefonica-internal-ticketing-system-breach/
https://www.darkreading.com/cyberattacks-data-breaches/telefonica-breach-exposes-jira-tickets-customer-data","",""
"2086","1/5/2025","2025","Montréal-Nord (Montreal North) ","Canada","Government Facilities","","Rhysida","","","","10 bitcoin","$1 million","$1000000 or less","","","","https://cybernews.com/news/montreal-north-borough-claimed-rhysida-ransomware-gang/","",""
"2087","1/7/2025","2025","Addison Northwest School District","Vermont","Education Facilities","","","","","","","","","","","","https://www.addisonindependent.com/2025/01/09/anwsd-shuts-down-computers-after-cyberattack/","",""
"2088","1/9/2025","2025","Columbia Eye Clinic","South Carolina","Healthcare and Public Health","","","","5 days","","","","","","","","https://web.archive.org/web/20250402151239/https://www.hipaajournal.com/colorado-eye-clinic-investigating-suspected-ransomware-attack/","",""
"2089","1/14/2025","2025","Douglasville-Douglas County Water and Sewer Authority","Georgia","Water and Wastewater Systems","","Lynx","","","","","","","","","","https://web.archive.org/web/20250204104904/https://www.atlantanewsfirst.com/2025/02/01/douglasville-douglas-county-water-sewer-authority-targeted-malware-attack/","",""
"2090","1/15/2025","2025","University of Oklahoma","Oklahoma","Education Facilities","","Fog","","","","","","","","","","https://therecord.media/university-of-oklahoma-isolates-systems-unusual-activity","",""
"2091","1/17/2025","2025","Blacon High School","United Kingdom","Education Facilities","","","","","","","","","","","","https://webcf.waybackmachine.org/web/20250128200808/https://www.blaconhighschool.net/news/?pid=32&nid=2&storyid=55
https://webcf.waybackmachine.org/web/20250128200953/https://www.theregister.com/2025/01/20/blacon_high_school_ransomware/","",""
"2092","1/24/2025","2025","Ampol","Australia","Transportation Systems","Energy","Clop","S0611","","","","","","","","","https://webcf.waybackmachine.org/web/20250128204213/https://www.cyberdaily.au/security/11633-exclusive-cl0p-ransomware-gang-lists-ampol-linfox-and-steel-blue-as-victims","",""
"2093","1/25/2025","2025","Linfox","Australia","Commercial Facilities","","Clop","S0611","","","","","","","","","https://webcf.waybackmachine.org/web/20250128204213/https://www.cyberdaily.au/security/11633-exclusive-cl0p-ransomware-gang-lists-ampol-linfox-and-steel-blue-as-victims","",""
"2094","1/25/2025","2025","SteelBlue","Australia","Commercial Facilities","","Clop","S0611","","","","","","","","","https://webcf.waybackmachine.org/web/20250128204213/https://www.cyberdaily.au/security/11633-exclusive-cl0p-ransomware-gang-lists-ampol-linfox-and-steel-blue-as-victims","",""
"2095","1/26/2025","2025","New York Blood Center Enterprises","New York","Healthcare and Public Health","","","","","","","","","","","","https://web.archive.org/web/20250130132448/https://www.nybce.org/news/articles/cyber/","Memorial Blood Centers in St. Paul Minnesota was a part of the NYBC network",""
"2096","1/27/2025","2025","Frederick Health","Maryland","Healthcare and Public Health","","","","","","","","","","","","https://webcf.waybackmachine.org/web/20250128204925/https://www.hipaajournal.com/frederick-health-ransomware-attack/
https://webcf.waybackmachine.org/web/20250128205019/https://www.jems.com/ems-operations/ransomware-attack-hits-frederick-md-hospital-ambulances-diverted/","",""
"2097","1/27/2025","2025","International AIDS Vaccine Initiative","United States","Healthcare and Public Health","","INC Ransom","G1032","","","","","","","","","https://web.archive.org/web/20250203210016/https://www.teiss.co.uk/news/international-aids-vaccine-initiative-reveals-inc-ransomware-attack-on-its-systems-15267","",""
"2098","1/31/2025","2025","Tata Technologies","India","Information Technology","","Hunters International","","","","","","","","","","https://web.archive.org/web/20250202041835/https://securityaffairs.com/173712/cyber-crime/tata-technologies-ransomware-attack.html
https://web.archive.org/web/20250204105529/https://pune.news/business/ransomware-targets-tata-technologies-amid-rising-cyber-threats-in-india-299728/
https://web.archive.org/web/20250305041934/https://regmedia.co.uk/2025/03/05/tata.pdf
https://web.archive.org/web/20250305024245/https://www.theregister.com/2025/03/05/tata_technologies_hiunters_international/","",""
"2099","1/31/2025","2025","Genea","Australia","Healthcare and Public Health","","Termite","","","","","","","","","","https://web.archive.org/web/20250227043947/https://www.genea.com.au/sfsites/c/cms/delivery/media/MCKWLU4RITZJHMRDCSLSIY7NJKCE?channelId=0apOd00000001Dp
https://web.archive.org/web/20250226133313/https://www.bleepingcomputer.com/news/security/australian-ivf-giant-genea-breached-by-termite-ransomware-gang/","",""
"2100","2/1/2025","2025","Unimicron","Taiwan","Critical Manufacturing","","Sarcoma","","","","","","","","","","https://web.archive.org/web/20250212214520/https://www.bleepingcomputer.com/news/security/sarcoma-ransomware-claims-breach-at-giant-pcb-maker-unimicron/
https://web.archive.org/web/20250303192257/https://emops.twse.com.tw/server-java/t05sr01_1_e?&isNew=Y&seq_no=1&spoke_time=214002&spoke_date=20250201&co_id=3037
","",""
"2101","2/2/2025","2025","University of the Bahamas","The Bahamas","Education Facilities **","","","","","","","","","","","","https://web.archive.org/web/20250209005751/https://www.facebook.com/plugins/post.php?href=https%3A%2F%2Fwww.facebook.com%2FUniversityofTheBah%2Fposts%2F1021019836733077
https://web.archive.org/web/20250209010025/https://www.facebook.com/plugins/post.php?href=https%3A%2F%2Fwww.facebook.com%2FUniversityofTheBah%2Fposts%2F1022137253288002
https://web.archive.org/web/20250208095257/https://therecord.media/bahamas-university-ransomware-attack","",""
"2102","2/3/2025","2025","Lee Enterprises","United States","Commercial Facilities","","Qilin","","","","","","","","","","https://web.archive.org/web/20250218125323/https://www.bleepingcomputer.com/news/security/lee-enterprises-newspaper-disruptions-caused-by-ransomware-attack/
https://web.archive.org/web/20250303183916/https://www.cybersecuritydive.com/news/lee-enterprises-iransomware-data-leak/741380/
https://web.archive.org/web/20250228151215/https://www.securityweek.com/ransomware-group-takes-credit-for-lee-enterprises-attack/","",""
"2103","2/6/2025","2025","MacKay Memorial Hospital","Taiwan","Healthcare and Public Health","","Crazyhunter","","","","","","","No","","","https://web.archive.org/web/20250403150400/https://focustaiwan.tw/society/202504030019","",""
"2104","2/7/2025","2025","SimonMed Imaging","Arizona","Healthcare and Public Health","","Medusa","","","","$1 million in bitcoin","$1 million","$1000000 or less","","","","https://web.archive.org/web/20250303191133/https://www.suspectfile.com/exclusive-data-breach-at-simonmed-the-medusa-group-demands-a-1-million-ransom-exposing-at-least-132-173-people-including-patients-and-employees/
https://web.archive.org/web/20250214114715/https://radiologybusiness.com/topics/health-it/radiology-practice-simonmed-imaging-suffers-apparent-ransomware-attack
https://web.archive.org/web/20250303191510/https://radiologybusiness.com/topics/healthcare-management/legal-news/simonmed-imaging-failed-protect-patient-information-ransomware-attack-class-action-lawsuit-claims","",""
"2105","2/10/2025","2025","Utsunomiya Central Clinic (UCC)","Japan","Healthcare and Public Health","","Qilin","","","","","","","","","","https://web.archive.org/web/20250221092123/ucc.or.jp/2025/02/17259
https://web.archive.org/web/20250317200219/https://www.theregister.com/2025/03/05/qilin_ransomware_credit/","",""
"2106","2/10/2025","2025","City of Tarrant","Alabama","Government Facilities","","RansomHub","","","","","","","","","","https://web.archive.org/web/20250211183829/https://www.wvtm13.com/article/alabama-ransomware-attack-tarrant/63737849
https://web.archive.org/web/20250303184319/https://www.comparitech.com/news/ransomhub-claims-two-recent-ransomware-attacks-on-us-government-entities/","",""
"2107","2/14/2025","2025","Al Bawani","Saudi Arabia","Commercial Facilities","","DragonForce","","","","","","","","","","https://web.archive.org/web/20250227125535/https://www.resecurity.com/blog/article/dragonforce-ransomware-group-is-targeting-saudi-arabia","",""
"2108","2/14/2025","2025","Lake Washington Vascular","Washington","Healthcare and Public Health","","Qilin","","","","","","","No","","","https://web.archive.org/web/20250323174218/https://www.hipaajournal.com/lake-washington-vascular-ransomware-attack/","",""
"2109","2/15/2025","2025","Kewadin Casinos","Michigan","Commercial Facilities","Healthcare and Public Health","RansomHub","","","","","","","","","","https://web.archive.org/web/20250303184319/https://www.comparitech.com/news/ransomhub-claims-two-recent-ransomware-attacks-on-us-government-entities/
https://web.archive.org/web/20250214170106/https://www.freep.com/story/news/local/michigan/2025/02/12/kewadin-casinos-michigan-upper-peninsula-ransomware/78462005007/
https://web.archive.org/web/20250303185203/https://www.facebook.com/plugins/post.php?href=https%3A%2F%2Fwww.facebook.com%2Fsaulttribe%2Fposts%2F1085677510261911
https://web.archive.org/web/20250303185359/https://www.facebook.com/plugins/post.php?href=https%3A%2F%2Fwww.facebook.com%2Fsaulttribe%2Fposts%2F1086323606863968","",""
"2110","2/17/2025","2025","Palau health ministry","Palau","Healthcare and Public Health","","Qilin","","","","","","","","","","https://web.archive.org/web/20250304094325/https://therecord.media/palau-health-ministry-ransomware-recover
https://web.archive.org/web/20250323173041/https://www.facebook.com/plugins/post.php?href=https%3A%2F%2Fwww.facebook.com%2FMHHSPalau%2Fposts%2F1069763001851681","",""
"2111","2/19/2025","2025","Riverdale Country School","New York","Education Facilities **","","RansomHub","","","","","","","","","","https://web.archive.org/web/20250220220301/https://www.bxtimes.com/cyber-criminals-claim-riverdale-ransomware-attack/","",""
"2112","2/22/2025","2025","Invest Hong Kong (InvestHK)","Hong Kong","Financial Services","","","","","","","","","","","","https://web.archive.org/web/20250224011548/https://www.thestandard.com.hk/breaking-news/section/4/228383/InvestHK-computer-hit-by-ransomware,-probe-launches-for-possible-personal-info-leak","",""
"2113","2/25/2025","2025","HomeTeamNS","Singapore","Commercial Facilities","","","","","","","","","","","","https://web.archive.org/web/20250303072531/https://www.channelnewsasia.com/singapore/hometeamns-ransomware-attack-employees-members-data-4971566","",""
"2114","2/27/2025","2025","Sam's Club","Arkansas","Commercial Facilities","","Clop","S0611","","","","","","","","","https://web.archive.org/web/20250328203859/https://www.bleepingcomputer.com/news/security/retail-giant-sams-club-investigates-clop-ransomware-breach-claims/
https://web.archive.org/web/20250330010119/https://www.redpacketsecurity.com/clop-ransomware-victim-samsclu-com/","",""
"2115","3/3/2025","2025","Central Texas Pediatric Orthopedics","Texas","Healthcare and Public Health","","Qilin","","","","","","","","","","https://web.archive.org/web/20250322104727/https://www.hipaajournal.com/rhode-island-human-services-agency-announced-114k-record-data-breach/
https://web.archive.org/web/20250322105244/https://markets.businessinsider.com/news/stocks/central-texas-pediatric-orthopedics-data-breach---levi-korsinsky-llp-launches-investigation-1034484946","",""
"2116","3/6/2025","2025","Ukraine Ministry of Foreign Affairs","Ukraine","Government Facilities","","Qilin","","","","","","","","","","https://web.archive.org/web/20250307011650/https://securityaffairs.com/175025/cyber-crime/qilin-ransomware-ministry-of-foreign-affairs-of-ukraine.html","",""
"2117","3/11/2025","2025","Deaprtment of Health Services for state of Yap","Federated States of Micronesia","Healthcare and Public Health","","","","","","","","","","","","https://web.archive.org/web/20250320003414/https://therecord.media/ransomware-attack-micronesia-health-system","",""
"2118","3/13/2025","2025","Union County","Pennsylvania","Government Facilities","","","","","","","","","","","","https://web.archive.org/web/20250323174556/https://unioncountypa.org/wp-content/uploads/2025/03/Union-County-Website-Notice.pdf","",""
"2119","3/23/2025","2025","Kuala Lumpur International Airport","Malaysia","Transportation Systems","","","","","","","$ 10 million","More than $5000000","No","","","https://web.archive.org/web/20250404111311/https://www.darkreading.com/cyberattacks-data-breaches/malaysian-airport-cyber-disruption-warning-asia
https://web.archive.org/web/20250326172403/https://www.malaysiaairports.com.my/en/media-centre/news/1562","",""
"1760","1/1/2024","2024","Hyundai Motor Europe","Europe","Transportation Systems","Critical Manufacturing","Black Basta","S1070","","","","","","","","","https://www.darkreading.com/cyberattacks-data-breaches/ransomware-groups-black-basta-lockbit-hit-hyundai-california-seiu-union","",""
"1761","1/1/2024","2024","ZicroDATA","Australia","Information Technology","","Black Basta","S1070","","","","","","","","","https://www.watoday.com.au/business/consumer-affairs/russian-ransomware-linked-to-hack-that-exposed-family-violence-victims-breached-government-agencies-20240504-p5fowb.html","",""
"1762","1/1/2024","2024","Monash Hleath","Australia","Healthcare and Public Health","","Black Basta","S1070","","","","","","","","","https://www.watoday.com.au/business/consumer-affairs/russian-ransomware-linked-to-hack-that-exposed-family-violence-victims-breached-government-agencies-20240504-p5fowb.html","",""
"1763","1/1/2024","2024","ZicroDATA","Australia","Information Technology","","Crypmans","","","","","","","","","","https://www.watoday.com.au/business/consumer-affairs/russian-ransomware-linked-to-hack-that-exposed-family-violence-victims-breached-government-agencies-20240504-p5fowb.html","",""
"1764","1/1/2024","2024","Shinwa Co Ltd","Japan","Critical Manufacturing","","LockBit","","","","","","","","","","https://thecyberexpress.com/lockbit-ransomware-adds-two-new-victims/","",""
"1765","1/1/2024","2024","Accordbank","Ukraine","Government Facilities","Financial Services","NoName","","","","","","","","","","https://thecyberexpress.com/noname-ransomware-attack-on-ukraine/","",""
"1766","1/1/2024","2024","Zaporizhzhya Titanium-Magnesium Plant","Ukraine","Government Facilities","Critical Manufacturing","NoName","","","","","","","","","","https://thecyberexpress.com/noname-ransomware-attack-on-ukraine/","",""
"1767","1/1/2024","2024","Tax Services in Ukraine","Ukraine","Government Facilities","Financial Services","NoName","","","","","","","","","","https://thecyberexpress.com/noname-ransomware-attack-on-ukraine/","",""
"1768","1/1/2024","2024","PrivatBank 24","Ukraine","Financial Services","","NoName","","","","","","","","","","https://thecyberexpress.com/noname-ransomware-attack-2/","",""
"1769","1/1/2024","2024","Credit Agricole Bank","France","Financial Services","","NoName","","","","","","","","","","https://thecyberexpress.com/noname-ransomware-attack-2/","",""
"1770","1/1/2024","2024","MTB BANK","Ukraine","Financial Services","","NoName","","","","","","","","","","https://thecyberexpress.com/noname-ransomware-attack-2/","",""
"1771","1/1/2024","2024","Matek Systems","China","Critical Manufacturing","","NoName","","","","","","","","","","https://thecyberexpress.com/noname-ransomware-attack-2/","",""
"1772","1/1/2024","2024","Pixhawk ","Switzerland","Information Technology","","NoName","","","","","","","","","","https://thecyberexpress.com/noname-ransomware-attack-2/","",""
"1773","1/1/2024","2024","SpetsInTech","Russia","Information Technology","Healthcare and Public Health","NoName","","","","","","","","","","https://thecyberexpress.com/noname-ransomware-attack-2/","",""
"1774","1/1/2024","2024","Kvertus","Ukraine","Information Technology","","NoName","","","","","","","","","","https://thecyberexpress.com/noname-ransomware-attack-2/","",""
"1775","1/1/2024","2024","Duopharma Biotech ","Malaysia","Healthcare and Public Health","","Valencia","","","","","","","","","","https://www.technewshub.co.uk/post/new-cyber-gang-valencia-emerges-claims-multiple-high-profile-hack","",""
"1776","1/1/2024","2024","Satia ","India","Communication","","Valencia","","","","","","","","","","https://www.technewshub.co.uk/post/new-cyber-gang-valencia-emerges-claims-multiple-high-profile-hack","",""
"1777","1/1/2024","2024","Globe Pharmaceuticals","Bangladesh","Healthcare and Public Health","","Valencia","","","","","","","","","","https://www.technewshub.co.uk/post/new-cyber-gang-valencia-emerges-claims-multiple-high-profile-hack","",""
"1778","1/1/2024","2024","Tendam","Spain","Commercial Facilities","","Valencia","","","","","","","","","","https://www.technewshub.co.uk/post/new-cyber-gang-valencia-emerges-claims-multiple-high-profile-hack","",""
"1779","1/1/2024","2024","Paraguay's General Directorate of Information and Communication Technologies of the Armed Forces","Paraguay","Information Technology","Communication","","","","","","","","","","","https://en.mercopress.com/2024/01/08/ransomware-attack-hits-paraguayan-armed-forces","",""
"1780","1/1/2024","2024","RE&S Holdings","Singapore","Food and Agriculture","","","","","","","","","","","","https://www.theedgesingapore.com/news/cybersecurity/res-latest-singapore-listed-company-be-hit-spate-ransomware-attacks","",""
"1781","1/1/2024","2024","Bradford Health","United States","Healthcare and Public Health","","Hunters International","","","","","","","","","","https://web.archive.org/web/20240107004255/https://www.privacyaffairs.com/hunters-international-attacks-healthcare-facility/","",""
"1782","1/2/2024","2024","International Trade Administration Commission","South Africa","Government Facilities","","","","","","","","","","","","https://www.timeslive.co.za/news/south-africa/2024-04-15-import-tariff-body-itac-was-targeted-in-ransomware-attack/
https://www.itac.org.za/news-headlines/media-releases/notification-of-a-personal-information-security-compromise","",""
"1783","1/2/2024","2024","SAED International","Saudi Arabia","Financial Services","","BlackCat/ALPHV","S1068","","","","","","","","","https://web.archive.org/web/20240103071529/https://thecyberexpress.com/cyberattack-on-saed-international/","",""
"1784","1/2/2024","2024","Groupe IDEA","France","Commercial Facilities","","LockBit","","","","","","","","","","https://webcf.waybackmachine.org/web/20250128205658/https://thecyberexpress.com/lockbit-executes-groupe-idea-data-breach/","",""
"1785","1/3/2024","2024","Kershaw County School District","South Carolina","Education Facilities","","BlackSuit","","","","","","","","","","https://thecyberexpress.com/cyberattack-on-kershaw-county-school/
https://web.archive.org/web/20240104213807/https://cybernews.com/news/us-school-districts-claimed-blacksuit-ransomware/","",""
"1786","1/3/2024","2024","LoanDepot","California","Financial Services","","BlackCat/ALPHV","S1068","","","","$6 million","","","","","https://www.bleepingcomputer.com/news/security/loandepot-cyberattack-causes-data-breach-for-166-million-people/ 
https://www.bleepingcomputer.com/news/security/alphv-ransomware-claims-loandepot-prudential-financial-breaches/
https://www.comparitech.com/news/ransomware-roundup-2024-end-of-year-report/","",""
"1787","1/3/2024","2024","Blaine County School District","Idaho","Education Facilities","","BlackSuit","","","","","","","","","","https://web.archive.org/web/20240104213807/https://cybernews.com/news/us-school-districts-claimed-blacksuit-ransomware/","",""
"1788","1/4/2024","2024","Municipality of Beckley","West Virginia","Government Facilities","","","","","","","","","","","","https://statescoop.com/west-virginia-cyberattack/","",""
"1789","1/4/2024","2024","Tigo Business","Paraguay","Communication","","Black Hunt","","","","","","","","","","https://web.archive.org/web/20240916185701/https://www.ultimahora.com/telefonia-aclara-que-incidente-de-ciberseguridad-afecta-a-grupo-limitado-de-clientes-corporativos
https://web.archive.org/web/20240624024357/https://www.bleepingcomputer.com/news/security/paraguay-warns-of-black-hunt-ransomware-attacks-after-tigo-business-breach/","",""
"1790","1/5/2024","2024","ES Group","Singapore","Critical Manufacturing","","","","","","","","","","","","https://www.theedgesingapore.com/news/cybersecurity/es-group-ips-securex-hit-separate-ransomware-attacks","",""
"1791","1/5/2024","2024","Toronto Zoo","Canada","Commercial Facilities","","","","","","","","","","","","https://www.bleepingcomputer.com/news/security/toronto-zoo-ransomware-attack-had-no-impact-on-animal-wellbeing/","",""
"1792","1/6/2024","2024","Televerde","United States","Commercial Facilities","","Play","G1040","","","","","","","","","https://web.archive.org/web/20240107181749/https://www.privacyaffairs.com/play-ransomware-attacks-televerde/","",""
"1793","1/7/2024","2024","Agro Baggio","Brazil","Food and Agriculture","","Knight","","","","","","","","","","https://web.archive.org/web/20240201150912/https://www.privacyaffairs.com/knight-ransomware-attacks-agro-baggio/","",""
"1794","1/11/2024","2024","Lush","United Kingdom","Commercial Facilities","","Akira","S1129","","","","","","","","","https://cybernews.com/news/lush-ransomware-cyberattack/","",""
"1795","1/11/2024","2024","Water for People","Global","Water and Wastewater Systems","","Medusa","","","","","$300,000 ","$1000000 or less","","","","https://therecord.media/water-for-people-medusa-ransomware","",""
"1796","1/14/2024","2024","Douglas County Libraries","Colorado","Government Facilities","","Play","G1040","","","","","","","","","https://therecord.media/local-governments-across-us-dealing-with-ransomware?&web_view=true","",""
"1797","1/15/2024","2024","Southern Water","United Kingdom","Water and Wastewater Systems","","Black Basta","S1070","","","","","","","","","https://www.securityweek.com/major-us-uk-water-companies-hit-by-ransomware/","",""
"1798","1/15/2024","2024","Foxsemicon Integrated Technology","Taiwan","Critical Manufacturing","","LockBit","","","","","","","","","","https://www.securityweek.com/ransomware-group-targets-foxconn-subsidiary-foxsemicon/","",""
"1799","1/15/2024","2024","Veolia North America","North America","Water and Wastewater Systems","","","","","","","","","","","","https://www.securityweek.com/major-us-uk-water-companies-hit-by-ransomware/","",""
"1800","1/17/2024","2024","Schneider Electric","France","Energy","Chemical","Cactus","","","","","","","","","","https://www.bleepingcomputer.com/news/security/energy-giant-schneider-electric-hit-by-cactus-ransomware-attack/","",""
"1801","1/17/2024","2024","AerCap","Global","Transportation Systems","","Slug","","","","","","","","","","https://www.securityweek.com/aircraft-lessor-aercap-confirms-ransomware-attack/","",""
"1802","1/18/2024","2024","Service Employees International Union","California","Healthcare and Public Health","","LockBit","","","","","","","","","","https://www.darkreading.com/cyberattacks-data-breaches/ransomware-groups-black-basta-lockbit-hit-hyundai-california-seiu-union","",""
"1803","1/19/2024","2024","Tietoevery","Sweden","Information Technology","","Akira","S1129","","","","","","","","","https://www.bleepingcomputer.com/news/security/tietoevry-ransomware-attack-causes-outages-for-swedish-firms-cities/","",""
"1804","1/19/2024","2024","Clackamas Community College","Oregon","Education Facilities","","","","","","","","","","","","https://www.kgw.com/article/news/education/clackamas-community-college-ransomware-attack/283-41c25c18-eb5f-4f22-80f4-249e2a68dffa","",""
"1805","1/19/2024","2024","Washington County, PA","Washington","Government Facilities","","","","","","","$346,687 ","$1000000 or less","Yes","","$346,687 ","https://thecyberexpress.com/washington-county-paid-ransom/","",""
"1806","1/19/2024","2024","Anna Jaques Hospital (AJH)","Massachusetts","Healthcare and Public Health","","Moneymessage","","4 weeks","More than 1 month","","","","","","","https://web.archive.org/web/20241209195307/https://www.bitdefender.com/en-us/blog/hotforsecurity/data-breach-at-anna-jaques-hospital-leaks-data-of-over-300-000-patients","",""
"1807","1/21/2024","2024","Bucks County CAD System","Pennsylvania","Emergency Services","","Akira","S1129","","","","","","","","","https://www.nbcphiladelphia.com/news/local/akira-ransomware-behind-bucks-co-security-attack-that-crippled-emergency-dispatch-system-officials-say/3759350/","",""
"1808","1/21/2024","2024","Subway","United States","Food and Agriculture","","LockBit","","","","","","","","","","https://cybernews.com/news/subway-claimed-by-lockbit-ransomware/","",""
"1809","1/22/2024","2024","EquiLend","New York","Financial Services","","LockBit","","","","","","","","","","https://www.pionline.com/cybersecurity/equilend-cyberattack-leaves-banks-stuck-excel-and-headache","",""
"1810","1/23/2024","2024","Kansas City Area Transportation Authority","Missouri","Transportation Systems","","Medusa","","","","","$2million","$5000000 or less","","","","https://securityaffairs.com/158233/cyber-crime/kansas-city-area-transportation-authority-ransomware-attack.html","",""
"1811","1/25/2024","2024","Group Health Cooperative","Wisconsin","Healthcare and Public Health","","BlackSuit","","","","","","","","","","https://www.scmagazine.com/brief/over-530k-impacted-by-wisconsin-healthcare-non-profit-ransomware-attack","",""
"1812","1/25/2024","2024","Claro Company/América Móvil","Mexico","Communication","","Trigona","","","","","$10 million","","","","","https://gridinsoft.com/blogs/claro-company-hit-by-trigona-ransomware/
https://www.comparitech.com/news/ransomware-roundup-2024-end-of-year-report/","",""
"1813","1/25/2024","2024","Family Health Center","Michigan","Healthcare and Public Health","","","","","","","","","","","","https://www.hipaajournal.com/medusa-ransomware-group-leaks-american-renal-associates-data/","",""
"1814","1/29/2024","2024","Fulton County","Georgia","Government Facilities","","LockBit","","","More than 1 month","","","","No","","","https://www.fox5atlanta.com/news/fulton-county-services-lockbit-cyberattack-ransom","",""
"1815","1/30/2024","2024","Technica","Virginia","Information Technology","Defense Industrial Base","BlackCat/ALPHV","S1068","","","","","","","","","https://cyberscoop.com/technica-pentagon-alphv-ransomware/","",""
"1816","1/30/2024","2024","Lotus Media Group","Oregon","Communication","","","","","","","","","","","","https://www.klcc.org/crime-law-justice/2024-01-30/roseburgs-daily-newspaper-misses-first-print-edition-in-years-after-ransomware-attack","",""
"1817","1/31/2024","2024","Muscatine Power and Water","Iowa","Energy","Water and Wastewater Systems","","","","","","","","","","","https://www.scmagazine.com/brief/almost-37k-impacted-by-iowa-utility-ransomware-attack","",""
"1818","2/1/2024","2024","Cencora","United States","Healthcare and Public Health","","Dark Angels","","","","","$75 million","More than $5000000","Yes","","","https://cryptobriefing.com/cencora-bitcoin-ransom-payment/
https://www.bloomberg.com/news/articles/2024-09-18/gang-got-75-million-for-cencora-hack-in-largest-known-ransom
https://www.comparitech.com/news/ransomware-roundup-2024-end-of-year-report/","",""
"1819","2/1/2024","2024","Motilal Oswal Financial Services (MOFSL)","India","Financial Services","","LockBit","","","","","","","","","","https://www.business-standard.com/companies/news/confidential-data-breach-in-motilal-oswal-by-ransomware-gang-lockbit-124021800160_1.html","",""
"1820","2/1/2024","2024","Lurie Children's Hospital","Illinois","Healthcare and Public Health","","Rhysida","","","","60 bitcoin","$3.7 million","$5000000 or less","","","","https://www.bleepingcomputer.com/news/security/rhysida-ransomware-wants-36-million-for-childrens-stolen-data/","",""
"1821","2/1/2024","2024","Minnesota State University-Moorhead","Minnesota","Education Facilities","","","","","","","","","","","","https://kfgo.com/2024/02/16/msum-still-struggling-with-ransomware-attack/","",""
"1822","2/1/2024","2024","Royal Canadian Mounted Police (RCMP)","Canada","Government Facilities","Emergency Services","","","","","","","","","","","https://www.bleepingcomputer.com/news/security/rcmp-investigating-cyber-attack-as-its-website-remains-down/","",""
"1823","2/2/2024","2024","Reykjavík University (HR)","Iceland","Education Facilities","","Akira","S1129","","","","","","","","","https://www.icelandreview.com/news/russian-hackers-believed-to-be-behind-cyber-attack-on-icelandic-university/","",""
"1824","2/5/2024","2024","Prudential Financial ","United States","Financial Services","","BlackCat/ALPHV","S1068","","","","","","","","","https://www.cpomagazine.com/cyber-security/financial-services-company-prudential-financial-says-the-february-data-breach-impacted-2-5-million-people/","",""
"1825","2/11/2024","2024","Hipocrate Information System (HIS) ","Romania","Healthcare and Public Health","","","","","","3.5 bitcoin","$172,000 ","$1000000 or less","","","","https://www.bleepingcomputer.com/news/security/ransomware-attack-forces-100-romanian-hospitals-to-go-offline/","",""
"1826","2/11/2024","2024","Gilroy Gardens","California","Commercial Facilities","","","","","","","","","","","","https://www.nbcbayarea.com/news/local/south-bay/gilroy-gardens-ransomware-attack/3465691/","",""
"1827","2/12/2024","2024","Office of the Colorado State Public Defender","Colorado","Government Facilities","","","","","","","","","","","","https://kdvr.com/news/local/colorado-public-defenders-office-shut-down-due-to-ransomware-attack/","",""
"1828","2/14/2024","2024","Financial Business and Consumer Solutions","Pennsylvania","Financial Services","","","","","1 month or less","","","","","","","https://www.fbcs-inc.com/cyber-incident/
https://www.theregister.com/2024/10/04/comcast_fcbs_ransomware_theft/","","Comcast Cable Communications and Truist Bank were impacted by the data breach at FBCS"
"1829","2/15/2024","2024","PSI Software","Germany","Information Technology","","","","","","","","","","","","https://www.scmagazine.com/brief/ransomware-attack-hits-psi-software","",""
"1830","2/15/2024","2024","Izumi Co., Ltd.","Japan","Commercial Facilities","","","","","","","","","","","","https://www.izumi.co.jp/corp/e_ir/img/index/pdf/2024_63rdMeeting.pdf
https://www.jcr.co.jp/download/cf03374511340f523138cd9b2f161239e57f4218cad716d844/24d1450_f.pdf","",""
"1831","2/16/2024","2024","East Central University","Oklahoma","Education Facilities","","BlackSuit","","","","","","","","","","https://www.bitdefender.com/en-us/blog/hotforsecurity/east-central-university-suffers-blacksuit-ransomware-attack/?ref=blogapp.bitdefender.com%2F","",""
"1832","2/21/2024","2024","Change Healthcare (UnitedHealth Group)","United States","Healthcare and Public Health","Financial Services","BlackCat/ALPHV","S1068","paid on march 1","1 month or less","350 bitcoin","$22 million","More than $5000000","Yes","Bitcoin","$22 million","https://www.bleepingcomputer.com/news/security/the-week-in-ransomware-march-1st-2024-healthcare-under-siege/ ;
https://www.wired.com/story/alphv-change-healthcare-ransomware-payment/
https://www.comparitech.com/news/ransomware-roundup-2024-end-of-year-report/
https://webcf.waybackmachine.org/web/20250128203706/https://therecord.media/unitedhealth-updates-change-healthcare-data-breach-190-million","Hit again weeks later by different group",""
"1833","2/22/2024","2024","Hessen Consumer Center","Germany","Commercial Facilities","","BlackCat/ALPHV","S1068","","","","","","","","","https://www.bleepingcomputer.com/news/security/hessen-consumer-center-says-systems-encrypted-by-ransomware/","",""
"1834","2/22/2024","2024","City of Oakley","California","Government Facilities","","","","","","","","","","","","https://contracosta.news/2024/02/23/city-of-oakley-hit-with-ransomware-attack/","",""
"1835","2/25/2024","2024","City of Hamilton","Canada","Government Facilities","","","","","","","","","No","","","https://nowtoronto.com/news/hell-of-a-lot-of-money-hamilton-refuses-to-pay-huge-ransom-as-it-continues-to-recover-from-cyberattack/","",""
"1836","2/27/2024","2024","BSR Infratech India Ltd","India","Critical Manufacturing","","","","","","","$80,000 ","$100000 or less","","","","https://www.deccanherald.com/india/karnataka/bengaluru/ransomware-attack-hits-b-luru-firm-criminals-demand-80-000-2958894","",""
"1837","3/1/2024","2024","Lindsay Municipal Hospital","Oklahoma","Healthcare and Public Health","","Bian Lian","","","","","","","","","","https://www.beckershospitalreview.com/cybersecurity/double-extortion-ransomware-group-claims-hospital-hack.html","",""
"1838","3/1/2024","2024","NHS Dumfries and Galloway","Scotland","Healthcare and Public Health","","INC Ransom","G1032","","","","","","","","","https://therecord.media/healthcare-ransomware-data-breach-nhs-scotland","",""
"1839","3/1/2024","2024","Florida Memorial University","Florida","Education Facilities","","INC Ransom","G1032","","","","","","","","","https://www.miamitimesonline.com/news/florida-memorial-university-reportedly-targeted-in-ransomware-cyberattack/article_189afdc2-ef98-11ee-8ca8-035bc2994d17.html","",""
"1840","3/1/2024","2024","Leicester City Council","United Kingdom","Government Facilities","","INC Ransom","G1032","","","","","","","","","https://therecord.media/leicester-city-council-ransomware-data-breach","",""
"1841","3/1/2024","2024","Nexperia","China","Transportation Systems","Critical Manufacturing","LockBit","","","","","","","","","","https://therecord.media/nexperia-semiconductor-company-ransomware-incident","",""
"1842","3/1/2024","2024","Tarrant Appraisal District","Texas","Government Facilities","Financial Services","Medusa","","","","","$700,000 ","$1000000 or less","","","","https://www.cbsnews.com/texas/news/hackers-demand-700k-in-ransomware-attack-on-tarrant-appraisal-district/ ;
https://www.star-telegram.com/news/politics-government/article287707485.html","","Might have paid - ransom was shown lower on blod at 100,000USD"
"1843","3/1/2024","2024","MarineMax","United States","Transportation Systems","","Rhysida","","","","15 bitcoin","$774,415.65 ","$1000000 or less","","","","https://cybernews.com/news/marinemax-yachts-ransomware-attack-rhysida-gang/","",""
"1844","3/1/2024","2024","Capita","United Kingdom","Nuclear Reactors, Materials, and Waste","","","","","","","","","","","","https://www.bleepingcomputer.com/news/security/the-week-in-ransomware-march-8th-2024-waiting-for-the-blackcat-rebrand/","",""
"1845","3/1/2024","2024","Scranton School District","Pennsylvania","Education Facilities","","","","","","","","","","","","https://therecord.media/pennsylvania-scranton-school-district-ransomware-attack","",""
"1846","3/1/2024","2024","Gilmer County","Georgia","Government Facilities","","","","","","","","","","","","https://www.fox5atlanta.com/news/ransomware-attack-strikes-yet-another-georgia-county","",""
"1847","3/1/2024","2024","Carolina Foods","North Carolina","Food and Agriculture","","","","","","","","","","","","https://www.qcnews.com/charlotte/charlotte-honey-bun-maker-hit-with-ransomware-attack/","",""
"1848","3/2/2024","2024","American Renal Associates (ARA)","United States","Healthcare and Public Health","","Medusa","","","","","","","","","","https://www.hipaajournal.com/medusa-ransomware-group-leaks-american-renal-associates-data/","",""
"1849","3/5/2024","2024","Duvel Moortgat Brewery","Brussels","Food and Agriculture","","Stormous","","","","","","","","","","https://www.bleepingcomputer.com/news/security/duvel-says-it-has-more-than-enough-beer-after-ransomware-attack/","",""
"1850","3/10/2024","2024","Town of Huntsville","Canada","Government Facilities","","","","","","","","","","","","https://www.chroniclejournal.com/news/national/quebec/town-of-huntsville-confirms-it-was-hit-by-ransomware-attack/article_c02b848d-59b1-5fe3-908b-f0f579c15579.html","",""
"1851","3/13/2024","2024","Administrative Office of the District Attorneys (AODA)","New Mexico","Government Facilities","","","","","","","","","No","","","https://sourcenm.com/2024/03/14/ransomware-attack-hamstrings-three-district-attorneys-offices-in-nm/ ;
https://www.kob.com/new-mexico/new-mexico-institutions-pay-out-thousands-to-recover-from-ransomware/","",""
"1852","3/15/2024","2024","Scottish NHS Trust Dumfries and Galloway","United Kingdom","Healthcare and Public Health","","INC Ransom","G1032","","","","","","","","","https://www.infosecurity-magazine.com/news/nhs-clinical-data-leaked-ransomware/","",""
"1853","3/15/2024","2024","Skender","Illinois","Critical Manufacturing","","","","","","","","","","","","https://www.constructiondive.com/news/skender-ransomware-attack-chicago-maine/712844/","",""
"1854","3/16/2024","2024","City of Pensacola","Florida","Government Facilities","","","","","","","","","","","","https://statescoop.com/cyberattack-pensacola-florida-2024-service-outages/","",""
"1855","3/17/2024","2024","Crinetics Pharmaceuticals","California","Healthcare and Public Health","Chemical","LockBit","","","","","$4 million","More than $5000000","","","","https://therecord.media/pharmaceutical-development-company-investigating-cyber-incident-lockbit","",""
"1856","3/18/2024","2024","Henry County","Illinois","Government Facilities","","Medusa","","","","","$500,000 ","$1000000 or less","","","","https://therecord.media/illinois-county-gov-college-hit-with-ransomware","",""
"1857","3/22/2024","2024","Panera Bread","United States","Food and Agriculture","Commercial Facilities","","","","","","","","Yes","","","https://www.bleepingcomputer.com/news/security/panera-bread-week-long-it-outage-caused-by-ransomware-attack/ ;
https://www.scmagazine.com/brief/ransomware-demand-allegedly-paid-by-panera-bread","",""
"1858","3/24/2024","2024","City of St. Cloud","Florida","Government Facilities","","","","","","","","","","","","https://www.aroundosceola.com/news/st-cloud-hit-ransomware-attack-monday-officials-say-residents-info-safe","",""
"1859","3/24/2024","2024","VNDirect Cyber Systems","Vietnam","Financial Services","","","","","","","","","","","","https://vir.com.vn/vndirect-cyberattack-causes-big-splash-on-stock-market-109873.html","",""
"1860","3/27/2024","2024","United Nations Development Programme (UNDP)","Denmark","Healthcare and Public Health","Information Technology","8base","","","","","","","No","","","https://www.securityweek.com/united-nations-agency-investigating-ransomware-attack-involving-data-theft/","",""
"1861","3/29/2024","2024","Omni Hotels and Resorts","United States","Commercial Facilities","","Daixin Team","","","","","","","","","","https://www.bleepingcomputer.com/news/security/daixin-ransomware-gang-claims-attack-on-omni-hotels/","",""
"1862","3/30/2024","2024","Hoya Optics","Japan","Healthcare and Public Health","","Hunters International","","","","","$10 million","More than $5000000","","","","https://www.cyberdaily.au/security/10422-hunters-international-take-credit-for-hoya-optics-attack-demand-us-10m","",""
"1863","3/30/2024","2024","IxMetro Powerhost","Chile","Information Technology","","SEXi","","","","2 bitcoin per victim","$140 million","More than $5000000","","","","https://www.bleepingcomputer.com/news/security/hosting-firms-vmware-esxi-servers-hit-by-new-sexi-ransomware/","",""
"1864","4/1/2024","2024","Atlantic States Marine Fisheries Commission (ASMFC)","United States","Food and Agriculture","","8base","","","","","","","","","","https://therecord.media/atlantic-fisheries-commission-confirms-cyber-incident","",""
"1865","4/1/2024","2024","T A Khoury & Co","Australia","Financial Services","","Hunters International","","","","","","","","","","https://www.cyberdaily.au/security/10415-australian-accounting-firm-held-to-ransom-by-hunters-international","",""
"1866","4/1/2024","2024","Department of Insurance, Securities and Banking (DISB)","Washington, D.C.","Government Facilities","Financial Services","LockBit","","","","","","","","","","https://www.securityweek.com/ransomware-gang-leaks-data-allegedly-stolen-from-government-contractor/","",""
"1867","4/1/2024","2024","Traverse City Area Publics Schools (TCAPS)","Michigan","Education Facilities","","Medusa","","","","","$500,000 ","$1000000 or less","","","","https://www.traverseticker.com/news/ransomware-group-claims-credit-for-tcaps-attack/","",""
"1868","4/1/2024","2024","Change Healthcare (UnitedHealth Group)","United States","Healthcare and Public Health","Financial Services","RansomHub","","","","","","","","","","https://www.theregister.com/2024/04/08/change_healthcare_ransomware/","Hit and paid a ransom from a different group 1 month previously",""
"1869","4/1/2024","2024","Hernando County","Florida","Government Facilities","","Rhysida","","","","","","","","","","https://www.hernandosun.com/2024/04/12/threat-analyst-shows-evidence-of-hernando-county-ransomware-attack/","","data available for purchase for 40 bitcoin (2.8 million USD)"
"1870","4/1/2024","2024","Easterseals","Illinois","Healthcare and Public Health","","Rhysida","","","","20 bitcoin","$1.3 million","","","","","https://therecord.media/easterseals-central-illinois-data-breach ","",""
"1871","4/1/2024","2024","Coffee County","Georgia","Government Facilities","","","","","","","","","","","","https://www.atlantanewsfirst.com/2024/04/27/coffee-county-hit-by-potential-ransomware-attack-officials-say/","",""
"1872","4/1/2024","2024","Robeson County","North Carolina","Government Facilities","","","","","","","","","","","","https://wpde.com/news/local/data-security-breach-impacts-some-robeson-county-departments-community-concerns-computer-network-active-investigation-north-carolina-april-17-2024","",""
"1873","4/1/2024","2024","Colorado Fertility Center","Colorado","Healthcare and Public Health","","","","","","","","","","","","https://www.hipaajournal.com/colorado-fertility-center-ransomware-attack-80000-patients/","",""
"1874","4/2/2024","2024","Jackson County","Missouri","Government Facilities","","BlackSuit","","","","","","","","","","https://www.comparitech.com/news/ransomware-gang-claims-responsibility-for-cyber-attack-on-jackson-county-mo/","",""
"1875","4/2/2024","2024","NorthBay Vacaville Hospital","California","Healthcare and Public Health","","Embargo","","","","","","","","","","https://www.cbsnews.com/sacramento/news/northbay-health-cyber-incident-vacaville/
https://x.com/H4ckManac/status/1782347870089130411","",""
"1876","4/3/2024","2024","New Mexico Highlands University","New Mexico","Education Facilities","","","","","","","","","","","","https://www.yahoo.com/tech/nmhu-nears-week-canceled-classes-030200872.html","",""
"1877","4/5/2024","2024","Solano Partner Libraries and St. Helena (SPLASH)","California","Government Facilities","","","","","More than 1 month","","$100,000 ","$100000 or less","","","","https://www.govtech.com/security/california-county-struggling-months-after-ransomware-attack","",""
"1878","4/9/2024","2024","GBI Genios","Germany","Information Technology","","","","","","","","","","","","https://therecord.media/genios-germany-ransomware-attack","",""
"1879","4/9/2024","2024","Extern","Republic of Ireland","Healthcare and Public Health","","","","","","","","","","","","https://www.thejournal.ie/extern-ransomware-6356433-Apr2024/","",""
"1880","4/14/2024","2024","Frontier Communications","United States","Communication","","RansomHub","","","More than 1 month","","","","","","","https://www.bleepingcomputer.com/news/security/frontier-warns-750-000-of-a-data-breach-after-extortion-threats/","",""
"1881","4/15/2024","2024","Octapharma Plasma US","United States","Chemical","Healthcare and Public Health","BlackSuit","","","","","","","","","","https://www.csoonline.com/article/2093647/ransomware-feared-in-octapharma-plasmas-us-wide-shutdown.html","",""
"1882","4/18/2024","2024","Summit Pathology Labs","Colorado","Healthcare and Public Health","","Medusa","","","","","","","","","","https://www.summitpathology.com/notice-of-data-breach/
https://www.govinfosecurity.com/medusa-ransomware-hack-pathology-lab-affects-18-million-a-26695
https://www.hipaajournal.com/summit-pathology-data-breach/","",""
"1883","4/21/2024","2024","Mulford Construction Company","United States","Critical Manufacturing","","Embargo","","","","","","","","","","https://www.cyberdaily.au/security/10487-exclusive-aussie-lender-firstmac-falls-victim-to-embargo-ransomware-gang","",""
"1884","4/22/2024","2024","Skanlog","Sweden","Food and Agriculture","Commercial Facilities","","","","","","","","","","","https://www.euronews.com/next/2024/04/25/alcohol-sales-disrupted-in-sweden-after-reported-ransomware-attack","",""
"1885","4/25/2024","2024","KC Scout","Kansas","Transportation Systems","","Play","G1040","","","","","","","","","https://www.comparitech.com/news/ransomware-gang-claims-cyber-attack-on-kansas-city-scout-traffic-management-system/","",""
"1886","4/27/2024","2024","United Urology Group","United States","Healthcare and Public Health","","RansomHouse/WhiteRabbit","","","1 month or less","","","","","","","https://www.hipaajournal.com/alabama-cardiovascular-group-cyberattack-affects-280500-individuals/","",""
"1887","4/28/2024","2024","London Drugs","Canada","Healthcare and Public Health","","LockBit","","","","","$25 million","More than $5000000","","","","https://www.timescolonist.com/local-news/ransomware-group-says-it-will-release-stolen-london-drugs-data-if-it-doesnt-get-25m-in-48-hours-8776889","",""
"1888","4/30/2024","2024","Firstmac","Australia","Financial Services","","Embargo","","","","","","","","","","https://www.cyberdaily.au/security/10487-exclusive-aussie-lender-firstmac-falls-victim-to-embargo-ransomware-gang","",""
"1889","5/1/2024","2024","Christie's Auction House","United Kingdom","Commercial Facilities","","RansomHub","","","","","","","","","","https://www.securityweek.com/christies-confirms-data-breach-after-ransomware-group-claims-attack/","",""
"1890","5/1/2024","2024","AT&T","United States","Communication","","ShinyHunters","","","","","$1 million","$1000000 or less","Yes","Bitcoin","$370,000 ","https://www.inc.com/kit-eaton/atampt-paid-ransomware-group-to-delete-stolen-records.html","",""
"1891","5/1/2024","2024","Brandywine Realty Trust","Pennsylvania","Commercial Facilities","","","","","","","","","","","","https://techcrunch.com/2024/05/07/brandywine-realty-trust-cyberattack/","",""
"1892","5/1/2024","2024","Ewing Marion Kauffman School","Missouri","Education Facilities","","","","","","","","","","","","https://www.kshb.com/news/local-news/ewing-marion-kauffman-school-reports-ransomware-incident-in-early-may","",""
"1893","5/1/2024","2024","Mpact (formerly Taxistop)","Belgium","Transportation Systems","","","","","","","","","","","","https://pitane.blue/en/2024/05/26/security-ransomware-attack-hits-cambio-supplier/#google_vignette","",""
"1894","5/5/2024","2024","City of Wichita","Kansas","Government Facilities","","LockBit","","","More than 1 month","","","","","","","https://therecord.media/wichita-kansas-ransomware-attack-claimed-by-lockbit ;
https://www.cleveland19.com/2024/06/17/wichita-still-facing-ransomware-attack-1-month-later-what-that-means-cleveland/","",""
"1895","5/6/2024","2024","Keytronic","United States","Critical Manufacturing","","Black Basta","S1070","","","","","","","","","https://www.securityweek.com/keytronic-says-personal-information-stolen-in-ransomware-attack/","",""
"1896","5/6/2024","2024","Trego County Lemke Memorial Hospital","Kansas","Healthcare and Public Health","","","","","","","","","","","","https://www.beckershospitalreview.com/cybersecurity/kansas-hospital-hit-by-ransomware-attack.html","",""
"1897","5/8/2024","2024","Ascension Health System","United States","Healthcare and Public Health","","Black Basta","S1070","","More than 1 month","","","","","","","https://www.crn.com/news/security/2024/black-basta-ransomware-attack-brought-down-ascension-it-systems-report ;
https://www.scmagazine.com/news/patient-data-stolen-in-ascension-ransomware-attack-but-ehr-restored","",""
"1898","5/10/2024","2024","Access Sports Medicine & Orthopaedics","New Hampshire","Healthcare and Public Health","","INC Ransom","G1032","","","","","","","","","https://www.securityweek.com/88000-impacted-by-access-sports-data-breach-resulting-from-ransomware-attack/","",""
"1899","5/11/2024","2024","Macon-Bibb County","Georgia","Government Facilities","","","","","","","","","","","","https://myemail-api.constantcontact.com/Macon-Bibb-Network-Disruption-Update--5-17-24-.html?soid=1130004841091&aid=V3xERwZTyYs","",""
"1900","5/12/2024","2024","Rockford Public Schools","Michigan","Education Facilities","","","","","","","","","","","","https://www.woodtv.com/news/kent-county/rockford-public-schools-targeted-by-ransomware-attack/","",""
"1901","5/13/2024","2024","MediSecure","Australia","Information Technology","Healthcare and Public Health","Ansgar","","","","","","","","","","https://www.afr.com/technology/electronic-prescriptions-company-hacked-in-major-ransomware-breach-20240516-p5je6m
https://www.comparitech.com/news/ransomware-roundup-2024-end-of-year-report/","",""
"1902","5/13/2024","2024","City of St. Helena","California","Government Facilities","","","","","","","","","","","","https://statescoop.com/st-helena-california-cyberattack-second-month-2024/","",""
"1903","5/14/2024","2024","American Radio Relay League (ARRL)","United States","Communication","","","","","","","","","Yes","","$1 million","https://www.bleepingcomputer.com/news/security/american-radio-relay-league-confirms-1-million-ransom-payment/","",""
"1904","5/15/2024","2024","American Clinical Solutions","Florida","Healthcare and Public Health","","RansomHub","","","1 week or less","","","","","","","https://www.hipaajournal.com/ransomhub-american-clinical-solutions/
https://www.suspectfile.com/fl-american-clinical-solutions-over-400000-medical-records-in-the-hands-of-ransomhub/","",""
"1905","5/20/2024","2024","Franklin County","Kansas","Government Facilities","","","","","","","","","","","","https://therecord.media/kansas-ransomware-attack-thousands-residents","",""
"1906","5/21/2024","2024","Kansas City Kansas Police Department","Kansas","Emergency Services","","BlackSuit","","","","","","","No","","","https://www.comparitech.com/news/blacksuit-ransomware-gang-claims-cyber-attack-on-kansas-city-police-department/","",""
"1907","5/25/2024","2024","Seattle Public Library","Washington","Education Facilities","","","","","More than 1 month","","","","No","","","https://www.seattletimes.com/seattle-news/seattle-public-library-goes-offline-after-ransomware-event/ ;
https://www.king5.com/video/news/local/one-month-after-ransomware-attack-seattle-public-libraries-system-is-still-working-to-recover/281-4be70392-e73c-484a-a6fd-3903ce92b67e
https://www.king5.com/article/news/local/seattle/seattle-public-library-fully-operational-aransomware-attack-may/281-2c76dfd6-dd81-4e00-9d73-9acb0abd0888
https://web.archive.org/web/20250312122058/https://agportal-s3bucket.s3.amazonaws.com/databreach/BreachA31681.pdf","",""
"1908","5/25/2024","2024","Center Line Public Schools","Michigan","Education Facilities","","","","","","","","","","","","https://www.candgnews.com/news/investigation-into-clps-ransom-attack-continues-5669","",""
"1909","5/26/2024","2024","Nidec Precision","Vietnam","Critical Manufacturing","","Everest/8BASE ","","","","","","","","","","https://www.nidec.com/-/media/www-nidec-com/corporate/news/2024/0725-02/240725-02notice_e.pdf?sc_lang=ja-JP&rev=1c4788041e7d455e9a383d679ed7eb40
https://www.bleepingcomputer.com/news/security/tech-giant-nidec-confirms-data-breach-following-ransomware-attack/
https://www.techradar.com/pro/security/nidec-confirms-ransomware-attack-leaked-company-data-online","",""
"1910","6/1/2024","2024","Government of Dubai","United Arab Emirates","Government Facilities","","Daixin Team","","","","","","","","","","https://cybernews.com/news/dubai-government-ransomware-attack-daixin/","",""
"1911","6/1/2024","2024","Indonesia's national data centre","Indonesia","Government Facilities","","LockBit/Brain Cipher","","","","","$8 million","More than $5000000","","","","https://www.reuters.com/technology/cybersecurity/cyber-attack-compromised-indonesia-data-centre-ransom-sought-reports-antara-2024-06-24/
https://www.bleepingcomputer.com/news/security/meet-brain-cipher-the-new-ransomware-behind-indonesia-data-center-attack/","",""
"1912","6/1/2024","2024","Evolve Bank & Trust","United States","Financial Services","","LockBit","","","","","","","No","","","https://www.spiceworks.com/it-security/cyber-risk-management/news/lockbit-claims-stealing-banking-info-from-us-federal-reserve-claims-proven-false/","",""
"1913","6/1/2024","2024","Rite Aid","United States","Healthcare and Public Health","Commercial Facilities","RansomHub","","","","","","","","","","https://www.bleepingcomputer.com/news/security/rite-aid-confirms-data-breach-after-june-ransomware-attack/","",""
"1914","6/3/2024","2024","Panorama Eyecare","Colorado","Healthcare and Public Health","","","","","","","","","","","","https://www.beckersasc.com/ophthalmology/panorama-eyecare-informs-patients-of-ransomware-attack.html","",""
"1915","6/4/2024","2024","Synnovis","United Kingdom","Healthcare and Public Health","","Qilin","","","","","$50 million","More than $5000000","No","","","https://www.bankinfosecurity.com/uk-pathology-lab-ransomware-attackers-demanded-50-million-a-25559","",""
"1916","6/6/2024","2024","Alabama Cardiovascular Group","United States","Healthcare and Public Health","","RansomHub","","","1 month or less","","","","","","","https://www.hipaajournal.com/alabama-cardiovascular-group-cyberattack-affects-280500-individuals/","",""
"1917","6/6/2024","2024","RRCA Accounts Management","Illinois","Healthcare and Public Health","","","","","","","","","","","","https://www.hipaajournal.com/rrca-accounts-management-ransomware/","",""
"1918","6/10/2024","2024","City of Cleveland","Ohio","Government Facilities","","","","","","","","","","","","https://therecord.media/cyber-incident-cleveland-city-hall-shutdown","",""
"1919","6/11/2024","2024","City of Newburg","New York","Government Facilities","","","","","","","","","","","","https://wrrv.com/newburgh-cybersecurity-incident/","",""
"1920","6/12/2024","2024","Toronto District School Board","Canada","Education Facilities","","LockBit","","3 months","More than 1 month","","","","","","","https://therecord.media/toronto-school-district-board-ransomware
https://therecord.media/toronto-school-board-ransomware-attack","",""
"1921","6/12/2024","2024","Newberg-Dundee School District","Oregon","Education Facilities","","","","","","","","","","","","https://www.yamhilladvocate.com/2024/06/newberg-dundee-school-district-target-of-ransomware-cyber-attack/","",""
"1922","6/13/2024","2024","Victoria Racing Club","Australia","Commercial Facilities","","Medusa","","","","","$700,000 ","$1000000 or less","","","","https://itwire.com/business-it-news/security/medusa-ransomware-group-hits-victoria-racing-club.html","",""
"1923","6/14/2024","2024","Abilene Independent School District","Texas","Education Facilities","","Cloak","","","","","","","","","","https://web.archive.org/web/20250111133723/https://www.k12dive.com/news/education-ransomware-attacks-2024-comparitech/736854/
https://x.com/FalconFeedsio/status/1808804813108322406
https://x.com/H4ckManac/status/1808753028163350926?lang=en","",""
"1924","6/15/2024","2024","TheBus","Hawaii","Transportation Systems","","","","","","","","","","","","https://www.hawaiinewsnow.com/2024/06/18/thebus-website-is-down-third-day-after-alleged-ransomware-attack/","",""
"1925","6/16/2024","2024","California's 911 services","California","Emergency Services","","DragonForce","","","","","","","","","","https://www.dailymail.co.uk/news/article-13638959/911-services-california-cyber-attack.html","",""
"1926","6/17/2024","2024","Alabama State Department of Education","Alabama","Government Facilities","Education Facilities","","","","","","","","","","","https://therecord.media/alabama-education-department-data-breach","",""
"1927","6/18/2024","2024","Gramercy Surgery Center","New York","Healthcare and Public Health","","Everest","","","","","","","","","","https://www.hipaajournal.com/six-healthcare-providers-added-to-ransomware-data-leak-sites/","",""
"1928","6/19/2024","2024","CDK Global","USA and Canada","Information Technology","Transportation Systems","BlackSuit","","2 weeks","1 month or less","387 Bitcoin","$25 million","More than $5000000","Yes","Bitcoin","$25 million","https://www.theguardian.com/technology/article/2024/jun/21/cdk-cyber-attack-cars-us-canada ;
https://www.bleepingcomputer.com/news/security/cdk-global-outage-caused-by-blacksuit-ransomware-attack/ ;
https://www.theregister.com/2024/07/12/cdk_ransom_payout/","",""
"1929","6/19/2024","2024","City of Cedar Falls","Iowa","Government Facilities","","","","","","","","","","","","https://www.govtech.com/security/cedar-falls-iowa-officials-probe-june-ransomware-attack","",""
"1930","6/19/2024","2024","Acadian Ambulance","Texas","Healthcare and Public Health","","Daixin Team","","3 days","1 week or less","","$ 7 million","$5000000 or less","Yes","","$173,000 ","https://www.hipaajournal.com/acadian-ambulance-ransomware-attack/","",""
"1931","6/21/2024","2024","Tri-City College Prep High School","Arizona","Education Facilities","","Medusa","","","","","$100,000 ","","","","","https://web.archive.org/web/20250111133723/https://www.k12dive.com/news/education-ransomware-attacks-2024-comparitech/736854/
https://web.archive.org/web/20240618095430/https://thecyberexpress.com/medusa-ransomware-group-claims-cyberattack/
https://web.archive.org/web/20240716072603/https://www.breachsense.com/breaches/tri-city-college-prep-high-school-data-breach/","",""
"1932","6/22/2024","2024","The National Health Laboratory Service (NHLS)","South Africa","Healthcare and Public Health","","BlackSuit","","","","","","","","","","https://www.bitdefender.com/en-us/blog/hotforsecurity/ransomware-attack-on-blood-testing-service-puts-lives-in-danger-in-south-africa/?srsltid=AfmBOorYl9Uu2NfJxTrikLlfMYXAVBHVL9J2Qry2iPmkMM96yJPY1cKi%2F","",""
"1933","6/24/2024","2024","Cambridge University Press & Assessment","Massachusetts","Education Facilities","","INC Ransom","G1032","","","","","","","","","https://www.redhotcyber.com/en/post/cambridge-university-press-assessment-ends-up-in-the-dls-of-inc-ransomware/#google_vignette","",""
"1934","6/26/2024","2024","Elite Fitness","New Zealand","Commercial Facilities","","DragonForce","","","","","","","","","","https://www.bankinfosecurity.com/new-zealand-fitness-retailer-hit-by-dragonforce-ransomware-a-25718","",""
"1935","6/26/2024","2024","Florida Department of Health","Florida","Government Facilities","Healthcare and Public Health","RansomHub","","","1 week or less","","","","No","","","https://www.gulflive.com/news/2024/07/florida-health-data-reportedly-released-on-dark-web-after-state-refuses-to-meet-ransom-demand.html
https://www.hipaajournal.com/ransomhub-florida-department-health-cyberattack/","",""
"1936","6/27/2024","2024","Kadokawa Group","Japan","Communication","","BlackSuit","","","","","","","","","","https://dotesports.com/business/news/fromsoftware-parent-company-kadokawa-hit-by-major-ransomware-attack","",""
"1937","6/27/2024","2024","Kadokawa","Japan","Commercial Facilities","","BlackSuit","","","","","$2.98 million","$5000000 or less","","","","https://therecord.media/japan-anime-giant-data-leak-ransomware
https://therecord.media/kadokawa-japan-reported-ransomware-payment","",""
"1938","6/29/2024","2024","Patelco Credit Union","California","Financial Services","","","","2 weeks","1 month or less","","","","","","","https://www.kron4.com/news/bay-area/patelco-credit-union-serious-security-incident-leaves-customers-unable-to-bank-online/ ;
https://www.abc10.com/video/money/patelco-online-banking-to-return-monday-2-weeks-after-ransomware-attack/103-1dafc162-4d1f-4c40-8a9b-5a8b647de73c","",""
"1939","7/1/2024","2024","Monroe County","Indiana","Government Facilities","","BlackSuit","","","1 week or less","","","","","","","https://www.idsnews.com/article/2024/07/monroe-county-government-servers-intrusion-ransomware","",""
"1940","7/1/2024","2024","Richland-Bean Blossom Community School (Edgewood Schools)","Indiana","Education Facilities","","BlackSuit","","","","","","","","","","https://bsquarebulletin.com/2024/07/13/blacksuit-ransomware-update-42gb-of-data-claimed-to-be-from-edgewood-schools-posted-nothing-new-on-monroe-county-government-attack/","",""
"1941","7/1/2024","2024","American Golf Corporation","United States","Commercial Facilities","","Medusa","","","","","$2 million","$5000000 or less","","","","https://www.scmagazine.com/brief/medusa-ransomware-claims-american-golf-corporation-hack","",""
"1942","7/1/2024","2024","Wayne Memorial Hospital","Pennsylvania","Healthcare and Public Health","","Monti","","","","","","","","","","https://securityaffairs.com/165076/cyber-crime/monti-gang-wayne-memorial-hospital-pennsylvania.html","",""
"1943","7/1/2024","2024","Mt. San Rafael Hospital","Trinidad and Tobago","Healthcare and Public Health","","","","","","","","","","","","https://worldjournalnewspaper.com/mt-san-rafael-is-victim-of-ransomware-hack/","",""
"1944","7/1/2024","2024","Community Care Alliance","Rhode Island","Healthcare and Public Health","","Rhysida","","","","","","","","","","https://www.hipaajournal.com/six-healthcare-providers-added-to-ransomware-data-leak-sites/
https://www.hipaajournal.com/rhode-island-human-services-agency-announced-114k-record-data-breach/","",""
"1945","7/2/2024","2024","Town of Apex","North Carolina","Government Facilities","","","","","","","","","","","","https://www.wral.com/story/no-leads-in-apex-ransomware-attack/21509516/","",""
"1946","7/9/2024","2024","Clay County","Indiana","Government Facilities","","","","","","","","","","","","https://statescoop.com/clay-county-indiana-county-website-ransomware-attack/","",""
"1947","7/10/2024","2024","Bassett Furniture","Virginia","Commercial Facilities","Critical Manufacturing","","","","","","","","","","","https://www.securityweek.com/ransomware-attack-disrupts-bassett-furniture-manufacturing-facilities/","",""
"1948","7/15/2024","2024","Gibbs Hurley Chartered Accountants","Australia","Financial Services","","Hunters International","","","","","","","","","","https://www.accountantsdaily.com.au/business/20186-ransomware-attack-allegedly-strikes-accounting-firm","",""
"1949","7/16/2024","2024","Department of Migrant Workers (DMW)","Philippines","Government Facilities","","","","","","","","","","","","https://www.gmanetwork.com/news/topstories/nation/913477/ransomware-dmw/story/","",""
"1950","7/16/2024","2024","Charleston County School District","South Carolina","Education Facilities","","RansomHub","","","","","","","","","","https://web.archive.org/web/20250111133723/https://www.k12dive.com/news/education-ransomware-attacks-2024-comparitech/736854/
https://web.archive.org/web/20240819195917/https://www.counton2.com/news/local-news/charleston-county-news/charleston-county-school-district-says-cyberattack-came-from-unknown-hackers/","",""
"1951","7/18/2024","2024","City of Columbus","Ohio","Government Facilities","","Rhysida","","","More than 1 month","30 bitcoin","$1.9 million","$5000000 or less","No","","","https://therecord.media/columbus-ransomware-officials-warn-victims-after-data-leak
https://www.nbc4i.com/news/local-news/columbus/ransomware-group-claims-columbus-attack-selling-6-terabytes-of-passwords-and-more/
https://arstechnica.com/security/2024/08/city-of-columbus-sues-man-after-he-discloses-severity-of-ransomware-attack/","",""
"1952","7/18/2024","2024","Effingham County Schools","Georgia","Education Facilities","","RansomHub","","","","","","","","","","https://web.archive.org/web/20250111133723/https://www.k12dive.com/news/education-ransomware-attacks-2024-comparitech/736854/
https://web.archive.org/web/20240725163014/https://www.effinghamschools.com/
https://web.archive.org/web/20250111174023/https://www.halcyon.ai/attacks/effingham-county-schools-hit-by-ransomhub-ransomware-attack","",""
"1953","7/19/2024","2024","Superior Court of Los Angeles County ","California","Government Facilities","","","","","","","","","","","","https://www.nbclosangeles.com/local-2/la-county-superior-court-hit-by-ransomware-attack/3464626/","",""
"1954","7/21/2024","2024","Millinocket Regional Hospital","Maine","Healthcare and Public Health","","RansomHub","","","","","","","","","","https://www.hipaajournal.com/two-more-healthcare-orgs-attacked-by-ransomhub/","",""
"1955","7/22/2024","2024","Jefferson County Clerk's Office","Kentucky","Government Facilities","","","","","","","","","","","","https://statescoop.com/ransomware-jefferson-county-kentucky-columbus-ohio/","",""
"1956","7/23/2024","2024","Brazilian ministries","Brazil","Government Facilities","","Fog","","","","","$1.2 million","$5000000 or less","","","","https://www.occrp.org/en/scoop/ransomware-attack-on-brazilian-govt-exposes-fog-cyber-gang","",""
"1957","7/25/2024","2024","Town of Summervile","South Carolina","Government Facilities","","Embargo","","","","","","","","","","https://www.live5news.com/2024/07/26/town-summerville-suffers-ransomware-based-cyberattack/ ;
https://cybernews.com/security/summerville-police-ransomware-attack-embargo-alphv-blackcat-/","",""
"1958","7/26/2024","2024","Summerville Police Department","South Carolina","Emergency Services","","Embargo","","","","","","","","","","https://cybernews.com/security/summerville-police-ransomware-attack-embargo-alphv-blackcat-/","",""
"1959","7/26/2024","2024","Neurological Spine Institute of Savannah","Georgia","Healthcare and Public Health","","RansomHub","","","","","","","","","","https://www.hipaajournal.com/alabama-cardiovascular-group-cyberattack-affects-280500-individuals/
https://x.com/FalconFeedsio/status/1816959211697504485","",""
"1960","7/29/2024","2024","OneBlood","Florida","Healthcare and Public Health","","","","11 days","1 month or less","","","","","","","https://www.oneblood.org/pages/ransomware-details.html
https://www.bankinfosecurity.com/oneblood-notifying-donors-affected-by-2024-ransomware-hack-a-27287
https://therecord.media/ransomware-attack-blood-center-shortage-protocols-hospitals","",""
"1961","7/30/2024","2024","Northwest Arkansas Community College (NWACC)","Arkansas","Education Facilities","","","","","","","","","No","","","https://www.5newsonline.com/article/news/local/nwacc-cyberattack-ransomware-northwest-arkansas-college/527-e131f8fa-c07e-4243-b4fa-59ac037c0db2","",""
"1962","7/31/2024","2024","C-Edge Technologies","India","Financial Services","Information Technology","","","","","","","","","","","https://www.thehindu.com/sci-tech/technology/customers-at-several-small-sized-banks-affected-as-tech-provider-c-edge-suffers-ransomware-attack/article68470198.ece","",""
"1963","8/1/2024","2024","Betances Health Center","New York","Healthcare and Public Health","","Hunters International","","","","","","","","","","https://www.hipaajournal.com/six-healthcare-providers-added-to-ransomware-data-leak-sites/","",""
"1964","8/1/2024","2024","Halliburton","Global","Energy","","RansomHub","","","","","$45 million","More than $5000000","","","","https://www.scmagazine.com/news/halliburton-confirms-cyberattack-on-its-systems
https://www.securityweek.com/us-government-issues-advisory-on-ransomware-group-blamed-for-halliburton-cyberattack/
https://www.bleepingcomputer.com/news/security/halliburton-cyberattack-linked-to-ransomhub-ransomware-gang/","",""
"1965","8/1/2024","2024","The Washington Times","Washington","Communication","","Rhysida","","","","5 bitcoin","$304,518 ","$1000000 or less","","","","https://cybernews.com/news/washington-times-ransomware-attack-rhysida-claim/","",""
"1966","8/1/2024","2024","Stoli Gorup","United States","Commercial Facilities","","","","","","","","","","","","https://therecord.media/stoli-group-usa-bankruptcy-filing-ransomware","",""
"1967","8/3/2024","2024","System used by 40 French Museums","France","Commercial Facilities","","","","","","","","","","","","https://www.infosecurity-magazine.com/news/french-museums-ransomware/","","*during the Paris Olympics"
"1968","8/3/2024","2024","Grand Palais","France","Commercial Facilities","","","","","","","","","","","","https://www.darkreading.com/cyber-risk/cyberattack-strikes-grand-palais-rmn-impact-appears-limited","",""
"1969","8/5/2024","2024","McLaren Health Care","Michigan","Healthcare and Public Health","","INC Ransom","G1032","","","","","","","","","https://www.bleepingcomputer.com/news/security/mclaren-hospitals-disruption-linked-to-inc-ransomware-attack/
https://www.techtarget.com/searchsecurity/news/366610014/Ransomware-rocked-healthcare-public-services-in-August","",""
"1970","8/7/2024","2024","City of Killeen","Texas","Government Facilities","","BlackSuit","","","","","","","","","","https://therecord.media/texas-florida-local-governments-ransomware-neuberger-nakasone-white-house","",""
"1971","8/7/2024","2024","Sumter County Sherriff's Office","Florida","Government Facilities","","Rhysida","","","","7 bitcoin","$423,000 ","$1000000 or less","","","","https://www.scmagazine.com/news/rhysida-ransomware-hits-sumter-county-sheriff-in-latest-ci-attack","",""
"1972","8/7/2024","2024","Bayhealth Hospital","Delaware","Healthcare and Public Health","","Rhysida","","","","25 bitcoin","$1.4 million","$5000000 or less","","","","https://securityaffairs.com/166749/cyber-crime/rhysida-ransomware-bayhealth-hospital.html","",""
"1973","8/8/2024","2024","Evolution Mining","Australia","Energy","","","","","","","","","","","","https://www.darkreading.com/cyberattacks-data-breaches/gold-mining-company-struck-by-ransomware-attack","",""
"1974","8/9/2024","2024","Schlatter Industries","Switzerland","Critical Manufacturing","","","","","","","","","","","","https://www.scmagazine.com/brief/suspected-ransomware-intrusion-affects-schlatter-industries","",""
"1975","8/12/2024","2024","Brookshire Dental","Texas","Healthcare and Public Health","","Qilin","","","","","","","","","","https://www.hipaajournal.com/six-healthcare-providers-added-to-ransomware-data-leak-sites/","",""
"1976","8/13/2024","2024","Gadsden Independent School District","New Mexico","Education Facilities","","","","","","","","","","","","https://www.ktsm.com/news/gadsden-isd-hit-by-ransomware-attack/","",""
"1977","8/14/2024","2024","City of Flint","Michigan","Government Facilities","","","","","1 month or less","","","","","","","https://www.freep.com/story/news/local/michigan/2024/08/16/ransomware-attack-flint-internet-phone-outages/74831663007/
https://www.techtarget.com/searchsecurity/news/366610014/Ransomware-rocked-healthcare-public-services-in-August","",""
"1978","8/15/2024","2024","AutoCanada","Canada","Commercial Facilities","","Hunters International","","","","","","","","","","https://www.bleepingcomputer.com/news/security/autocanada-says-ransomware-attack-may-impact-employee-data/","",""
"1979","8/15/2024","2024","Cincinnati Public Schools","Ohio","Education Facilities","","","","","","","","","","","","https://www.cincinnati.com/story/news/education/2024/09/27/cincinnati-public-schools-suffers-ransomware-attack/75411988007/","",""
"1980","8/17/2024","2024","Microchip Technology","Arizona","Critical Manufacturing","","Play","G1040","","","","","","No","","","https://therecord.media/microchip-technology-hack-play-ransomware ;
https://therecord.media/microchip-technology-operations-cyberattack-disrupted
https://www.heise.de/en/news/Ransomware-group-Play-publishes-data-allegedly-from-Microchip-9852564.html
https://www.techtarget.com/searchsecurity/news/366610014/Ransomware-rocked-healthcare-public-services-in-August","",""
"1981","8/18/2024","2024","Cosmetic Dental Group","United Kingdom","Healthcare and Public Health","","Trinity","","","","","","","","","","https://ransomwareattacks.halcyon.ai/attacks/trinity-ransomware-hits-cosmetic-dental-group-3-63-tb-data-at-risk","",""
"1982","8/24/2024","2024","Port of Seattle","Washington","Transportation Systems","","Rhysida","","","","100-bitcoin","$5.9 million","More than $5000000","No","","","https://seatacblog.com/2024/09/13/update-port-of-seattle-reveals-recent-cyberattack-was-ransomware-declines-to-pay-hackers/
https://cyberscoop.com/ransomware-group-releases-screenshots-in-attempted-extortion-of-port-of-seattle/","",""
"1983","8/26/2024","2024","Yazoo Valley Electric Power Association","Mississippi","Energy","","Akira","S1129","","","","","","","","","https://web.archive.org/web/20250206171447/https://www.maine.gov/agviewer/content/ag/985235c7-cb95-4be2-8792-a1252b4f8318/93c8c3c5-1c8d-47bc-bf45-aefb701811f9.html
https://web.archive.org/web/20250205003518/https://therecord.media/mississippii-electric-utility-residents-breach
https://x.com/ecrime_ch/status/1855943569267101885

","",""
"1984","8/27/2024","2024","Jas Worldwide","Atlanta","Transportation Systems","","","","","1 week or less","","","","","","","https://www.techtarget.com/searchsecurity/news/366610014/Ransomware-rocked-healthcare-public-services-in-August","",""
"1985","8/28/2024","2024","Planned Parenthood","Montana","Healthcare and Public Health","","RansomHub","","","","","","","","","","https://www.securityweek.com/ransomware-gang-claims-cyberattack-on-planned-parenthood/
https://www.bleepingcomputer.com/news/security/planned-parenthood-confirms-cyberattack-as-ransomhub-claims-breach/","",""
"1986","8/30/2024","2024","German Youth Hostel Association (DJH)","Germany","Commercial Facilities","","Hunters","","","","","","","","","","https://www.heise.de/en/news/Youth-hostels-apparently-victims-of-ransomware-gang-Hunters-9939115.html","",""
"1987","9/1/2024","2024","Industrial and Commercial Bank of China (ICBC)","London","Financial Services","","Hunters International","","","","","","","","","","https://www.scmagazine.com/brief/hunters-international-lays-claim-on-icbc-london-compromise","",""
"1988","9/1/2024","2024","Kawasaki Motors Europe","Europe","Critical Manufacturing","","RansomHub","","","","","","","","","","https://www.bleepingcomputer.com/news/security/ransomhub-claims-kawasaki-cyberattack-threatens-to-leak-stolen-data/","",""
"1989","9/1/2024","2024","Transport for London","United Kingdom","Transportation Systems","","","","","","","","","","","","https://www.computerweekly.com/news/366616875/TfL-cyber-attack-cost-over-30m-to-date","",""
"1990","9/2/2024","2024","Indraprastha Institute of Information Technology Delhi (IIIT-Delhi)","India","Education Facilities","","RansomHub","","","","","","","","","","https://ransomwareattacks.halcyon.ai/attacks/ransomhub-ransomware-attack-exposes-140gb-data-at-iiit-delhi","",""
"1991","9/4/2024","2024","Compass Group","Australia","Food and Agriculture","","Medusa","","","","","$2 million","$5000000 or less","","","","https://www.cyberdaily.au/security/11128-exclusive-sydney-based-compass-group-confirms-medusa-ransomware-attack","",""
"1992","9/5/2024","2024","Weiser Memorial Hospital","Idaho","Healthcare and Public Health","","Embargo","","","","","","","","","","https://www.hipaajournal.com/weiser-memorial-hospital-investigating-cyberattack/","",""
"1993","9/5/2024","2024","Great Plain Regional Medical Center","Oklahoma","Healthcare and Public Health","","","","","","","","","","","","https://www.hipaajournal.com/great-plains-regional-medical-center-ransomware/","",""
"1994","9/6/2024","2024","Charles Darwin School","United Kingdom","Education Facilities","","BlackSuit","","","","","","","","","","https://www.cdarwin.com/_site/data/files/A6D10B7C82B480CFC39A7DEA3AF4BD79.pdf
https://therecord.media/ransomware-attack-forces-london-high-school-to-close
https://www.comparitech.com/news/ransomware-gang-blacksuit-claims-attack-on-charles-darwin-school-student-data-stolen/","",""
"1995","9/7/2024","2024","Highline Public Schools","Washington","Education Facilities","","","","","","","","","","","","https://www.seattletimes.com/education-lab/hackers-target-seattle-area-school-district-for-ransomware-attack/
https://www.bleepingcomputer.com/news/security/highline-public-schools-confirms-ransomware-attack-was-behind-september-shut-down/","",""
"1996","9/7/2024","2024","Cardiology of Virginia","Virginia","Healthcare and Public Health","","RansomHub","","","","","","","","","","https://www.hipaajournal.com/two-more-healthcare-orgs-attacked-by-ransomhub/
https://web.archive.org/web/20241108053653/https://databreaches.net/2024/10/23/cardiology-of-virginia-patient-data-appears-to-be-up-for-sale-has-the-entity-issued-any-statement-at-all/","",""
"1997","9/10/2024","2024","Boston Children's Health Physicians","New York","Healthcare and Public Health","","BianLian","","","","","","","","","","https://www.techradar.com/pro/boston-childrens-health-physicians-told-to-pay-up-or-face-leak-by-ransomware-group","",""
"1998","9/11/2024","2024","Granite School District","Utah","Education Facilities","","Rhysida","","15 days","1 month or less","","$1.5 million","$5000000 or less","","","","https://web.archive.org/web/20250111133723/https://www.k12dive.com/news/education-ransomware-attacks-2024-comparitech/736854/","",""
"1999","9/11/2024","2024","Town of Ulster","New York","Government Facilities","","","","","","","","","","","","https://webcf.waybackmachine.org/web/20250128203137/https://dysruptionhub.com/town-of-ulster-in-new-york-faces-major-cyberattack-enters-disaster-recovery-mode/
https://webcf.waybackmachine.org/web/20250128203322/https://hudsonvalleyone.com/2024/09/18/town-of-ulster-is-in-a-disaster-recovery-mode/","",""
"2000","9/12/2024","2024","Providence Public Schools Department (PPSD)","Rhode Island","Education Facilities","","Medusa","","","","","$1 million","$1000000 or less","","","","https://rhodeislandcurrent.com/2024/09/18/the-clock-is-running-on-ransomware-attack-against-providence-schools/","",""
"2001","9/15/2024","2024","Rocky Mountain Gastroenterology","Colorado","Healthcare and Public Health","","Trinity","","","","","","","","","","https://www.hipaajournal.com/trinity-ransomware-healthcare-warning/
","",""
"2002","9/16/2024","2024","Fylde Coast Academy Trust (FCAT)/Blackpool","United Kingdom","Education Facilities","","Rhysida","","","","20 bitcoin","$1.51 million","","","","","https://www.computing.co.uk/news/2024/security/ransomware-blackpool-schools
https://www.blackpoolgazette.co.uk/news/crime/hackers-hold-lancashire-academy-schools-to-ransom-after-cyber-attack-4787702
https://www.msn.com/en-gb/money/other/rhysida-hackers-send-12m-ransom-letter-to-fylde-coast-academy-trust-and-threaten-to-release-personal-data/ar-AA1tGryg","",""
"2003","9/17/2024","2024","City of Pleasanton","California","Government Facilities","","Valencia","","","","","","","","","","https://www.breachsense.com/breaches/city-of-pleasanton-data-breach/","",""
"2004","9/20/2024","2024","Kansas Water Facility","Kansas","Water and Wastewater Systems","","","","","","","","","","","","https://www.pcmag.com/news/kansas-water-facility-moves-to-manual-operations-after-ransomware-attack","",""
"2005","9/22/2024","2024","Houston Housing Authority","Texas","Government Facilities","","","","","","","","","","","","https://www.houstonchronicle.com/news/houston-texas/housing/article/houston-housing-authority-hha-ransomware-attack-19887055.php","",""
"2006","9/23/2024","2024","American Addiction Center","Tennessee","Healthcare and Public Health","","Rhysida","","","","","","","","","","https://www.bankinfosecurity.com/ransomware-group-hits-substance-abuse-treatment-service-a-27166
https://x.com/FalconFeedsio/status/1857730516360810821
https://www.hipaajournal.com/american-addiction-centers-ransomware-attack/","",""
"2007","9/26/2024","2024","Lubbock University Medical Center","Texas","Healthcare and Public Health","","","","","","","","","","","","https://www.everythinglubbock.com/news/local-news/lubbock-umc-experiences-ransomware-attack-diverts-patients-to-other-hospitals/","",""
"2008","9/26/2024","2024","Shenango Area School District","Pennsylvania","Education Facilities","","Rhysida","","","","20 bitcoin","$1.3 million","$5000000 or less","","","","https://web.archive.org/web/20250111133723/https://www.k12dive.com/news/education-ransomware-attacks-2024-comparitech/736854/
https://www.halcyon.ai/attacks/rhysida-ransomware-strikes-shenango-school-district","",""
"2009","9/27/2024","2024","Richmond Community Schools","Indiana","Education Facilities","","","","","","","","","","","","https://www.wdtn.com/news/local-news/local-school-district-suffers-ransomware-attack/","",""
"2010","9/30/2024","2024","Ideallease Inc","Illinois","Transportation Systems","","Nitrogen","","","","","","","","","","https://dailydarkweb.net/nitrogen-ransomware-group-allegedly-targets-six-new-companies/","",""
"2011","9/30/2024","2024","MDSI Inc","Georgia","Information Technology","","Nitrogen","","","","","","","","","","https://dailydarkweb.net/nitrogen-ransomware-group-allegedly-targets-six-new-companies/","",""
"2012","9/30/2024","2024","Brechbuhler Scales Inc","Ohio","Critical Manufacturing","","Nitrogen","","","","","","","","","","https://dailydarkweb.net/nitrogen-ransomware-group-allegedly-targets-six-new-companies/","",""
"2013","9/30/2024","2024","Magenta Photo Studio","Canada","Commercial Facilities","","Nitrogen","","","","","","","","","","https://dailydarkweb.net/nitrogen-ransomware-group-allegedly-targets-six-new-companies/","",""
"2014","9/30/2024","2024","Spectrum Industries","India","Critical Manufacturing","","Nitrogen","","","","","","","","","","https://dailydarkweb.net/nitrogen-ransomware-group-allegedly-targets-six-new-companies/","",""
"2015","9/30/2024","2024","Control Panels USA","Texas","Critical Manufacturing","","Nitrogen","","","","","","","","","","https://dailydarkweb.net/nitrogen-ransomware-group-allegedly-targets-six-new-companies/","",""
"2016","10/1/2024","2024","C.R. Laurence","California","Critical Manufacturing","","","","","","","","","","","","https://www.usglassmag.com/cyberattack-hits-crl-services-restored/?oly_enc_id=
https://www.techtarget.com/searchsecurity/news/366615394/Ransomware-attacks-caused-prolonged-disruptions-in-October","",""
"2017","10/2/2024","2024","Wayne County","Michigan","Government Facilities","","Interlock","","","","","","","","","","https://www.wxyz.com/news/local-news/investigations/cyberattack-hits-wayne-county-government-services-affected-as-hacker-demands-ransom
https://www.bleepingcomputer.com/news/security/meet-interlock-the-new-ransomware-targeting-freebsd-servers/","",""
"2018","10/2/2024","2024","Research Electronics International","Tennessee","Critical Manufacturing","","Nitrogen","","","","","","","","","","https://www.breachsense.com/breaches/research-electronics-international-data-breach/","",""
"2019","10/2/2024","2024","Abstract and Title Co","Oklahoma","Commercial Facilities","","RansomHub","","","","","","","","","","https://www.facebook.com/TheOklahomaCityAbstractandTitle/posts/pfbid02qHAUd5Y6NCAGLru9bqfDm797s5HxvW5XxK2KWfkVBy8hyuq82aCBwyAas8K6u5qLl
https://www.techtarget.com/searchsecurity/news/366615394/Ransomware-attacks-caused-prolonged-disruptions-in-October","",""
"2020","10/2/2024","2024","Berufsbildungszentrum ","Switzerland","Education Facilities","","","","","","","","","","","","https://sh.ch/CMS/Webseite/Kanton-Schaffhausen/Beh-rde/Regierung/Staatskanzlei-15606324-DE.html
https://therecord.media/ransomware-attack-german-speaking-school-switzerland-bbz-schaffhausen","",""
"2021","10/3/2024","2024","Red Barrels","Canada","Commercial Facilities","","Nitrogen","","","","","","","","","","https://cybersecuritynews.com/red-barrels-cyber-attack/","",""
"2022","10/3/2024","2024","Golden Age Nursing Home","Mississippi","Healthcare and Public Health","","Rhysida","","","","10 bitcoin","","","","","","https://www.hipaajournal.com/axis-health-system-ransomware-attack/
https://www.halcyon.ai/attacks/rhysida-ransomware-hits-oklahoma-nursing-home-in-cyberattack","",""
"2023","10/5/2024","2024","Casio","Japan","Critical Manufacturing","","Underground","","","","","","","No","","","https://web.archive.org/web/20250108083811/https://world.casio.com/news/2025/0107-incident/","",""
"2024","10/7/2024","2024","Vermilion Parish School Board","Louisiana","Education Facilities","","Rhysida","","","","15 bitcoin","$1.4 million","$5000000 or less","","","","https://www.comparitech.com/news/ransomware-gang-demands-1-4-million-from-louisiana-school-district/","",""
"2025","10/9/2024","2024","Road Distribution Services","Australia","Transportation Systems","","Sarcoma","","","","","","","","","","https://www.cyberdaily.au/security/11230-exclusive-wa-firm-road-distribution-services-hit-by-sarcoma-ransomware
https://www.halcyon.ai/attacks/ransomware-attack-on-road-distribution-services-by-sarcoma-group","",""
"2026","10/9/2024","2024","Advanced Accounting","New Zealand","Financial Services","","Sarcoma","","","","","","","","","","https://www.cyberdaily.au/security/11225-exclusive-new-zealand-accounting-firm-confirms-sarcoma-ransomware-attack","",""
"2027","10/9/2024","2024","Nevada Joint Union High School District (NJUHSD)","Nevada","Education Facilities","","","","","","","","","","","","https://www.theunion.com/news/cyber-attack-results-in-shut-down-of-internet-throughout-nevada-county-schools/article_b138b256-8668-11ef-9218-6fee70dbb5c6.html
https://www.theunion.com/news/ransom-demands-and-cyber-attack-affecting-internet-use-for-schools-across-nevada-county/article_fb8fa596-8760-11ef-aee7-0fa5a4834c01.html
https://www.techtarget.com/searchsecurity/news/366615394/Ransomware-attacks-caused-prolonged-disruptions-in-October","",""
"2028","10/10/2024","2024","Axis Health System","Mississippi","Healthcare and Public Health","","Rhysida","","","","25 bitcoin","$1.48 million","$5000000 or less","","","","https://www.govinfosecurity.com/rhysida-leaks-nursing-home-data-demands-15m-from-axis-a-26516
https://www.hipaajournal.com/axis-health-system-ransomware-attack/","",""
"2029","10/10/2024","2024","The Plastic Bag Company","Australia","Critical Manufacturing","","Sarcoma","","","","","","","","","","https://www.cyberdaily.au/security/11217-exclusive-the-plastic-bag-company-falls-victim-to-sarcoma-ransomware-attack","",""
"2030","10/10/2024","2024","Perfection Fresh","Australia","Food and Agriculture","","Sarcoma","","","","","","","","","","https://www.cyberdaily.au/security/11221-exclusive-aussie-fresh-produce-company-perfection-fresh-confirms-ransomware-attack","",""
"2031","10/10/2024","2024","Calgary public libraries","Canada","Education Facilities","","","","","","","","","","","","https://calgaryherald.com/news/librarys-data-breach-the-result-of-a-ransomware-attack","",""
"2032","10/12/2024","2024","Western Alliance Bank","Arizona","Financial Services","","Clop","S0611","12 days","","","","","","","","https://web.archive.org/web/20250318182328/https://therecord.media/western-alliance-bank-data-breach","",""
"2033","10/21/2024","2024","Transak","United States","Financial Services","","Stormous","","","","","","","","","","https://coinmarketcap.com/community/articles/67260e4662eb1862c6990545/
https://transak.com/blog/transak-security-incident-oct-2024
https://www.halcyon.ai/attacks/ransomware-hits-transak-exposing-92-554-users-data","",""
"2034","10/21/2024","2024","Winnebago Public Schools","Nebraska","Education Facilities","","","","","","","","","","","","https://web.archive.org/web/20250111133723/https://www.k12dive.com/news/education-ransomware-attacks-2024-comparitech/736854/
https://web.archive.org/web/20250111173517/https://dailysecurityreview.com/security-spotlight/winnebago-public-schools-shuts-down-after-devastating-cyberattack/","",""
"2035","10/23/2024","2024","City of Coppell","Texas","Government Facilities","","RansomHub","","","","","","","","","","https://therecord.media/ransomhub-cybercrime-coppell-texas-minneapolis-parks-agency","",""
"2036","10/23/2024","2024","Aspen Healthcare Services","Texas","Healthcare and Public Health","","","","","","","","","","","","https://www.hipaajournal.com/rrca-accounts-management-ransomware/","",""
"2037","10/25/2024","2024","Pacific Pulmonary Medical Group","California","Healthcare and Public Health","","Everest","","","","","","","","","","https://databreaches.net/2024/11/23/pacific-pulmonary-medical-group-patient-information-dumped-by-everest-ransomware-team/","",""
"2038","10/25/2024","2024","Meshworks","Australia","Critical Manufacturing","","Sarcoma","","","","","","","","","","https://www.cyberdaily.au/security/11296-australian-steel-fabricator-meshworks-suffers-alleged-sarcoma-ransomware-attack","",""
"2039","10/28/2024","2024","AEP","Germany","Healthcare and Public Health","","","","","","","","","","","","https://www.aep.de/
https://www.govinfosecurity.com/german-pharma-wholesaler-aep-targeted-in-ransomware-attack-a-26704","",""
"2040","10/28/2024","2024","Interboro School District","Pennsylvania","Education Facilities","","RansomHub","","","","","","","","","","https://web.archive.org/web/20241112205842/https://www.cbsnews.com/philadelphia/news/interboro-school-district-cybercriminals-glenolden-pennsylvania/
https://web.archive.org/web/20250111175633/https://www.comparitech.com/news/ransomware-gang-claims-cyberattack-that-shut-down-a-pennsylvania-school-district/","",""
"2041","10/29/2024","2024","Newpark Resources","Texas","Energy","","","","","","","","","","","","https://therecord.media/oilfield-supplier-faces-disruptions-cyberattack","",""
"2042","10/31/2024","2024","Housing Authority of Los Angeles (HACLA)","California","Government Facilities","","Cactus","","","","","","","","","","https://therecord.media/hacla-los-angeles-second-ransomware-attack","",""
"2043","10/31/2024","2024","Microlise","United Kingdom","Transportation Systems","","Lockbit/SafePay","","","","","","","","","","https://www.securityweek.com/microlise-confirms-data-breach-as-ransomware-group-steps-forward/","",""
"2044","10/31/2024","2024","San Joaquin County Superior Court","California","Government Facilities","","","","","","","","","","","","https://www.facebook.com/SJSuperiorCourt/posts/934737472022288
https://therecord.media/california-court-suffering-from-tech-outages-cyberattack","",""
"2045","10/31/2024","2024","City of Sheboygan","Wisconsin","Government Facilities","","","","","","","","","","","","https://www.sheboyganwi.gov/itupdate-2/
https://www.wpr.org/wp-content/uploads/2024/11/For-Immediate-Release-City-of-Sheboygan-Provides-Updates-on-Network-Issue-and-Service-Restoration-Efforts-.pdf
https://www.cbs58.com/news/local-authorities-investigate-sheboygan-ransomware-attack","",""
"2046","11/1/2024","2024","Memorial Hospital and Manor","Georgia","Healthcare and Public Health","","Embargo","","","","","","","","","","https://www.bankinfosecurity.com/embargo-ransomware-gang-sets-deadline-to-leak-hospital-data-a-26784","",""
"2047","11/1/2024","2024","Brockton Neighborhood Health Center","Massachusetts","Healthcare and Public Health","","Interlock","","","","","","","","","","https://www.hipaajournal.com/brockton-neighborhood-health-center-suffers-ransomware-attack/","",""
"2048","11/4/2024","2024","Schneider Electric","France","Energy","","Hellcat","","","","","$125,000 ","$100000 or less","","","","https://cyberscoop.com/schneider-electric-energy-ransomware-hellcat/","",""
"2049","11/5/2024","2024","Wexford County","Michigan","Government Facilities","","","","","","","","","","","","https://wexfordcounty.org/
https://www.9and10news.com/2025/01/17/no-answers-to-when-wexford-county-will-return-to-normal-after-november-ransomware-attack/","",""
"2050","11/13/2024","2024","American Associated Pharmacies","Alabama","Healthcare and Public Health","","Embargo","","","","","","","","","","https://www.hipaajournal.com/embargo-ransomware-american-associated-pharmacies/
https://www.halcyon.ai/attacks/american-associated-pharmacies-hit-by-embargo-ransomware","",""
"2051","11/14/2024","2024","Defense Procurement Agency","Hungary","Government Facilities","","INC Ransom","G1032","","","","$5 million","$5000000 or less","","","","https://www.reuters.com/technology/cybersecurity/hungarys-defence-procurement-agency-hacked-government-says-2024-11-14/
https://www.halcyon.ai/attacks-news/inc-ransomware-gang-infiltrates-hungarian-defense-network","",""
"2052","11/15/2024","2024","Government of Mexico","Mexico","Government Facilities","","RansomHub","","","","","","","","","","https://cybernews.com/news/mexico-government-official-website-ransomware-attack-ransomhub/","",""
"2053","11/20/2024","2024","Minneapolis Park and Recreation Board","Minnesota","Government Facilities","","RansomHub","","","","","","","","","","https://mndaily.com/291942/city/minneapolis-parks-and-recreation-board-phone-lines-down-after-cyberattack/","",""
"2054","11/21/2024","2024","Blue Yonder","Arizona","Commercial Facilities","","Termite","","","","","","","","","","https://blueyonder.com/customer-update
https://cyberscoop.com/termite-ransomware-blue-yonder-disruption/
https://cyberscoop.com/blue-yonder-ransomware-impact-starbucks-supermarkets/","",""
"2055","11/21/2024","2024","Artivion","Georgia","Healthcare and Public Health","","","","","","","","","","","","https://www.bleepingcomputer.com/news/security/ransomware-attack-hits-leading-heart-surgery-device-maker/","",""
"2056","11/25/2024","2024","Wirral University Teaching Hospital (WUTH) NHS Trust ","United Kingdom","Healthcare and Public Health","","","","","","","","","","","","https://www.infosecurity-magazine.com/news/wirral-hospital-recovery-continues/
https://www.hipaajournal.com/ransomware-groups-attack-multiple-uk-nhs-trusts/","",""
"2057","11/25/2024","2024","ENGlobal Corporation","Texas","Energy","","","","","","","","","","","","https://www.securityweek.com/energy-sector-contractor-englobal-targeted-in-ransomware-attack/","",""
"2058","11/27/2024","2024","City of Hoboken","New Jersey","Government Facilities","","","","","","","","","","","","https://patch.com/new-jersey/hoboken/hoboken-city-hall-victim-cyber-attack-they-say-messages","",""
"2059","11/27/2024","2024","Refinadora Costarricense de Petróleo (RECOPE)","Costa Rica","Energy","","RansomHub","","","","","$5 million","$5000000 or less","","","","https://therecord.media/costa-rica-state-energy-company-ransomware
https://therecord.media/state-department-falcon-cyber-response-costa-rica-recope","",""
"2060","11/28/2024","2024","Alder Hey Children's Hospital","United Kingdom","Healthcare and Public Health","","INC Ransom","G1032","","","","","","","","","https://www.theguardian.com/technology/2024/nov/29/alder-hey-childrens-hospital-explores-data-breach-after-ransomware-claims","",""
"2061","11/29/2024","2024","Krispy Kreme","North Carolina","Commercial Facilities","","Play","G1040","","","","","","","","","https://www.cpomagazine.com/cyber-security/doughnut-chain-krispy-kreme-suffers-a-play-ransomware-cyber-attack-disrupting-online-ordering-systems/","",""
"2062","11/30/2024","2024","Port of Rijeka","Croatia","Transportation Systems","","8Base","","","","","","","","","","https://securityaffairs.com/171779/cyber-crime/8base-ransomware-croatias-port-of-rijeka.html","",""
"2063","11/30/2024","2024","McLeod Russel","India","Commercial Facilities","","","","","","","","","","","","https://www.cnbctv18.com/technology/mcleod-russel-india-responds-ransomware-attack-cybersecurity-no-impact-on-operations-19517577.htm
https://x.com/Onemetric_in/status/1863133758418776506","",""
"2064","12/1/2024","2024","British Telecom Gorup","United Kingdom","Communication","","Black Basta","S1070","","","","","","","","","https://www.cyberdaily.au/security/11460-bt-group-confirms-cyber-incident-following-black-basta-ransomware-claims","",""
"2065","12/1/2024","2024","Agencia Tributaria de España (Spanish Tax Agency)","Spain","Government Facilities","","Trinity","","","","","","","","","","https://www.canarianweekly.com/posts/Hackers-claim-to-have-560-GB-of-Spanish-Tax-Agency-data-demanding-38-million-ransom
https://www.halcyon.ai/attacks-news/ransomware-on-the-move-kairos-argonauts-ransomhub-akira","",""
"2066","12/1/2024","2024","PIH Health","California","Healthcare and Public Health","","","","","","","","","","","","https://www.pihhealth.org/cyber-incident-updates/
https://gbhackers.com/17m-patient-records-stolen-in-ransomware-attack/#google_vignette","",""
"2067","12/2/2024","2024","Highland Park ISD","Texas","Education Facilities","","","","","","","","","","","","https://www.beyondmachines.net/event_details/highland-park-isd-hit-by-ransomware-attack-m-7-f-z-v","",""
"2068","12/4/2024","2024","Deloitte","United Kingdom","Financial Services","","LockBit/Brain Cipher","","","","","","","","","","https://www.sangfor.com/blog/cybersecurity/brain-cipher-ransomware-attack-deloitte-uk-1tb-data-breach","",""
"2069","12/4/2024","2024","Marietta City Schools","Georgia","Education Facilities","","RansomHub","","","","","","","","","","https://web.archive.org/web/20250111180932/https://www.comparitech.com/news/ransomware-gang-says-it-stole-500-gb-of-data-from-marietta-city-schools/
https://web.archive.org/web/20250111181220/https://www.halcyon.ai/attacks/ransomhub-targets-marietta-city-schools-in-major-data-breach
https://web.archive.org/web/20250111181159/https://www.wsbtv.com/news/local/cobb-county/unauthorized-access-marietta-city-schools-confirms-hackers-tried-breaking-into-computer-system/VZOKJ3H4URAALFXWEX6Q6ZPSMQ/
","",""
"2070","12/5/2024","2024","State of Rhode Island/RIBridges","Rhode Island","Government Facilities","","Brain Cipher","","","","","$23 million","","","","","https://www.forbes.com/sites/daveywinder/2024/12/16/forget-the-drones-rhode-island-attacked-by-very-real-ransomware/
https://www.comparitech.com/news/ransomware-roundup-2024-end-of-year-report/","Deloitte vendor",""
"2071","12/9/2024","2024","Wood County","Ohio","Emergency Services","","","","","","","$1.5 million","$5000000 or less","Yes","","$1.5 million","https://statescoop.com/wood-county-ohio-ransomware-emergency-services/
https://www.13abc.com/2024/12/23/wood-county-pays-15-million-resolve-ransomware-attack/","",""
"2072","12/9/2024","2024","Avery","United States","Commercial Facilities","","","","","","","","","","","","https://web.archive.org/web/20250208095108/https://therecord.media/avery-products-ransomware-data-breach-notification","",""
"2073","12/11/2024","2024","Telecom Namibia","Namibia","Communication","","Hunters International","","","","","","","","","","https://developingtelecoms.com/telecom-technology/cyber-security/17762-ransomware-hackers-post-telecom-namibia-customer-data-on-dark-web.html
https://therecord.media/namibia-state-telecom-provider-data-leaked-after-ransom-refusal","",""
"2074","12/11/2024","2024","Rutherford County Schools","Tennessee","Education Facilities","","","","","","20 bitcoin","","","","","","https://www.wkrn.com/news/local-news/hackers-cryptocurrency-rcs-apparent-ransomware-attack/
https://www.aol.com/hackers-ask-cryptocurrency-apparent-ransomware-005226771.html","",""
"2075","12/15/2024","2024","Sunflower Medical Group","Kansas","Healthcare and Public Health","","Rhysida","","","","","","","","","","https://web.archive.org/web/20250322104421/https://www.hipaajournal.com/cyberattack-on-sunflower-medical-group-affects-221000-patients/","",""
"2076","12/19/2024","2024","Pittsburgh Regional Transit","Pennsylvania","Transportation Systems","Communication","","","","","","","","","","","https://www.unionprogress.com/2024/12/24/pittsburgh-regional-transit-dealing-with-ransomware-attack-that-slowed-light-rail-system-last-week/
https://www.post-gazette.com/news/transportation/2024/12/24/pittsburgh-prt-communications-outage-ransomware-attack/stories/202412240086","",""
"2077","12/19/2024","2024","Carruth Compliance Consulting","Oregon","Commercial Facilities","Education Facilities **","Skira","","","","","","","","","","https://web.archive.org/web/20250308232833/https://www.ncompliance.com/
https://web.archive.org/web/20250307235739/https://therecord.media/thousands-of-public-school-workers-impacted-data-breach","",""
"2078","12/19/2024","2024","Turks and Caicos Islands Government (TCIG)","Turks and Caicos Islands","Government Facilities","","","","","","","","","","","","https://web.archive.org/web/20250113211557/https://therecord.media/turks-and-caicos-recovering-from-ransomware-attack
https://web.archive.org/web/20250209010914/https://www.facebook.com/plugins/post.php?href=https%3A%2F%2Fwww.facebook.com%2Fpressofficetcig%2Fposts%2F1025513396275195
https://web.archive.org/web/20250209011104/https://www.facebook.com/plugins/post.php?href=https%3A%2F%2Fwww.facebook.com%2Fpressofficetcig%2Fposts%2F1028451629314705

","",""
"2079","12/22/2024","2024","Nikki-Universal Co. Ltd","United States","Critical Manufacturing","","Hunters International","","","","","","","","","","https://cybersecuritynews.com/nikki-universal-cyber-attack/","",""
"2080","12/27/2024","2024","Fraunhofer Institute for Industrial Engineering IAO","Germany","Education Facilities","","","","","","","","","","","","https://www.fraunhofer.de/en/press/research-news/2025/january-2025/ransomware-attack-on-fraunhofer-iao.html
https://www.heise.de/en/news/Ransomware-attack-at-the-Fraunhofer-for-Industrial-Engineering-10225325.html","",""
"2081","12/28/2024","2024","Vallianz Holidgs","Singapore","Financial Services","","","","","","","","","","","","https://www.theedgesingapore.com/news/cybersecurity/vallianz-holdings-and-psc-corp-hit-cyber-attacks-minimal-impact-seen
https://www.nasdaq.com/articles/vallianz-holdings-faces-ransomware-attack-minimal-impact","",""
"2082","12/28/2024","2024","Atos SE","France","Information Technology","","Space Bears","","","","","","","","","","https://www.gurufocus.com/news/2641780/atos-se-investigates-ransomware-claim-by-space-bears-group
https://finance.yahoo.com/news/atos-says-ransomware-group-claims-233428236.html
https://www.techzine.eu/news/security/127441/atos-confirms-no-hack-by-space-bears/","",""
"2083","12/30/2024","2024","Ministry of Federal Affairs and General Administration","Nepal","Government Facilities","","FunkSec","","","","","","","","","","https://resonantnews.com/2025/01/05/nepals-ministerial-data-hacked-now-available-on-dark-web-for-50/
https://www.facebook.com/story.php?story_fbid=908785731451535&id=100069603490878
https://www.instagram.com/nepalsjournal/reel/DERlDaPoxQR/","",""
"2084","12/31/2024","2024","MetLife","Latin America","Commercial Facilities","","RansomHub","","","","","","","","","","https://cybernews.com/news/metlife-latin-america-claimed-by-ransomhub-group/
https://www.govinfosecurity.com/breach-roundup-metlife-denies-ransomhub-cyberattack-claims-a-27199","",""
"1409","1/1/2023","2023","Circleville Municipal Court","Ohio","Government Facilities","","LockBit","","","","","","","","","","https://therecord.media/ohio-town-working-to-restore-municipal-court-systems-after-cyberattack","",""
"1410","1/1/2023","2023","Queensland University of Technology (QUT)","Australia","Education Facilities","","Royal","S1073","","","","","","","","","https://www.bleepingcomputer.com/news/security/royal-ransomware-claims-attack-on-queensland-university-of-technology/","",""
"1411","1/4/2023","2023","Swansea Public Schools","Massachusetts","Education Facilities","","","","","","","","","","","","https://www.boston.com/news/schools/2023/01/04/swansea-schools-ransomware-cyberattack-shut-down/","",""
"1412","1/6/2023","2023","San Francisco's Bay Area Rapid Transit","California","Transportation Systems","","ViceSociety","","","","","","","","","","https://www.cybersecuritydive.com/news/ransomware-attack-exposes-california-transit-giants-sensitive-data/640121/","",""
"1413","1/7/2023","2023","DNV","Global","Transportation Systems","","","","","","","","","","","","https://therecord.media/ransomware-attack-on-maritime-software-impacts-1000-ships/","",""
"1414","1/8/2023","2023","Des Moines Public Schools","Iowa","Education Facilities","","","","","","","","","No","","","https://www.desmoinesregister.com/story/news/education/2023/01/10/dmps-staff-works-around-the-clock-following-cybersecurity-attack-des-moines-schools-closing/69794870007/ ;
https://www.bleepingcomputer.com/news/security/iowas-largest-school-district-confirms-ransomware-attack-data-theft/","",""
"1415","1/9/2023","2023","Okanagan College","Canada","Education Facilities","","ViceSociety","","","","","","","","","","https://www.castanet.net/news/Kelowna/409008/Ransomware-group-follows-through-on-threat-and-publishes-Okanagan-College-information","",""
"1416","1/9/2023","2023","Florida Medical Clinic","Florida","Healthcare and Public Health","","","","hours","1 day or less","","","","","","","https://www.databreaches.net/another-ransomware-attack-results-in-a-hipaa-breach-florida-medical-center/","",""
"1417","1/11/2023","2023","Royal Mail","United Kingdom","Communication","","LockBit","","","More than 1 month","","$80 million","More than $5000000","No","","","https://www.bleepingcomputer.com/news/security/royal-mail-cyberattack-linked-to-lockbit-ransomware-operation/ ;
https://techcrunch.com/2023/02/23/royal-mail-restores-global-shipping-weeks-after-lockbit-ransomware-attack/ ;
https://uk.movies.yahoo.com/movies/royal-mail-refused-pay-absurd-191037418.html?guce_referrer=aHR0cHM6Ly93d3cuZ29vZ2xlLmNvbS8&guce_referrer_sig=AQAAAJ1JfvViZNmJHzRJJFu-6FYHPrtl7vfqNkFXj3EAxWplkrXHg5j_YR_uopg2gCi_HiAQUcGdbco_pJ3FrExn55yJK3RppVuX-fOTcke3mFGa-i9NBfeC07DtlytMDP538eD2l2_1sdRePfQySRnKhDv0yVXVb0Qe9s3lAMiKYTfn","",""
"1418","1/13/2023","2023","Yum!Brands","United Kingdom","Food and Agriculture","","","","","","","","","","","","https://www.bleepingcomputer.com/news/security/kfc-pizza-hut-owner-discloses-data-breach-after-ransomware-attack/","",""
"1419","1/16/2023","2023","NextGen Healthcare","United States","Healthcare and Public Health","Information Technology","BlackCat/ALPHV","S1068","","","","","","","","","https://www.washingtonpost.com/politics/2023/01/23/latest-cyberattack-health-care-shows-how-vulnerable-sector-is/","",""
"1420","1/17/2023","2023","Costa Rica's Ministry of Public Works and Transport (MOPT)","Costa Rica","Government Facilities","Transportation Systems","","","","","","","","","","","https://therecord.media/costa-ricas-ministry-of-public-works-and-transport-crippled-by-ransomware-attack/","",""
"1421","1/23/2023","2023","A10 Networks","California","Critical Manufacturing","Information Technology","Play","G1040","","","","","","","","","https://www.bleepingcomputer.com/news/security/a10-networks-confirms-data-breach-after-play-ransomware-attack/","",""
"1422","1/28/2023","2023","Tucson Unified School District","Arizona","Education Facilities","","Royal","S1073","Two weeks","1 month or less","","","","No","","","https://www.kold.com/2023/01/31/southern-arizonas-largest-school-district-hit-by-cyber-attack/
https://www.cbsnews.com/news/school-ransomware-attacks-threaten-student-data/","",""
"1423","1/30/2023","2023","Atlantic General Hospital","Maryland","Healthcare and Public Health","","","","","","","","","","","","https://www.wmdt.com/2023/01/atlantic-general-hospital-experiences-ransomware-event/","",""
"1424","1/31/2023","2023","ION Group","Global","Financial Services","","LockBit","","","","","","","Yes","","","https://techcrunch.com/2023/02/02/ion-group-lockbit-derivatives-ransomware/ ;
https://www.reuters.com/technology/hackers-say-ransom-paid-case-derivatives-data-firm-ion-company-declines-comment-2023-02-03/","",""
"1425","1/31/2023","2023","Nantucket Public Schools","Massachusetts","Education Facilities","","","","","","","","","","","","https://www.cnn.com/2023/01/31/politics/ransomware-attack-schools-nantucket/index.html","",""
"1426","1/31/2023","2023","Edmonds School District","Washington","Education Facilities **","","Akira","S1129","","","","","","","","","https://web.archive.org/web/20240930090347/https://thecyberexpress.com/edmonds-school-district-data-breach/","",""
"1427","2/1/2023","2023","Munster Technological University (MTU)","Republic of Ireland","Education Facilities","","BlackCat/ALPHV","S1068","","","","","","No","","","https://www.echolive.ie/corknews/arid-41069207.html","",""
"1428","2/1/2023","2023","City of Lakewood","Washington","Government Facilities","","BlackCat/ALPHV","S1068","","","","","","","","","https://cybernews.com/news/washington-state-ransomware/","",""
"1429","2/1/2023","2023","FONASA (Chile's National Health Fund)","Chile","Healthcare and Public Health","","BlackCat/ALPHV","S1068","","","","","","","","","https://www.databreaches.net/bits-n-pieces-trozos-y-piezas-31/","",""
"1430","2/1/2023","2023","Reddit","United States","Communication","","BlackCat/ALPHV","S1068","","","","$4.5 million","$5000000 or less","No","","","https://www.bleepingcomputer.com/news/security/the-week-in-ransomware-june-23rd-2023-the-reddit-files/","","*no encryption used"
"1431","2/1/2023","2023","ION ","United Kingdom","Financial Services","","LockBit","","","","","","","","","","https://assured.co.uk/2023/unlocking-the-truth-an-inside-look-at-the-ion-ransomware-attack/
","",""
"1432","2/1/2023","2023","City of Modesto police department","California","Government Facilities","","Snatch","","","","","","","","","","https://www.kcra.com/article/city-of-modesto-ransomware-attack-accessed-some-personal-information-police-department/43165021# ; 
https://www.scmagazine.com/brief/ransomware/modesto-ransomware-attack-claimed-by-snatch-cybercrime-operation","",""
"1433","2/1/2023","2023","Fannin County","Georgia","Government Facilities","","","","","","","","","","","","https://fannin.fetchyournews.com/2023/02/19/fannin-county-systems-attacked-by-ransomware/","",""
"1434","2/1/2023","2023","Dole Food Company","Global","Food and Agriculture","","","","","","","","","","","","https://www.bleepingcomputer.com/news/security/fruit-giant-dole-suffers-ransomware-attack-impacting-operations/","",""
"1435","2/1/2023","2023","Häfele","Germany","Critical Manufacturing","","","","","","","","","","","","https://www.securitymagazine.com/articles/99289-hafele-recovers-from-ransomware-attack-with-new-sase-platform","",""
"1436","2/2/2023","2023","Guildford County School","United Kingdom","Education Facilities","","ViceSociety","","","","","","","","","","https://www.quorumcyber.com/threat-intelligence/vice-society-attempts-to-extort-uk-school-by-posting-sensitive-files/
https://therecord.media/vice-society-ransomware-guildford-school-student-data-extortion","",""
"1437","2/2/2023","2023","Tallahassee Memorial HealthCare","Florida","Healthcare and Public Health","","","","","","","","","","","","https://www.manisteenews.com/news/article/major-florida-hospital-hit-by-possible-ransomware-17762115.php","",""
"1438","2/3/2023","2023","MKS Instruments Inc","Global","Critical Manufacturing","","","","","","","","","","","","https://www.reuters.com/technology/chip-equipment-maker-mks-instruments-says-it-is-investigating-ransomware-attack-2023-02-06/","",""
"1439","2/5/2023","2023","Hospital Clínic de Barcelona","Spain","Healthcare and Public Health","","RansomHouse/WhiteRabbit","","","","","","","","","","https://www.bleepingcomputer.com/news/security/hospital-cl-nic-de-barcelona-severely-impacted-by-ransomware-attack/","",""
"1440","2/6/2023","2023","Lehigh Valley Health Network","Pennsylvania","Healthcare and Public Health","","BlackCat/ALPHV","S1068","","","","","","No","","","https://www.wfmz.com/news/area/lehighvalley/lvhn-reports-cyberattack-by-russian-ransomware-gang/article_6ceb11e0-b133-11ed-9bdc-7b7c0a2adf99.html","",""
"1441","2/8/2023","2023","Indigo Books and Music","Canada","Commercial Facilities","","LockBit","","","More than 1 month","","","","No","","","https://www.bleepingcomputer.com/news/security/largest-canadian-bookstore-indigo-shuts-down-site-after-cyberattack/ ;
https://www.cbc.ca/news/business/ransomware-indigo-data-release-1.6766328 ;
https://www.google.com/url?rct=j&sa=t&url=https://globalnews.ca/news/9535738/indigo-ransomware-attack-one-month/&ct=ga&cd=CAEYAioTODIxODQ4MjM5NTIyMjc0MDQyMTIaZjk1ZDdkNTc3NTkyZGUyMTpjb206ZW46VVM&usg=AOvVaw0DLAFPqZeXUEmvmxd3a7Sc","",""
"1442","2/8/2023","2023","City of Oakland","California","Government Facilities","","Play","G1040","IT systems restored by late April","More than 1 month","","","","","","","https://www.kalw.org/politics/2023-05-31/city-of-oakland-sued-over-ransomware-attack","",""
"1443","2/9/2023","2023","Group 1001 (insurance holding company)","United States","Financial Services","","","","","","","","","","","","https://www.cybersecuritydive.com/news/insurance-holding-1001-restored-ransomware/644330/","",""
"1444","2/11/2023","2023","Gates Corporation","Colorado","Critical Manufacturing","","","","","","","","","","","","https://www.databreaches.net/gates-corporation-no-not-that-gates-discloses-a-ransomware-attack/","",""
"1445","2/12/2023","2023","Israel Institute of Technology (the Technion)","Israel","Education Facilities","","Darkbit","","","","80 bitcoins","$1,747,971 ","$5000000 or less","","","","https://www.i24news.tv/en/news/israel/technology-science/1676198299-hackers-target-israel-s-technion-demanding-huge-sum-in-bitcoin","",""
"1446","2/14/2023","2023","Pierce County Public Transportation Benefit Area Corporation (Pierce Transit)","Washington","Transportation Systems","","LockBit","","","","","$1,999,999 ","$5000000 or less","","","","https://www.cybersecurityconnect.com.au/critical-infrastructure/8768-us-public-transport-service-struck-by-ransomware-attack","",""
"1447","2/17/2023","2023","U.S Marshals Service","United States","Government Facilities","","","","","More than 1 month","","","","","","","https://www.bleepingcomputer.com/news/security/us-marshals-service-investigating-ransomware-attack-data-theft/
https://www.google.com/url?rct=j&sa=t&url=https://www.cnn.com/2023/05/01/politics/us-marshals-ransomware-attack-fugitives/index.html&ct=ga&cd=CAEYASoUMTUzMDE1NTgwNTM0MzQ0MDMxMDQyGmY5NWQ3ZDU3NzU5MmRlMjE6Y29tOmVuOlVT&usg=AOvVaw3ZgyT7UCYtmWuI8AUAjSkQ
https://www.scmagazine.com/news/hunters-international-ransomware-gang-threatens-to-leak-us-marshals-data","","Hunters International may have acquired data from original breach"
"1448","2/17/2023","2023","Skidmore College","New York","Education Facilities","","","","","","","","","","","","https://www.jdsupra.com/legalnews/skidmore-college-confirms-recent-6438827/","",""
"1449","2/21/2023","2023","Minneapolis Public Schools (MPS)","Minnesota","Education Facilities","","Medusa","","","","","$1,000,000 ","$1000000 or less","No","","","https://www.bleepingcomputer.com/news/security/ransomware-gang-posts-video-of-data-stolen-from-minneapolis-schools/","",""
"1450","2/21/2023","2023","Gaston College","North Carolina","Education Facilities","","","","","","","","","","","","https://www.gastongazette.com/story/news/crime/2023/08/31/gaston-college-reveals-scope-of-ransomware-attack/70718185007/","",""
"1451","2/22/2023","2023","Encino Energy","Ohio","Energy","","BlackCat/ALPHV","S1068","","","","","","","","","https://therecord.media/encino-energy-cyberattack-alleged-data-leak-alphv","",""
"1452","2/23/2023","2023","Dish Network","United States","Communication","","Black Basta","S1070","","More than 1 month","","","","Yes","","","https://www.bleepingcomputer.com/news/security/dish-network-confirms-ransomware-attack-behind-multi-day-outage/ ;
https://www.bleepingcomputer.com/news/security/dish-network-likely-paid-ransom-after-recent-ransomware-attack/","",""
"1453","2/27/2023","2023","Southeastern Lousiana University","Louisiana","Education Facilities","","","","","","","","","","","","https://therecord.media/tennessee-state-southeastern-louisiana-universities-hit-with-cyberattacks","",""
"1454","3/1/2023","2023","Ring LLC","California","Information Technology","","BlackCat/ALPHV","S1068","","","","","","","","","https://www.forbes.com/sites/daveywinder/2023/03/14/has-amazons-ring-been-hacked-ransomware-gang-posts-threat-to-leak-data/?sh=4de960fd6130","",""
"1455","3/1/2023","2023","Sun Pharmaceuticals","India","Chemical","Healthcare and Public Health","BlackCat/ALPHV","S1068","","","","","","","","","https://therecord.media/sun-pharma-india-ransomware-attack","",""
"1456","3/1/2023","2023","Tennessee State University","Tennessee","Education Facilities","","","","","","","","","","","","https://therecord.media/tennessee-state-southeastern-louisiana-universities-hit-with-cyberattacks","",""
"1457","3/1/2023","2023","Black & McDonald","Canada","Defense Industrial Base","Energy","","","","","","","","","","","https://www.ctvnews.ca/business/ransomware-attack-hits-canadian-engineering-company-working-on-military-bases-power-plants-1.6304657","",""
"1458","3/1/2023","2023","Maximum Industries","Texas","Critical Manufacturing","","","","","","","","","","","","https://www.theregister.com/2023/03/13/lockbit_spacex_ransomware/","",""
"1459","3/1/2023","2023","Ferrari S.p.A.","Italy","Transportation Systems","","","","","","","","","","","","https://www.bleepingcomputer.com/news/security/ferrari-discloses-data-breach-after-receiving-ransom-demand/","",""
"1460","3/1/2023","2023","Lumen Technologies","Louisiana","Communication","Information Technology","","","","","","","","","","","https://www.cybersecuritydive.com/news/lumen-ransomware-attack/646135/","",""
"1461","3/1/2023","2023","Jefferson County School System","Alabama","Education Facilities","","","","","","","","","","","","https://www.wbrc.com/2023/04/01/jefferson-co-school-system-victim-ransomware-attack-during-spring-break/","",""
"1462","3/1/2023","2023","Evide","UK and Ireland","Information Technology","","","","","","","","","No","","","https://www.computerweekly.com/news/365534826/Charity-data-stolen-in-ransomware-attack-on-supplier","",""
"1463","3/3/2023","2023","Lewis & Clark College","Oregon","Education Facilities","","ViceSociety","","","","","","","","","","https://therecord.media/lewis-clark-college-ransomware-attack-vice-society","",""
"1464","3/6/2023","2023","Essendant","United States","Transportation Systems","","LockBit","","","","","","","","","","https://www.bleepingcomputer.com/news/security/lockbit-ransomware-claims-essendant-attack-company-says-network-outage-/","",""
"1465","3/6/2023","2023","Managed Care of North America (MCNA) Dental","United States","Healthcare and Public Health","Financial Services","LockBit","","","","$10 million ","$10 million USD","More than $5000000","No","","","https://techcrunch.com/2023/05/31/ransomware-attack-on-us-dental-insurance-giant-exposes-data-of-9-million-patients/?tpcc=tcplustwitter","",""
"1466","3/6/2023","2023","Northeast Surgical Group","Michigan","Healthcare and Public Health","","","","","","","","","","","","https://www.hipaajournal.com/northeast-surgical-group-hipaa-penalty/","",""
"1467","3/10/2023","2023","Tanbridge House School","United Kingdom","Education Facilities","","RansomHouse/WhiteRabbit","","","","","","","","","","https://therecord.media/ransomware-school-england-tanbridge-house","",""
"1468","3/13/2023","2023","Royal Dirkzwager","Netherlands","Transportation Systems","","Play","G1040","","","","","","","","","https://therecord.media/royal-dirkzwager-ransomware-attack-dutch-shipping","",""
"1469","3/13/2023","2023","Camden County Police Department","New Jersey","Education Facilities","","","","","","","""hundreds of thousands of dollars""","$1000000 or less","","","","https://www.nbcnewyork.com/news/local/ransomware-attack-at-nj-county-police-department-locks-up-criminal-investigative-files/4219341/ ;
https://therecord.media/camden-county-police-ransomware-new-jersey-philadelphia","",""
"1470","3/14/2023","2023","PharMerica","United States","Healthcare and Public Health","","Money Message","","","","","","","","","","https://www.bleepingcomputer.com/news/security/ransomware-gang-steals-data-of-58-million-pharmerica-patients/","",""
"1471","3/15/2023","2023","Yellow Pages Canada","Canada","Communication","","Black Basta","S1070","","","","","","","","","https://www.bleepingcomputer.com/news/security/yellow-pages-canada-confirms-cyber-attack-as-black-basta-leaks-data/","",""
"1472","3/20/2023","2023","Shoreline Community College","Washington","Education Facilities","","","","","","","","","","","","https://www.seattletimes.com/seattle-news/shoreline-community-college-says-personal-info-was-accessed-in-attack/","",""
"1473","3/22/2023","2023","City of Oak Ridge","Tennessee","Government Facilities","","","","","","","","","","","","https://therecord.media/oak-ridge-tennessee-ransomware-attack","",""
"1474","3/23/2023","2023","Gujarat Mineral Development Corporation (GMDC)","India","Energy","","Medusa","","","","","$500,000 ","$1000000 or less","","","","https://timesofindia.indiatimes.com/city/ahmedabad/notorious-medusa-ransomware-gang-seeks-500000-from-gmdc/articleshow/99350393.cms?from=mdr","",""
"1475","3/25/2023","2023","Elgon Inc","Massachusetts","Healthcare and Public Health","","","","","","","","","","","","https://www.hipaajournal.com/80k-hipaa-settlement-elgon-information-systems/
https://web.archive.org/web/20250111174907/https://therecord.media/massachusetts-health-firm-reaches-settlement","",""
"1476","3/26/2023","2023","Western Digital ","United States","Critical Manufacturing","Information Technology","BlackCat/ALPHV","S1068","","","","","","","","","https://www.bleepingcomputer.com/news/security/hackers-leak-images-to-taunt-western-digitals-cyberattack-response/","",""
"1477","3/27/2023","2023","CommScope","North Carolina","Information Technology","","ViceSociety","","","","","","","","","","https://therecord.media/commscope-network-infrastructure-cyberattack-vice-society","",""
"1478","3/27/2023","2023","Onix Group","Pennsylvania","Healthcare and Public Health","","","","","","","","","","","","https://www.hipaajournal.com/phi-of-320000-patients-affected-by-onix-group-ransomware-attack/","",""
"1479","3/28/2023","2023","BMW France","France","Critical Manufacturing","","Play","G1040","","","","","","","","","https://cybernews.com/news/bmw-france-data-breach-ransomware-victim/
https://therecord.media/bmw-says-play-ransomware-only-hit-local-dealership
https://hackmanac.com/news/hacks-of-the-day-29-03-2023","",""
"1480","3/29/2023","2023","Wymondham College","United Kingdom","Education Facilities","","Royal","S1073","","","","","","","","","https://www.breachsense.com/breaches/wymondham-college-data-breach/","",""
"1481","3/29/2023","2023","Savannah Technical College","Georgia","Education Facilities","","Royal","S1073","","","","","","","","","https://www.breachsense.com/breaches/savannah-technical-college-data-breach/
https://hackmanac.com/news/hacks-of-the-day-29-03-2023","",""
"1482","3/31/2023","2023","Capita","United Kingdom","Information Technology","","Black Basta","S1070","","","","","","","","","https://doublepulsar.com/black-basta-ransomware-group-extorts-capita-with-stolen-customer-data-capita-fumble-response-9c3ca6c3b283","",""
"1483","4/1/2023","2023","Transformative Healthcare","United States","Healthcare and Public Health","","BlackCat/ALPHV","S1068","","","","","","","","","https://cybernews.com/news/transformative-fallon-attack-exposed-million/","",""
"1484","4/1/2023","2023","Farmalink","Argentina","Healthcare and Public Health","","Lockbit","","","","","","","","","","https://www.clarin.com/tecnologia/ciberataque-farmalink-lockbit-da-mes-pagar-rescate-publica-informacion-robada_0_Pp2h6FmSuv.html","",""
"1485","4/1/2023","2023","Navias Supermarket","Kenya","Food and Agriculture","","","","","","","","","","","","https://www.the-star.co.ke/news/realtime/2023-04-23-naivas-admits-to-data-theft-attack-contained/","",""
"1486","4/1/2023","2023","Hardenhuish School","United Kingdom","Education Facilities","","","","","","","","","","","","https://www.infosecurity-magazine.com/news/ransomware-disrupts-network/","",""
"1487","4/3/2023","2023","Canadian Nurses Association","Canada","Healthcare and Public Health","","Snatch","","","","","","","","","","https://therecord.media/cna-confirms-data-incident","",""
"1488","4/4/2023","2023","BridgeValley Community and Technical College","West Virginia","Education Facilities","","Akira","S1129","","","","","","","","","https://therecord.media/colleges-schools-suffer-from-ransomware-and-cyberattacks","",""
"1489","4/5/2023","2023","Jefferson Area Board for Aging","Virginia","Healthcare and Public Health","","","","","","","","","","","","https://www.cbs19news.com/story/48716424/jaba-ceo-says-ransomware-attack-is-contained","",""
"1490","4/6/2023","2023","Micro Star International (MSI)","Taiwan","Critical Manufacturing","","Money Message","","","","","$4million","$5000000 or less","","","","https://www.bleepingcomputer.com/news/security/money-message-ransomware-gang-claims-msi-breach-demands-4-million/","",""
"1491","4/6/2023","2023","Enzo Biochem","New York","Critical Manufacturing","Healthcare and Public Health","","","","","","","","","","","https://webcf.waybackmachine.org/web/20250128202446/https://techcrunch.com/2023/06/01/enzo-biochem-says-ransomware-attack-exposed-clinical-test-data-of-2-5-million-patients/
https://webcf.waybackmachine.org/web/20250128202357/https://www.hipaajournal.com/enzo-biochem-class-action-data-breach-settlement/","",""
"1492","4/6/2023","2023","Rochester Public Schools","Minnesota","Education Facilities","","","","","","","","","","","","https://www.techtarget.com/searchsecurity/news/366539476/Ransomware-takes-down-multiple-municipalities-in-May","",""
"1493","4/6/2023","2023","Fincantieri Marine Group","United States","Critical Manufacturing","","","","","","","","","","","","https://therecord.media/fincantieri-shipbuilder-us-navy-wisconsin-ransomware","",""
"1494","4/7/2023","2023","San Bernardino County Sheriff's Department","California","Government Facilities","Emergency Services","","","","","","$1.1 million","$1000000 or less","Yes","","$511,852 ","https://therecord.media/san-bernardino-county-sheriffs-department-cyberattack ;
https://www.myjournalcourier.com/business/article/1-1m-paid-to-resolve-ransomware-attack-on-18082108.php","","insurance coverted the rest of the demand"
"1495","4/8/2023","2023","Lürssen","Germany","Critical Manufacturing","Defense Industrial Base","","","","","","","","","","","https://therecord.media/german-builder-of-superyachts-and-military-boats","",""
"1496","4/12/2023","2023","NCR Corporation (Aloha POS)","United States","Financial Services","Information Technology","BlackCat/ALPHV","S1068","","","","","","","","","https://www.bleepingcomputer.com/news/security/ncr-suffers-aloha-pos-outage-after-blackcat-ransomware-attack/","",""
"1497","4/14/2023","2023","Rheinmetall","Germany","Critical Manufacturing","","Black Basta","S1070","","","","","","","","","https://therecord.media/rheinmetall-confirms-black-basta-ransomware-group-behind-cyberattack","",""
"1498","4/16/2023","2023","Gateway Casinos and Entertainment Ltd.","Canada","Commercial Facilities","","","","","","","","","","","","https://lfpress.com/news/local-news/for-resilient-casino-giant-a-new-hurdle-a-ransomware-attack","",""
"1499","4/17/2023","2023","Point32Health","United States","Healthcare and Public Health","","","","","","","","","","","","https://therecord.media/point32health-hit-with-ransomware-attack","",""
"1500","4/17/2023","2023","Point32Health - Harvard Pilgrim Health Care (HPHC)","Massachusetts","Healthcare and Public Health","","","","","","","","","","","","https://www.bleepingcomputer.com/news/security/harvard-pilgrim-health-care-ransomware-attack-hits-25-million-people/","",""
"1501","4/20/2023","2023","Vantage Travel","Massachusetts","Transportation Systems","","","","","","","","","","","","https://www.bostonglobe.com/2023/04/29/business/vantage-travel-says-website-is-back-up-cruises-are-sailing/?p1=HP_Feed_AuthorQuery","",""
"1502","4/22/2023","2023","Murfreesboro Medical Clinic & SurgiCenter (MMC)","Tennessee","Healthcare and Public Health","","","","","","","","","","","","https://www.hipaajournal.com/ransomware-attack-results-shutdown-operations-tn-medical-clinic/","",""
"1503","4/24/2023","2023","City of Lowell","Massachusetts","Government Facilities","","Play","G1040","","","","","","","","","https://therecord.media/lowell-massachusetts-city-ransomware-attack-play-cybercrime","",""
"1504","4/25/2023","2023","Americold","Global","Food and Agriculture","","","","","","","","","","","","https://www.bleepingcomputer.com/news/security/cold-storage-giant-americold-outage-caused-by-network-breach/","",""
"1505","4/26/2023","2023","Curry County","Oregon","Government Facilities","","Royal","S1073","","More than 1 month","","","","","","","https://www.techtarget.com/searchsecurity/news/366539476/Ransomware-takes-down-multiple-municipalities-in-May","",""
"1506","4/27/2023","2023","Spartanburg County","South Carolina","Government Facilities","","","","","","","","","","","","https://www.wyff4.com/article/clarified-what-happened-to-the-federal-student-debt-relief/42941882","",""
"1507","4/28/2023","2023","Alto Calore Servizi SpA","Italy","Water and Wastewater Systems","","Medusa","","","","","$100,000 ","$100000 or less","","","","https://therecord.media/italian-water-supplier-ransomware-attack-disruptions-medusa","",""
"1508","4/29/2023","2023","Mission Community Hospital","California","Healthcare and Public Health","","RansomHouse/WhiteRabbit","","","","","","","","","","https://www.databreaches.net/another-hospital-hit-by-ransomware-mission-community-hospital/","",""
"1509","4/29/2023","2023","Penncrest School District","Pennsylvania","Education Facilities","","","","","","","","","","","","https://therecord.media/colleges-schools-suffer-from-ransomware-and-cyberattacks","",""
"1510","4/30/2023","2023","Bluefield University","Virginia","Education Facilities","","AvosLocker","S1053","","","","","","","","","https://www.itworldcanada.com/article/cyber-security-today-april-3-2023-a-ransomware-gang-threatens-american-university-students-samsung-tells-staff-to-stop-using-chatgpt-and-more/538076","",""
"1511","5/1/2023","2023","AvidXchange","North Carolina","Financial Services","","RansomHouse/WhiteRabbit","","","","","","","","","","https://techcrunch.com/2023/05/03/avidxchange-second-ransomware-attack-2023/?guccounter=1&guce_referrer=aHR0cHM6Ly93d3cuZ29vZ2xlLmNvbS8&guce_referrer_sig=AQAAAJTknUO-VdxNWLn5CRIzZ_OGavr1plBDDWACBDaFjS97mrGWCcvJOkWE35vauNYO55xeqpLktI6Wlv4a7brsrKA4BkxbYzln-YPFwuukfLNfiSV28msTT_zUYdpL8tTMRmpKJb8h1CtQbyzKMMf0wr-8XjEzNDOHVy70iy0VnkwB","",""
"1512","5/1/2023","2023","Island of Martinique","Martinique","Government Facilities","","Rhysida","","","","","","","","","","https://therecord.media/martinique-dealing-with-cyberattack-that-disrupted-government-services-france","",""
"1513","5/1/2023","2023","City of Dallas and Dallas Police Department","Texas","Government Facilities","Emergency Services","Royal","S1073","","More than 1 month","","","","","","","https://www.bleepingcomputer.com/news/security/city-of-dallas-hit-by-royal-ransomware-attack-impacting-it-services/","",""
"1514","5/1/2023","2023","Bitmarck","Germany","Information Technology","Healthcare and Public Health","","","","","","","","","","","https://www.scmagazine.com/news/incident-response/german-health-it-vendor-bitmarck-offline-cyberattack","",""
"1515","5/4/2023","2023","Raleigh Housing Authority","North Carolina","Healthcare and Public Health","Government Facilities","Black Basta","S1070","","","","","","","","","https://therecord.media/raleigh-housing-authority-black-basta-ransomware-group","",""
"1516","5/4/2023","2023","Constellation Software Inc","Canada","Information Technology","","BlackCat/ALPHV","S1068","","","","","","","","","https://www.bleepingcomputer.com/news/security/alphv-gang-claims-ransomware-attack-on-constellation-software/","",""
"1517","5/5/2023","2023","Richmond University Medical Center (RUMC)","New York","Healthcare and Public Health","","","","","","","","","","","","https://www.scmagazine.com/news/ransomware/staten-island-hospital-operating-in-network-downtime-amid-ransomware-attack","",""
"1518","5/7/2023","2023","ABB","Switzerland","Critical Manufacturing","Energy","Black Basta","S1070","","","","","","","","","https://www.bleepingcomputer.com/news/security/multinational-tech-firm-abb-hit-by-black-basta-ransomware-attack/","",""
"1519","5/9/2023","2023","Norton Healthcare","Kentucky","Healthcare and Public Health","","BlackCat/ALPHV","S1068","","","","","","","","","https://www.bleepingcomputer.com/news/security/norton-healthcare-discloses-data-breach-after-may-ransomware-attack/","",""
"1520","5/12/2023","2023","Lacroix Group","Global","Critical Manufacturing","","","","","","","","","","","","https://www.scmagazine.com/brief/ransomware/ransomware-attack-disrupts-lacroix-production-sites","",""
"1521","5/12/2023","2023","Stanford University","California","Education Facilities","","Akira","S1129","19 weeks 5 days","More than 1 month","","","","","","","https://www.govtech.com/education/higher-ed/stanford-investigating-cyber-incident-ransomware-threat
https://therecord.media/stanford-data-leaked-Akira-ransomware-attack","",""
"1522","5/14/2023","2023","Philadelphia Inquirer","Pennsylvania","Communication","","Cuba","S0625","","","","","","","","","https://www.bleepingcomputer.com/news/security/cuba-ransomware-claims-cyberattack-on-philadelphia-inquirer/","",""
"1523","5/14/2023","2023","ScanSource","United States","Information Technology","Communication","","","","","","","","","","","https://www.bleepingcomputer.com/news/security/scansource-says-ransomware-attack-behind-multi-day-outages/","",""
"1524","5/15/2023","2023","Franklin County Public Schools","Virginia","Education Facilities","","","","","","","","","","","","https://www.wsls.com/news/local/2023/05/17/franklin-county-public-schools-ransomware-attack-under-investigation/","",""
"1525","5/16/2023","2023","Martinique Collectivity","France","Government Facilities","","Rhysida","","","","","","","","","","https://www.databreaches.net/rhysida-ransomware-group-claims-attack-on-martinique/","",""
"1526","5/21/2023","2023","Development Bank of Southern Africa","South Africa","Financial Services","","Akira","S1129","","","","","","","","","https://therecord.media/development-bank-of-southern-africa-akira-ransomware-attack","",""
"1527","5/21/2023","2023","City of Augusta","Georgia","Government Facilities","","BlackByte","","","","","$400,000 ","$1000000 or less","","","","https://www.bleepingcomputer.com/news/security/blackbyte-ransomware-claims-city-of-augusta-cyberattack/","",""
"1528","5/22/2023","2023","Madhya Pradesh Power Management Company (MPPMC)","India","Energy","","","","","","","","","","","","https://www.deccanherald.com/national/north-and-central/mp-state-run-power-management-firms-it-system-hit-by-ransomware-attack-1222761.html","",""
"1529","5/23/2023","2023","Nassau Bay","Texas","Government Facilities","","Akira","S1129","","","","","","","","","https://cybernews.com/news/akira-ransomware-attack-nassau-bay-texas/","",""
"1530","5/27/2023","2023","Ejército de Chile","Chile","Government Facilities","Defense Industrial Base","Rhysida","","","","","","","","","","https://www.bleepingcomputer.com/news/security/rhysida-ransomware-leaks-documents-stolen-from-chilean-army/","",""
"1531","5/28/2023","2023","Fortescue Metals","Australia","Energy","","Clop","S0611","","","","","","","","","https://www.theguardian.com/technology/2023/jul/18/iron-ore-giant-fortescue-metals-targeted-by-russian-ransomware-group","",""
"1532","5/29/2023","2023","Kinmax Technology","Taiwan","Critical Manufacturing","","LockBit","","","","","$70 million","More than $5000000","","","","https://www.bleepingcomputer.com/news/security/tsmc-denies-lockbit-hack-as-ransomware-gang-demands-70-million/","",""
"1533","5/29/2023","2023","Mountain View Hospital and Idaho Falls Community Hospital","Idaho","Healthcare and Public Health","","","","","","","","","","","","https://www.bankinfosecurity.com/cyberattacks-divert-patients-from-rural-idaho-hospital-a-22201","",""
"1534","5/30/2023","2023","University of Waterloo","Canada","Education Facilities","","","","4 days","1 week or less","","","","","","","https://therecord.media/canadian-uni-dealing-with-ransomware-attack","",""
"1535","5/30/2023","2023","Akron-Summit County Public Library","Ohio","Education Facilities","","","","","","","","","","","","https://www.beaconjournal.com/story/news/local/2023/06/06/some-services-at-the-akron-libraries-still-down-from-ransomware-attack/70294063007/","",""
"1536","5/31/2023","2023","State of Illinois","Illinois","Government Facilities","","Clop","S0611","","","","","","","","","https://www.nbcchicago.com/news/local/illinois-a-victim-of-cl0p-ransomware-attacks-state-agency-says/3158800/","","MOVEit vulnerability"
"1537","5/31/2023","2023","Extreme Networks","North Carolina","Information Technology","","Clop","S0611","","","","","","","","","https://community.extremenetworks.com/t5/general-announcements/general-announcement-regarding-moveit-security-breach/ba-p/96050","","MOVEit vulnerability"
"1538","5/31/2023","2023","Minnesota Department of Education","Minnesota","Education Facilities","","Clop","S0611","","","","","","","","","https://education.mn.gov/MDE/about/breach/","","MOVEit vulnerability"
"1539","5/31/2023","2023","Shell","United Kingdom","Energy","","Clop","S0611","","","","","","","","","https://therecord.media/shell-impacted-in-clop-ransomware-attack","","MOVEit vulnerability"
"1540","5/31/2023","2023","Transport for London","United Kingdom","Transportation Systems","","Clop","S0611","","","","","","","","","https://therecord.media/shell-impacted-in-clop-ransomware-attack","","MOVEit vulnerability"
"1541","5/31/2023","2023","Louisiana's Office of Motor Vehicles","Louisiana","Transportation Systems","Government Facilities","Clop","S0611","","","","","","","","","https://federalnewsnetwork.com/cybersecurity/2023/06/energy-department-among-federal-agencies-breached-by-russian-ransomware-gang/?readmore=1","","MOVEit vulnerability"
"1542","5/31/2023","2023","Oregon's Department of Transportation","Oregon","Transportation Systems","Government Facilities","Clop","S0611","","","","","","","","","https://federalnewsnetwork.com/cybersecurity/2023/06/energy-department-among-federal-agencies-breached-by-russian-ransomware-gang/?readmore=1","","MOVEit vulnerability"
"1543","5/31/2023","2023","Department of Energy","United States","Education Facilities","Government Facilities","Clop","S0611","","","","","","","","","https://federalnewsnetwork.com/cybersecurity/2023/06/energy-department-among-federal-agencies-breached-by-russian-ransomware-gang/?readmore=1","","MOVEit vulnerability"
"1544","5/31/2023","2023","American Board of Internal Medicine","United States","Healthcare and Public Health","","Clop","S0611","","","","","","","","","https://blog.abim.org/moveit-transfer-vulnerability-affects-abim/","","MOVEit vulnerability"
"1545","5/31/2023","2023","State of Missouri","Missouri","Government Facilities","","Clop","S0611","","","","","","","","","https://oa.mo.gov/commissioners-office/news/state-missouri-issues-statement-recent-global-cyberattack","","MOVEit vulnerability"
"1546","5/31/2023","2023","BORN Ontario","Canada","Government Facilities","Healthcare and Public Health","Clop","S0611","","","","","","","","","https://www.bornontario.ca/en/news/cybersecurity-incident-moveit.aspx","","MOVEit vulnerability"
"1547","5/31/2023","2023","Gen Digital","Global","Information Technology","","Clop","S0611","","","","","","","","","https://www.darkreading.com/attacks-breaches/avast-norton-victim-moveit-ransomware-attacks","","MOVEit vulnerability"
"1548","5/31/2023","2023","PBI Research Services","Minnesota","Financial Services","Information Technology","Clop","S0611","","","","","","","","","https://www.bleepingcomputer.com/news/security/moveit-breach-impacts-genworth-calpers-as-data-for-32-million-exposed/","","MOVEit vulnerability"
"1549","5/31/2023","2023","New York City Department of Education","New York","Education Facilities","","Clop","S0611","","","","","","","","","https://www.engadget.com/clop-ransomware-gang-obtained-personal-data-of-45000-new-york-city-students-in-moveit-hack-204655820.html","","MOVEit vulnerability"
"1550","5/31/2023","2023","Schneider Electric","France","Energy","","Clop","S0611","","","","","","","","","https://www.bleepingcomputer.com/news/security/siemens-energy-confirms-data-breach-after-moveit-data-theft-attack/","","MOVEit vulnerability"
"1551","5/31/2023","2023","Siemens Energy","United States","Energy","Critical Manufacturing","Clop","S0611","","","","","","","","","https://www.bleepingcomputer.com/news/security/siemens-energy-confirms-data-breach-after-moveit-data-theft-attack/","","MOVEit vulnerability"
"1552","5/31/2023","2023","UCLA","California","Education Facilities","","Clop","S0611","","","","","","","","","https://securityaffairs.com/147865/data-breach/schneider-electric-siemens-energy-moveit.html","","MOVEit vulnerability"
"1553","5/31/2023","2023","Colorado State University","Colorado","Education Facilities","","Clop","S0611","","","","","","","","","https://www.bleepingcomputer.com/news/security/colorado-state-university-says-data-breach-impacts-students-staff/","","MOVEit vulnerability"
"1554","5/31/2023","2023","Maximus","Global","Healthcare and Public Health","Information Technology","Clop","S0611","","","","","","","","","https://www.bleepingcomputer.com/news/security/8-million-people-hit-by-data-breach-at-us-govt-contractor-maximus/","","MOVEit vulnerability"
"1555","5/31/2023","2023","CBIZ","United States","Financial Services","","Clop","S0611","","","","","","","","","","","MOVEit vulnerability"
"1556","5/31/2023","2023","Tampa General Hospital","Florida","Healthcare and Public Health","","Snatch","","","","","","","No","","","https://therecord.media/tampa-hospital-says-data-on-over-1-million-stolen-in-failed-ransomware-attack","",""
"1557","6/1/2023","2023","Forsyth County","Georgia","Government Facilities","","BlackCat/ALPHV","S1068","","","","","","","","","https://www.scmagazine.com/brief/georgia-county-ransomware-attack-claimed-by-alphv-blackcat-ransomware","",""
"1558","6/1/2023","2023","Zellis","United Kingdom","Financial Services","","Clop","S0611","","","","","","","","","https://therecord.media/bbc-british-airways-hit-by-zellis-zero-day","","MOVEit vulnerabity"
"1559","6/1/2023","2023","Nova Scotia Government","Canada","Government Facilities","","Clop","S0611","","","","","","","","","https://therecord.media/clop-extortion-hundreds-organizations-moveit-vulnerability","","MOVEit vulnerabity"
"1560","6/1/2023","2023","University of Rochester","New York","Education Facilities","","Clop","S0611","","","","","","","","","https://therecord.media/clop-extortion-hundreds-organizations-moveit-vulnerability","","MOVEit vulnerabity"
"1561","6/1/2023","2023","Ofcom","United Kingdom","Communication","","Clop","S0611","","","","","","","","","https://techround.co.uk/news/ofcom-confirms-cyber-attack-by-russian-ransomware-group/","","MOVEit vulnerability"
"1562","6/1/2023","2023","Columbus Regional Healthcare System","Ohio","Healthcare and Public Health","","Daixin Team","","","","","$2 million","$5000000 or less","","","","https://www.hipaajournal.com/phi-of-320000-patients-affected-by-onix-group-ransomware-attack/","",""
"1563","6/1/2023","2023","Globalcaja","Spain","Financial Services","","Play","G1040","","","","","","","","","https://www.infosecurity-magazine.com/news/spanish-bank-globalcaja-hit/","",""
"1564","6/1/2023","2023","Mission Community Hospital","California","Healthcare and Public Health","","RansomHouse/WhiteRabbit","","","","","","","","","","https://www.beckershospitalreview.com/cybersecurity/ransomware-gang-reportedly-steals-data-from-california-hospital.html","",""
"1565","6/1/2023","2023","Mount Desert Hospital","Maine","Healthcare and Public Health","","Snatch","","","","","","","","","","https://techmonitor.ai/technology/cybersecurity/snatch-ransomware-briars-group-cyberattack","",""
"1566","6/1/2023","2023","EliTech","Global","Healthcare and Public Health","Critical Manufacturing","Snatch","","","","","","","","","","https://techmonitor.ai/technology/cybersecurity/snatch-ransomware-briars-group-cyberattack","",""
"1567","6/1/2023","2023","Coca-Cola FEMSA","Latin America","Food and Agriculture","","TheSnake","","","","","$12 million","More than $5000000","Yes","","$1.5 million","https://www.databreaches.net/coca-cola-femsa-victim-of-ransomware-attack-and-data-leak/","",""
"1568","6/1/2023","2023","Unnamed US cancer center","United States","Healthcare and Public Health","","TimisoaraHackerTeam (THT)","","","","","","","","","","https://healthitsecurity.com/news/timisoarahackerteam-ransomware-attacks-us-cancer-center","",""
"1569","6/1/2023","2023","Middlesex County Public Schools","Virginia","Education Facilities","","","","","","","","","","","","https://www.wtvr.com/news/local-news/middlesex-county-public-schools-virginia-ransomware-attack-june-1-2023","",""
"1570","6/1/2023","2023","Hawaii Community College","Hawaii","Education Facilities","","","","","","","","","Yes","","","https://www.hawaiinewsnow.com/2023/07/27/data-thousands-compromised-ransomware-attack-hawaii-community-college/","",""
"1571","6/3/2023","2023","Xplain","Switzerland","Information Technology","","Play","G1040","","","","","","No","","","https://economictimes.indiatimes.com/tech/technology/swiss-administration-hit-by-cyber-attack/articleshow/100732639.cms?from=mdr","",""
"1572","6/3/2023","2023","Eisai","Japan","Chemical","Healthcare and Public Health","","","","","","","","","","","https://www.bleepingcomputer.com/news/security/japanese-pharma-giant-eisai-discloses-ransomware-attack/","",""
"1573","6/9/2023","2023","Kaiserslautern University of Applied Sciences (HS Kaiserslautern)","Germany","Education Facilities","","","","","","","","","","","","https://therecord.media/ransomware-attack-kaiserslautern-university-applied-sciences-germany","",""
"1574","6/11/2023","2023","Argentina's National Securities Commission (CNV)","Argentina","Government Facilities","","Medusa","","","","","$500,000 ","$1000000 or less","","","","https://www.clarin.com/tecnologia/hackers-agregan-lista-victimas-comision-nacional-valores-dicen-datos-sensibles_0_Xt8o8JFJrU.html","",""
"1575","6/13/2023","2023","Hawai'i Community College","Hawaii","Education Facilities","","NoEscape","","","","","","","Yes","","","https://therecord.media/hawaii-community-college-ransomware ;
https://www.insidehighered.com/news/quick-takes/2023/07/31/hawaii-community-college-pays-ransom-after-data-breach","",""
"1576","6/14/2023","2023","Granules India","India","Chemical","Healthcare and Public Health","LockBit","","","","","","","","","","https://techcrunch.com/2023/06/15/lockbit-ransomware-granules-india/","",""
"1577","6/14/2023","2023","MCNA Dental","United States","Healthcare and Public Health","","Snatch","","","","","","","","","","https://www.tdmr.org/second-ransomware-breach-at-mcna/","previously attacked",""
"1578","6/14/2023","2023","City of West Jordan","Utah","Government Facilities","","","","","","","","","","","","https://simplesystemsutah.com/cybersecurity/the-biggest-cybersecurity-threats-to-utah-businesses-in-2023/","",""
"1579","6/15/2023","2023","Lebanon School District","New Hampshire","Education Facilities","","","","","","","","","","","","https://www.wmur.com/article/lebanon-new-hampshire-schools-ransomware-attack/44399211#","",""
"1580","6/29/2023","2023","BHI Energy","United States","Energy","","Akira","S1129","9 days","1 month or less","","","","No","","","https://www.bleepingcomputer.com/news/security/us-energy-firm-shares-how-akira-ransomware-hacked-its-systems/","",""
"1581","6/30/2023","2023","Barts Health NHS Trust","United Kingdom","Healthcare and Public Health","","BlackCat/ALPHV","S1068","","","","","","","","","https://techmonitor.ai/technology/cybersecurity/barts-health-nhs-trust-cyberattack-ransomware-blackcat","",""
"1582","7/1/2023","2023","Euro Support","Netherlands","Critical Manufacturing","","","","","","","$699,000 ","$1000000 or less","","","","https://techmonitor.ai/technology/cybersecurity/port-of-nagoya-cyberattack-lockbit-ransomware","",""
"1583","7/1/2023","2023","Blowtherm","Italy","Critical Manufacturing","","","","","","","$140,000 ","$1000000 or less","","","","https://techmonitor.ai/technology/cybersecurity/port-of-nagoya-cyberattack-lockbit-ransomware","",""
"1584","7/1/2023","2023","Recal Lasar","Spain","Critical Manufacturing","","","","","","","$349,000 ","$1000000 or less","","","","https://techmonitor.ai/technology/cybersecurity/port-of-nagoya-cyberattack-lockbit-ransomware","",""
"1585","7/1/2023","2023","MITRE","United States","Information Technology","","","","","","","","","","","","","",""
"1586","7/1/2023","2023","Unnamed Hog Farm","Canada","Food and Agriculture","","","","","","","","","","","","https://www.producer.com/news/activists-target-ont-hog-farm-with-ransomware/","",""
"1587","7/3/2023","2023","University of West Scotland (UWS)","Scotland","Education Facilities","","Rhysida","","","","20 bitcoin (£450,000)","$500,000 ","$1000000 or less","","","","https://www.bbc.com/news/uk-scotland-glasgow-west-66327336","",""
"1588","7/3/2023","2023","ConsensioHealth","Wisconsin","Healthcare and Public Health","Financial Services","","","","","","","","","","","https://www.hipaajournal.com/consensiohealth-ransomware-attack/","",""
"1589","7/4/2023","2023","Port of Nagoya","Japan","Transportation Systems","","LockBit","","","","","","","","","","https://www.bleepingcomputer.com/news/security/japans-largest-port-stops-operations-after-ransomware-attack/","",""
"1590","7/5/2023","2023","Tampa Bay Zoo","Florida","Commercial Facilities","","BlackSuit","","","","","","","","","","https://therecord.media/tampa-zoo-targeted-in-cyberattack?ref=blogapp.bitdefender.com","",""
"1591","7/9/2023","2023","City of Hayward","California","Government Facilities","","","","","","","","","","","","https://www.nbcbayarea.com/news/local/east-bay/hayward-city-website-cyberattack/3269261/","",""
"1592","7/10/2023","2023","Town of Cornelius","North Carolina","Government Facilities","","","","","","","","","","","","https://therecord.media/cornelius-north-carolina-ransomware-attack-lake-norman","",""
"1593","7/11/2023","2023","Langlade County","Wisconsin","Government Facilities","","LockBit","","","","","","","","","","https://therecord.media/wisconsin-county-dealing-with-software-failure","",""
"1594","7/13/2023","2023","Morehead State University","Kentucky","Education Facilities","","","","","","$4,000,000 ","","$5000000 or less","","","","https://www.govtech.com/education/higher-ed/morehead-state-gives-no-new-details-on-july-cyber-attack
https://universitybusiness.com/ransomware-isnt-setting-records-this-year-but-its-still-a-big-threat/","",""
"1595","7/15/2023","2023","Helix","Russia","Healthcare and Public Health","","","","","","","","","","","","https://therecord.media/russian-medical-lab-suspends-some-services-after-ransomware-attack","",""
"1596","7/15/2023","2023","George County","Mississippi","Government Facilities","","","","","","","","","","","","https://www.scmagazine.com/brief/ransomware-attack-recovery-underway-at-mississippi-county","",""
"1597","7/19/2023","2023","Los Angeles Superior Court","California","Government Facilities","","","","","","","","","","","","https://www.govtech.com/opinion/opinion-public-deserves-full-accounting-of-ransomware-attack","",""
"1598","7/20/2023","2023","Pro Rodeo Cowboys Association (PRCA)","Colorado","Commercial Facilities","","","","","","","1 million USD","$1000000 or less","","","","https://teamropingjournal.com/news/the-procom-ransomware-hack-of-2023/","",""
"1599","7/21/2023","2023","Department of Defense","South Africa","Government Facilities","","Snatch","","","","","","","","","","https://mybroadband.co.za/news/security/505982-interview-with-the-hackers-who-broke-into-south-africas-department-of-defence.html
https://mybroadband.co.za/news/security/505562-russian-group-hacks-south-african-department-of-defence-allegedly-leaks-ramaphosas-number.html","",""
"1600","7/25/2023","2023","St Landry Parish Schools","Louisiana","Education Facilities","","","","","","","$1 million","$1000000 or less","","","","https://www.theadvocate.com/acadiana/news/slpsb-victimized-in-ransomware-attack/article_98507368-2fe4-11ee-a4bc-4f95f3f4cba9.html","",""
"1601","7/25/2023","2023","CardioComm","Canada","Healthcare and Public Health","","","","","","","","","","","","https://www.newsfilecorp.com/release/174785
https://therecord.media/cardiocomm-cyberattack-heart-monitoring-ecg-products","",""
"1602","7/26/2023","2023","Alberta Dental Service Corporation","Canada","Healthcare and Public Health","","8base","","","","","","","Yes","","","https://siliconangle.com/2023/08/13/canadian-dental-service-pays-ransom-8base-ransomware-attack/","",""
"1603","8/1/2023","2023","West Oaks School","United Kingdom","Education Facilities","","LockBit","","","","","","","","","","https://therecord.media/russian-cybercriminals-target-uk-school","",""
"1604","8/1/2023","2023","Clorox","United States","Critical Manufacturing","","Scattered Spider","G1015","","","","","","","","","https://www.bleepingcomputer.com/news/security/clorox-says-cyberattack-caused-49-million-in-expenses/","",""
"1605","8/1/2023","2023","Programa de Atención Médica Integral (PAMI)","Argentina","Healthcare and Public Health","","","","","","","","","","","","https://www.clarin.com/tecnologia/pami-confirmo-ciberataque-ransomware-aseguran-mitigado-_0_U29WNR9srI.html","",""
"1606","8/1/2023","2023","Cleveland City School District","Tennessee","Education Facilities","","","","","","","","","","","","https://therecord.media/tennessee-school-hit-with-ransomware-as-hackers-ramp-up-attacks","",""
"1607","8/1/2023","2023","Chambersburg Area School District","Pennsylvania","Education Facilities","","","","","","","","","","","","https://www.abc27.com/local-news/chambersburg-area-school-district-hit-by-ransomware-attack/","",""
"1608","8/3/2023","2023","Commission des services electriques de Montréal (CSEM)","Canada","Energy","","LockBit","","","","","","","No","","","https://therecord.media/montreal-electricity-organization-lockbit-victim","",""
"1609","8/3/2023","2023","Prospect Medical Holdings","United States","Healthcare and Public Health","","Rhysida","","","","","","","","","","https://www.bleepingcomputer.com/news/security/rhysida-claims-ransomware-attack-on-prospect-medical-threatens-to-sell-data/","","The attack targeted California-based Prospect Medical Holdings, which owns Waterbury Health and Eastern Connecticut Health Network (ECHN). Waterbury Health owns Waterbury Hospital and ECHN operates Manchester Memorial Hospital and Rockville General Hospital in Vernon."
"1610","8/3/2023","2023","Renton School District","Washington","Education Facilities **","","Akira","S1129","","","","","","","","","https://web.archive.org/web/20250215061520/https://www.maine.gov/ag/attachments/985235c7-cb95-4be2-8792-a1252b4f8318/b0e417ce-dd06-4c96-b798-bfbb6fb808d2/e8f60612-6a4a-40ed-86c9-ea5daf5b76c4/Renton%20-%20Notice%20of%20Data%20Event%20-%20ME.pdf
https://web.archive.org/web/20250322103543/https://www.yahoo.com/news/renton-school-district-victim-ransomware-020245794.html?guccounter=1&guce_referrer=aHR0cHM6Ly93d3cuZ29vZ2xlLmNvbS8&guce_referrer_sig=AQAAACiAxnPag03E-EginLOcn-IJbq7UOEJVaROXKK9WwGlBjqL23p-14AJW9XcR-BBzNjGoG0lZlh6uV7SyxkboZdwkeMzbYzMrTT5hmWZy8abvb5wEL5FSIE3foKDragLKun6UBtRvAsyIRLBRw8x8HDjf8Ommk5oYzT-KvDAy_pQw
https://web.archive.org/web/20250404225118/https://www.breachsense.com/breaches/renton-school-district-data-breach/","",""
"1611","8/6/2023","2023","Madeira Health Service (Sesaram)","Portugal","Healthcare and Public Health","","Rhysida","","","","","","","","","","https://healthnews.pt/2023/08/08/sesaram-esta-a-funcionar-mas-mantem-limitacoes-devido-ao-ciberataque/ ;
https://www.bleepingcomputer.com/news/security/the-week-in-ransomware-september-8th-2023-conti-indictments/","",""
"1612","8/7/2023","2023","Mayanei Hayeshua Hospital","Israel","Healthcare and Public Health","","Ragnar Locker","S0481","","","","","","","","","https://www.bleepingcomputer.com/news/security/ragnar-locker-claims-attack-on-israels-mayanei-hayeshua-hospital/","",""
"1613","8/8/2023","2023","Fondation de Verdeil","Germany","Education Facilities","","NoEscape","","","","","","","","","","https://www.inside-it.ch/cyberangriff-auf-die-groesste-sonderpaedagogische-einrichtung-im-kanton-waadt-20230817","",""
"1614","8/9/2023","2023","Rapattoni","California","Information Technology","Commercial Facilities","","","","","","","","","","","https://www.bollyinside.com/news/real-estate/cyberattack-targets-indiana-real-estate-listing-websites/","",""
"1615","8/10/2023","2023","Belt Railway Company of Chicago","Illinois","Transportation Systems","","Akira","S1129","","","","","","","","","https://therecord.media/belt-railway-chicago-ransomware-data-theft-akira","",""
"1616","8/11/2023","2023","Université Paris-Saclay","France","Education Facilities","","RansomHouse","","","","","","","","","","https://www.halcyon.ai/attacks/ransomhouse-targets-universite-paris-saclay-in-data-breach","",""
"1617","8/14/2023","2023","Prince George's County Public Schools","Maryland","Education Facilities","","","","","","","","","","","","https://therecord.media/prince-georges-county-schools-maryland-cyberattack","",""
"1618","8/18/2023","2023","CloudNordic and AzeroCloud","Denmark","Information Technology","","","","","","","","","No","","","https://www.bleepingcomputer.com/news/security/hosting-firm-says-it-lost-all-customer-data-after-ransomware-attack/ ;
https://www.msn.com/en-us/news/technology/cloud-hosting-company-customers-lose-all-their-data-following-ransomware-attack/ar-AA1fIfag?apiversion=v2&noservercache=1&domshim=1&renderwebcomponents=1&wcseo=1&batchservertelemetry=1&noservertelemetry=1","",""
"1619","8/21/2023","2023","Singing River Health System","Mississippi","Healthcare and Public Health","","Rhysida","","","","","","","","","","https://www.beckershospitalreview.com/cybersecurity/ransomware-group-claims-responsibility-for-2-hospital-cyberattacks.html","",""
"1620","8/21/2023","2023","St Helens Council","United Kingdom","Government Facilities","","","","","","","","","","","","https://www.csoonline.com/article/650223/st-helens-council-hit-by-suspected-ransomware-attack.html","",""
"1621","8/23/2023","2023","University of Michigan","Michigan","Education Facilities","","","","4 days","1 week or less","","","","","","","https://www.insidehighered.com/news/quick-takes/2023/10/25/hackers-access-data-230k-university-michigan
https://web.archive.org/web/20231023170933/https://publicaffairs.vpcomm.umich.edu/key-issues/august-2023-data-incident/","",""
"1622","8/31/2023","2023","Caesars Entertainment","Nevada","Commercial Facilities","","Scattered Spider","G1015","","","","$30 million","More than $5000000","Yes","","$15 million","https://www.bleepingcomputer.com/news/security/caesars-entertainment-confirms-ransom-payment-customer-data-theft/","",""
"1623","8/31/2023","2023","Carlisle Area School District","Pennsylvania","Education Facilities","","","","","","","","","","","","https://therecord.media/pennsylvania-school-district-stays-open-after-ransomware-attack","",""
"1624","8/31/2023","2023","Lanka Government Cloud (LGC)","Sri Lanka","Government Facilities","","","","","","","","","","","","https://therecord.media/sri-lanka-loses-months-of-government-data-in-ransomware-attack","",""
"1625","9/1/2023","2023","McLaren HealthCare","Michigan","Healthcare and Public Health","","BlackCat/ALPHV","S1068","","","","","","","","","https://therecord.media/mclaren-healthcare-ransomware-attack-michigan","",""
"1626","9/1/2023","2023","Motel One","Global","Commercial Facilities","","BlackCat/ALPHV","S1068","","","","","","","","","https://www.bleepingcomputer.com/news/security/motel-one-discloses-data-breach-following-ransomware-attack/","",""
"1627","9/1/2023","2023","Carthage Area Hospital","New York","Healthcare and Public Health","","LockBit","","","","","","","","","","https://therecord.media/upstate-new-york-hospitals-ransomware-attack","",""
"1628","9/1/2023","2023","Claxton-Hepburn Medical Center","New York","Healthcare and Public Health","","LockBit","","","","","","","","","","https://therecord.media/upstate-new-york-hospitals-ransomware-attack","",""
"1629","9/1/2023","2023","International Join Commission (IJC)","USA and Canada","Water and Wastewater Systems","","NoEscape","","","","","","","","","","https://therecord.media/us-canada-water-commission-investigating-cyberattack","",""
"1630","9/1/2023","2023","Sony","Global","Information Technology","","Ransomed.vc","","","","","","","","","","https://www.bleepingcomputer.com/news/security/sony-investigates-cyberattack-as-hackers-fight-over-whos-responsible/","",""
"1631","9/1/2023","2023","Hinds County","Mississippi","Government Facilities","","","","","","","","","","","","https://www.wapt.com/article/hinds-county-computer-system-remains-under-ransomware-attack/45053213","",""
"1632","9/1/2023","2023","The Church of England St Augustine Academy","United Kingdom","Education Facilities","","","","","","","","","","","","https://www.infosecurity-magazine.com/news/it-systems-encrypted-uk-school-hit/","",""
"1633","9/1/2023","2023","Highgate Wood School","United Kingdom","Education Facilities","","","","","","","","","","","","https://www.infosecurity-magazine.com/news/second-school-cyberattack-before/","",""
"1634","9/1/2023","2023","Debenham High School","United Kingdom","Education Facilities","","","","","","","","","","","","https://www.infosecurity-magazine.com/news/second-school-cyberattack-before/","",""
"1635","9/1/2023","2023","Unnamed service provider for Greater Manchester Police","United Kingdom","Emergency Services","","","","","","","","","","","","https://www.bleepingcomputer.com/news/security/manchester-police-officers-data-exposed-in-ransomware-attack/","",""
"1636","9/3/2023","2023","CDW","Global","Information Technology","","LockBit","","","","","$80 million","More than $5000000","No","","offered $1.1 million","https://securityaffairs.com/152470/cyber-crime/lockbit-ransomware-gang-hacked-cdw.html","",""
"1637","9/6/2023","2023","ORBCOMM","Global","Information Technology","Transportation Systems","","","","","","","","","","","https://www.bleepingcomputer.com/news/security/orbcomm-ransomware-attack-causes-trucking-fleet-management-outage/","",""
"1638","9/11/2023","2023","IFX Networks","Colombia","Communication","Information Technology","RansomHouse/WhiteRabbit","","","","","","","","","","https://www.scmagazine.com/brief/third-party-ransomware-attack-disrupts-major-colombian-government-agencies","",""
"1639","9/11/2023","2023","MGM Resorts International","Global","Commercial Facilities","","Scattered Spider","G1015","","","","","","","","","https://www.bleepingcomputer.com/news/security/mgm-casinos-esxi-servers-allegedly-encrypted-in-ransomware-attack/","",""
"1640","9/12/2023","2023","Fauquier County Public Schools","Virginia","Education Facilities","","LockBit","","","","","","","","","","https://www.fauquiernow.com/news/fauquier-county-public-schools-targeted-in-russian-ransomware-attack/article_a6baba2c-620b-11ee-9ac7-8fb2999feedf.html","",""
"1641","9/14/2023","2023","Dominican Republic's Migration Agency","Dominican Republic","Government Facilities","","Rhysida","","","","","","","","","","https://therecord.media/rhysida-ransomware-gang-attacks-on-portugal-dominican-republic-governments","",""
"1642","9/14/2023","2023","Auckland Transport (AT) transportation authority","New Zealand","Transportation Systems","","","","","","","","","","","","https://www.bleepingcomputer.com/news/security/auckland-transport-authority-hit-by-suspected-ransomware-attack/","",""
"1643","9/21/2023","2023","Government of Bermuda","Bermuda","Government Facilities","","","","","","","","","","","","https://www.bleepingcomputer.com/news/security/government-of-bermuda-links-cyberattack-to-russian-hackers/","",""
"1644","9/22/2023","2023","Johnson Controls International ","Global","Critical Manufacturing","","Dark Angels","","","","","$51 million","More than $5000000","","","","https://www.bleepingcomputer.com/news/security/building-automation-giant-johnson-controls-hit-by-ransomware-attack/","",""
"1645","9/22/2023","2023","PhilHealth","Philippines","Healthcare and Public Health","","Medusa","","","","","$300,000 ","$1000000 or less","","","","https://www.gmanetwork.com/news/topstories/nation/883135/philhealth-hit-by-medusa-ransomware-aims-for-site-restoration-by-monday/story/","",""
"1646","9/22/2023","2023","Pinal County School Office Data Processing Consortium","Arizona","Education Facilities","","","","","","","","","","","","https://ktar.com/story/5542017/payroll-issues-ransomware-attack-impacts-21-pinal-county-school-districts/","",""
"1647","9/24/2023","2023","Morrison Community Hospital","Illinois","Healthcare and Public Health","","BlackCat/ALPHV","S1068","","","","","","","","","https://webcf.waybackmachine.org/web/20250128201507/https://securityaffairs.com/152486/cyber-crime/alphv-ransomware-morrison-community-hospital.html
https://webcf.waybackmachine.org/web/20250128201421/https://www.hipaajournal.com/morrison-community-hospital-data-breach-settlement/","",""
"1648","9/27/2023","2023","City of Gondomar","Portugal","Government Facilities","","Rhysida","","","","","","","","","","https://therecord.media/rhysida-ransomware-gang-attacks-on-portugal-dominican-republic-governments","",""
"1649","9/28/2023","2023","ESO Solutions","Texas","Information Technology","Healthcare and Public Health","","","","","","","","","","","https://www.infosecurity-magazine.com/news/eso-hit-ransomware-27m-impacted/","",""
"1650","9/29/2023","2023","Rock County Public Health Department","Wisconsin","Healthcare and Public Health","","Cuba","S0625","","","","$1.9 million","$5000000 or less","No","","","https://www.nbc15.com/2023/10/25/rock-county-investigating-ransomware-attack/
https://therecord.media/wisconsin-county-dealing-with-ransomware-attack-healthcare","",""
"1651","10/1/2023","2023","Ampersand","United States","Communication","","Black Basta","S1070","","","","","","","","","https://therecord.media/ampersand-television-advertising-sales-company-ransomware","",""
"1652","10/1/2023","2023","Estes Express Lines","United States","Transportation Systems","","LockBit","","","","","","","No","","","https://www.securityweek.com/estes-express-lines-says-personal-data-stolen-in-ransomware-attack/","",""
"1653","10/2/2023","2023","Florida's First Judicial Circuit","Florida","Government Facilities","","BlackCat/ALPHV","S1068","","","","","","","","","https://www.bleepingcomputer.com/news/security/alphv-ransomware-gang-claims-attack-on-florida-circuit-court/","",""
"1654","10/2/2023","2023","St. Louis Metro Transit","Missouri","Transportation Systems","","","","","","","","","","","","https://www.govtech.com/security/hacker-claims-to-have-published-st-louis-transit-data","",""
"1655","10/9/2023","2023","Kwik Trip","United States","Commercial Facilities","","","","","","","","","","","","https://www.bleepingcomputer.com/news/security/kwik-trip-finally-confirms-cyberattack-was-behind-ongoing-outage/","",""
"1656","10/10/2023","2023","Simpson Manufacturing","United States","Critical Manufacturing","","","","","","","","","","","","https://www.bleepingcomputer.com/news/security/simpson-manufacturing-shuts-down-it-systems-after-cyberattack/","",""
"1657","10/11/2023","2023","Akumin","Florida","Healthcare and Public Health","","","","","","","","","","","","https://health.wusf.usf.edu/health-news-florida/2023-10-26/ransomware-attack-shuts-down-imaging-center-with-dozens-of-florida-locations","",""
"1658","10/12/2023","2023","LDLC ASVEL (ASVEL)","France","Commercial Facilities","","NoEscape","","","","","","","","","","https://www.bleepingcomputer.com/news/security/asvel-basketball-team-confirms-data-breach-after-ransomware-attack/","",""
"1659","10/12/2023","2023","Kansas Court Systems","Kansas","Government Facilities","","","","","","","","","No","","","https://therecord.media/kansas-courts-closed-ransomware-attack ;
https://www.kansascity.com/news/politics-government/article284084823.html","",""
"1660","10/14/2023","2023","Henry Schein","United States","Healthcare and Public Health","Critical Manufacturing","BlackCat/ALPHV","S1068","","","","","","No","","","https://www.bleepingcomputer.com/news/security/blackcat-ransomware-claims-breach-of-healthcare-giant-henry-schein/","",""
"1661","10/16/2023","2023","American Family Insurance","United States","Financial Services","","","","","","","","","","","","https://www.bleepingcomputer.com/news/security/american-family-insurance-confirms-cyberattack-is-behind-it-outages/","",""
"1662","10/16/2023","2023","Hopewell Area School District","Pennsylvania","Education Facilities","","","","","","","","","","","","https://www.cbsnews.com/pittsburgh/news/hopewell-area-school-district-targeted-by-ransomware-attack/","",""
"1663","10/19/2023","2023","Dallas County","Texas","Government Facilities","","Play","G1040","","","","","","","","","https://therecord.media/dallas-county-play-ransomware-incident","",""
"1664","10/23/2023","2023","TransForm","Canada","Healthcare and Public Health","","Daixin Team","","","","","","","","","","https://www.bleepingcomputer.com/news/security/cyberattack-on-health-services-provider-impacts-5-canadian-hospitals/ ;
https://windsor.ctvnews.ca/second-batch-of-data-stolen-in-hospital-ransomware-attack-appears-to-have-been-leaked-1.6631485","",""
"1665","10/23/2023","2023","Grupo GTD","Chile","Communication","","Rorschach","","","","","","","","","","https://www.bleepingcomputer.com/news/security/chilean-telecom-giant-gtd-hit-by-the-rorschach-ransomware-gang/","",""
"1666","10/25/2023","2023","Yamaha Motor's Philippines","Philippines","Critical Manufacturing","","INC Ransom","G1032","","","","","","","","","https://www.bleepingcomputer.com/news/security/yamaha-motor-confirms-ransomware-attack-on-philippines-subsidiary/","",""
"1667","10/26/2023","2023","LivaNova","United Kingdom","Healthcare and Public Health","Critical Manufacturing","LockBit","","","","","","","","","","https://cybernews.com/news/livanova-ransomware-attack/","",""
"1668","10/27/2023","2023","Toronto Public Library","Canada","Education Facilities","","Black Basta","S1070","","More than 1 month","","","","","","","https://www.bleepingcomputer.com/news/security/toronto-public-library-outages-caused-by-black-basta-ransomware-attack/ ; https://www.google.com/url?rct=j&sa=t&url=https://globalnews.ca/news/10113083/toronto-public-library-cyberattack-update/&ct=ga&cd=CAEYCSoTOTIxMDQ0ODQ1NzY0MTU3NzgxMjIaZjk1ZDdkNTc3NTkyZGUyMTpjb206ZW46VVM&usg=AOvVaw1xxQzCTCEi5UcAw6n6FfL3","",""
"1669","10/27/2023","2023","The Boeing Company","United States","Critical Manufacturing","Transportation Systems","LockBit","","","","","$200 million","More than $5000000","No","","","https://www.bleepingcomputer.com/news/security/boeing-confirms-cyberattack-amid-lockbit-ransomware-claims/ ;
https://cyberscoop.com/boeing-confirms-attempted-200-million-ransomware-extortion-attempt/","",""
"1670","10/27/2023","2023","Telecommunication Services of Trinidad and Tobago (TSTT)","Trinidad and Tobago","Communication","","RansomExx/defray","","","","","","","","","","https://newsday.co.tt/2023/10/30/hackers-claim-ransomware-attack-on-tstt/","",""
"1671","10/27/2023","2023","Clay County","Minnesota","Government Facilities","","","","","","","","","","","","https://www.wdayradionow.com/news/local-news/71355-ransomware-attack-leads-to-cyber-incident-in-clay-county/","",""
"1672","10/28/2023","2023","British Library","United Kingdom","Education Facilities","","Rhysida","","","","£ 600,000","$640,000 ","$1000000 or less","No","","","https://www.bleepingcomputer.com/news/security/british-library-knocked-offline-by-weekend-cyberattack/ ; https://www.google.com/url?rct=j&sa=t&url=https://www.theregister.com/2023/11/20/rhysida_claims_british_library_ransomware/&ct=ga&cd=CAEYACoTNDAxMjA0NzUzMzI0NjQ3MTE0ODIaZjk1ZDdkNTc3NTkyZGUyMTpjb206ZW46VVM&usg=AOvVaw2WTm1kiLJ0fkfkmoJtRgr_ ;
https://www.standard.co.uk/news/uk/ransomware-cyber-attack-british-library-cost-london-metropolitan-police-b1130718.html","",""
"1673","10/29/2023","2023","Ace Hardware ","Global","Commercial Facilities","","","","","","","","","","","","https://www.bleepingcomputer.com/news/security/ace-hardware-says-1-202-devices-were-hit-during-cyberattack/","",""
"1674","10/30/2023","2023","Allied Pilots Association (APA)","Texas","Transportation Systems","","","","","","","","","","","","https://www.bleepingcomputer.com/news/security/american-airlines-pilot-union-hit-by-ransomware-attack/","",""
"1675","10/31/2023","2023","St. Lucie County Tax Collector","Florida","Government Facilities","","BlackCat/ALPHV","S1068","","","","","","","","","https://www.wptv.com/news/treasure-coast/region-st-lucie-county/ransomware-attack-responsible-for-shuttering-st-lucie-county-tax-collectors-computer-system","",""
"1676","10/31/2023","2023","DePauw University","Indiana","Education Facilities","","BlackSuit","","","","","","","","","","https://www.scmagazine.com/brief/data-breach-hits-depauw-university-after-black-suit-ransomware-attack","",""
"1677","10/31/2023","2023","Mr. Cooper","Texas","Financial Services","","","","","","","","","","","","https://www.bleepingcomputer.com/news/security/mortgage-giant-mr-cooper-hit-by-cyberattack-impacting-it-systems/","",""
"1678","11/1/2023","2023","Trans-Northern Pipelines","Canada","Energy","","BlackCat/ALPHV","S1068","","","","","","","","","https://www.cybersecuritydive.com/news/trans-northern-pipeline-ransomware/707522/","",""
"1679","11/1/2023","2023","Henry County Schools","Georgia","Education Facilities","","BlackSuit","","","","","","","","","","https://therecord.media/schools-maine-indiana-georgia-ransomware","",""
"1680","11/1/2023","2023","Infosys McCamish Systems","USA and India","Information Technology","Financial Services","LockBit","","","","","","","","","","https://www.scmagazine.com/brief/infosys-us-unit-reportedly-affected-by-ransomware ;
https://www.techradar.com/pro/security/lockbit-ransomware-attack-stole-data-on-millions-of-infosys-mccamish-users","",""
"1681","11/1/2023","2023","Alphadyne","New York","Financial Services","","LockBit","","","","","","","","","","https://www.scmagazine.com/brief/more-us-financial-firms-targeted-by-lockbit-ransomware-gang","",""
"1682","11/1/2023","2023","Fawry","Egypt","Financial Services","","LockBit","","","","","","","","","","https://www.thenationalnews.com/business/technology/2023/11/26/fawry-confirms-ransomware-breach-but-says-financial-information-not-compromised/","",""
"1683","11/1/2023","2023","Industrial and Commercial Bank of China (ICBC)","China","Financial Services","","LockBit","","","","","","","","","","https://gfmag.com/banking/icbc-industrial-and-commercial-bank-of-china-ransomware/","",""
"1684","11/1/2023","2023","Capital Health","New Jersey","Healthcare and Public Health","","LockBit","","","","","","","","","","https://www.bleepingcomputer.com/news/security/capital-health-attack-claimed-by-lockbit-ransomware-risk-of-data-leak/","",""
"1685","11/1/2023","2023","King Edward VII's Hospital","United Kingdom","Healthcare and Public Health","","Rhysida","","","","","","","","","","https://securityaffairs.com/154999/cyber-crime/rhysida-ransomware-king-edward-viis-hospital.html","",""
"1686","11/1/2023","2023","N.C. Central University","North Carolina","Education Facilities","","","","","","","","","","","","https://spectrumlocalnews.com/nc/charlotte/news/2023/11/14/cyber-attack-nccu-online-classes","",""
"1687","11/1/2023","2023","Ingo Money","Georgia","Financial Services","","","","","","","","","","","","https://cybernews.com/news/ingo-money-inc-ransomware/","",""
"1688","11/1/2023","2023","CTS","United Kingdom","Information Technology","","","","","","","","","","","","https://www.bleepingcomputer.com/news/security/cyberattack-on-it-provider-cts-impacts-dozens-of-uk-law-firms/","",""
"1689","11/1/2023","2023","Hermon School Department","Maine","Education Facilities","","","","","","","","","No","","","https://therecord.media/schools-maine-indiana-georgia-ransomware","",""
"1690","11/1/2023","2023","Edw. C. Levy C. | The Levy Gorup of Companies","Michigan","Critical Manufacturing","","","","","","","","","","","","https://webcf.waybackmachine.org/web/20250128201943/https://www.jdsupra.com/legalnews/edw-c-levy-co-announces-data-breach-6540802/","",""
"1691","11/2/2023","2023","Shimano","Japan","Critical Manufacturing","","LockBit","","","","","","","No","","","https://www.bicycling.com/news/a45974423/shimano-ransomware-attack-hackers-published-data/","",""
"1692","11/5/2023","2023","Elap","France","Information Technology","Financial Services","RansomExx/defray","","","","","","","","","","https://news.yahoo.com/french-international-schools-agency-impacted-143155138.html","",""
"1693","11/7/2023","2023","MeridianLink","California","Financial Services","Information Technology","BlackCat/ALPHV","S1068","","","","","","","","","https://www.scmagazine.com/news/hacker-group-files-sec-complaint-against-its-own-victim","",""
"1694","11/8/2023","2023","The Industrial and Commercial Bank of China (ICBC)","China","Financial Services","","LockBit","","","","","","","Yes","","","https://www.reuters.com/technology/cybersecurity/icbc-paid-ransom-after-hack-that-disrupted-markets-cybercriminals-say-2023-11-13/","",""
"1695","11/10/2023","2023","DP World Australia","Australia","Transportation Systems","","","","","","","","","","","","https://www.bleepingcomputer.com/news/security/dp-world-cyberattack-blocks-thousands-of-containers-in-ports/","",""
"1696","11/11/2023","2023","Dragos","United States","Information Technology","","BlackCat/ALPHV","S1068","","","","","","","","","https://www.cybersecuritydive.com/news/dragos-targeted-ransomware-alphvblackcat/699574/","",""
"1697","11/12/2023","2023","North Texas Municipal Water District","Texas","Water and Wastewater Systems","","Daixin Team","","","","","","","","","","https://www.cybersecuritydive.com/news/north-texas-water-utility-ransomware/701144/","",""
"1698","11/12/2023","2023","City of Huber Heights","Ohio","Government Facilities","","","","","More than 1 month","","","","","","","https://therecord.media/huber-heights-ohio-ransomware-attack ;
https://www.wyso.org/news/2024-02-02/how-huber-heights-is-faring-two-months-after-a-ransomware-attack","",""
"1699","11/12/2023","2023","Huber Heights","Ohio","Government Facilities","","","","","More than 1 month","","","","","","","https://www.govtech.com/security/ohio-city-still-grappling-with-effects-of-cyber-attack","",""
"1700","11/13/2023","2023","Moneris Solutions","Canada","Financial Services","","Medusa","","","","","$6 million","More than $5000000","","","","https://cybernews.com/news/moneris-medusa-data-breach/","",""
"1701","11/13/2023","2023","Toyota Financial Services","Germany","Financial Services","Critical Manufacturing","Medusa","","","","","$8 million","More than $5000000","","","","https://cybernews.com/news/toyota-financial-services-attack-ransomware/ ;
https://www.securityweek.com/toyota-germany-confirms-personal-information-stolen-in-ransomware-attack/","",""
"1702","11/13/2023","2023","Yanfeng Automotive Interiors","China","Critical Manufacturing","","Qilin","","","","","","","","","","https://www.bleepingcomputer.com/news/security/qilin-ransomware-claims-attack-on-automotive-giant-yanfeng/","",""
"1703","11/13/2023","2023","Tyson Foods","United States","Food and Agriculture","Critical Manufacturing","Snatch","","","","","","","","","","https://cybernews.com/news/tyson-foods-cyberattack-claims/","",""
"1704","11/13/2023","2023","Kahua","Georgia","Information Technology","Critical Manufacturing","","","","","","","","","","","https://www.jdsupra.com/legalnews/kahua-announces-data-breach-following-2738256/","",""
"1705","11/19/2023","2023","Fidelity National Financial","United States","Financial Services","","BlackCat/ALPHV","S1068","","","","","","","","","https://www.theregister.com/2023/11/23/blackcat_ransomware_fnf/","",""
"1706","11/20/2023","2023","Select Education Group","California","Education Facilities","","BlackSuit","","","","","","","","","","https://www.teiss.co.uk/news/blacksuit-ransomware-group-claims-major-attack-on-californias-select-education-group-13724
https://www.breachsense.com/breaches/select-education-group-seg-data-breach/","",""
"1707","11/22/2023","2023","Henry Schein","United States","Healthcare and Public Health","","BlackCat/ALPHV","S1068","","","","","","No","","","https://www.bleepingcomputer.com/news/security/healthcare-giant-henry-schein-hit-twice-by-blackcat-ransomware/","Hit again by same group in December",""
"1708","11/22/2023","2023","Henry Schein","United States","Healthcare and Public Health","","BlackCat/ALPHV","S1068","","","","","","","","","https://www.bleepingcomputer.com/news/security/healthcare-giant-henry-schein-hit-twice-by-blackcat-ransomware/","Hit by same group earlier in the month",""
"1709","11/22/2023","2023","Holding Slovenske Elektrarne (HSE)","Slovenia","Energy","","Rhysida","","","","","","","","","","https://www.bleepingcomputer.com/news/security/slovenias-largest-power-provider-hse-hit-by-ransomware-attack/","",""
"1710","11/23/2023","2023","Vanderbilt University Medical Center","Tennessee","Education Facilities","","Meow","","","","","","","","","","https://therecord.media/vanderbilt-university-medical-center-investigating-cyber-incident-meow-ransomware","",""
"1711","11/23/2023","2023","Ardent Health Services","Texas","Healthcare and Public Health","","","","","","","","","","","","https://www.cbs19.tv/article/news/local/security-incident-that-caused-network-outages-ut-health-east-texas-identified-as-ransomware-attack/501-7c011a0a-fe81-4235-bb01-c86fa3acefff","",""
"1712","11/24/2023","2023","Granger Medical Clinic","Utah","Healthcare and Public Health","","NoEscape","","","","","$700,000 ","$1000000 or less","No","","","https://www.databreaches.net/ransomware-group-leaks-data-allegedly-from-granger-medical-clinic/","",""
"1713","11/24/2023","2023","China Energy Engineering Corporation","China","Energy","","Rhysida","","","","50 bitcoin","$1.9 million","$5000000 or less","","","","https://securityaffairs.com/154785/cyber-crime/rhysida-ransomware-china-energy.html","",""
"1714","11/25/2023","2023","Municipal Water Authority of Aliquippa","Pennsylvania","Water and Wastewater Systems","","Cyber Av3ngers","G1027","","","","","","","","","https://www.cybersecuritydive.com/news/north-texas-water-utility-ransomware/701144/","",""
"1715","11/25/2023","2023","Crystal Lake Health Center","Michigan","Healthcare and Public Health","","Hunters International","","","","","","","","","","https://www.databreaches.net/ransomware-gang-claims-to-have-stolen-crystal-lake-health-centers-data/","",""
"1716","11/26/2023","2023","Trellance","United States","Financial Services","","","","","","","","","","","","https://therecord.media/credit-unions-facing-outages-due-to-ransomware","",""
"1717","11/27/2023","2023","Hackensack Meridian Health","New Jersey","Healthcare and Public Health","","","","","","","","","","","","https://www.beckershospitalreview.com/cybersecurity/2-hackensack-hospitals-hit-by-ransomware.html","",""
"1718","12/1/2023","2023","Tipalti","California","Financial Services","Information Technology","BlackCat/ALPHV","S1068","","","","","","","","","https://www.cybersecuritydive.com/news/tipalti-investigates-ransomware-supply-chain-attack/701516/","",""
"1719","12/1/2023","2023","HTC Global Services","Global","Information Technology","","BlackCat/ALPHV","S1068","","","","","","","","","https://www.cshub.com/attacks/news/iotw-htc-confirms-cyber-attack-as-blackcat-ransomware-gang-teases-stolen-data","",""
"1720","12/1/2023","2023","Greater Cincinnati Behavioral Health Services","Ohio","Healthcare and Public Health","","DragonForce","","","","","","","","","","https://www.hipaajournal.com/ransomware-groups-attack-3-healthcare-providers/","",""
"1721","12/1/2023","2023","Fred Hutchinson Cancer Center","Washington","Healthcare and Public Health","","Hunters International","","","","","","","","","","https://therecord.media/seattle-fred-hutch-cancer-center-ransomware-attack","",""
"1722","12/1/2023","2023","Blue Waters Products Limited","Trinidad and Tobago","Water and Wastewater Systems","","LockBit","","","","","","","","","","https://technewstt.com/lockbit-ransomware-publishes-bluewaters-data/","",""
"1723","12/1/2023","2023","Neurology Center of Nevada","Nevada","Healthcare and Public Health","","Qilin","","","","","","","","","","https://www.hipaajournal.com/ransomware-groups-attack-3-healthcare-providers/","",""
"1724","12/1/2023","2023","Campbell County School District","Kentucky","Education Facilities","","","","","","","","","","","","https://www.wlwt.com/article/campbell-county-school-ransomware-attack-employee/46131696","",""
"1725","12/1/2023","2023","HCLTech","Global","Information Technology","","","","","","","","","","","","https://www.business-standard.com/companies/news/hcltech-hit-by-ransomware-attack-it-major-says-investigation-underway-123122000226_1.html","",""
"1726","12/3/2023","2023","Austal USA","United States","Defense Industrial Base","Critical Manufacturing","Hunters International","","","","","","","","","","https://australiancybersecuritymagazine.com.au/ransomware-attack-on-australian-shipbuilder-working-for-us-navy/","",""
"1727","12/5/2023","2023","Nissan Australia ","Australia","Critical Manufacturing","Transportation Systems","Akira","S1129","","","","","","No","","","https://www.bleepingcomputer.com/news/security/nissan-australia-cyberattack-claimed-by-akira-ransomware-gang/","",""
"1728","12/5/2023","2023","Groveport Madison Schools","Ohio","Education Facilities","","BlackSuit","","","1 month or less","","","","","","","https://therecord.media/data-theft-plaguing-schools-after-attacks","",""
"1729","12/7/2023","2023","University of Sherbrooke","Canada","Education Facilities","","LockBit","","","","","","","","","","https://www.itworldcanada.com/article/ransomware-gang-starts-leaking-data-stolen-from-quebec-university/555809","",""
"1730","12/8/2023","2023","Tri-City Medical Center","California","Healthcare and Public Health","","INC Ransom","G1032","","","","","","","","","https://www.kpbs.org/news/local/2023/12/11/ransomware-group-reportedly-posts-some-tri-city-medical-center-documents-to-dark-web","",""
"1731","12/8/2023","2023","Kaunas University of Technology","Lithuania","Education Facilities","","Rhysida","","","","","","","","","","https://web.archive.org/web/20240105225526/https://therecord.media/universities-schools-recovering-from-cyber
https://web.archive.org/web/20250128221057/https://www.halcyon.ai/attacks/rhysida-attacks-kaunas-university-of-technology","",""
"1732","12/11/2023","2023","Milton Town School District","Vermont","Education Facilities","","","","","","","","","","","","https://www.miltonindependent.com/news/ransomware-cyber-attack-hits-milton-town-school-district/article_2347179a-9ddd-11ee-bb42-abb033dcde66.html","",""
"1733","12/13/2023","2023","City of Defiance","Ohio","Government Facilities","","Knight","","","","","","","","","","https://thecyberexpress.com/city-of-defiance-data-breach-knight/","",""
"1734","12/13/2023","2023","MongoDB","New York","Information Technology","","","","","","","","","","","","https://www.bleepingcomputer.com/news/security/mongodb-says-customer-data-was-exposed-in-a-cyberattack/","",""
"1735","12/13/2023","2023","VF Corporation","United States","Commercial Facilities","","","","","","","","","","","","https://www.thestack.technology/the-north-face-ransomware-vf-vans/","",""
"1736","12/13/2023","2023","Tulane University","Louisiana","Education Facilities","","Meow","","","","","","","","","","https://web.archive.org/web/20240105225526/https://therecord.media/universities-schools-recovering-from-cyber","",""
"1737","12/14/2023","2023","Kraft Heinz Co","Global","Food and Agriculture","","Snatch","","","","","","","","","","https://siliconangle.com/2023/12/14/kraft-heinz-launches-investigation-ransomware-gang-claims-stolen-data/","",""
"1738","12/14/2023","2023","University of Buenos Aires (UBA)","Argentina","Education Facilities","","","","","","","","","","","","https://www.clarin.com/tecnologia/uba-sufrio-ciberataque-docentes-alumnos-pueden-acceder-sistemas_0_hSLyvy1RGy.html","",""
"1739","12/14/2023","2023","Monmouth College","Illinois","Education Facilities","","","","","","","","","","","","https://therecord.media/illinois-county-gov-college-hit-with-ransomware","",""
"1740","12/15/2023","2023","Yakult","Australia","Food and Agriculture","","DragonForce","","","","","","","","","","https://www.bleepingcomputer.com/news/security/yakult-australia-confirms-cyber-incident-after-95-gb-data-leak/","",""
"1741","12/18/2023","2023","Saint Anthony Hospital","Illinois","Healthcare and Public Health","","LockBit","","","","$900,000 ","","$1000000 or less","","","","https://therecord.media/ransomware-saint-anthony-hospital-chicago","",""
"1742","12/19/2023","2023","Elektroprivreda Srbije (EPS)","Serbia","Energy","","Qilin","","","","","","","","","","https://balkaninsight.com/2023/12/29/serbia-stays-silent-about-alleged-ransomware-attack-on-eps/","",""
"1743","12/19/2023","2023","Liberty Hospital","Missouri","Healthcare and Public Health","","","","","","","","","","","","https://www.hipaajournal.com/ransomware-groups-attack-3-healthcare-providers/","",""
"1744","12/20/2023","2023","First American","United States","Commercial Facilities","","","","","","","","","","","","https://web.archive.org/web/20250128210345/https://www.techradar.com/pro/security/us-insurance-giant-first-american-confirms-it-was-hit-by-a-ransomware-attack","",""
"1745","12/21/2023","2023","Court Services Victoria","Australia","Government Facilities","","Qilin","","","","","","","","","","https://siliconangle.com/2024/01/01/ransomware-attack-targets-court-services-victoria-australia/","",""
"1746","12/22/2023","2023","Xeinadin","UK and Ireland","Financial Services","","LockBit","","","","","","","","","","https://securityaffairs.com/156303/cyber-crime/lockbit-gang-xeinadin.html","",""
"1747","12/25/2023","2023","Katholische Hospitalvereinigung Ostwestfalen (KHO)","Germany","Healthcare and Public Health","","LockBit","","","","","","","","","","https://securityaffairs.com/156545/cyber-crime/lockbit-ransomware-hit-german-hospital-network-network.html","",""
"1748","12/25/2023","2023","Anna Jaques Hospital (AJH)","Massachusetts","Healthcare and Public Health","","Money Message","","","","","","","","","","https://therecord.media/ransomware-gang-claims-responsibility-hospital-christmas-attack","",""
"1749","12/25/2023","2023","Abdali Hospital","Jordan","Healthcare and Public Health","","Rhysida","","","","","","","","","","https://securityaffairs.com/156430/cyber-crime/rhysida-ransomware-abdali-hospital-jordan.html","",""
"1750","12/25/2023","2023","Cullman County Revenue Commissioner","Alabama","Government Facilities","","","","","","","","","","","","https://abc3340.com/news/local/cullman-county-revenue-commissioner-barry-willingham-ransomware-attack-christmas-property-tax-payments","",""
"1751","12/26/2023","2023","National Insurance Board (NIBTT)","Trinidad and Tobago","Government Facilities","Financial Services","","","","","","","","","","","https://therecord.media/trinidad-and-tobago-government-agency-hit-with-post-christmas-cyberattack","",""
"1752","12/26/2023","2023","IPS Securex Holdings","Singapore","Information Technology","","","","","","","","","","","","https://www.theedgesingapore.com/news/cybersecurity/es-group-ips-securex-hit-separate-ransomware-attacks","",""
"1753","12/27/2023","2023","Ohio Lottery","Ohio","Government Facilities","","DragonForce","","","","","","","","","","https://www.securityweek.com/ohio-lottery-hit-by-ransomware-hackers-claim-theft-of-employee-and-player-data/
https://www.securityweek.com/500000-impacted-by-ohio-lottery-ransomware-attack/","",""
"1754","12/28/2023","2023","Gallery Systems","Global","Information Technology","Commercial Facilities","","","","","","","","","","","https://www.pcmag.com/news/software-used-by-hundreds-of-museums-taken-down-by-ransomware-attack","",""
"1755","12/28/2023","2023","Eagers Automotive","Australia","Commercial Facilities","","LockBit","","","","","","","","","","https://web.archive.org/web/20231229122436/https://web-assets.cdn.dealersolutions.com.au/modular.multisite.dealer.solutions/wp-content/uploads/sites/2892/2023/12/28160403/02758649.pdf
https://web.archive.org/web/20240102202930/https://www.bankinfosecurity.com/lockbit-30-claims-attack-on-australian-auto-dealer-eagers-a-24011","",""
"1756","12/30/2023","2023","Xerox Corporation","Global","Information Technology","","INC Ransom","G1032","","","","","","","","","https://securityaffairs.com/156679/cyber-crime/inc-ransom-ransomware-xerox-corp.html","",""
"1757","12/30/2023","2023","Kenya Airways","Kenya","Transportation Systems","","Ransomexx","","","","","","","","","","https://web.archive.org/web/20250119215939/https://thecondia.com/kenya-airways-hacked-ransomexx/","",""
"1758","12/30/2023","2023","Bachoco","Mexico","Food and Agriculture","","Cactus","","","","","","","","","","https://web.archive.org/web/20240203015214/https://techlapse.com/news/bachoco-ransomware-attack/","",""
"1759","12/31/2023","2023","Coop","Sweden","Food and Agriculture","","Cactus","","","","","","","","","","https://securityaffairs.com/156709/cyber-crime/cactus-ransomware-coop-sweden.html","",""
"1154","1/1/2022","2022","Brazilian Federal Executive Branch","Brazil","Government Facilities","","CatB","","","","","","","","","","https://therecord.media/chamelgang-china-apt-ransomware-distraction","",""
"1155","1/1/2022","2022","Impresa","Portugal","Communication","","Lapsus$","G1004","","","","","","","","","https://siliconangle.com/2022/01/02/portuguese-media-group-impresa-knocked-offline-ransomware-attack/","",""
"1156","1/1/2022","2022","Jefferson Credit Union","United States","Financial Services","","RansomHouse/WhiteRabbit","","","","","","","","","","https://therecord.media/amd-investigating-claims-of-stolen-data","",""
"1157","1/4/2022","2022","FinalSite","Global","Information Technology","Education Facilities","","","6 days","1 week or less","","","","","","","https://www.bleepingcomputer.com/news/security/finalsite-ransomware-attack-shuts-down-thousands-of-school-websites/ ;
https://www.infosecurity-magazine.com/news/finalsite-school-restored/","",""
"1158","1/5/2022","2022","Bernalillo County","New Mexico","Government Facilities","","","","","","","","","","","","https://www.fairfieldcitizenonline.com/news/article/Bernalillo-County-reports-suspected-ransomware-16751448.php","",""
"1159","1/8/2022","2022","Subex / Sectrio","Colorado","Information Technology","","Ragnar Locker","S0481","","","","","","","","","https://denver.cbslocal.com/2022/01/11/ransomware-hack-ragnar-locker-subex-sectrio-broomfield-cybersecurity/","",""
"1160","1/9/2022","2022","Jackson Hospital","Florida","Healthcare and Public Health","","","","","","","","","","","","https://www.wjhg.com/2022/01/17/jackson-hospital-fends-off-ransomeware-attack/","",""
"1161","1/11/2022","2022","Emil Frey","Switzerland","Transportation Systems","","Hive","","","","","","","","","","https://www.zdnet.com/article/europes-biggest-car-dealer-hit-with-ransomware-attack/","",""
"1162","1/12/2022","2022","Mail2World","Global","Communication","","","","","","","","","","","","https://www.nvdaily.com/nvdaily/shentel-official-email-service-back-after-ransomware-attack/article_66c6689a-b085-5cc5-862b-b29290befb12.html","",""
"1163","1/13/2022","2022","Albuquerque Public Schools","New Mexico","Education Facilities","","","","5 days","1 week or less","","","","","","","https://www.zdnet.com/article/albuquerque-public-schools-shut-down-by-ransomware-incident/ ;
https://www.aps.edu/news/news-from-2021-2022/aps-resolves-ransomware-attack","","Not connected to the attack on Bernalillo County, NM"
"1164","1/15/2022","2022","Horizon Actuarial Services","United States","Financial Services","","","","","","","","","Yes","","","https://www.techtarget.com/searchsecurity/news/252517955/Victims-of-Horizon-Actuarial-data-breach-exceed-1M","",""
"1165","1/18/2022","2022","Delta Electronics","Taiwan","Critical Manufacturing","","Conti","S0575","","","","$15 million","More than $5000000","","","","https://www.bleepingcomputer.com/news/security/taiwanese-apple-and-tesla-contractor-hit-by-conti-ransomware/","",""
"1166","1/18/2022","2022","Port of Lisbon Administration (APL)","Portugal","Transportation Systems","","LockBit","","","","","$1.5 million","$5000000 or less","","","","https://www.bleepingcomputer.com/news/security/lockbit-ransomware-claims-attack-on-port-of-lisbon-in-portugal/","",""
"1167","1/19/2022","2022","Curo Fund Services","South Africa","Financial Services","","","","5 days","1 week or less","","","","","","","https://mybroadband.co.za/news/security/432056-ransomware-attack-took-down-r2-trillion-investment-company-for-five-days.html","",""
"1168","1/20/2022","2022","Ohlone College","California","Education Facilities","","","","","","","","","","","","https://www.siliconvalley.com/2022/02/08/east-bay-community-college-data-breached-ransomware/","",""
"1169","1/24/2022","2022","Linn County","Oregon","Government Facilities","","","","","","","","","","","","https://kpic.com/news/local/linn-county-affected-by-ransomware-attack","",""
"1170","1/24/2022","2022","Belarusian Railways","Belarus","Transportation Systems","","","","","","","","","","","","https://www.wired.com/story/belarus-railways-ransomware-hack-cyber-partisans/","","Ransom demands were not financial, but were political (e.g., release of political prisoners)"
"1171","1/24/2022","2022","Jax Spine and Pain Centers","Florida","Healthcare and Public Health","","","","","","","","","","","","https://www.hipaajournal.com/four-healthcare-providers-hit-with-ransomware-attacks/","",""
"1172","1/27/2022","2022","French Ministry of Justice","France","Government Facilities","","","","","","","","","","","","https://www.politico.eu/article/infamous-ransomware-group-claims-it-hacked-frances-justice-ministry/","",""
"1173","1/27/2022","2022","Lutheran Social Services of Illinois (LSSI)","Illinois","Healthcare and Public Health","","","","","","","","","","","","https://healthitsecurity.com/news/il-social-services-organization-notifies-184k-of-healthcare-ransomware-attack","",""
"1174","1/28/2022","2022","Kenyon Produce (KP) Snacks","United Kingdom","Food and Agriculture","","Conti","S0575","","","","","","","","","https://www.bleepingcomputer.com/news/security/kp-snacks-giant-hit-by-conti-ransomware-deliveries-disrupted/","",""
"1175","1/29/2022","2022","OilTanking GmbH and Mabanaft GmbH","Germany","Energy","","BlackCat/ALPHV","S1068","","","","","","","","","https://www.computerweekly.com/news/252512876/BlackCat-crew-supposedly-behind-OilTanking-ransomware-heist","","both are subsidiaries of the Marquard & Bahls group (potential breach point)"
"1176","1/30/2022","2022","SEA-Tank Terminal","Belgium","Transportation Systems","","","","","","","","","","","","https://www.france24.com/en/live-news/20220203-european-oil-port-terminals-hit-by-cyberattack ;
https://thestack.technology/cyber-attacks-european-terminals-sea-invest-evos/#:~:text=SEA%2Dinvest%20told%20The%20Record,operations%20as%20of%20February%202.","","cyberattack; unclear if ransomware"
"1177","2/1/2022","2022","Panasonic","Canada","Information Technology","","Conti","S0575","","","","","","","","","https://techcrunch.com/2022/04/11/panasonic-canada-ransomware/?guccounter=1&guce_referrer=aHR0cHM6Ly93d3cuZ29vZ2xlLmNvbS8&guce_referrer_sig=AQAAAJTknUO-VdxNWLn5CRIzZ_OGavr1plBDDWACBDaFjS97mrGWCcvJOkWE35vauNYO55xeqpLktI6Wlv4a7brsrKA4BkxbYzln-YPFwuukfLNfiSV28msTT_zUYdpL8tTMRmpKJb8h1CtQbyzKMMf0wr-8XjEzNDOHVy70iy0VnkwB","",""
"1178","2/1/2022","2022","Australian Clinical Labls (ACL)  Medlab Pathology","Australia","Healthcare and Public Health","","Quantum","","","","","","","","","","https://www.bleepingcomputer.com/news/security/australian-clinical-labs-says-patient-data-stolen-in-ransomware-attack/","",""
"1179","2/1/2022","2022","City of Quincy MA","Massachusetts","Government Facilities","","","","","","","","","","","","https://www.techtarget.com/searchsecurity/news/252514185/February-ransomware-attacks-hit-major-enterprises","",""
"1180","2/4/2022","2022","Swissport International","Switzerland","Transportation Systems","","BlackCat/ALPHV","S1068","","","","","","","","","https://www.bleepingcomputer.com/news/security/swissport-ransomware-attack-delays-flights-disrupts-operations/ ;
https://www.bleepingcomputer.com/news/security/blackcat-alphv-claims-swissport-ransomware-attack-leaks-data/","",""
"1181","2/4/2022","2022","Mizuno","United States","Commercial Facilities","","","","","","","","","","","","https://www.bleepingcomputer.com/news/security/sports-brand-mizuno-hit-with-ransomware-attack-delaying-orders/","","japanese business; USA corporate network targeted"
"1182","2/4/2022","2022","University of Detroit Mercy","Michigan","Education Facilities","","","","","","","","","","","","https://www.techtarget.com/searchsecurity/news/252514185/February-ransomware-attacks-hit-major-enterprises","",""
"1183","2/6/2022","2022","NFL San Francisco 49ers Team","California","Commercial Facilities","","Blackbyte","","","More than 1 month","","","","","","","https://www.bleepingcomputer.com/news/security/san-francisco-49ers-blackbyte-ransomware-gang-stole-info-of-20k-people/","",""
"1184","2/12/2022","2022","San Francisco 49ers NFL team","California","Commercial Facilities","","Blackbyte","","","","","","","","","","https://www.bleepingcomputer.com/news/security/nfls-san-francisco-49ers-hit-by-blackbyte-ransomware-attack/","",""
"1185","2/14/2022","2022","Centralia College","Washington","Education Facilities","","","","","","","","","","","","https://www.govtech.com/education/higher-ed/centralia-college-ransomware-attack-made-data-inaccessible","",""
"1186","2/20/2022","2022","Expeditors","Washington","Transportation Systems","","","","about 3 weeks","1 month or less","","","","","","","https://www.bleepingcomputer.com/news/security/expeditors-shuts-down-global-operations-after-likely-ransomware-attack/ ;
https://thestack.technology/expeditors-ransomware-costs-freight-forwarding/","",""
"1187","2/25/2022","2022","Spine Diagnostic and Pain Treatment","Louisiana","Healthcare and Public Health","","Conti","S0575","","","","","","","","","https://www.databreaches.net/la-spine-diagnostic-pain-treatment-patient-files-show-up-on-ransomware-site/","",""
"1188","2/25/2022","2022","Nvidia","United States","Critical Manufacturing","","Lapsus$","G1004","","","","","","","","","https://www.pcmag.com/news/nvidia-investigates-potential-ransomware-incident","",""
"1189","2/25/2022","2022","McDonald's Corporation","Global","Food and Agriculture","","Snatch","","","","","","","","","","https://www.dailymail.co.uk/news/article-10553013/Russia-linked-hacker-gang-claims-ransomware-attack-McDonalds.html","","Snatch members are Russian speaking; attack possibly linked to Ukraine-Russia conflict"
"1190","2/26/2022","2022","Professional Finance Company Inc. (PFC)","Colorado","Financial Services","Healthcare and Public Health","Quantum","","","","","","","","","","https://www.bleepingcomputer.com/news/security/quantum-ransomware-attack-affects-657-healthcare-orgs/","",""
"1191","2/27/2022","2022","Bridgestone Americas","Tennessee","Critical Manufacturing","","LockBit","","10 days","1 month or less","","","","","","","https://www.msspalert.com/cybersecurity-breaches-and-attacks/ransomware/bridgestone-cyberattack-timeline-and-ransomware-recovery-details/","",""
"1192","2/28/2022","2022","Kojima Industries","Japan","Critical Manufacturing","","","","","","","","","","","","https://www.bleepingcomputer.com/news/security/toyota-halts-production-after-reported-cyberattack-on-supplier/","",""
"1193","3/1/2022","2022","Miratorg Agribusiness Holding","Russia","Food and Agriculture","","BitLocker","","","","","","","","","","https://www.bleepingcomputer.com/news/security/top-russian-meat-producer-hit-with-windows-bitlocker-encryption-attack/","",""
"1194","3/1/2022","2022","Snap-on","Wisconsin","Critical Manufacturing","","Conti","S0575","","","","","","","","","https://www.bleepingcomputer.com/news/security/snap-on-discloses-data-breach-claimed-by-conti-ransomware-gang/","",""
"1195","3/1/2022","2022","ESKOM Hld SOC Ltd.","South Africa","Energy","","Everest","","","","","$200k","$1000000 or less","","","","https://securityaffairs.co/wordpress/136866/cyber-crime/south-africa-eskom-everest-ransomware.html","",""
"1196","3/1/2022","2022","Unnamed multi-state grain company","United States","Food and Agriculture","","Lockbit","","","","","","","","","","https://www.michiganfarmnews.com/fbi-alert-ag-ransomware-attacks-timed-to-critical-seasons","",""
"1197","3/1/2022","2022","OKC Indian Clinic (OKCIC)","Oklahoma","Healthcare and Public Health","","","","","","","","","","","","https://kfor.com/news/local/ransomware-group-claims-responsibility-for-cyber-attack-on-metro-healthcare-organization/","",""
"1198","3/2/2022","2022","Fleetwood Area School District","Pennsylvania","Education Facilities","","","","","","","","","","","","https://www.wfmz.com/news/area/berks/authorities-investigate-ransomware-attack-in-fleetwood-asd/article_97083be6-9c13-11ec-a4c7-8f1287ebf492.html","",""
"1199","3/7/2022","2022","North Carolina A&T State University","North Carolina","Education Facilities","","BlackCat/ALPHV","S1068","","","","","","","","","https://arstechnica.com/information-technology/2022/04/ransomware-sent-north-carolina-at-university-scrambling-to-restore-services/","",""
"1200","3/7/2022","2022","Rompetrol gas station","Romania","Energy","","Hive","","","","","2 million USD","$5000000 or less","","","","https://www.bleepingcomputer.com/news/security/rompetrol-gas-station-network-hit-by-hive-ransomware/","",""
"1201","3/7/2022","2022","Samsung Electronics","Japan","Critical Manufacturing","Communication","Lapsus$","G1004","","","","","","","","","https://threatpost.com/samsung-lapsus-ransomware-source-code/178791/","",""
"1202","3/7/2022","2022","Brownsville Public Utility Board (BPUB)","Texas","Government Facilities","Energy","Lockbit","","","","","","","","","","https://www.valleycentral.com/news/local-news/russian-ransomware-gang-hacks-bpub/","",""
"1203","3/11/2022","2022","Denso","Germany","Critical Manufacturing","","Pandora","S0664","","","","","","","","","https://www.bleepingcomputer.com/news/security/automotive-giant-denso-hit-by-new-pandora-ransomware-gang/","",""
"1204","3/11/2022","2022","McKenzie Health System","Michigan","Healthcare and Public Health","","","","","","","","","","","","https://healthitsecurity.com/news/refuah-health-center-suffers-cybersecurity-incident-260k-impacted","",""
"1205","3/14/2022","2022","Parker Hannifin","Global","Critical Manufacturing","","Conti","S0575","","","","","","","","","https://www.securityweek.com/ransomware-gang-leaks-files-stolen-industrial-giant-parker-hannifin","",""
"1206","3/17/2022","2022","The Rehab Group","Republic of Ireland","Healthcare and Public Health","","","","","","","","","","","","https://www.rte.ie/news/ireland/2022/0330/1289235-rehab-cyber-attack/","",""
"1207","3/19/2022","2022","Town of Plainfield","Connecticut","Government Facilities","Emergency Services","","","","","$199,000 in bitcoin","$199,000","","","","","https://www.nbcconnecticut.com/news/local/plainfield-town-computer-system-hit-by-ransomware-attack/2745992/","",""
"1208","3/20/2022","2022","Bexar County Appraisal District","Texas","Government Facilities","","","","","","","","","","","","https://www.ksat.com/news/local/2022/03/21/ransomware-attack-hits-bexar-county-appraisal-district-some-files-damaged/","",""
"1209","3/21/2022","2022","Partnership HealthPlan of California","California","Healthcare and Public Health","","Hive","","","","","","","","","","https://www.pressdemocrat.com/article/news/ransomware-group-claims-responsibility-for-partnership-healthplan-internet/","",""
"1210","3/21/2022","2022","ELTA (Greece Postal Service)","Greece","Communication","","","","","","","","","","","","https://www.bleepingcomputer.com/news/security/greeces-public-postal-service-offline-due-to-ransomware-attack/","",""
"1211","3/23/2022","2022","National Instititue of Mental Health and Neurological Sciences (NIMHANS)","India","Healthcare and Public Health","","","","","","$5000 in bitcoin","$5,000","$50000 or less","","","","https://www.deccanherald.com/city/bengaluru-crime/nimhans-files-complaint-over-a-month-after-ransomware-attack-report-1106331.html","",""
"1212","3/24/2022","2022","State Electric Company Limited (STELCO)","Canada","Energy","","","","","","","","","","","","https://edition.mv/features/24298","",""
"1213","3/31/2022","2022","Nordex","Global","Energy","Critical Manufacturing","Conti","S0575","","","","","","","","","https://www.bleepingcomputer.com/news/security/wind-turbine-firm-nordex-hit-by-conti-ransomware-attack/","",""
"1214","4/1/2022","2022","The Costa Rican Government Entities","Costa Rica","Government Facilities","","Conti","S0575","","","","$10 million","More than $5000000","No","","","https://www.bleepingcomputer.com/news/security/costa-rica-declares-national-emergency-after-conti-ransomware-attacks/ ;
https://www.bleepingcomputer.com/news/security/costa-rica-declares-national-emergency-after-conti-ransomware-attacks/","","Ministry of Finance, its Ministry of Labor and Social Security (MTSS), the Ministry of Science, Innovation, Technology, and Telecommunications, and the Social Development and Family Allowances Fund (FODESAF) all hit by the ransomware. Country declared national emergency"
"1215","4/1/2022","2022","Northern Ireland TrustFord","Republic of Ireland","Transportation Systems","","Conti","S0575","","","","","","","","","https://www.infosecurity-magazine.com/news/northern-ireland-trustford/","",""
"1216","4/1/2022","2022","Tensor","Russia","Information Technology","","Conti","S0575","","","","","","","","","https://www.bleepingcomputer.com/news/security/hackers-use-contis-leaked-ransomware-to-attack-russian-companies/","","NB65 used Conti source code, motivated by Russia's invasion of Ukraine"
"1217","4/1/2022","2022","Roscosmos (space agency)","Russia","Government Facilities","","Conti","S0575","","","","","","","","","https://www.bleepingcomputer.com/news/security/hackers-use-contis-leaked-ransomware-to-attack-russian-companies/","","NB65 used Conti source code, motivated by Russia's invasion of Ukraine"
"1218","4/1/2022","2022","VGTRK","Russia","Communication","","Conti","S0575","","","","","","","","","https://www.bleepingcomputer.com/news/security/hackers-use-contis-leaked-ransomware-to-attack-russian-companies/","","NB65 used Conti source code, motivated by Russia's invasion of Ukraine"
"1219","4/1/2022","2022","Peru's National Directorate of Intelligence","Peru","Government Facilities","","Conti","S0575","","","","at least $1 million","$5000000 or less","","","","https://larepublica.pe/politica/2022/04/29/hackers-rusos-exigen-pago-millonario-al-ministerio-del-interior-ministerio-del-interior-pedro-castillo-mdga/","",""
"1220","4/1/2022","2022","Westchester County library","New York","Education Facilities","","","","","","","","","","","","https://patch.com/new-york/newrochelle/sophisticated-ransomware-attack-hits-westchester-libraries","",""
"1221","4/3/2022","2022","Perusahaan Gas Negara (PGN)","Indonesia","Energy","","Hive","","","","","","","","","","https://techmonitor.ai/technology/cybersecurity/hive-ransomware-gang-pgn","",""
"1222","4/4/2022","2022","Maternal and Family Health Services","Pennsylvania","Healthcare and Public Health","","","","","","","","","","","","https://www.healthcareitnews.com/news/ransomware-incident-exposes-medical-data-pennsylvania","",""
"1223","4/8/2022","2022","Florida International University","Florida","Education Facilities","","BlackCat/ALPHV","S1068","","","","","","","","","https://therecord.media/blackcat-ransomware-group-claims-attack-on-florida-international-university/","",""
"1224","4/11/2022","2022","Deutsche Windtechnik","Germany","Energy","","Black Basta","S1070","","","","","","","","","https://therecord.media/german-wind-farm-operator-confirms-cybersecurity-incident-after-ransomware-group","",""
"1225","4/12/2022","2022","Practice Resources, LLC","New York","Financial Services","","","","","","","","","","","","https://healthitsecurity.com/news/ny-billing-company-suffers-ransomware-attack-942k-impacted","",""
"1226","4/15/2022","2022","Wyandotte County","Kansas","Government Facilities","","","","","","","","","","","","https://www.ksn.com/news/state-regional/recent-data-breach-in-wyandotte-county-may-be-ransomware-attack/","",""
"1227","4/16/2022","2022","Professional Account Management","Puerto Rico","Financial Services","","","","","","","","","","","","https://www.elnuevodia.com/noticias/gobierno/notas/asi-es-como-funciona-un-ciberataque-mediante-ransomware-como-el-que-afecta-los-sistemas-de-autoexpreso/","",""
"1228","4/17/2022","2022","Unified Government of Wyandotte County and Kansas City","Kansas","Government Facilities","","","","","","","","","No","","","https://www.kshb.com/news/crime/officials-confirm-unified-government-data-centers-were-targeted-by-ransomware-attack","",""
"1229","4/17/2022","2022","Unnamed NSW council","Australia","Water and Wastewater Systems","","","","","","","","","","","","https://www.governmentnews.com.au/ransomware-attack-on-council-impacted-water-monitoring-systems-report-reveals/","",""
"1230","4/18/2022","2022","EKZ (library services provider)","Europe","Information Technology","Government Facilities","Lockbit","","","","","","","No","","","https://therecord.media/german-library-service-struggling-to-recover-from-ransomware-attack/","",""
"1231","4/22/2022","2022","American Dental Association","United States","Healthcare and Public Health","","Black Basta","S1070","","","","","","","","","https://www.bleepingcomputer.com/news/security/american-dental-association-hit-by-new-black-basta-ransomware/","",""
"1232","4/22/2022","2022","Finance of Rio de Janeiro","Brazil","Financial Services","Government Facilities","LockBit","","","","","","","","","","https://therecord.media/rio-de-janeiro-finance-department-hit-with-lockbit-ransomware/","",""
"1233","4/24/2022","2022","Coca-Cola Co.","Global","Food and Agriculture","","Stormous","","","","","","","","","","https://siliconangle.com/2022/04/26/coca-cola-investigating-possible-stormous-data-breach/","",""
"1234","4/25/2022","2022","Yuma Regional Medical Center (YRMC)","Arizona","Healthcare and Public Health","","","","","","","","","","","","https://therecord.media/arizona-hospital-says-ssns-of-700000-people-leaked-during-april-ransomware-attack/","",""
"1235","4/27/2022","2022","Austin Peay State University","Tennessee","Education Facilities","","","","","","","","","","","","https://www.bleepingcomputer.com/news/security/austin-peay-state-university-resumes-after-ransomware-cyber-attack/","",""
"1236","4/28/2022","2022","OneTouchPoint","Wisconsin","Communication","Healthcare and Public Health","","","","","","","","","","","https://www.scmagazine.com/analysis/breach/326k-aetna-members-involved-in-mailing-vendor-ransomware-fallout","",""
"1237","4/30/2022","2022","Kellogg Community College","Michigan","Education Facilities","","","","","","","","","","","","https://www.battlecreekenquirer.com/story/news/2022/05/02/ransomware-attack-forces-kcc-cancel-classes-indefinitely/9612941002/","",""
"1238","5/1/2022","2022","Christus Health","Texas","Healthcare and Public Health","","AvosLocker","S1053","","","","","","","","","https://healthitsecurity.com/news/avoslocker-claims-responsibility-for-christus-health-ransomware-attack","",""
"1239","5/1/2022","2022","Regina Public Schools","Canada","Education Facilities","","BlackCat/ALPHV","S1068","","","","","","","","","https://www.cbc.ca/news/canada/saskatchewan/regina-ransomware-attack-1.6468848","",""
"1240","5/1/2022","2022","Top Aces","Canada","Defense Industrial Base","","Lockbit","","","","","","","","","","https://therecord.media/top-aces-ransomware-attack-lockbit/","",""
"1241","5/1/2022","2022","Optoma Technology Inc.","California","Healthcare and Public Health","","","","","","","","","","","","https://www.jdsupra.com/legalnews/optoma-technology-inc-confirms-data-1425375/","",""
"1242","5/2/2022","2022","State Bar of Georgia","Georgia","Education Facilities","","BitLocker","","","","","","","","","","https://www.securityweek.com/state-bar-georgia-confirms-data-breach-following-ransomware-attack ;
https://therecord.media/state-bar-of-georgia-cyberattack/","",""
"1243","5/4/2022","2022","Omnicell","United States","Critical Manufacturing","Healthcare and Public Health","","","","","","","","","","","https://www.securityweek.com/healthcare-technology-provider-omnicell-discloses-ransomware-attack","",""
"1244","5/5/2022","2022","AGCO","Georgia","Critical Manufacturing","Food and Agriculture","","","","","","","","","","","https://www.bleepingcomputer.com/news/security/us-agricultural-machinery-maker-agco-hit-by-ransomware-attack/","",""
"1245","5/9/2022","2022","Bulgarian government agency for refugee management","Bulgaria","Government Facilities","","LockBit","","","","","","","","","","https://www.cyberscoop.com/lockbit-ransomware-attack-bulgarian-refugee-agency/","",""
"1246","5/9/2022","2022","Opus Interactive","Oregon","Information Technology","Government Facilities","","","","","","","","","","","https://www.securityweek.com/hackers-hit-web-hosting-provider-linked-oregon-elections/","",""
"1247","5/10/2022","2022","Glenn County Office of Education","California","Education Facilities","","Quantum","","Received decryptor on June 8","1 month or less","$1 million+ in bitcoin","$1 million+","$5000000 or less","Yes","bitcoin","$400k","https://www.databreaches.net/scoop-glenn-county-office-of-education-paid-400k-ransom-after-ransomware-attack/","",""
"1248","5/13/2022","2022","Nikkei","Singapore","Communication","","","","","","","","","","","","https://www.bleepingcomputer.com/news/security/media-giant-nikkei-s-asian-unit-hit-by-ransomware-attack/","",""
"1249","5/19/2022","2022","Massy Stores","Trinidad and Tobago","Food and Agriculture","","","","","","","","","","","","https://therecord.media/trinidads-largest-supermarket-chain-crippled-by-cyberattack","",""
"1250","5/20/2022","2022","Goodman Campbell Brain and Spine","Indiana","Healthcare and Public Health","","Hive","","","","","","","","","","https://www.scmagazine.com/analysis/breach/326k-aetna-members-involved-in-mailing-vendor-ransomware-fallout","",""
"1251","5/24/2022","2022","Carinthia, Austria","Austria","Government Facilities","","BlackCat/ALPHV","S1068","","","","$5 million","$5000000 or less","No","","","https://www.bleepingcomputer.com/news/security/blackcat-alphv-ransomware-asks-5-million-to-unlock-austrian-state/","",""
"1252","5/24/2022","2022","Hanesbrands Inc.","Global","Critical Manufacturing","Commercial Facilities","","","","","","","","","","","https://journalnow.com/business/local/hanesbrands-discloses-ransomware-attack-its-unclear-whether-company-paid-the-ransom/article_6e5cdc1a-e0e7-11ec-ab26-a389c6b692c7.html","",""
"1253","5/25/2022","2022","SpiceJet","India","Transportation Systems","","","","","","","","","","","","https://www.indiatoday.in/india/story/ransomware-attack-spicejet-system-hits-flights-passengers-angry-1953918-2022-05-25","",""
"1254","5/25/2022","2022","Ontario Secondary School Teachers' Federation","Canada","Education Facilities","","","","","","","","","","","","https://www.canadianunderwriter.ca/insurance/ontario-union-victim-of-ransomware-attack-notifies-members-of-personal-data-compromised-1004228264/","",""
"1255","5/26/2022","2022","SERV Behavioral Health System","New Jersey","Healthcare and Public Health","","Hive","","","","","","","","","","https://www.databreaches.net/nj-serv-behavioral-health-system-remains-quiet-about-alleged-ransomware-attack-in-may/","",""
"1256","5/26/2022","2022","Wabtec Corportation","United States","Transportation Systems","","LockBit","","","","","","","No","","","https://www.bleepingcomputer.com/news/security/rail-giant-wabtec-discloses-data-breach-after-lockbit-ransomware-attack/","",""
"1257","5/27/2022","2022","Cape Cod Regional Transit Authority (CCRT)","Massachusetts","Transportation Systems","","","","Still recovering as of 6/13","","","","","","","","https://www.capecod.com/newscenter/ccrta-hit-with-ransomware-attack-service-largely-unaffected/ ;
https://therecord.media/cape-cod-transit-bureau-still-recovering-from-memorial-day-ransomware-attack/","",""
"1258","5/27/2022","2022","City of Whitehall","Ohio","Government Facilities","","","","","","","","","","","","https://www.dispatch.com/story/news/local/2022/12/20/whitehall-ransomware-attack-exposes-personal-info-of-about-37000/69742169007/","",""
"1259","5/31/2022","2022","CMC Electronics","Canada","Defense Industrial Base","Critical Manufacturing","BlackCat/ALPHV","S1068","","","","","","","","","https://www.itworldcanada.com/article/canadian-military-provider-suffered-ransom-attack-says-news-report/487654","",""
"1260","5/31/2022","2022","Costa Rican Social Security Fund (CCCS)","Costa Rica","Government Facilities","","Hive","","","","","","","","","","https://www.bleepingcomputer.com/news/security/costa-rica-s-public-health-agency-hit-by-hive-ransomware/","","Occurred shortly after a string of Conti attacks on government"
"1261","5/31/2022","2022","Foxconn","Mexico","Critical Manufacturing","","LockBit","","","","","","","","","","https://www.bleepingcomputer.com/news/security/foxconn-confirms-ransomware-attack-disrupted-production-in-mexico/","",""
"1262","5/31/2022","2022","Cisco","United States","Information Technology","","Yanluowang","","","","","","","","","","https://www.bleepingcomputer.com/news/security/cisco-hacked-by-yanluowang-ransomware-gang-28gb-allegedly-stolen/","",""
"1263","6/1/2022","2022","University of Pisa","Italy","Education Facilities","","BlackCat/ALPHV","S1068","","","","$4.5 million","$5000000 or less","","","","https://www.securitymagazine.com/articles/97826-university-of-pisa-suffers-ransomware-attack","",""
"1264","6/1/2022","2022","Walmart","United States","Commercial Facilities","","Yanluowang","","","","","$55 million","More than $5000000","No","","","https://www.bleepingcomputer.com/news/security/walmart-denies-being-hit-by-yanluowang-ransomware-attack/","","Walmart denies the attack happened"
"1265","6/1/2022","2022","Yodel","United Kingdom","Transportation Systems","","","","","","","","","","","","https://www.bleepingcomputer.com/news/security/yodel-parcel-company-confirms-cyberattack-is-disrupting-delivery/","",""
"1266","6/2/2022","2022","City of Alexandria","Louisiana","Government Facilities","","BlackCat/ALPHV","S1068","","","","","","","","","https://therecord.media/louisiana-authorities-investigating-ransomware-attack-on-city-of-alexandria/","",""
"1267","6/2/2022","2022","Fitzgibbon Hospital","Missouri","Healthcare and Public Health","","Daixin Team","","","","","","","No","","","https://www.databreaches.net/mo-fitzgibbon-hospital-hit-by-ransomware-sensitive-data-leaked/","",""
"1268","6/2/2022","2022","Tenafly Public School District","New Jersey","Education Facilities","","","","","","","","","","","","https://www.govtech.com/education/k-12/new-jersey-district-cancels-finals-after-ransomware-attack","",""
"1269","6/3/2022","2022","Palermo","Italy","Government Facilities","","ViceSociety","","at least 1 week","","","","","","","","https://www.bleepingcomputer.com/news/security/vice-society-ransomware-claims-attack-on-italian-city-of-palermo/","",""
"1270","6/6/2022","2022","Cuncombe County's Council on Aging","North Carolina","Healthcare and Public Health","","","","","","","","","","","","https://wlos.com/news/local/ransomware-attack-reported-at-council-on-aging-of-buncombe-county-director-heather-bauer","",""
"1271","6/8/2022","2022","Elbit Systems of America","Texas","Defense Industrial Base","","Black Basta","S1070","","","","","","No","","","https://www.securityweek.com/defense-giant-elbit-confirms-data-breach-after-ransomware-gang-claims-hack","",""
"1272","6/8/2022","2022","Diskriter","Pennsylvania","Healthcare and Public Health","","Hive","","","","","","","No","","","https://www.databreaches.net/a-pennsylvania-him-services-provider-hit-with-ransomware-threat-actors-claim-they-will-leak-source-code/","",""
"1273","6/10/2022","2022","Montrose Environmental Group","Arkansas","Water and Wastewater Systems","","","","","","","","","","","","https://portswigger.net/daily-swig/ransomware-attack-on-montrose-environmental-group-disrupts-lab-testing-services","",""
"1274","6/13/2022","2022","Lamoille Health Partners","Vermont","Healthcare and Public Health","","","","","","","","","","","","https://healthitsecurity.com/news/ransomware-attack-at-lamoille-health-partners-impacts-59k","",""
"1275","6/14/2022","2022","Shoprite Group","Africa","Food and Agriculture","","RansomHouse/WhiteRabbit","","","","","","","","","","https://therecord.media/large-supermarket-chain-in-southern-africa-hit-with-ransomware/","",""
"1276","6/14/2022","2022","Nichirin-Flex U.S.A","Japan, USA","Critical Manufacturing","Transportation Systems","","","","","","","","","","","https://www.bleepingcomputer.com/news/security/automotive-hose-maker-nichirin-hit-by-ransomware-attack/","",""
"1277","6/16/2022","2022","Disability Help Group","United States","Healthcare and Public Health","","","","","","","","","","","","https://www.databreaches.net/ransomware-team-hits-disability-help-group/","",""
"1278","6/17/2022","2022","Napa Valley College","California","Education Facilities","","","","at least 2 weeks","1 month or less","","","","","","","https://insider.govtech.com/california/news/college-still-grappling-with-ransomware-attack","",""
"1279","6/18/2022","2022","Entrust Corporation","Global","Information Technology","","LockBit","","","","","","","","","","https://www.bleepingcomputer.com/news/security/digital-security-giant-entrust-breached-by-ransomware-gang/ ;
https://www.bleepingcomputer.com/news/security/lockbit-claims-ransomware-attack-on-security-giant-entrust-leaks-data/","",""
"1280","6/19/2022","2022","Naruto Yamakami Hospital","Japan","Healthcare and Public Health","","","","","","","","","","","","https://www3.nhk.or.jp/nhkworld/en/news/20220620_35/","",""
"1281","6/20/2022","2022","Medical University of Innsbruck","Austria","Education Facilities","","ViceSociety","","","","","","","","","","https://www.bleepingcomputer.com/news/security/vice-society-claims-ransomware-attack-on-med-university-of-innsbruck/?traffic_source=Connatix","",""
"1282","6/21/2022","2022","Brooks County","Texas","Government Facilities","","","","","","","$93,000","$100000 or less","Yes","","$37,000","https://www.kztv10.com/news/local-news/brooks-county-pays-off-hacker-with-tax-dollars-after-ransomware-attack","",""
"1283","6/22/2022","2022","Fast Shop","Brazil","Commercial Facilities","","","","","","","","","","","","https://www.bleepingcomputer.com/news/security/fast-shop-brazilian-retailer-discloses-extortion-cyberattack/","",""
"1284","6/23/2022","2022","TB Kawashima","Japan, Thailand","Critical Manufacturing","Transportation Systems","LockBit","","","","","","","","","","https://www.bleepingcomputer.com/news/security/automotive-fabric-supplier-tb-kawashima-announces-cyberattack/","",""
"1285","6/25/2022","2022","Macmillan (publishing)","United Kingdom","Communication","","","","","","","","","","","","https://www.bleepingcomputer.com/news/security/macmillan-shuts-down-systems-after-likely-ransomware-attack/","",""
"1286","6/27/2022","2022","Advanced Micro Devices (AMD)","United States","Critical Manufacturing","","RansomHouse/WhiteRabbit","","","","","","","","","","https://therecord.media/amd-investigating-claims-of-stolen-data","",""
"1287","6/29/2022","2022","Knauf Group","Germany","Critical Manufacturing","","Black Basta","S1070","","","","","","","","","https://www.bleepingcomputer.com/news/security/building-materials-giant-knauf-hit-by-black-basta-ransomware-gang/","",""
"1288","6/30/2022","2022","New York Racing Association (NYRA)","New York","Commercial Facilities","","Hive","","","","","","","","","","https://www.bleepingcomputer.com/news/security/hive-ransomware-claims-attack-on-new-york-racing-association/","",""
"1289","7/1/2022","2022","Wootton Academy Trust","United Kingdom","Education Facilities","","Hive","","","","500,000 euros","","$1000000 or less","","","","https://www.infosecurity-magazine.com/news/ransomware-group-500000-school/","",""
"1290","7/1/2022","2022","Town of Frederick","Colorado","Government Facilities","","LockBit","","","","","","","","","","https://therecord.media/colorado-police-investigating-ransomware-attack-on-small-town/","",""
"1291","7/1/2022","2022","Italian Revenue Agency","Italy","Government Facilities","","LockBit","","","","","","","","","","https://securityaffairs.co/wordpress/133640/cyber-crime/lockbit-ransomware-italian-revenue-agency.html","",""
"1292","7/1/2022","2022","Narragansett Bay Commission","Rhode Island","Water and Wastewater Systems","","","","","","","","","","","","https://www.providencejournal.com/story/news/local/2022/07/16/ri-sewer-system-narragansett-bay-commission-hit-cyber-attack/10076978002/","",""
"1293","7/1/2022","2022","Whitworth University","Maine","Education Facilities","","","","","","","","","","","","https://www.spokesman.com/stories/2023/jun/24/federal-lawsuit-blames-whitworth-university-for-ra/","",""
"1294","7/2/2022","2022","SHI","New Jersey","Information Technology","","","","","","","","","","","","https://www.bleepingcomputer.com/news/security/it-services-giant-shi-hit-by-professional-malware-attack/","",""
"1295","7/3/2022","2022","Cedar Rapids Community School District","Iowa","Education Facilities","","Karakurt","","","","","","","Yes","","","https://www.thegazette.com/k/expert-ransom-paid-after-cyberattack-on-cedar-rapids-schools-likely-necessary/","",""
"1296","7/4/2022","2022","La Poste Mobile","France","Communication","","LockBit","","","","","","","","","","https://www.infosecurity-magazine.com/news/ransomware-french-telecomes/","",""
"1297","7/14/2022","2022","Empress EMS (Emergency Medical Services)","New York","Emergency Services","","Hive","","","","","","","","","","https://www.bleepingcomputer.com/news/security/new-york-ambulance-service-discloses-data-breach-after-ransomware-attack/","",""
"1298","7/18/2022","2022","Albanian Government","Albania","Government Facilities","","ROADSWEEP","S1150","","","","","","","","","https://www.mandiant.com/resources/blog/likely-iranian-threat-actor-conducts-politically-motivated-disruptive-activity-against","",""
"1299","7/18/2022","2022","Spanish National Research Council (CSIC)","Spain","Government Facilities","","","","","","","","","","","","https://www.bleepingcomputer.com/news/security/spanish-research-agency-still-recovering-after-ransomware-attack/","",""
"1300","7/20/2022","2022","Town of St. Marys, Ontario","Canada","Government Facilities","","LockBit","","","","","","","","","","https://www.theverge.com/2022/7/22/23274372/st-marys-canada-lockbit-ransomware-cyber-incident ;
https://globalnews.ca/news/9624346/ransomware-attack-cost-st-marys-ont-1-3m-report/","",""
"1301","7/22/2022","2022","Creos Luxembourg and Enovos (Encevo)","Luxembourg","Energy","","BlackCat/ALPHV","S1068","","","","","","","","","https://www.bleepingcomputer.com/news/security/blackcat-ransomware-claims-attack- ;
https://www.cybersecuritydive.com/news/encevo-creos-envovos-ransomware/628604/on-european-gas-pipeline/","",""
"1302","7/28/2022","2022","Holdcroft Motor Group","United Kingdom","Commercial Facilities","","","","","","","","","","","","https://www.infosecurity-magazine.com/news/car-dealership-hit-by-major/","",""
"1303","7/29/2022","2022","Whitworth University","Washington","Education Facilities","","","","","","","","","","","","https://news.yahoo.com/whitworth-confirms-victim-ransomware-attack-063400708.html?guccounter=1&guce_referrer=aHR0cHM6Ly93d3cuZ29vZ2xlLmNvbS8&guce_referrer_sig=AQAAAJ1JfvViZNmJHzRJJFu-6FYHPrtl7vfqNkFXj3EAxWplkrXHg5j_YR_uopg2gCi_HiAQUcGdbco_pJ3FrExn55yJK3RppVuX-fOTcke3mFGa-i9NBfeC07DtlytMDP538eD2l2_1sdRePfQySRnKhDv0yVXVb0Qe9s3lAMiKYTfn","",""
"1304","8/1/2022","2022","Altice","France","Communication","","Hive","","","","","","","","","","https://techmonitor.ai/technology/cybersecurity/altice-cyberattack-hive-ransomware","",""
"1305","8/1/2022","2022","Continental","Germany","Critical Manufacturing","","LockBit","","","","","$50 million","More than $5000000","No","","","https://www.bleepingcomputer.com/news/security/lockbit-ransomware-claims-attack-on-continental-automotive-giant/ ; https://www.securityweek.com/ransomware-gang-offers-sell-files-stolen-continental-50-million","",""
"1306","8/1/2022","2022","L’Agenzia delle Entrate","Italy","Financial Services","Government Facilities","LockBit","","","","","","","","","","https://www.cpomagazine.com/cyber-security/suspected-lockbit-ransomware-attack-on-italian-tax-agency-potentially-leaked-about-100-gb-of-data/","",""
"1307","8/1/2022","2022","The Semikron Group","Germany","Critical Manufacturing","Energy","LV Ransomware","","","","","","","","","","https://www.bleepingcomputer.com/news/security/semiconductor-manufacturer-semikron-hit-by-lv-ransomware-attack/ ;
https://www.jdsupra.com/legalnews/semikron-announces-potential-data-6979904/","",""
"1308","8/1/2022","2022","Linn-Mar School District","Iowa","Education Facilities","","ViceSociety","","","","","","","","","","https://www.kcrg.com/2022/08/03/leaked-image-shows-ransomware-attack-hit-linn-mar-school-district/","",""
"1309","8/3/2022","2022","Colosseum Dental","Netherlands","Healthcare and Public Health","","LV Ransomware","","","","over 2 million euros","","$5000000 or less","","","","https://nltimes.nl/2022/08/10/dentist-chain-paid-cyber-criminals-eu2-million-ransomware-attack-report","",""
"1310","8/3/2022","2022","Association of German Chambers of Industry and Commerce (DIHK)","Germany","Government Facilities","","","","","","","","","","","","https://www.bleepingcomputer.com/news/security/german-chambers-of-industry-and-commerce-hit-by-massive-cyberattack/","",""
"1311","8/4/2022","2022","Advanced","United Kingdom","Information Technology","Healthcare and Public Health","","","","","","","","","","","https://www.theguardian.com/society/2022/aug/11/fears-patient-data-ransomware-attack-nhs-software-supplier","",""
"1312","8/4/2022","2022","Advanced Computer Software Group","United Kingdom","Information Technology","Healthcare and Public Health","Lockbit","","","","","","","","","","https://web.archive.org/web/20220811130109/https://www.bbc.com/news/technology-62506039
https://web.archive.org/web/20250327013525/https://www.bbc.com/news/articles/cp3yv1zxn94o
https://web.archive.org/web/20250327003710/https://www.computerweekly.com/news/366621298/Advanced-Software-fined-3m-over-LockBit-attack","",""
"1313","8/6/2022","2022","Jacksonville Sheriff's Office","Florida","Government Facilities","","","","","","","","","","","","https://www.actionnewsjax.com/news/local/jacksonville-sheriffs-office-hit-by-apparent-ransomware-attack-independent-sources-say/KCWBC2JWBVAJPMSCUQOKCXPCLA/","",""
"1314","8/8/2022","2022","Bombardier Recreational Products (BRP)","Canada","Critical Manufacturing","","RansomExx/defray","","","","","","","","","","https://www.bleepingcomputer.com/news/security/ransomexx-claims-ransomware-attack-on-sea-doo-ski-doo-maker/","",""
"1315","8/8/2022","2022","7-Eleven","Denmark","Commercial Facilities","","","","","","","","","","","","https://www.bleepingcomputer.com/news/security/7-eleven-denmark-confirms-ransomware-attack-behind-store-closures/","",""
"1316","8/13/2022","2022","Argentina's Judiciary of Córdoba","Argentina","Government Facilities","","Play","G1040","","","","","","","","","https://www.bleepingcomputer.com/news/security/argentinas-judiciary-of-c-rdoba-hit-by-play-ransomware-attack/","",""
"1317","8/15/2022","2022","South Staffordshire Water","United Kingdom","Water and Wastewater Systems","","Clop","S0611","","","","","","","","","https://www.bleepingcomputer.com/news/security/hackers-attack-uk-water-supplier-but-extort-wrong-company/","",""
"1318","8/17/2022","2022","Fremont County","Colorado","Government Facilities","","BlackCat/ALPHV","S1068","","More than 1 month","","","","No","","","https://www.cbsnews.com/colorado/news/ransomware-attacks-hit-wheat-ridge-fremont-counties-everything-was-impacted/","",""
"1319","8/18/2022","2022","Instituto Agrario Dominicano (IAD)","Dominican Republic","Food and Agriculture","Government Facilities","Quantum","","","","","$650,000 USD","$1000000 or less","","","","https://www.bleepingcomputer.com/news/security/quantum-ransomware-attack-disrupts-govt-agency-in-dominican-republic/","",""
"1320","8/18/2022","2022","Baker & Taylor (library services provider)","Global","Information Technology","Education Facilities","","","at least 1 week","1 month or less","","","","","","","https://www.bleepingcomputer.com/news/security/leading-library-services-firm-baker-and-taylor-hit-by-ransomware/","",""
"1321","8/19/2022","2022","Montenegro government and CI","Montenegro","Energy","Water and Wastewater Systems","Cuba","S0625","","","","$10 million USD","More than $5000000","","","","https://www.bleepingcomputer.com/news/security/montenegro-hit-by-ransomware-attack-hackers-demand-10-million/","","Attack also impacted Government and Transportation Sectors"
"1322","8/20/2022","2022","DESFA","Greece","Energy","","Ragnar Locker","S0481","","","","","","No ","","","https://www.bleepingcomputer.com/news/security/greek-natural-gas-operator-suffers-ransomware-related-data-breach/","",""
"1323","8/21/2022","2022","Center Hospitalier Sud Francilien (CHSF)","France","Healthcare and Public Health","","","","","","","10 million USD","More than $5000000","","","","https://www.bleepingcomputer.com/news/security/french-hospital-hit-by-10m-ransomware-attack-sends-patients-elsewhere/","",""
"1324","8/22/2022","2022","Mansfield Independent School District","Texas","Education Facilities","","","","","","","","","","","","https://www.nbcdfw.com/news/local/mansfield-isd-investigating-ransomeware-attack/3054583/","",""
"1325","8/25/2022","2022","TAP Air Portugal","Portugal","Transportation Systems","","Ragnar Locker","S0481","","","","","","","","","https://www.bleepingcomputer.com/news/security/ragnar-locker-ransomware-claims-attack-on-portugals-flag-airline/","",""
"1326","8/25/2022","2022","Chile Government Agency","Chile","Government Facilities","","","","","","","","","","","","https://www.bleepingcomputer.com/news/security/new-ransomware-hits-windows-linux-servers-of-chile-govt-agency/","",""
"1327","8/28/2022","2022","Gestore dei Servizi Energetici SpA (GSE)","Italy","Energy","","BlackCat/ALPHV","S1068","","","","","","","","","https://www.bleepingcomputer.com/news/security/blackcat-ransomware-claims-attack-on-italian-energy-agency/","",""
"1328","8/29/2022","2022","Wheat Ridge County","Colorado","Government Facilities","","BlackCat/ALPHV","S1068","","","$5 million USD in Monero","$5 million USD","$5000000 or less","No","","","https://www.govtech.com/security/denver-suburb-says-no-deal-to-5m-ransomware-demands?","",""
"1329","9/1/2022","2022","NJVC","United States","Information Technology","Defense Industrial Base","BlackCat/ALPHV","S1068","","","","","","","","","https://www.newsmax.com/newsfront/defense-contractor-ransomware/2022/09/29/id/1089606/","",""
"1330","9/1/2022","2022","OakBend Medical Center","Texas","Healthcare and Public Health","","Daixin Team","","At least 9 days","1 month or less","","","","","","","https://www.databreaches.net/oakbend-medical-center-hit-by-ransomware-daixin-team-claims-responsibility/","",""
"1331","9/1/2022","2022","Davenport Community School District","Iowa","Education Facilities","","Karakurt","","","","","","","","","","https://qctimes.com/news/local/education/hacker-claims-to-have-davenport-schools-data-threatens-release/article_41c38b60-88ed-5d5a-94cf-78e90c6d6e89.html","",""
"1332","9/1/2022","2022","Southampton County","Virginia","Government Facilities","","LockBit","","","","","","","","","","https://www.scmagazine.com/brief/ransomware/ransomware-attack-compromises-virginia-county-data","",""
"1333","9/3/2022","2022","Los Angeles Unified School District (LAUSD)","California","Education Facilities","","ViceSociety","","","","","","","No","","","https://www.bleepingcomputer.com/news/security/vice-society-claims-lausd-ransomware-attack-theft-of-500gb-of-data/
https://www.the74million.org/article/trove-of-l-a-students-mental-health-records-posted-to-dark-web-after-cyber-hack/","",""
"1334","9/3/2022","2022","City of Bardstown","Kentucky","Government Facilities","","","","","","","","","","","","https://www.kystandard.com/content/city-confirms-ransomware-hack-last-weekend","",""
"1335","9/6/2022","2022","InterContinental Hotels Grou (ICH)","Global","Commercial Facilities","","","","","","","","","","","","https://www.bleepingcomputer.com/news/security/intercontinental-hotels-group-cyberattack-disrupts-booking-systems/","",""
"1336","9/8/2022","2022","Suffolk County","New York","Government Facilities","","BlackCat/ALPHV","S1068","","","","","","","","","https://www.databreaches.net/ny-suffolk-county-struggles-to-recover-from-blackcat-ransomware-attack/","",""
"1337","9/8/2022","2022","Sunshine Coast Regional District (SCRD)","Canada","Government Facilities","","","","","","","","","No","","","https://www.coastreporter.net/local-news/no-further-action-needed-after-ransomware-attack-on-scrd-report-6153455","",""
"1338","9/11/2022","2022","Buenos Aires legislature","Argentina","Government Facilities","","","","","","","","","","","","https://therecord.media/buenos-aires-legislature-announces-ransomware-attack/","",""
"1339","9/15/2022","2022","Bell Technical Solutions (BTS)","Canada","Information Technology","Communication","Hive","","","","","","","","","","https://mobilesyrup.com/2022/09/15/bell-technical-solutions-hacked-by-ransomware-group/","",""
"1340","9/15/2022","2022","CommonSpirit Health","Colorado","Healthcare and Public Health","","","","","","","","","","","","https://www.denverpost.com/2023/04/06/centura-hospitals-colorado-ransomware-attack/","",""
"1341","9/25/2022","2022","Kenosha Unified School District","Wisconsin","Education Facilities","","Snatch","","","","","","","","","","https://www.kusd.edu/blog/news/kusd-network-investigation-ongoing/
https://therecord.media/ransomware-group-claims-attack-on-wisconsin-school-district","",""
"1342","9/30/2022","2022","William Carey University","Mississippi","Education Facilities","","","","","","","","","","","","https://www.wdam.com/2022/10/01/william-carey-comes-under-ransomware-attack/","",""
"1343","10/1/2022","2022","Sargent & Lundy","Illinois","Energy","Nuclear Reactors, Materials, and Waste","Black Basta","S1070","","","","","","","","","https://www.cnn.com/2022/12/27/politics/hackers-data-utilities-ransomware-sargent-lundy/index.html","",""
"1344","10/1/2022","2022","Asahi Group Holdings","Japan","Food and Agriculture","","BlackByte","","","","","1.1 million USD","$1000000 or less","","","","https://securityaffairs.co/wordpress/137803/cyber-crime/blackbyte-ransomware-asahi-group-holdings.html","","Article refers to targeted organization as a critical manufacturing organization but outside search shows it to be a beverage company"
"1345","10/1/2022","2022","Events DC","Washington, D.C.","Commercial Facilities","","BlackCat/ALPHV","S1068","","","","","","","","","https://www.washingtonpost.com/dc-md-va/2022/12/16/events-dc-ransomware-cyberattack-data/","",""
"1346","10/1/2022","2022","Guilford College","North Carolina","Education Facilities","","Hive","","","","","","","","","","https://www.scmagazine.com/brief/ransomware/data-stolen-in-ransomware-attack-against-north-carolina-college","",""
"1347","10/1/2022","2022","ForceNet (impacting Australian Defence Department)","Australia","Defense Industrial Base","Information Technology","","","","","","","","","","","https://www.abc.net.au/news/2022-10-31/defence-department-ransomware-attack-forecenet-australia/101596230","",""
"1348","10/2/2022","2022","Hartnell College","California","Education Facilities","","","","","","","","","","","","https://www.montereycountyweekly.com/blogs/news_blog/hartnell-college-continues-investigating-ransomware-attack/article_6774b280-48c3-11ed-bbf7-d73236d2b672.html","",""
"1349","10/3/2022","2022","Tata Power","India","Energy","","Hive","","","","","","","","","","https://www.bleepingcomputer.com/news/security/hive-claims-ransomware-attack-on-tata-power-begins-leaking-data/
https://web.archive.org/web/20250202041835/https://securityaffairs.com/173712/cyber-crime/tata-technologies-ransomware-attack.html","",""
"1350","10/3/2022","2022","CommonSpirit Health","United States","Healthcare and Public Health","","","","","","","","","","","","https://www.scmagazine.com/analysis/ransomware/commonspirit-cyberattack-spurs-it-outages-at-chi-memorial-hospitals-across-us","",""
"1351","10/4/2022","2022","Indianapolis Housing Agency","Indiana","Government Facilities","","","","","","","","","","","","https://therecord.media/ransomware-attack-on-indianapolis-housing-agency-leaks-sensitive-info-on-200000-residents/","",""
"1352","10/11/2022","2022","Unnamed transportation and logistics companies","Ukraine and Poland","Transportation Systems","","Prestige","S1058","","","","","","","","","https://duo.com/decipher/prestige-ransomware-hits-targets-in-ukraine-and-poland ;
https://www.infosecurity-magazine.com/news/prestige-ransomware-target-ukraine/","",""
"1353","10/12/2022","2022","Medibank Private Limited","Australia","Financial Services","Healthcare and Public Health","BlogXX","","","","15 million","$10 million USD","More than $5000000","No","","","https://www.bleepingcomputer.com/news/security/australian-insurance-firm-medibank-confirms-ransomware-attack/ ; https://www.bleepingcomputer.com/news/security/ransomware-gang-threatens-to-release-stolen-medibank-data/ ; https://www.cnn.com/2022/11/11/tech/medibank-australia-ransomware-attack-intl-hnk","","BlogXX linked to REvil"
"1354","10/12/2022","2022","Louise W Eggleston Center, Inc.","Maine","Education Facilities","","","","","","","","","","","","https://www.jdsupra.com/legalnews/louise-w-eggleston-center-inc-reports-8793936/","",""
"1355","10/14/2022","2022","Kilvington Grammar School","Australia","Education Facilities","","LockBit","","","","","","","","","","https://itwire.com/business-it-news/security/lockbit-ransomware-gang-hits-melbourne-school-kilvington-grammar.html","","Date is when exfiltrated data was published online. Date of attack undisclosed "
"1356","10/14/2022","2022","Heilbronn Stimme","Germany","Communication","","","","","","","","","","","","https://www.bleepingcomputer.com/news/security/ransomware-attack-halts-circulation-of-some-german-newspapers/","",""
"1357","10/20/2022","2022","Midland Information Technology Consortium (MITCON)","Michigan","Information Technology","","","","","","","","","","","","https://www.manisteenews.com/news/article/International-investigation-continues-into-Oct-17563458.php","",""
"1358","10/20/2022","2022","MedStar Mobile Healthcare","Texas","Emergency Services","Healthcare and Public Health","","","","","","","","","","","https://www.cbsnews.com/texas/news/medstar-reports-its-computer-network-was-hit-by-a-cyberattack/","",""
"1359","10/21/2022","2022","Lake Charles Memorial Health System (LCMHS)","Louisiana","Healthcare and Public Health","","Hive","","","","","","","","","","https://www.bleepingcomputer.com/news/security/ransomware-attack-at-louisiana-hospital-impacts-270-000-patients/","",""
"1360","10/21/2022","2022","Pendragon","United Kingdom","Transportation Systems","Commercial Facilities","LockBit","","","","","$60 million","More than $5000000","No","","","https://cybernews.com/news/pendragon-record-ransom-demand/ ; https://www.bleepingcomputer.com/news/security/pendragon-car-dealer-refuses-60-million-lockbit-ransomware-demand/","",""
"1361","10/25/2022","2022","Avrig","Minnesota","Communication","Information Technology","","","","1 day or less","","","","No","","","https://bringmethenews.com/minnesota-news/ransomware-attack-affects-60000-arvig-internet-users-in-minnesota","",""
"1362","10/29/2022","2022","Supeo (DBS IT service provider)","Denmark","Transportation Systems","Information Technology","","","","","","","","","","","https://securityaffairs.co/wordpress/138127/cyber-crime/cyberattack-blocked-trains-denmark.html","",""
"1363","10/30/2022","2022","Governmnet of Vanuatu","Vanuatu","Government Facilities","","","","","","","","","","","","https://www.scmagazine.com/news/ransomware/the-government-of-vanuatu-offline-since-early-november-in-suspected-ransomware-attack","",""
"1364","10/31/2022","2022","Osaka General Medical Center","Japan","Healthcare and Public Health","","","","","","","","","","","","https://www3.nhk.or.jp/nhkworld/en/news/20221101_07/","",""
"1365","11/1/2022","2022","Maple Lead Foods","Canada","Food and Agriculture","","Black Basta","S1070","","","","","","No","","","https://www.itworldcanada.com/article/black-basta-ransomware-group-claims-it-hit-maple-leaf-foods/515358","",""
"1366","11/1/2022","2022","Zwijndrecht police","Belgium","Government Facilities","Emergency Services","Ragnar Locker","S0481","","","","","","","","","https://www.bleepingcomputer.com/news/security/ransomware-gang-targets-belgian-municipality-hits-police-instead/","",""
"1367","11/1/2022","2022","Cincinnati State Technical and Community College","Ohio","Education Facilities","","ViceSociety","","","","","","","No","","","https://www.bleepingcomputer.com/news/security/vice-society-ransomware-claims-attack-on-cincinnati-state-college/","",""
"1368","11/1/2022","2022","Jeppesen (Boeing subsidiary)","Global","Transportation Systems","","","","","","","","","","","","https://www.databreaches.net/boeing-subsidiary-jeppesens-services-hit-by-cyberattack/","","Not confirmed as ransomware"
"1369","11/4/2022","2022","Sobeys","Canada","Food and Agriculture","Commercial Facilities","Black Basta","S1070","","","","","","","","","https://www.bleepingcomputer.com/news/security/canadian-food-retail-giant-sobeys-hit-by-black-basta-ransomware/","",""
"1370","11/4/2022","2022","Norman Public Schools","Oklahoma","Education Facilities","","","","","","","","","","","","https://okcfox.com/news/local/its-a-nightmare-expert-weighs-in-on-ransomware-attack-facing-norman-public-schools-eric-crawford-nerds-malware-spyware-virus-computer-network-system-hack-file-data-cyber-threat-oklahoma-nps-password-news-tom-ferguson-firewall-district","",""
"1371","11/5/2022","2022","MHMR Authority of Brazos Valley","Texas","Healthcare and Public Health","","Hive","","","","","","","","","","https://www.databreaches.net/mhmr-authority-of-brazos-valley-provides-notice-of-ransomware-attack-last-november/","",""
"1372","11/5/2022","2022","Apprentice Information Systems","Arkansas","Information Technology","Government Facilities","","","","","","","","","","","https://www.kark.com/news/local-news/over-thirty-arkansas-counties-impacted-by-cyber-attack/","",""
"1373","11/8/2022","2022","Silverstone Circuit","United Kingdom","Commercial Facilities","","Royal","S1073","","","","","","","","","https://therecord.media/popular-uk-motor-racing-circuit-investigating-ransomware-attack/","",""
"1374","11/8/2022","2022","Dallas Central Appraisal District","Texas","Government Facilities","","","","more than 1 week","1 month or less","","","","","","","https://www.dallasnews.com/news/crime/2022/11/11/dallas-central-appraisal-district-attacked-by-ransomware-agency-says/ ; https://therealdeal.com/texas/2022/11/15/update-dcad-still-down-following-ransomware-attack/","",""
"1375","11/8/2022","2022","The Dallas Central Appraisal District","Texas","Government Facilities","","","","","","","","","","","","https://www.axios.com/local/dallas/2022/12/07/texas-appraisal-districts-ransomware-attacks","",""
"1376","11/11/2022","2022","AirAsia","Malaysia","Transportation Systems","","Daixin Team","","","","","","","No","","","https://simpleflying.com/malaysia-investigation-airasia-ransomware-attack/","",""
"1377","11/12/2022","2022","Jackson County Intermediate School District","Michigan","Education Facilities","","","","","","","","","","","","https://www.mlive.com/news/jackson/2022/11/ransomware-attack-responsible-for-shutdown-affecting-jackson-hillsdale-schools.html","",""
"1378","11/15/2022","2022","SSP (insurance software company)","Global","Information Technology","Financial Services","LockBit","","","","","$7 million","More than $5000000","","","","https://www.insurancebusinessmag.com/uk/news/cyber/ssp-mocked-by-ransomware-group-over-alleged-400000-offer-431985.aspx","",""
"1379","11/19/2022","2022","IKEA","Morocco and Kuwait","Commercial Facilities","","","","","","","","","","","","https://cybernews.com/news/ikea-posted-ransomware-gang/","",""
"1380","11/20/2022","2022","City of Westmount","Canada","Government Facilities","","LockBit","","","","","","","","","","https://www.itworldcanada.com/article/montreal-area-city-hit-by-ransomware-report/514484","",""
"1381","11/21/2022","2022","Guatemala's Ministry of Foreign Affairs","Guatemala","Government Facilities","","Onyx","","","","","","","","","","https://therecord.media/guatemalas-foreign-ministry-investigating-ransomware-attack/","",""
"1382","11/22/2022","2022","Xavier University","Louisiana","Education Facilities","","ViceSociety","","","","","","","No","","","https://www.govtech.com/education/higher-ed/ransomware-gang-says-it-leaked-data-from-xavier-university-students-staff","",""
"1383","11/23/2022","2022","All India Institute of Medical Sciences (AIIMS)","India","Healthcare and Public Health","","CatB","","","","","","","","","","https://www.ndtv.com/india-news/aiims-delhi-server-down-government-suspects-ransomware-attack-3547633
https://therecord.media/chamelgang-china-apt-ransomware-distraction","",""
"1384","11/27/2022","2022","Keralty (Colombia health system)","Colombia","Healthcare and Public Health","","RansomHouse/WhiteRabbit","","","","","","","","","","https://www.bleepingcomputer.com/news/security/keralty-ransomware-attack-impacts-colombias-health-care-system/","",""
"1385","11/27/2022","2022","IKEA","Kuwait, Morocco","Commercial Facilities","","ViceSociety","","","","","","","","","","https://therecord.media/ikea-investigating-cyberattacks-on-outlets-in-kuwait-morocco/","",""
"1386","11/30/2022","2022","University of Duisburg-Essen (UDE)","Germany","Education Facilities","","ViceSociety","","","","","","","No","","","https://www.bleepingcomputer.com/news/security/vice-society-ransomware-leaks-university-of-duisburg-essen-s-data/","",""
"1387","11/30/2022","2022","Mercury IT","New Zealand","Information Technology","Healthcare and Public Health","","","","","","","","","","","https://www.privacy.org.nz/publications/statements-media-releases/new-news-page-5/","",""
"1388","11/30/2022","2022","One Brooklyn Health","New York","Healthcare and Public Health","","","","","","","","","","","","https://www.cnn.com/2022/12/20/tech/hospital-ransomware/index.html","",""
"1389","12/1/2022","2022","Intrado","Nebraska","Communication","","Royal","S1073","","","","$60 million","More than $5000000","","","","https://www.bleepingcomputer.com/news/security/royal-ransomware-claims-attack-on-intrado-telecom-provider/","",""
"1390","12/1/2022","2022","REC Silicon ASA","Norway","Chemical","","","","","","","","","","","","https://columbiabasinherald.com/news/2022/dec/19/rec-silicon-targeted-ransomware-attack/","",""
"1391","12/1/2022","2022","Volvo Cars","Sweden","Critical Manufacturing","","","","","","","","","","","","https://www.securityweek.com/hacker-selling-data-allegedly-stolen-volvo-cars-following-ransomware-attack/","",""
"1392","12/2/2022","2022","Rackspace","Texas","Information Technology","Communication","Play","G1040","at least 2 weeks","1 month or less","","","","","","","https://www.bleepingcomputer.com/news/security/rackspace-confirms-outage-was-caused-by-ransomware-attack/ ;
https://www.tpr.org/technology-entrepreneurship/2022-12-30/rackspace-identifies-hacking-group-presponsible-for-early-december-ransomware-attack","",""
"1393","12/2/2022","2022","Regal Medical Group","California","Healthcare and Public Health","","","","","","","","","","","","https://www.chiefhealthcareexecutive.com/view/california-medical-group-discloses-ransomware-attack-more-than-3-million-affected","",""
"1394","12/3/2022","2022","Hospital Centre of Versailles","France","Healthcare and Public Health","","","","","","","","","No","","","https://securityaffairs.co/139316/cyber-crime/french-hospital-ransomware-attack-2.html","",""
"1395","12/5/2022","2022","City of Antwerp's admin software provider Digipolis","Belgium","Government Facilities","","Play","G1040","","","","","","","","","https://www.bleepingcomputer.com/news/security/antwerps-city-services-down-after-hackers-attack-digital-partner/ ;
https://www.bleepingcomputer.com/news/security/play-ransomware-claims-attack-on-belgium-city-of-antwerp/","",""
"1396","12/5/2022","2022","The Travis Central Appraisal District","Texas","Government Facilities","","Royal","S1073","1 week","1 week or less","","","","","","","https://www.statesman.com/story/news/2022/12/12/austin-travis-county-appraisal-district-restored-after-ransomware-attack/69720717007/","",""
"1397","12/11/2022","2022","H-Hotels","Germany","Commercial Facilities","","Play","G1040","","","","","","","","","https://www.bleepingcomputer.com/news/security/play-ransomware-claims-attack-on-german-hotel-chain-h-hotels/","",""
"1398","12/12/2022","2022","Empresas Publicas de Medellin (EPM)","Colombia","Energy","","BlackCat/ALPHV","S1068","","","","","","","","","https://www.bleepingcomputer.com/news/security/colombian-energy-supplier-epm-hit-by-blackcat-ransomware-attack/","",""
"1399","12/12/2022","2022","Knox College","Illinois","Education Facilities","","Hive","","","","","","","","","","https://www.nbcnews.com/tech/security/ransomware-hackers-take-demands-directly-college-students-s-sad-day-rcna61253","",""
"1400","12/12/2022","2022","California Department of Finance","California","Government Facilities","","LockBit","","","","","","","","","","https://www.securityweek.com/ransomware-group-threatens-publish-data-stolen-california-department-finance/","",""
"1401","12/15/2022","2022","Australia's Fire Rescue Victoria","Australia","Emergency Services","","ViceSociety","","","","","","","","","","https://www.bleepingcomputer.com/news/security/vice-society-ransomware-claims-attack-on-australian-firefighting-service/","",""
"1402","12/18/2022","2022","Toronto's Hospital for Sick Children (SickKids)","Canada","Healthcare and Public Health","","LockBit","","13 days","1 month or less","","","","No","","","https://www.sickkids.ca/en/news/archive/2022/update-on-sickkids-response-to-cybersecurity-incident/ ;
https://www.itworldcanada.com/article/breaking-news-ransomware-gang-gives-decryptor-to-torontos-sickkids-hospital/519841","","LockBit apologized and gave them free decryptor"
"1403","12/19/2022","2022","City of Mount Vernon","Ohio","Government Facilities","","LockBit","","","","","","","","","","https://therecord.media/lockbit-ransomware-group-attacks-ohio-towns-court-police-department-and-more","",""
"1404","12/20/2022","2022","The Guardian","United Kingdom","Communication","","","","","More than 1 month","","","","","","","https://www.theguardian.com/media/2022/dec/21/guardian-hit-by-serious-it-incident-believed-to-be-ransomware-attack ; https://www.infosecurity-magazine.com/news/ransomware-disruption-guardian/","",""
"1405","12/23/2022","2022","Arnold Clark","Europe","Commercial Facilities","Transportation Systems","Play","G1040","","","","","","","","","https://www.bleepingcomputer.com/news/security/arnold-clark-customer-data-stolen-in-attack-claimed-by-play-ransomware/","",""
"1406","12/23/2022","2022","Bristol Community College","Massachusetts","Education Facilities","","","","","","","","","","","","https://www.databreaches.net/bristol-community-college-acknowledges-ransomware-attack/","",""
"1407","12/27/2022","2022","Copper Mountain Mining Corportation","Canada","Energy","","","","","","","","","","","","https://www.bleepingcomputer.com/news/security/canadian-mining-firm-shuts-down-mill-after-ransomware-attack/","",""
"1408","12/31/2022","2022","Housing Authority of Los Angeles (HACLA)","California","Government Facilities","","LockBit","","","","","","","","","","https://www.bleepingcomputer.com/news/security/la-housing-authority-discloses-data-breach-after-ransomware-attack/","",""
"870","1/1/2021","2021","Unnamed manufacturing facilities","Italy","Critical Manufacturing","","Cring","","","","","","","","","","https://www.cyberscoop.com/ransomware-industrial-europe-kaspersky-cring/","",""
"871","1/1/2021","2021","Wentworth Golf Club","United Kingdom","Commercial Facilities","","","","","","","","","","","","https://grahamcluley.com/wentworth-golf-club-hacked/","",""
"872","1/1/2021","2021","DSC Logistics","Illinois","Transportation Systems","Food and Agriculture","","","","","","","","","","","https://www.freightwaves.com/news/ransomware-attack-targets-major-us-logistics-firm-dsc","",""
"873","1/1/2021","2021","Accellion clients","Global","Information Technology","","","","","","","","","","","","https://www.wired.com/story/accellion-breach-victims-extortion/","","Data breach that led to several extortion attempts against clients "
"874","1/1/2021","2021","Unnamed US Farm","United States","Food and Agriculture","","","","","","","","","","","","https://www.securityweek.com/fbi-warns-ransomware-attack-could-disrupt-food-supply-chain","",""
"875","1/1/2021","2021","Unnamed US Bakery","United States","Food and Agriculture","","","","","","","","","","","","https://www.securityweek.com/fbi-warns-ransomware-attack-could-disrupt-food-supply-chain","",""
"876","1/5/2021","2021","Granite Wellness Centers","California","Healthcare and Public Health","","","","","","","","","","","","https://www.beckershospitalreview.com/cybersecurity/15-600-patients-health-info-exposed-in-ransomware-attack-on-california-health-center.html","",""
"877","1/10/2021","2021","Gastroenterology Consultants","Texas","Healthcare and Public Health","","","","","","","","","","","","https://www.beckershospitalreview.com/cybersecurity/162-000-patients-exposed-in-ransomware-attack-on-texas-medical-group.html","",""
"878","1/13/2021","2021","Cochise Eye and Laser","Arizona","Healthcare and Public Health","","","","Months","More than 1 month","","","","","","","https://healthitsecurity.com/news/100k-patients-impacted-by-cochise-eye-and-laser-ransomware-attack","",""
"879","1/14/2021","2021","Dairy Farm Group","Asia","Food and Agriculture","","Revil/sodinokibi","S0496","","","","$30,000,000","More than $5000000","","","","https://www.bleepingcomputer.com/news/security/pan-asian-retail-giant-dairy-farm-suffers-revil-ransomware-attack/","",""
"880","1/16/2021","2021","City of Montmagne","Canada","Government Facilities","","","","","","","","","","","","https://presstories.com/2021/01/23/cyber-%E2%80%8B%E2%80%8Battack-ransomware-victim-montmagne-city/","",""
"881","1/17/2021","2021","FatFace","United Kingdom","Commercial Facilities","","Conti","S0575","","","213 bitcoin","$8 million","More than $5000000","Yes","","$2.65  million","https://www.computerweekly.com/news/252498463/Retailer-FatFace-pays-2m-ransom-to-Conti-cyber-criminals","",""
"882","1/23/2021","2021","WestRock Company","Georgia","Critical Manufacturing","","","","","","","","","","","","http://scid.infracritical.com/pages/scid-00112/","",""
"883","1/23/2021","2021","Georgetown County","South Carolina","Government Facilities","","","","","More than 1 month","","","","No","","","https://coastalobserver.com/restoration-of-computer-system-continues-after-ransomware-found/; https://www.wmbfnews.com/2021/02/19/email-back-up-about-half-georgetown-county-staff-following-ransomware-attack/","",""
"884","1/23/2021","2021","Unnamed trucking and logistics company","United States","Transportation Systems","","","","A few days","1 week or less","","$300,000","$1000000 or less","No","","","https://www.freightwaves.com/news/inside-a-ransomware-attack-on-a-small-trucking-company","",""
"885","1/27/2021","2021","Crisp Regional Health Services","Georgia","Healthcare and Public Health","","","","","","","","","","","","https://www.beckershospitalreview.com/cybersecurity/ransomware-attack-temporarily-shuts-down-georgia-hospital-s-phone-lines-computer-systems.html","",""
"886","1/27/2021","2021","Personal Touch Holding Corp.","United States","Healthcare and Public Health","","","","","","","","","","","","https://www.beckershospitalreview.com/cybersecurity/ransomware-attack-affects-750-000-personal-touch-patients-employees-across-u-s.html","","Article labels it as ransomware, but does only describes it as a data breach"
"887","1/30/2021","2021","Victor Central School District","New York","Education Facilities","","","","","1 month or less","","","","","","","https://www.rochesterfirst.com/news/education/parents-happy-with-victor-school-response-after-ransomware-attack-saturday/","",""
"888","1/31/2021","2021","UK Research and Innovation","UK, Belgium","Government Facilities","","","","Announcement of recovery on Feb 17","1 month or less","","","","No","","","https://www.zdnet.com/article/uk-research-and-innovation-suffers-ransomware-attack/; https://www.ukri.org/news/ukri-response-to-it-incident/; https://www.ukri.org/news/ukri-response-to-it-incident/","",""
"889","2/1/2021","2021","Capital Medical Center","Washington","Healthcare and Public Health","","Avaddon","S0640","","","","","","","","","https://healthitsecurity.com/news/ransomware-actors-leak-data-from-3-more-healthcare-related-entities","",""
"890","2/1/2021","2021","Carnegie Clean Energy","Belgium","Energy","","Avaddon","S0640","","","","","","","","","https://www.afr.com/politics/federal/hacked-renewables-firm-coffee-roaster-hit-by-ransomware-attacks-20210222-p574jy","",""
"891","2/1/2021","2021","Rehoboth McKinley Christian Health Care Services","New Mexico","Healthcare and Public Health","","Conti","S0575","","","","","","","","","https://healthitsecurity.com/news/ransomware-actors-leak-data-from-3-more-healthcare-related-entities","",""
"892","2/1/2021","2021","Discount Car and Truck Rentals ","Canada","Transportation Systems","","DarkSide","","","","","","","","","","https://www.bleepingcomputer.com/news/security/leading-canadian-rental-car-company-hit-by-darkside-ransomware/","",""
"893","2/1/2021","2021","Segafredo Zanetti","Italy","Food and Agriculture","","DarkSide","","","","","","","","","","https://www.afr.com/politics/federal/hacked-renewables-firm-coffee-roaster-hit-by-ransomware-attacks-20210222-p574jy","",""
"894","2/1/2021","2021","Companhia Paranaense de Energia (Copel)","Brazil","Energy","","DarkSide","","","","","","","","","","https://www.bleepingcomputer.com/news/security/eletrobras-copel-energy-companies-hit-by-ransomware-attacks/","",""
"895","2/1/2021","2021","Home Hardware Stores Ltd","Canada","Commercial Facilities","","DarkSide","","","","","","","","","","https://thestarphoenix.com/technology/tech-news/canadian-retailer-home-hardware-hit-by-ransomware","",""
"896","2/1/2021","2021","Guess","Global","Commercial Facilities","","DarkSide","","","","","","","","","","https://www.bleepingcomputer.com/news/security/fashion-retailer-guess-discloses-data-breach-after-ransomware-attack/","",""
"897","2/1/2021","2021","Standley Systems (vendor to Healthcare Sector)","Oklahoma","Information Technology","Healthcare and Public Health","Revil/sodinokibi","S0496","","","","","","No","","","https://healthitsecurity.com/news/ransomware-actors-leak-data-from-3-more-healthcare-related-entities","",""
"898","2/1/2021","2021","Ministerio de Economía y Finanzas de Ecuador (Ecuador's Ministry of Finance)","Ecuador","Government Facilities","Financial Services","Ronggolawe/AwesomeWare","","","","","","","","","","https://www.bleepingcomputer.com/news/security/ransomware-gang-hacks-ecuadors-largest-private-bank-ministry-of-finance/","",""
"899","2/1/2021","2021","Yuba County","California","Government Facilities","","","","","","","","","No","","","https://www.govtech.com/security/California-County-Focuses-on-Recovery-After-Ransomware-Attack.html","",""
"900","2/1/2021","2021","Centrais Eletricas Brasileiras (Eletrobras)","Brazil","Energy","","","","","","","","","","","","https://www.bleepingcomputer.com/news/security/eletrobras-copel-energy-companies-hit-by-ransomware-attacks/","",""
"901","2/1/2021","2021","Newberry County Memorial Hospital","South Carolina","Healthcare and Public Health","","","","","","","","","No","","","https://www.hipaajournal.com/ransomware-gangs-claim-three-more-healthcare-victims/","",""
"902","2/3/2021","2021","Nocona General Hospital","Texas","Healthcare and Public Health","","Conti","S0575","","","","","","","","","https://www.scmagazine.com/home/security-news/ransomware/conti-ransomware-gang-tied-to-latest-attacks-on-hospitals-in-florida-and-texas/","",""
"903","2/3/2021","2021","Automatic Funds Transfer Services Inc. (vendor to city of Bainbridge Island)","Washington","Financial Services","","Cuba","S0625","","","","","","","","","https://www.bleepingcomputer.com/news/security/us-cities-disclose-data-breaches-after-vendors-ransomware-attack/","",""
"904","2/5/2021","2021","Mutuelle Nationale des Hospitaliers (MNH)","France","Healthcare and Public Health","","RansomExx/defray","","","","","","","","","","https://www.healthcareitnews.com/news/french-health-insurance-company-mnh-hit-ransomware-attack","",""
"905","2/7/2021","2021","ECU Worldwide","Global","Transportation Systems","","Mount Locker","","","","","","","","","","https://www.freightwaves.com/news/hackers-threaten-shipping-firm-ecu-worldwide-with-data-leak","",""
"906","2/8/2021","2021","Cuyahoga Metropolitan Housing Authority","Ohio","Government Facilities","","DoppelPaymer","","","","","","","","","","https://www.news5cleveland.com/news/local-news/in-depth/in-depth-cleveland-fbi-investigating-cmha-computer-ransomware-attack","",""
"907","2/8/2021","2021","Center Hospitalier de Dax-Côte d’Argent","France","Healthcare and Public Health","","Egregor","S0554","Several weeks","1 month or less","","","","","","","https://portswigger.net/daily-swig/dax-cote-dargent-hospital-in-france-hit-by-ransomware-attack","",""
"908","2/8/2021","2021","Netherlands Organisation for Scientific Research (NWO)","Netherlands","Government Facilities","","","","","More than 1 month","","","","No","","","https://www.sciencemag.org/news/2021/02/dutch-research-funding-agency-paralyzed-ransomware-attack-refuses-pay","",""
"909","2/8/2021","2021","Wolfe Eye Clinic","Iowa","Healthcare and Public Health","","","","","","","","","","","","https://www.scmagazine.com/home/security-news/data-breach/actors-steal-data-of-500k-patients-during-eye-clinic-ransomware-attack/","",""
"910","2/9/2021","2021","Sturdy Memorial Hospital","Massachusetts","Healthcare and Public Health","","","","","","","","","Yes","","","https://www.thesunchronicle.com/news/local_news/sturdy-hospital-in-attleboro-sued-over-data-breach/article_6a0531f3-cf0c-52cc-9184-6d213677ac74.html","",""
"911","2/10/2021","2021","Central Piedmont Community College (CPCC)","North Carolina","Education Facilities","","","","At least 2 weeks","1 month or less","","","","","","","https://www.wbtv.com/2021/02/12/central-piedmont-community-college-experiences-ransomware-attack/; https://www.charlotteobserver.com/news/local/article249285260.html","",""
"912","2/11/2021","2021","Midwest Transplant Network","Kansas","Healthcare and Public Health","","","","","","","","","","","","https://www.kcur.org/health/2021-05-03/ransomware-attack-on-midwest-transplant-network-affects-more-than-17-000","",""
"913","2/13/2021","2021","Underwriters Laboratories (UL)","Global","Healthcare and Public Health","","","","","","","","","No","","","https://www.bleepingcomputer.com/news/security/underwriters-laboratories-ul-certification-giant-hit-by-ransomware/","",""
"914","2/15/2021","2021","Villefranche-sur-Saône (Rhône) Hospital Center","France","Healthcare and Public Health","","Ryuk","S0446","","","","","","","","","https://www.databreaches.net/villefranche-sur-saone-hospital-victim-of-a-computer-attack/","",""
"915","2/15/2021","2021","Hawaii Payroll Services","Hawaii","Financial Services","","","","","","","","","","","","https://www.govtech.com/security/thousands-affected-by-ransomware-attack-on-hawaii-company","",""
"916","2/16/2021","2021","Kia Motors America (KMA)","United States","Critical Manufacturing","","DoppelPaymer","","","","404 bitcoin","$20 million","More than $5000000","","","","https://www.bleepingcomputer.com/news/security/kia-motors-america-suffers-ransomware-attack-20-million-ransom/","","Ransom note is directed at Kia's parent company, Hyundai Motor America. Ransom demand increases to 600 bitcoin if not paid within designated time frame. Kia motors denies ransomware attack"
"917","2/19/2021","2021","CaptureRx","Texas","Healthcare and Public Health","","","","","","","","","","","","https://www.hipaajournal.com/capturerx-ransomware-attack-affects-multiple-healthcare-provider-clients/","",""
"918","2/20/2021","2021","Saginaw Township Community Schools","Michigan","Education Facilities","","","","","","","","","","","","https://techgenix.com/school-district-ransomware-attack/","",""
"919","2/21/2021","2021","Manutan","France","Critical Manufacturing","","DoppelPaymer","","Commerical activity frozen for 10 days- didn't fully resume for months","More than 1 month","","","","No","","","https://www.computerweekly.com/news/252510116/Recovering-from-ransomware-One-organisations-inside-story","",""
"920","2/21/2021","2021","Gyrodata Incorporated","Global","Energy","Critical Manufacturing","Revil/sodinokibi","S0496","","","","","","","","","https://finance.yahoo.com/news/notice-data-security-incident-210000214.html?guccounter=1&guce_referrer=aHR0cHM6Ly9wb3J0c3dpZ2dlci5uZXQv&guce_referrer_sig=AQAAAKKjYEQPDs53U1XZ_-_vZFmUyZRbENF-kgfXCBEiX_Xq9lO75BbnyMpWN4X0Qd5W7SeNW5uqd2_woBs0xeqkggOgIII2hBUgffFjOd5iK2zJOj3JSSoqhFAbsWLOWLMRY9uBFG1G_9fqRDRrwF1Qcvr-FAUURmGdYcUnMeAVC5DO ;
https://ironscales.com/blog/ransomware-in-mining/","",""
"921","2/22/2021","2021","TietoEVRY","Scandinavia","Information Technology","","","","","","","","","","","","https://www.tietoevry.com/en/newsroom/all-news-and-releases/other-news/2021/02/information-about-ransomware-attack-in-norway/","",""
"922","2/22/2021","2021","St. Margaret’s Health–Spring Valley","Illinois","Healthcare and Public Health","","","","","","","","","","","","https://healthitsecurity.com/news/100k-patients-impacted-by-cochise-eye-and-laser-ransomware-attack","",""
"923","2/23/2021","2021","Allergy Partners","North Carolina","Healthcare and Public Health","","","","","","","$1.7 million","$5000000 or less","","","","https://www.beckershospitalreview.com/cybersecurity/hackers-demand-1-75m-from-north-carolina-clinic-during-6-day-ransomware-attack.html","",""
"924","2/26/2021","2021","Kaman","United States","Critical Manufacturing","","","","","","","","","","","","https://aviationweek.com/aerospace/manufacturing-supply-chain/kaman-hit-ransomware-attack-biden-foreign-policy-change","",""
"925","2/26/2021","2021","City of Kingman","Arizona","Government Facilities","","","","","","","","","","","","https://www.kold.com/2021/03/03/national-guard-supports-city-kingman-following-ransomware-attack/","",""
"926","2/27/2021","2021","Compucom","New Jersey","Information Technology","","DarkSide","","","","","","","","","","https://www.bleepingcomputer.com/news/security/compucom-msp-hit-by-darkside-ransomware-cyberattack/","",""
"927","2/28/2021","2021","PrismHR","Massachusetts","Information Technology","Financial Services","","","","","","","","","","","https://krebsonsecurity.com/2021/03/payroll-hr-giant-prismhr-hit-by-ransomware/","",""
"928","3/1/2021","2021","Broward County Public Schools","Florida","Education Facilities","","Conti","S0575","2 weeks","1 month or less","$40 million in bitcoin","$40 million ","More than $5000000","No","","","https://www.infosecurity-magazine.com/news/florida-school-district-40m-ransom/#:~:text=Cyber%2Dcriminals%20behind%20a%20cyber,in%20a%20Conti%20gang%20operation.","","Offered to pay $500,00, but Conti rejected the offer"
"929","3/1/2021","2021","Azusa police department","California","Government Facilities","","DoppelPaymer","","","","15.5 bitcoin","$800,000","$1000000 or less","No","","","https://newsnationusa.com/news/entertainment/movie-review/azusa-police-suffered-a-ransomware-attack-in-2018-the-city-kept-it-secret/","Same org was hit previously in 2018",""
"930","3/1/2021","2021","Spain's State Public Employment Service (SEPE)","Spain","Government Facilities","","","","","","","","","","","","https://www.cyberscoop.com/spain-ransomware-employment-agency-sepe/","",""
"931","3/1/2021","2021","Molson Coors","Illinois","Food and Agriculture","","","","","","","","","","","","https://solutionsreview.com/endpoint-security/alleged-ransomware-attack-hits-molson-coors-expert-commentary/","",""
"932","3/1/2021","2021","Edsembli (service provider for Nunavut’s Department of Education)","Canada","Information Technology","Education Facilities","","","","","","","","","","","https://nunatsiaq.com/stories/article/nunavut-schools-suffer-ransomware-attack/","",""
"933","3/1/2021","2021","South and City College","United Kingdom","Education Facilities","","","","","","","","","","","","https://www.birminghammail.co.uk/news/midlands-news/students-told-stay-home-week-20150964","",""
"934","3/3/2021","2021","Faxinating Solutions","Canada","Information Technology","Transportation Systems","","","","","","","","","","","https://www.freightwaves.com/news/ransomware-attack-on-edi-provider-highlights-cyber-risks-in-supply-chain","",""
"935","3/7/2021","2021","Bose","New Hampshire","Information Technology","","","","","","","","","No","","","https://www.cyberscoop.com/bose-ransomware-hack-letter/;
https://www.forbes.com/sites/leemathews/2021/05/25/bose-hit-by-ransomware-refuses-to-pay-ransom/?sh=5ae5eb31139a","",""
"936","3/8/2021","2021","Hospital in Oloron-Sainte-Marie","France","Healthcare and Public Health","","","","","","$50,000 in bitcoin","$50,000","$50000 or less","","","","https://techxplore.com/news/2021-03-french-hospital-cyberattack.html","",""
"937","3/12/2021","2021","Buffalo Public Schools","New York","Education Facilities","","","","","","","","","","","","https://buffalonews.com/news/local/education/buffalo-public-schools-was-victim-of-ransomware-attack/article_e9efa01c-8335-11eb-9b7a-83dd46be27ee.html","",""
"938","3/12/2021","2021","R. E. Gilmore Investments Corp.","Canada","Critical Manufacturing","","","","","","","","","","","","https://www.itbusiness.ca/news/ottawa-warns-of-possible-ransomware-attack-on-firm-that-provides-services/117453","",""
"939","3/13/2021","2021","Acer","Taiwan","Information Technology","","Revil/sodinokibi","S0496","","","213793.5 XMR","$50 million","More than $5000000","","","","https://therecord.media/ransomware-gang-demands-50-million-from-computer-maker-acer/","",""
"940","3/17/2021","2021","Stratus Technologies","Massachusetts","Information Technology","","","","","","","","","","","","https://www.bleepingcomputer.com/news/security/high-availability-server-maker-stratus-hit-by-ransomware/","",""
"941","3/19/2021","2021","Webster Township, Washtenaw County","Michigan","Government Facilities","","","","","","","","","","","","https://thesuntimesnews.com/g/dexter-mi/n/27012/webster-township-makes-changes-after-being-hacked","",""
"942","3/20/2021","2021","Sierra Wireless","Canada","Information Technology","","","","","","","","","","","","https://www.businesswire.com/news/home/20210323005460/en/Sierra-Wireless-Announces-Ransomware-Attack","",""
"943","3/20/2021","2021","Tightwrapz Printshop","Kansas","Commercial Facilities","","","","","","0.01 bitcoin","","","","","","https://www.ksn.com/news/local/ransomware-attack-targets-area-business-fbi-weighs-in/","",""
"944","3/21/2021","2021","CNA Financial (Insurance Giant)","Illinois","Financial Services","","Phoenix CryptoLocker","","At least 2 weeks","1 month or less","","$60 million","More than $5000000","Yes","","$40 million","https://www.bleepingcomputer.com/news/security/insurance-giant-cna-hit-by-new-phoenix-cryptolocker-ransomware/;https://www.gmtoday.com/news/illinois/cna-website-still-down-nearly-2-weeks-insurance-giant-calls-it-a-sophisticated-ransomware-attack/article_bbf51d2c-940b-11eb-931b-4330de77ab1e.html;
https://www.businessinsider.co.za/cna-financial-hackers-40-million-ransom-cyberattack-2021-5","",""
"945","3/21/2021","2021","Maharashtra Industrial Development Corporation (MIDC) IT systems","India","Information Technology","","SYNack","S0242","","","","","","","","","https://in.finance.yahoo.com/news/midcs-infra-faces-ransomware-attack-165457177.html","",""
"946","3/21/2021","2021","Town of Didsbury","Canada","Government Facilities","","","","","","","","","","","","https://discoverairdrie.com/local/town-of-didsbury-victim-of-ransomware-attack","",""
"947","3/23/2021","2021","Park School District","Missouri","Education Facilities","","","","","","","","","No","","","https://www.kmbc.com/article/it-was-pretty-scary-alabama-family-survives-tornado-in-linen-closet/36021604","",""
"948","3/27/2021","2021","Nine Entertainment","Australia","Communication","","","","","","","","","","","","https://www.govinfosecurity.com/australian-tv-channel-disrupted-ransomware-suspected-a-16283","",""
"949","3/27/2021","2021","The Harris Foundation","United Kingdom","Education Facilities","","","","","","","","","","","","https://siliconangle.com/2021/03/30/uk-education-charity-harris-federation-struck-ransomware-attack/","",""
"950","3/29/2021","2021","Yoshiba Foods","Oregon","Food and Agriculture","","","","","","$107k worth of cryptocurrency","$107,000 ","$100000 or less","Yes","Cryptocurrency","$107,074.20 ","https://www.clarkhill.com/news-events/news/direct-means-proximate-oregon-district-court-holds-ransomware-payment-is-a-direct-loss/","",""
"951","3/31/2021","2021","Boggi Milano","Global","Commercial Facilities","","Ragnarok","","","","","","","","","","https://www.bloomberg.com/news/articles/2021-03-31/hackers-target-italian-menswear-boggi-milano-with-ransomware","",""
"952","3/31/2021","2021","Pierre Fabre","France","Chemical","","Revil/sodinokibi","S0496","","","","$50 million","More than $5000000","","","","https://www.bleepingcomputer.com/news/security/leading-cosmetics-group-pierre-fabre-hit-with-25-million-ransomware-attack/","",""
"953","4/1/2021","2021","Houston Rockets NBA Team","Texas","Commercial Facilities","","Babuk","S0638","","","","","","","","","https://www.jdsupra.com/legalnews/houston-rockets-hit-with-ransomware-3230204/","",""
"954","4/1/2021","2021","Washington DC Metropolitan Police Department","Washington, D.C.","Government Facilities","Emergency Services","Babuk","S0638","","","","$4 million","$5000000 or less","No","","","https://www.wyomingpublicmedia.org/post/dc-police-department-victim-apparent-ransomware-attack#stream/0;
https://www.abc57.com/news/ransomware-group-follows-through-on-threat-to-release-personnel-files-of-dc-police-officers","","Unclear if data was encrypted or just leaked; victim offered to pay $100,000 but attackers rejected the offer"
"955","4/1/2021","2021","Merseyrail (Rail network)","United Kingdom","Transportation Systems","","Lockbit","","","","","","","","","","https://www.information-age.com/merseyrail-likely-hit-by-lockbit-ransomware-attack-123494934/","",""
"956","4/1/2021","2021","Asteelflash","France","Critical Manufacturing","","Revil/sodinokibi","S0496","","","","$24 million","More than $5000000","","","","https://www.bleepingcomputer.com/news/security/asteelflash-electronics-maker-hit-by-revil-ransomware-attack/","",""
"957","4/1/2021","2021","Unnamed biomolecular institute","Europe","Education Facilities","Chemical","Ryuk","S0446","","","","","","","","","https://www.zdnet.com/article/ryuk-ransomware-finds-foothold-in-bio-research-institute-through-a-student-who-wouldnt-pay-for-software/","",""
"958","4/1/2021","2021","J&B Importers","Global","Critical Manufacturing","","","","5 days","1 week or less","","","","","","","https://www.bicycleretailer.com/industry-news/2021/04/01/j-b-importers-victimized-ransomware-attack#.YJruDehKg2w","",""
"959","4/1/2021","2021","Technological University Dublin (TU Dublin)","Republic of Ireland","Education Facilities","","","","","","","","","","","","https://www.bleepingcomputer.com/news/security/ransomware-hits-tu-dublin-and-national-college-of-ireland/","",""
"960","4/1/2021","2021","Santa Clara Valley Transportation Authority","California","Government Facilities","Transportation Systems","","","days","1 week or less","","","","","","","https://www.databreaches.net/ca-cyberattack-targets-santa-clara-valley-transportation-authority/","",""
"961","4/1/2021","2021","Mount Desert Sewage Treatment Plant","Maine","Water and Wastewater Systems","","","","3 days","1 week or less","","","","No","","","https://statescoop.com/ransomware-maine-water-facilities/","",""
"962","4/3/2021","2021","City of Lawrence","Massachusetts","Government Facilities","Emergency Services","","","","","","","","","","","https://www.boston25news.com/news/25-investigates/25-investigates-city-lawrence-hit-with-significant-ransomware-attack/GLIH7WZ4Q5GY5IFH4RANDP564M/","",""
"963","4/3/2021","2021","Wrest Point and Launceston Country Club (2 Casinos)","Australia","Commercial Facilities","","","","","","","","","","","","https://www.theguardian.com/australia-news/2021/apr/13/poker-machines-in-tasmania-shut-down-after-ransomware-attack","",""
"964","4/3/2021","2021","National College of Ireland (NCI)","Republic of Ireland","Education Facilities","","","","","","","","","","","","https://www.bleepingcomputer.com/news/security/ransomware-hits-tu-dublin-and-national-college-of-ireland/","",""
"965","4/5/2021","2021","Hoya Vision Care US/Optical Labs","United States","Critical Manufacturing","Healthcare and Public Health","Astro Team","","","","","","","","","","https://webcache.googleusercontent.com/search?q=cache:uFQrOR3SuZ8J:https://www.bloomberg.com/news/articles/2021-04-21/hackers-target-iconic-japan-s-toshiba-rival-hoya-with-ransomware+&cd=3&hl=en&ct=clnk&gl=us; https://healthitsecurity.com/news/hoya-optical-labs-notifies-consumers-of-healthcare-ransomware-attack","",""
"966","4/5/2021","2021","Bakker Logistiek","Netherlands","Transportation Systems","Food and Agriculture","","","","","","","","","","","https://www.bleepingcomputer.com/news/security/dutch-supermarkets-run-out-of-cheese-after-ransomware-attack/","",""
"967","4/7/2021","2021","Haverhill Public Schools","Massachusetts","Education Facilities","","","","","","","","","","","","https://www.nbcboston.com/news/local/ransomware-attack-prompts-haverhill-public-schools-to-close/2349314/","",""
"968","4/7/2021","2021","Reproductive Biology Associates (RBA)","Georgia","Healthcare and Public Health","","","","","","","","","","","","https://threatpost.com/embryology-data-breach-fertility-clinic-ransomware/167087/","",""
"969","4/10/2021","2021","Office of the Attorney General","Illinois","Government Facilities","","DoppelPaymer","","1 month","1 month or less","","","","","","","https://www.wcia.com/illinois-capitol-news/attorney-generals-office-still-locked-out-of-computer-systems-nearly-month-after-ransomware-hack/","","Unclear if data was encrypted or just leaked"
"970","4/14/2021","2021","SmileDirect","Tennessee","Healthcare and Public Health","","","","","","","","","No","","","https://www.nashvillepost.com/business/area_stocks/smiledirect-victim-of-ransomware-attack/article_c211a710-acd0-11eb-8a1d-970aa6e47a9f.html","",""
"971","4/16/2021","2021","Unnamed Slovakian organizations","Slovakia","Information Technology","","","","","","","","","","","","https://www.euractiv.com/section/politics/short_news/state-institution-in-slovakia-target-of-ransomware-attacks/","",""
"972","4/17/2021","2021","PracticeMax","New York","Financial Services","Information Technology","","","Regained access May 6","1 month or less","","","","","","","https://www.beckershospitalreview.com/cybersecurity/phi-stolen-from-vendor-in-ransomware-attack-exposing-humana-and-anthem-patients.html","","Target was a vendor for hospitals; PHI was exposed"
"973","4/18/2021","2021","Presque Isle Police Department","Maine","Government Facilities","Emergency Services","Avaddon","S0640","","","","","","No","","","https://bangordailynews.com/2021/04/27/news/aroostook/presque-isle-police-server-hacked-by-ransomware/; https://www.wagmtv.com/2021/06/12/update-with-presque-isle-pd-their-ransomware-attack/","",""
"974","4/20/2021","2021","Apple MacBook via supplier Quanta Computer","Taiwan","Information Technology","","Revil/sodinokibi","S0496","","","","$50 million","More than $5000000","","","","https://www.macrumors.com/2021/04/21/apple-supplier-ransomware-attack/","",""
"975","4/25/2021","2021","UnitingCare","Australia","Healthcare and Public Health","","","","","","","","","","","","https://www.abc.net.au/news/2021-05-06/qld-uniting-care-hack-revil-revealed/100118590","",""
"976","4/27/2021","2021","Washoe Tribe","CA, NV","Government Facilities","","","","","","","","","","","","https://www.recordcourier.com/news/2021/jul/19/washoe-tribe-suffers-ransomware-attack/","",""
"977","4/28/2021","2021","Brazil's Tribunal de Justiça do Estado do Rio Grande do Sul","Brazil","Government Facilities","","Revil/sodinokibi","S0496","","","","$5 million","$5000000 or less","","","","https://www.bleepingcomputer.com/news/security/brazils-rio-grande-do-sul-court-system-hit-by-revil-ransomware/","",""
"978","4/28/2021","2021","Mandan, Hidatsa, and Arikara Nation tribes","North Dakota","Government Facilities","","","","","","","","","","","","https://nativenewsonline.net/currents/three-affiliated-tribes-hit-by-ransomware-attack-holding-tribal-information-hostag","",""
"979","4/29/2021","2021","Resort Municipality of Whistler (RMOW)","Canada","Government Facilities","","","","","","","","","","","","https://www.itworldcanada.com/article/whistler-the-latest-canadian-municipality-hit-by-ransomware-attack/446752","",""
"980","4/29/2021","2021","Veritas Logistics","Israel","Transportation Systems","","","","","","3 bitcoin","$168,000","$1000000 or less","","","","https://www.infosecurity-magazine.com/news/suspected-iranian-ransomware-group/","",""
"981","4/30/2021","2021","City of Tulsa","Oklahoma","Government Facilities","Emergency Services","Conti","S0575","Months","More than 1 month","","","","No","","","https://www.kjrh.com/news/local-news/city-of-tulsa-experiencing-difficulties-due-to-ransomware-attack;
https://www.fox23.com/news/local/feds-track-down-organization-responsible-city-tulsa-ransomware-attack-systems-slowly-coming-back/TIUQ2PQZRVBOTOHJVOVR2BRXWU/;
https://gcn.com/articles/2021/06/28/tulsa-ransomware.aspx ;
https://tulsaworld.com/news/local/govt-and-politics/city-has-spent-2-million-recovering-from-ransomware-attack-city-officials-say/article_5ee68f46-5d08-11ec-8d83-8743a5eaba47.html","",""
"982","5/1/2021","2021","AXA (insurance)","France, Asia","Financial Services","","Avaddon","S0640","","","","","","","","","https://www.zdnet.com/article/asia-division-of-cyber-insurance-company-axa-hit-with-ransomware-attack/","","This attack happened after AXA announced they were dropping insurance for ransomware crime payments"
"983","5/1/2021","2021","Toshiba Tec Group","Europe","Critical Manufacturing","","DarkSide","","","","","","","","","","https://threatpost.com/darkside-toshiba-xss-bans-ransomware/166210/","",""
"984","5/1/2021","2021","Unnamed medical facilities (12)","United States","Healthcare and Public Health","","Maui","","","","","","","","","","https://www.nbcnews.com/tech/security/north-korea-targeting-hospitals-ransomware-us-agencies-warn-rcna36896","",""
"985","5/1/2021","2021","ADATA","Taiwan","Critical Manufacturing","","Ragnar Locker","S0481","","","","","","","","","https://www.bleepingcomputer.com/news/security/adata-suffers-700-gb-data-leak-in-ragnar-locker-ransomware-attack/","",""
"986","5/1/2021","2021","Sol Oriens","New Mexico","Nuclear Reactors, Materials, and Waste","","Revil/sodinokibi","S0496","","","","","","","","","https://www.bleepingcomputer.com/news/security/revil-ransomware-hits-us-nuclear-weapons-contractor/","",""
"987","5/1/2021","2021","Scripps Health","California","Healthcare and Public Health","","","","about 4 weeks","1 month or less","","","","","","","https://healthitsecurity.com/news/ransomware-hits-scripps-health-disrupting-critical-care-online-portal;
https://www.sandiegouniontribune.com/news/health/story/2021-05-24/scripps-enters-fourth-week-of-ransomware-pain","",""
"988","5/1/2021","2021","City of Gary","Indiana","Government Facilities","","","","","","","","","","","","https://duboiscountyherald.com/b/gary-rebuilds-servers-following-ransomware-attack","",""
"989","5/1/2021","2021","Brenntag","Germany, North America","Chemical","","","","ransom paid on may  11","1 month or less","133.65 bitcoin","$7.5 million","More than $5000000","Yes","","$4.4 million","https://www.bleepingcomputer.com/news/security/chemical-distributor-pays-44-million-to-darkside-ransomware/","",""
"990","5/2/2021","2021","H&M Israel","Israel","Commercial Facilities","","Networm","","","","","","","","","","https://www.infosecurity-magazine.com/news/suspected-iranian-ransomware-group/","",""
"991","5/7/2021","2021","Colonial Pipeline","United States","Transportation Systems","Energy","DarkSide","","10 days","1 month or less","","","$5000000 or less","Yes","bitcoin","$4.4 million (75 bitcoin)","https://www.washingtonpost.com/business/2021/05/08/cyber-attack-colonial-pipeline/; https://www.bleepingcomputer.com/news/security/largest-us-pipeline-shuts-down-operations-after-ransomware-attack/;
https://www.cnbc.com/2021/05/15/colonial-pipeline-resumes-normal-operations-after-hack.html;
https://www.cnbc.com/2021/05/13/colonial-pipeline-paid-ransom-to-hackers-source-says.html;
https://www.wsj.com/articles/colonial-pipeline-ceo-tells-why-he-paid-hackers-a-4-4-million-ransom-11621435636?mod=djemalertNEWS","","Resulted in company temporarily halting all pipeline operations"
"992","5/13/2021","2021","One Call (insurance)","United Kingdom","Financial Services","","DarkSide","","","","","","","","","","https://www.govinfosecurity.com/uk-insurer-recovering-from-ransomware-attack-a-16736","",""
"993","5/14/2021","2021","Ireland's Health Service Executive (HSE)","Republic of Ireland","Healthcare and Public Health","","Conti","S0575","at least 6 weeks","More than 1 month","","$19,999,000","More than $5000000","No","","","https://www.healthcareitnews.com/news/emea/ireland-s-health-service-hit-significant-ransomware-attack;
https://www.zdnet.com/article/ransomware-we-wont-pay-ransom-says-ireland-after-attack-on-health-service/;
https://www.nytimes.com/2021/05/20/technology/ransomware-attack-ireland-hospitals.html;
https://www.healthcareitnews.com/news/post-ransomware-restoration-irelands-health-service-could-take-months-cost-600m","","Article also referred to the ransomware group as Wizard Spider"
"994","5/17/2021","2021","Unnamed Electronic Surveillance firm","India","Information Technology","","","","","","Rs 2.19 crore","$300,000","$1000000 or less","","","","https://indianexpress.com/article/cities/mumbai/ransomware-attack-on-surveillance-firm-hackers-demand-rs-2-19-crore-for-release-of-confidential-data-7337273/","",""
"995","5/18/2021","2021","Visalia Unified School District","California","Education Facilities","","Ryuk","S0446","","","","","","","","","https://www.visaliatimesdelta.com/story/news/2022/05/18/look-back-ransomware-attack-visalia-unified-one-year-later/9748910002/","",""
"996","5/18/2021","2021","Sierra College","California","Education Facilities","","","","","","","","","","","","https://www.insidehighered.com/quicktakes/2021/05/24/ransomware-attack-takes-sierra-college-line","",""
"997","5/19/2021","2021","Waikato District Health","New Zealand","Healthcare and Public Health","","Zeppelin","","at least 2 weeks","1 month or less","","","","","","","https://www.stuff.co.nz/national/politics/125260696/waikato-dhb-cyber-attack-it-could-take-weeks-to-resurrect-nearly-700-computer-servers;
https://www.rnz.co.nz/news/national/443757/waikato-dhb-systems-restoration-timeframe-still-uncertain-after-ransomware-cyber-attack","",""
"998","5/19/2021","2021","Florida Heart Associates","Florida","Healthcare and Public Health","","","","","","","","","No","","","https://www.hipaajournal.com/florida-heart-associates-operating-at-50-capacity-2-months-after-ransomware-attack/","",""
"999","5/20/2021","2021","Langs Building Supplies","Australia","Critical Manufacturing","","Lorenz","","","","$15 million in bitcoin","$15 million","More than $5000000","No","","","https://www.zdnet.com/article/this-company-was-hit-with-ransomware-but-didnt-have-to-pay-up-heres-how-they-did-it/","",""
"1000","5/21/2021","2021","Desert Wells Family Medicine (Queen Creek Medical Center)","Arizona","Healthcare and Public Health","","","","","","","","","","","","https://www.hipaajournal.com/desert-wells-family-medicine-ransomware-attack-causes-permanent-loss-of-ehr-data/","",""
"1001","5/22/2021","2021","Eastern Hancock Community School Corportation","Indiana","Education Facilities","","","","","","","","","","","","https://www.wthr.com/article/news/local/eastern-hancock-school-district-falls-victim-to-ransomware-attack/531-173dbc3e-58ec-4be0-b0d6-0532de26eae2","",""
"1002","5/22/2021","2021","Pacific Market Research (PMR) (research and consulting firm)","United States","Government Facilities","","","","","","","","","","","","https://www.theolympian.com/news/state/washington/article252532918.html","","the Washington state Department of Labor and Industries is a client of PMR"
"1003","5/24/2021","2021","Somerset County","New Jersey","Government Facilities","","","","","","","","","","","","https://therecord.media/ransomware-attack-disrupts-a-range-of-services-in-a-new-jersey-county/","",""
"1004","5/26/2021","2021","Clover Park School District","Washington","Education Facilities","","Grief","","","","$350,000 in Monero","$350,000","$1000000 or less","No","","","https://www.databreaches.net/wa-clover-park-school-district-investigating-ransomware-attack/ ;
https://www.databreaches.net/update-clover-park-school-district-notifies-1583-impacted-by-ransomware-incident/","",""
"1005","5/26/2021","2021","California City","California","Government Facilities","","","","","","","","","No","","","https://www.kget.com/news/local-news/california-city-computer-system-down-for-weeks-in-ransomware-attack-mayor/","","Described as a ransomware attack, but no ransom demand was made"
"1006","5/27/2021","2021","City of Bridgeport","West Virginia","Government Facilities","","","","","","","","","","","","https://www.wvnews.com/theet/news/city-of-bridgeport-working-with-leading-cybersecurity-experts-following-ransomware-attack/article_a8a29448-10a7-11ec-b821-a3c43e0fb887.html","",""
"1007","5/30/2021","2021","JBS (meat processor)","Global","Food and Agriculture","","Revil/sodinokibi","S0496","","","","","More than $5000000","Yes","Bitcoin","$11 million","https://www.abc.net.au/news/2021-05-06/qld-uniting-care-hack-revil-revealed/100118590; https://www.nbcnews.com/tech/security/meat-supplier-jbs-paid-ransomware-hackers-11-million-n1270271","",""
"1008","5/31/2021","2021","City of Rolle","Switzerland","Government Facilities","","ViceSociety","","","","","","","No","","","https://marketresearchtelecast.com/switzerland-citizen-and-municipality-data-published-on-darknet/142498/","",""
"1009","5/31/2021","2021","WSSC Water","Maryland","Water and Wastewater Systems","","","","Hours","1 day or less","","","","No","","","https://www.fox5dc.com/news/wssc-water-announces-investigation-into-may-ransomware-attack","",""
"1010","5/31/2021","2021","UF Health-The Villages Hospital","Florida","Healthcare and Public Health","","","","Weeks (restored June 25)","1 month or less","","","","","","","https://www.villages-news.com/2021/06/27/electronic-medical-records-back-online-after-ransomware-attack-at-the-villages-hospital/","",""
"1011","5/31/2021","2021","Refuah Health Center","New York","Healthcare and Public Health","","","","","","","","","","","","https://healthitsecurity.com/news/refuah-health-center-suffers-cybersecurity-incident-260k-impacted","",""
"1012","6/1/2021","2021","AMD (semiconductor giant)","California","Critical Manufacturing","","RansomHouse/WhiteRabbit","","","","","","","","","","https://www.bleepingcomputer.com/news/security/amd-investigates-ransomhouse-hack-claims-theft-of-450gb-data/","",""
"1013","6/1/2021","2021"," Fujifilm","Japan","Healthcare and Public Health","Critical Manufacturing","Revil/sodinokibi","S0496","","","","","","","","","https://www.bleepingcomputer.com/news/security/fujifilm-shuts-down-network-after-suspected-ransomware-attack/","",""
"1014","6/1/2021","2021","iConstituent","United States","Communication","","","","","","","","","","","","https://www.zdnet.com/article/constituent-platform-used-by-congress-hit-with-ransomware-as-nyc-faces-legal-department-hack/","",""
"1015","6/1/2021","2021","Lucky Star Casinos (Cheyenne and Arapaho Tribes)","Oklahoma","Commercial Facilities","","","","","","","","","No","","","https://tribalbusinessnews.com/sections/gaming/13546-on-guard-tribes-brace-for-ransomware-threats-across-all-operations","",""
"1016","6/1/2021","2021","Whitehouse ISD","Texas","Education Facilities","","","","","","","","","","","","https://www.kltv.com/2021/12/10/students-personal-info-may-have-been-revealed-june-ransomware-attack-whitehouse-isd-officials-say/","",""
"1017","6/2/2021","2021","Steamship Authority","Massachusetts","Transportation Systems","","","","","","","","","No","","","https://therecord.media/ransomware-attack-disrupts-massachusetts-ferries/ ; 
https://boston.cbslocal.com/2021/06/30/steamship-authority-ransomware-attack/
","",""
"1018","6/3/2021","2021","Cox Media Group tv/radio stations","United States","Communication","","","","","","","","","","","","https://therecord.media/live-streams-go-down-across-cox-radio-tv-stations-in-apparent-ransomware-attack/","",""
"1019","6/3/2021","2021","Des Moines Area Community College","Iowa","Education Facilities","","","","","","","","","","","","https://edscoop.com/dmacc-resume-online-classes-ransomware/","",""
"1020","6/8/2021","2021","Town of Freeport","Maine","Government Facilities","","Avaddon","S0640","1 week","1 week or less","$10,000 in cryptocurrency","$10,000","$50000 or less","No","","","https://www.pressherald.com/2021/06/15/freeport-town-computer-network-back-up-following-ransomware-attack/?rel=related","",""
"1021","6/9/2021","2021","Lancaster Independent School District","Texas","Education Facilities","","Grief","","","","","","","","","","https://www.databreaches.net/booneville-and-lancaster-school-districts-dealing-with-alleged-cyberattacks/","","Date is when they were added to leak site"
"1022","6/16/2021","2021","SAC Wireless","United States","Communication","","Conti","S0575","","","","","","","","","https://www.bleepingcomputer.com/news/security/nokia-subsidiary-discloses-data-breach-after-conti-ransomware-attack/","",""
"1023","6/17/2021","2021","St. Joseph’s/Candler Hospital","Georgia","Healthcare and Public Health","","","","Months","More than 1 month","","","","","","","https://fox28media.com/news/local/st-josephscandler-hospital-ransomware-attack-remains-under-federal-investigation ;
https://healthitsecurity.com/news/st-josephs-candler-back-online-after-ransomware-attack","",""
"1024","6/18/2021","2021","Judson ISD","Texas","Education Facilities","","","","","","","","$1000000 or less","Yes","","$547,000","https://www.tpr.org/education/2021-06-19/judson-isd-hit-by-suspected-ransomware-attack ;
https://www.tpr.org/education/2021-07-20/judson-isd-communication-systems-restored-effects-of-ransomware-attack-far-from-over","",""
"1025","6/25/2021","2021","CarePointe ENT","Indiana","Healthcare and Public Health","","","","","","","","","","","","https://www.nwitimes.com/business/local/region-medical-office-targeted-in-ransomware-attack/article_89d12c4b-4479-5209-8c67-a32d35f56654.html","",""
"1026","6/28/2021","2021","University Medical Center","Nevada","Healthcare and Public Health","","Revil/sodinokibi","S0496","","","","","","","","","https://healthitsecurity.com/news/hospital-ransomware-attack-in-las-vegas-exposes-pii","",""
"1027","6/30/2021","2021","Booneville School District","Mississippi","Education Facilities","","Grief","","","","","","","","","","https://www.databreaches.net/booneville-and-lancaster-school-districts-dealing-with-alleged-cyberattacks/","","Date is when they were added to leak site"
"1028","7/1/2021","2021","Wiregrass Electric Cooperative","Alabama","Energy","","","","","","","","","No","","","https://www.securityweek.com/rural-alabama-electric-cooperative-hit-ransomware-attack","",""
"1029","7/1/2021","2021","Cloudstar","Global","Information Technology","","","","","","","","","","","","https://www.thetitlereport.com/Articles/Highly-sophisticated-ransomware-attack-sidelines-C-82772.aspx","",""
"1030","7/1/2021","2021","Pionet","Israel","Information Technology","","","","","","$5000.00 in Monero","$151,861.82 USD","$1000000 or less","","","","https://www.databreaches.net/il-ransomware-attack-on-israeli-it-company-impacts-more-than-100-customers-including-hospitals/","","Ransom demands noted in article say both $5000.00 and $151,861."
"1031","7/1/2021","2021","Aoraki/Mount Cook (Department of Conservation's search and rescue base)","New Zealand","Emergency Services","","","","4 days","1 week or less","","","","","","","https://www.rnz.co.nz/news/national/449726/doc-s-aoraki-mount-cook-hit-by-ransomware-attack","",""
"1032","7/2/2021","2021","Kaseya clients","Global","Information Technology","","Revil/sodinokibi","S0496","Obtained decryptor key within the month","1 month or less","","$70 million","More than $5000000","No","","","https://www.voanews.com/silicon-valley-technology/ransomware-hits-hundreds-us-companies-security-firm-says ;
https://www.aljazeera.com/news/2021/7/5/hackers-behind-massive-ransomware-attack-demand-70m ;
https://www.reuters.com/technology/florida-it-firm-says-ransomware-attack-didnt-harm-critical-infrastructure-2021-07-06/ ;
https://www.securityweek.com/kaseya-denies-paying-cybercriminals-who-launched-ransomware-attack","Affected clients and subclients include: Coop (Swedish grocery store),  The Swedish State Railways, a major local pharmacy chain in Sweden, New Zealand schools, German IT service providers, Virginia Tech, Morgan County Schools (WV), JustTech IT","Supply chain attack- the software supplier company (the target) was used to spread the ransomware through their cloud-service providers' clients, impacting hundreds of businesses"
"1033","7/4/2021","2021","Limestone Sewage Treatment Plant","Maine","Water and Wastewater Systems","","","","","","","","","No","","","https://apnews.com/article/technology-business-maine-ae56182edb8fd072a885e562f10b24a0","",""
"1034","7/6/2021","2021","York Animal Hospital","Maine","Healthcare and Public Health","","","","","","$80,000 in bitcoin ","$80,000","$100000 or less","No","","","https://www.pressherald.com/2021/07/09/york-veterinary-practice-hit-by-ransomware-attack/","",""
"1035","7/7/2021","2021","Comparis ","Switzerland","Communication","","","","","","","","","No","","","https://whtc.com/2021/07/09/ransomware-attack-hits-swiss-consumer-outlet-comparis/","",""
"1036","7/7/2021","2021","City of Joplin","Missouri","Government Facilities","","","","","","","","$1000000 or less","Yes","","$320,000","https://apnews.com/article/technology-business-health-coronavirus-pandemic-michael-brown-510ebc313dce8f3288c10a652a9998ed","",""
"1037","7/11/2021","2021","City of Clearfield","Utah","Government Facilities","","","","at least a week","1 month or less","","millions of USD","$5000000 or less","","","","https://www.standard.net/news/government/clearfield-target-of-ransomware-attack-official-says-city-now-up-and-running/article_861abbfa-d42b-5c00-8fe8-2b4ceb251cea.html","",""
"1038","7/12/2021","2021","Corporación Nacional de Telecomunicación (CNT)","Ecuador","Communication","","RansomExx/defray","","","","","","","","","","https://www.bleepingcomputer.com/news/security/ecuadors-state-run-cnt-telco-hit-by-ransomexx-ransomware/","",""
"1039","7/12/2021","2021","Emma Willard School","New York","Education Facilities","","","","","","","","","","","","https://www.timesunion.com/news/article/Emma-Willard-School-hit-by-ransomware-attack-16335948.php","",""
"1040","7/19/2021","2021","Northern Trains","United Kingdom","Transportation Systems","","","","at least a week","1 month or less","","","","","","","https://www.bbc.com/news/uk-england-57892711 ;
https://www.cybertalk.org/breaking-news-northern-trains-ticketing-system-derailed-by-ransomware-attack-2/","",""
"1041","7/22/2021","2021","Transnet SOC Ltd","South Africa","Transportation Systems","","DeathKitty","","","","","","","","","","https://www.bloomberg.com/news/articles/2021-07-29/-death-kitty-ransomware-linked-to-attack-on-south-african-ports","",""
"1042","7/25/2021","2021","Atalanta","North America","Food and Agriculture","","","","","","","","","","","","https://portswigger.net/daily-swig/us-food-importer-atalanta-admits-ransomware-attack","",""
"1043","7/30/2021","2021","Accenture","Global","Information Technology","","LockBit","","","","","$50 million","More than $5000000","","","","https://www.reuters.com/technology/accenture-restores-affected-systems-after-reported-ransomware-attack-2021-08-11/ ;
https://www.crn.com/news/security/accenture-issued-ransomware-warning-after-lockbit-attack","",""
"1044","7/31/2021","2021","Lazio Region in Italy","Italy","Government Facilities","Healthcare and Public Health","RansomExx/defray","","","","","","","","","","https://www.bleepingcomputer.com/news/security/ransomware-attack-hits-italys-lazio-region-affects-covid-19-site/","","Affecting COVID-19 vaccination registration system"
"1045","8/1/2021","2021","Tokio Marine","Japan, Singapore","Financial Services","","","","","","","","","","","","https://www.bleepingcomputer.com/news/security/japanese-insurer-tokio-marine-discloses-ransomware-attack/","",""
"1046","8/1/2021","2021","Ermenegildo Zegna","Italy","Commercial Facilities","","","","","","","","","","","","https://www.bleepingcomputer.com/news/security/luxury-fashion-house-zegna-confirms-august-ransomware-attack/","",""
"1047","8/3/2021","2021","Gigabyte","Taiwan","Critical Manufacturing","","RansomExx/defray","","","","","","","","","","https://www.bleepingcomputer.com/news/security/computer-hardware-giant-gigabyte-hit-by-ransomexx-ransomware/","",""
"1048","8/3/2021","2021","Rhode Island Public Transit Authority (RIPTA)","Rhode Island","Transportation Systems","Healthcare and Public Health","","","","","","","","","","","https://web.archive.org/web/20250323171723/https://www.hipaajournal.com/settlement-agreed-to-resolve-ripta-ransomware-attack-lawsuit/","",""
"1049","8/4/2021","2021","Eskenazi Health","Indiana","Healthcare and Public Health","","","","at least 5 days","1 week or less","","","","","","","https://www.indystar.com/story/news/health/2021/08/04/eskenazi-health-ransomware-attack/5489509001/ ;
https://healthitsecurity.com/news/healthcare-ransomware-attack-leads-to-ehr-downtime-in-in"," ",""
"1050","8/6/2021","2021","Eye & Retina Surgeons","Singapore","Healthcare and Public Health","","","","","","","","","","","","https://www.moh.gov.sg/news-highlights/details/statement-on-cybersecurity-incident-at-eye-retina-surgeons","",""
"1051","8/7/2021","2021","Twin Falls County","Idaho","Government Facilities","","","","at least 2 weeks","1 month or less","","","","No","","","https://magicvalley.com/news/local/govt-and-politics/twin-falls-county-identifies-ransomware-as-source-of-computer-problems/article_db373df2-107c-5cb8-8fe8-ea8a03aa8d98.html","",""
"1052","8/13/2021","2021","Brazilian National Treasury","Brazil","Government Facilities","","","","","","","","","","","","https://www.bankinfosecurity.com/ransomware-hits-brazilian-national-treasury-a-17318","",""
"1053","8/14/2021","2021","Memorial Health System","Ohio","Healthcare and Public Health","","Hive","","More than a week","1 month or less","","","","","","","https://www.newsandsentinel.com/news/business/2021/08/memorial-health-system-experiences-ransomware-attack/ ;
https://www.beckershospitalreview.com/cybersecurity/memorial-health-expecting-weeklong-it-system-outage-from-ransomware-attack.html ;
https://www.bleepingcomputer.com/news/security/hive-ransomware-attacks-memorial-health-system-steals-patient-data/ ;
https://www.scmagazine.com/analysis/breach/patient-data-stolen-ahead-of-memorial-health-ransomware-attack-ehr-downtime","",""
"1054","8/15/2021","2021","Bar Ilan University","Israel","Education Facilities","","","","","","","","","","","","https://www.haaretz.com/israel-news/tech-news/.premium-cyberattack-on-israeli-university-data-being-erased-right-now-1.10119912","",""
"1055","8/23/2021","2021","Missouri Delta Medical Center","Missouri","Healthcare and Public Health","","Hive","","","","","","","","","","https://www.databreaches.net/missouri-delta-medical-center-silent-about-patient-data-dump-and-claimed-ransomware-attack/","",""
"1056","8/23/2021","2021","Bangkok Airways","Thailand","Transportation Systems","","LockBit","","","","","","","","","","https://www.zdnet.com/article/bangkok-airways-apologizes-for-passport-info-breach-as-lockbit-ransomware-group-threatens-release-of-more-data/","",""
"1057","8/25/2021","2021","Boston Public Library","Massachusetts","Education Facilities","","","","","","","","","","","","https://www.bleepingcomputer.com/news/security/boston-public-library-discloses-cyberattack-system-wide-technical-outage/","",""
"1058","8/26/2021","2021","Sault Ste. Marie, Ontario Police","Canada","Emergency Services","","","","","","","","","","","","https://www.itworldcanada.com/article/northern-ontario-police-force-recovering-from-ransomware-attack/457701","",""
"1059","8/27/2021","2021","Barlow Respiratory Hospital","California","Healthcare and Public Health","","","","","","","","","","","","https://www.zdnet.com/article/ransomware-groups-continue-assault-on-healthcare-orgs-as-covid-19-infections-increase/","",""
"1060","8/31/2021","2021","Envision Credit Union","United States","Financial Services","","LockBit","","","","","","","","","","https://www.finextra.com/blogposting/21501/cyber-attacks-and-credit-unions","",""
"1061","8/31/2021","2021","United Health Centers","California","Healthcare and Public Health","","ViceSociety","","","","","","","","","","https://www.bleepingcomputer.com/news/security/united-health-centers-ransomware-attack-claimed-by-vice-society/","",""
"1062","9/1/2021","2021","Department of Justice and Constitutional Development","South Africa","Government Facilities","","","","","","","","","","","","https://www.ecr.co.za/news/news/justice-dept-systems-recovering-following-ransomware-attack/","",""
"1063","9/1/2021","2021","Manhasset Schools","New York","Education Facilities","","","","","","","","","","","","https://www.databreaches.net/update-student-and-personnel-files-from-manhasset-union-free-school-district-appear-on-the-dark-web/","",""
"1064","9/1/2021","2021"," Stor-a-file Limited","United Kingdom","Information Technology","Healthcare and Public Health","","","","","","","","No","","","https://www.infosecurity-magazine.com/news/ransomwareattack-hits-uk-fertility/ ;
https://www.theregister.com/2021/11/10/stor_a_file_ransomware_attack_solarwinds_serv_u/","",""
"1065","9/1/2021","2021","Law Enforcement Health Benefits Inc. (LEHB)","Pennsylvania","Healthcare and Public Health","","","","","","","","","","","","https://healthitsecurity.com/news/law-enforcement-health-benefits-plan-ransomware-attack-impacts-85k","",""
"1066","9/3/2021","2021","JIPMER","India","Healthcare and Public Health","","","","","","","","","","","","https://www.thehindu.com/news/cities/puducherry/jipmer-suspends-tele-consultation-following-ransomware-attack/article36312449.ece","",""
"1067","9/3/2021","2021","Howard University","Washington, D.C.","Education Facilities","","","","","","","","","","","","https://techcrunch.com/2021/09/07/howard-university-cancels-classes-after-ransomware-attack/","",""
"1068","9/6/2021","2021","Altoona Water Authority (AWA)","Pennsylvania","Water and Wastewater Systems","Government Facilities","","","","","","","","No","","","https://www.altoonamirror.com/news/local-news/2023/06/awa-official-recounts-ransomware-attack/","",""
"1069","9/7/2021","2021","Las Vegas Cancer Center","Nevada","Healthcare and Public Health","","","","","","","","","","","","https://www.reviewjournal.com/crime/las-vegas-cancer-center-notifies-patients-of-ransomware-attack-2470039/","","described as ransomware attack, but no ransom was demanded"
"1070","9/8/2021","2021","Olympus","Global","Information Technology","","BlackMatter","","at least 5 days","","","","","","","","https://www.computerweekly.com/news/252506615/Olympus-likely-victim-of-BlackMatter-ransomware","",""
"1071","9/10/2021","2021","YMCA of Greater Charlotte","North Carolina","Commercial Facilities","","","","","","","","","","","","https://www.charlotteobserver.com/news/local/article257593403.html","",""
"1072","9/12/2021","2021","TTEC","Global","Information Technology","","Ragnar Locker","S0481","","","","","","","","","https://krebsonsecurity.com/2021/09/customer-care-giant-ttec-hit-by-ransomware/","",""
"1073","9/15/2021","2021","Greensville County Public Schools","Virginia","Education Facilities","","Grief","","","","","","","","","","https://www.databreaches.net/va-greensville-county-public-schools-hit-by-grief-threat-actors/","","Date is when the school disclosed it to the public; said the attack occurred recently"
"1074","9/17/2021","2021","Tamil Nadu Public Department","India","Government Facilities","","","","","","1,950 USD in cryptocurrency","$1950 USD","$50000 or less","","","","https://www.thehindu.com/news/national/tamil-nadu/tn-public-dept-attacked-by-ransomware-sensitive-documents-encrypted/article36531408.ece","",""
"1075","9/17/2021","2021","Pottawatomie County","Kansas","Government Facilities","","","","","","","","","Yes","","""less than 10% of the hackers' original demands""","https://apnews.com/article/coronavirus-pandemic-technology-health-hacking-kansas-67b4cd58d0238a027a95607089c25b84","",""
"1076","9/18/2021","2021","New Cooperative","Iowa","Food and Agriculture","","BlackMatter","","","","","$5.9 million","More than $5000000","","","","https://thehill.com/policy/cybersecurity/573082-agriculture-group-new-cooperative-hit-by-ransomware-attack","",""
"1077","9/18/2021","2021","GSS","Europe","Communication","","Conti","S0575","","","","","","","","","https://therecord.media/major-european-call-center-provider-goes-down-in-ransomware-attack/","",""
"1078","9/19/2021","2021","Crystal Valley","Minnesota","Food and Agriculture","","","","at least 1 week","1 month or less","","","","","","","https://threatpost.com/crystal-valley-farm-coop-hit-with-ransomware/174928/ ; 
https://www.keyc.com/2021/09/27/business-resumes-crystal-valley-co-op-following-ransomware-attack/","",""
"1079","9/20/2021","2021","Coos County Family Health Services","New Hampshire","Healthcare and Public Health","","","","","","","","","","","","https://www.concordmonitor.com/Coos-County-Family-Health-Services-shut-down-by-ransomware-attack-42670149","",""
"1080","9/20/2021","2021","Allen Independent School District","Texas","Education Facilities","","","","","","","","","","","","https://www.wfaa.com/article/news/local/allen-isd-personal-information-employees-hacked-september-2021/287-68bbc63f-586f-463c-a89e-1ed158da9f9b","",""
"1081","9/22/2021","2021","JVCKenwood","Global","Critical Manufacturing","Information Technology","Conti","S0575","","","","$7 million","More than $5000000","","","","https://www.bleepingcomputer.com/news/security/jvckenwood-hit-by-conti-ransomware-claiming-theft-of-15tb-data/","",""
"1082","9/22/2021","2021","Giant Group/Giant Pay","United Kingdom","Financial Services","","","","","","","","","","","","https://www.cshub.com/attacks/articles/iotw-giant-pays-devastating-ransomware-attack-affects-lorry-drivers-and-more ; 
https://www.computerweekly.com/news/252507545/IR35-Giant-Group-cyber-attack-prompts-renewed-calls-for-statutory-regulation-of-umbrella-companies","",""
"1083","9/23/2021","2021","Lufkin ISF","Texas","Education Facilities","","","","","","","","","","","","https://www.ktre.com/2021/09/28/lufkin-isd-hit-by-ransomware-attack/","",""
"1084","9/27/2021","2021","Stonington School District","Connecticut","Education Facilities","","","","","","","","","","","","https://www.thewesterlysun.com/news/stonington/stonington-schools-investigating-apparent-ransomware-attack-on-district/article_aa2b20a0-1fde-11ec-a99e-7bb270896e14.html","",""
"1085","9/30/2021","2021","Sandhills Global","Nebraska","Information Technology","","Conti","S0575","","","","","","","","","https://www.bleepingcomputer.com/news/security/sandhills-online-machinery-markets-shut-down-by-ransomware-attack/ ;
https://www.agweb.com/news/business/technology/popular-online-farm-equipment-and-land-auction-service-sites-crippled","",""
"1086","9/30/2021","2021","Ronmor Holdings Real Estate","Canada","Commercial Facilities","","Revil/sodinokibi","S0496","","","","","","","","","https://www.insurancebusinessmag.com/ca/news/cyber/canadian-real-estate-company-slammed-by-ransomware-attack-315732.aspx","",""
"1087","10/1/2021","2021","Gigabyte","Taiwan","Critical Manufacturing","","AvosLocker","S1053","","","","","","","","","https://www.notebookcheck.net/Gigabyte-hit-by-ransomware-attack-NDA-d-information-and-customer-details-leak-out-with-hackers-threatening-worse.574681.0.html","","Date of attack is unspecific in the article (""recently attacked""); date listed here is the month article was published"
"1088","10/1/2021","2021","Meyer Corportation","Global","Critical Manufacturing","Food and Agriculture","Conti","S0575","","","","","","","","","https://www.techtarget.com/searchsecurity/news/252514185/February-ransomware-attacks-hit-major-enterprises","",""
"1089","10/1/2021","2021","Valley Regional Transit","Idaho","Transportation Systems","","","","","","","","","","","","https://www.ktvb.com/article/news/local/valley-regional-transit-cyber-attack-against-vrt-put-personal-information-at-risk-ransomware/277-08c36381-d096-40d5-82b7-98460bcd70bc","",""
"1090","10/2/2021","2021","Washington Adventist University","Maryland","Education Facilities","","","","","","","","","","","","https://wtop.com/maryland/2021/10/university-in-montgomery-co-confirms-ongoing-ransomware-attack/","",""
"1091","10/3/2021","2021","Marten Transport","Wisconsin","Transportation Systems","","Hive","","","","","","","","","","https://www.freightwaves.com/news/marten-transport-discloses-cyberattack-warns-employee-data-could-be-at-risk","",""
"1092","10/9/2021","2021","Ferrara Candy","Illinois","Food and Agriculture","","","","","","","","","","","","https://www.avclub.com/sorry-candy-corn-haters-itll-take-more-than-ransomwar-1847901566","",""
"1093","10/9/2021","2021","Planned Parenthood’s Los Angeles clinics","California","Healthcare and Public Health","","","","","","","","","","","","https://www.reuters.com/world/us/planned-parenthoods-los-angeles-clinics-hit-by-ransomware-patient-data-stolen-2021-12-02/","",""
"1094","10/13/2021","2021","Hillel Yaffe Medical Center","Israel","Healthcare and Public Health","","Black Shadow","","","More than 1 month","","","","No","","","https://www.securityweek.com/israeli-hospital-targeted-ransomware-attack ;
https://www.timesofisrael.com/liveblog_entry/hadera-hospital-back-to-work-over-month-after-cyberattack/","","The hospital is government owned, so it will not negoitate with the hackers"
"1095","10/16/2021","2021","9 Israeli Hospitals","Israel","Healthcare and Public Health","","DeepBlueMagin","","","","","","","","","","https://www.bleepingcomputer.com/news/security/suspected-chinese-hackers-behind-attacks-on-ten-israeli-hospitals/","",""
"1096","10/16/2021","2021","Sinclair Broadcast Group","United States","Communication","","Macaw","","","More than 1 month","","","","No","","","https://www.securityweek.com/sinclair-hit-ransomware-attack-tv-stations-disrupted ;
https://www.cybersecuritydive.com/news/sinclair-ransomware-attack-costs-insurance/619926/","",""
"1097","10/20/2021","2021","Kemptville District Hospital","Canada","Healthcare and Public Health","","","","","","","","","","","","https://ottawacitizen.com/news/local-news/kemptville-hospital-emergency-department-closed-after-it-disruption","",""
"1098","10/22/2021","2021","Papua New Guinea's Department of Finance's Integrated Financial Management System (IFMS)","Papua New Guinea","Government Facilities","Financial Services","","","Recovered as of 10/29/2021 ao 7 days","1 week or less","Undisclosed bitcoin amount","","","No","","","https://www.bloomberg.com/news/articles/2021-10-27/papua-new-guinea-s-finance-department-hit-with-ransomware-attack ; 
https://www.cpomagazine.com/cyber-security/ransomware-attack-on-papua-new-guinea-government-freezes-much-needed-foreign-aid/","",""
"1099","10/23/2021","2021","Eberspächer Group ","Germany","Critical Manufacturing","","","","","","","","","","","","https://therecord.media/workers-sent-home-after-ransomware-attack-on-major-automotive-parts-manufacturer/","",""
"1100","10/24/2021","2021","School District of Janesville","Wisconsin","Education Facilities","","","","","","","","","","","","https://www.nbc15.com/2021/10/25/janesville-school-district-hit-by-ransomware-attack/","",""
"1101","10/24/2021","2021","Valent USA LLC","United States","Chemical","Food and Agriculture","","","","","","","","","","","https://www.jdsupra.com/legalnews/valent-u-s-a-llc-announces-data-breach-5375329/","",""
"1102","10/28/2021","2021","Toronto Transit Commission (TTC)","Canada","Transportation Systems","","","","","","","","","","","","https://toronto.citynews.ca/2021/10/29/ttc-says-it-was-the-victim-of-ransomware-attack/","",""
"1103","10/29/2021","2021","UK Labour Party data manager supplier","United Kingdom","Information Technology","Government Facilities","","","","","","","","","","","https://www.bleepingcomputer.com/news/security/uk-labour-party-discloses-data-breach-after-ransomware-attack/","",""
"1104","10/30/2021","2021","Newfoundland Health Care System","Canada","Healthcare and Public Health","Government Facilities","","","","","","","","","","","https://www.bleepingcomputer.com/news/security/canadian-province-health-care-system-disrupted-by-cyberattack/","",""
"1105","10/31/2021","2021","Handa Hospital","Japan","Healthcare and Public Health","","LockBit","","","","","$60k","$100000 or less","Yes","","$30k","https://english.kyodonews.net/news/2022/10/dd4334604720-russian-hackers-say-japan-hospital-paid-30000-in-ransomware-attack.html
https://web.archive.org/web/20220124071952/https://nationalcybersecuritynews.today/ransomware-attack-forced-tokushima-hospital-to-halt-operations-for-two-months-malware-ransomware/","","LockBit claims the hospital paid, but the hospital denies any ransom payments"
"1106","10/31/2021","2021","Virtual Private Network Solutions","Virginia","Information Technology","","","","","","","","","","","","https://www.associatesindermatology.com/wp-content/uploads/2023/03/AID-Substitute-Notice281156402.1.pdf
https://www.hipaajournal.com/ocr-settlement-ransomware-risk-analysis-virtual-private-network-solutions/","",""
"1107","11/1/2021","2021","Swire Pacific Offshore (SPO) (maritime services provider)","Singapore","Transportation Systems","","Clop","S0611","","","","","","","","","https://www.bleepingcomputer.com/news/security/marine-services-provider-swire-pacific-offshore-hit-by-ransomware/","",""
"1108","11/1/2021","2021","Volvo","Global","Critical Manufacturing","","Snatch","","","","","","","","","","https://www.autoevolution.com/news/ransomware-group-claims-volvo-attack-screenshots-of-the-stolen-files-released-176312.html","",""
"1109","11/1/2021","2021","Correos Express","Global","Transportation Systems","","","","","","","","","","","","https://www.lemagit.fr/actualites/252510274/Ransomware-lespagnol-Correos-apparait-aux-prises-avec-Hive","",""
"1110","11/7/2021","2021","MediaMarkt","Europe","Information Technology","","Hive","","","","","$240 million","More than $5000000","","","","https://www.bleepingcomputer.com/news/security/mediamarkt-hit-by-hive-ransomware-initial-240-million-ransom/","",""
"1111","11/7/2021","2021","Delta-Montrose Electric Association (DMEA)","Colorado","Energy","","","","Weeks","1 month or less","","","","","","","https://www.cpomagazine.com/cyber-security/colorado-energy-company-suffered-a-cyber-attack-destroying-25-years-of-data-and-shut-down-internal-controls/","",""
"1112","11/10/2021","2021","Kisters AG","Germany","Critical Manufacturing","Energy","Conti","S0575","","","","","","","","","https://www.databreaches.net/cyber-%e2%80%8b%e2%80%8battack-on-kisters-ag-by-orchestrated-ransomware-attack/","",""
"1113","11/13/2021","2021","Frontier Software","Australia","Financial Services","","","","4 days","1 week or less","","","","","","","https://www.zdnet.com/article/south-australian-government-employee-data-taken-in-frontier-software-ransomware-attack/","",""
"1114","11/15/2021","2021","Supernus Pharmaceuticals","Maryland","Chemical","","","","","","","","","No","","","https://www.globenewswire.com/news-release/2021/11/24/2340869/19871/en/Supernus-Pharmaceuticals-Targeted-in-Ransomware-Incident.html","",""
"1115","11/19/2021","2021","Vestas","Denmark","Energy","","","","","","","","","","","","https://www.reuters.com/technology/vestas-close-normal-operations-after-ransomware-attack-2021-11-29/ ;
https://www.reuters.com/markets/europe/vestas-data-compromised-by-cyber-attack-2021-11-22/","",""
"1116","11/23/2021","2021","Lewis and CLark Community College","Illinois","Education Facilities","","","","1 week +","1 month or less","","","","","","","https://www.msspalert.com/cybersecurity-breaches-and-attacks/ransomware/lewis-and-clark-college-recovery-updates/ ;
https://wlds.com/lewis-clark-remains-closed-after-ransomware-attack/","",""
"1117","11/24/2021","2021","Butler County Community College","Pennsylvania","Education Facilities","","","","Reopened Dec 6","1 week or less","","","","No","","","https://butlerradio.com/bc3-cooperating-with-fbi-after-ransomware-attack/ ;
https://www.connectradio.fm/2021/12/01/bc3-in-brockway-will-resume-classes-dec-6-after-ransomware-attack/ ;
https://butlerradio.com/bc3-provides-more-details-on-ransomware-attack/","",""
"1118","11/24/2021","2021","Bryan County Ambulance Authority","Oklahoma","Healthcare and Public Health","Emergency Services","","","","","","","","","","","https://www.hipaajournal.com/ocr-first-financial-penalty-hipaa-risk-analysis-enforcement-initiative/
","",""
"1119","11/27/2021","2021","CS Energy","Australia","Energy","","Conti","S0575","","","","","","","","","https://www.zdnet.com/article/queensland-government-energy-generator-says-ransomware-attack-not-state-based/ ;
https://www.csenergy.com.au/news/cs-energy-responds-to-cyber-security-incident","",""
"1120","11/29/2021","2021","Central Licensing Bureau, Inc. (CLB)","Arkansas","Financial Services","","","","","","","","","","","","https://www.jdsupra.com/legalnews/central-licensing-bureau-inc-falls-7910922/","",""
"1121","11/29/2021","2021","R.R Donnelley & Sons Co (RRD)","Global","Communication","","","","","","","","","","","","https://www.huntonak.com/privacy-and-information-security-law/sec-charges-r-r-donnelley-for-ransomware-attack-response","",""
"1122","11/30/2021","2021","Unnamed Canadian healthcare provider","Canada","Healthcare and Public Health","","Conti","S0575","","","","","","","","","https://www.zdnet.com/article/two-ransomware-gangs-hacked-the-same-target-at-the-same-time-heres-what-happened-next/","","Simultaneously hit by Karma ransomware group, but Conti's attack encrypted Karma's note"
"1123","11/30/2021","2021","Conseil des écoles publiques de l’Est de l’Ontario (School District)","Canada","Education Facilities","","","","","","","","","Yes","","","https://www.cornwallseawaynews.com/2021/12/04/ransomware-attack-hits-french-public-school-board/","",""
"1124","12/1/2021","2021","Bank Indonesia","Indonesia","Financial Services","","Conti","S0575","","","","","","","","","https://www.bleepingcomputer.com/news/security/indonesias-central-bank-confirms-ransomware-attack-conti-leaks-data/","",""
"1125","12/1/2021","2021","Unnamed US bank","United States","Financial Services","","RansomHouse/WhiteRabbit","","","","","","","","","","https://bankautomationnews.com/allposts/risk-security/new-ransomware-white-rabbit-targets-us-bank/","",""
"1126","12/1/2021","2021","Oahu Transit Services","Hawaii","Transportation Systems","","","","","","","","","","","","https://www.govtech.com/security/honolulu-cio-ransomware-didnt-affect-city-county-networks","",""
"1127","12/1/2021","2021","Pembroke Pines","Florida","Government Facilities","","","","","","","","","","","","https://www.local10.com/news/local/2022/01/20/pembroke-pines-hit-by-ransomware-attack-city-says/","",""
"1128","12/1/2021","2021","Cancer and Hematology Centers of Western Michigan","Michigan","Healthcare and Public Health","","","","","","","","","","","","https://www.chcwm.com/wp-content/uploads/2022/03/25674955_5-CHCWM-WebNotification.pdf","",""
"1129","12/1/2021","2021","Lincoln College","Illinois","Education Facilities","","","","3 months","More than 1 month","","","","","","","https://www.bleepingcomputer.com/news/security/lincoln-college-to-close-after-157-years-due-ransomware-attack/","",""
"1130","12/1/2021","2021","Batttelle for Kids","Ohio","Education Facilities","","","","","","","","","","","","https://www.bleepingcomputer.com/news/security/ransomware-attack-exposes-data-of-500-000-chicago-students/","",""
"1131","12/1/2021","2021","Eye Care Leaders","North Carolina","Healthcare and Public Health","","","","","","","","","","","","https://www.scmagazine.com/analysis/ransomware/another-1-3m-patients-added-to-data-breach-tally-of-ransomware-attack-on-eye-care-leaders","",""
"1132","12/2/2021","2021","Nordic Choice Hotels","Scandinavia","Commercial Facilities","","Conti","S0575","","","","","","","","","https://www.bleepingcomputer.com/news/security/nordic-choice-hotels-hit-by-conti-ransomware-no-ransom-demand-yet/","",""
"1133","12/3/2021","2021","Riverhead Central School District","New York","Education Facilities","","","","","","","","","","","","https://riverheadlocal.com/2021/12/03/riverhead-schools-hit-by-ransomware-attack-shutting-down-computer-and-tech-infrastructure/","",""
"1134","12/4/2021","2021","Unnamed Canadian healthcare organization","Canada","Healthcare and Public Health","","Conti","S0575","","","","","","","","","https://www.infosecurity-magazine.com/news/conti-encrypts-karma-ransomware/","",""
"1135","12/4/2021","2021","Maryland Department of Health website","Maryland","Government Facilities","Healthcare and Public Health","","","restored about Jan 11","More than 1 month","","","","No","","","https://baltimore.cbslocal.com/2022/01/12/maryland-department-of-health-confirms-ransomware-attack-caused-disruption-in-covid-19-data-last-month/ ;
https://www.marylandmatters.org/2022/01/12/attack-on-health-dept-computers-was-ransomware-hogan-and-cyber-czar-acknowledge/","",""
"1136","12/5/2021","2021","Pellissippi State Community College","Tennessee","Education Facilities","","","","","","","","","No","","","https://www.wbir.com/article/tech/pellissippi-state-ransomware-attack-info-compromised/51-8ca23b29-a76b-4f08-922e-3d2adbdc9f85","",""
"1137","12/6/2021","2021","Abiom","Denmark","Information Technology","","LockBit","","","","","","","No","","","https://www.dutchnews.nl/news/2021/12/ransomware-hackers-release-39000-internal-government-files/","",""
"1138","12/7/2021","2021","SPAR (supermarket chain)","United Kingdom","Food and Agriculture","","","","","","","","","","","","https://news.sky.com/story/supermarket-spar-forced-to-close-stores-due-to-cyber-attack-12488466","",""
"1139","12/7/2021","2021","Saskatoon John Diefenbaker International Airport","Canada","Transportation Systems","","","","","","","","","No","","","https://www.insurancebusinessmag.com/ca/news/cyber/canadian-establishment-continues-to-be-harassed-by-snatch-ransomware-group-323718.aspx","",""
"1140","12/8/2021","2021","US Radiology","United States","Healthcare and Public Health","","","","","","","","","","","","https://therecord.media/new-york-attorney-general-fines-radiology-firm-after-ransomware-attack","",""
"1141","12/9/2021","2021","Hellmann Worldwide","Global","Transportation Systems","","RansomExx/defray","","","","","","","","","","https://www.bleepingcomputer.com/news/security/logistics-giant-warns-of-bec-emails-following-ransomware-attack/","",""
"1142","12/10/2021","2021","Brazilian Ministry of Health","Brazil","Government Facilities","Healthcare and Public Health","Lapsus$","G1004","","","","","","","","","https://www.zdnet.com/article/brazilian-ministry-of-health-suffers-cyberattack-and-covid-19-vaccination-data-vanishes/","",""
"1143","12/10/2021","2021","Virginia's Division of Legislative Automated Systems (DLAS)","Virginia","Information Technology","Government Facilities","","","","","","","","","","","https://www.wavy.com/news/virginia/officials-virginia-state-agency-hit-with-ransomware-attack/","",""
"1144","12/10/2021","2021","La Posada at Park Centre","Arizona","Healthcare and Public Health","","","","","","","","","","","","https://www.hipaajournal.com/four-healthcare-providers-hit-with-ransomware-attacks/","",""
"1145","12/11/2021","2021","Kronos Private Cloud","Global","Financial Services","","","","","More than 1 month","","","","","","","https://www.theregister.com/2021/12/13/ultimate_kronos_group_ransomware_attack/; https://www.shrm.org/resourcesandtools/hr-topics/technology/pages/concerns-linger-following-ukg-ransomware-attack.aspx","",""
"1146","12/12/2021","2021","McMenamins (breweries)","Oregon","Food and Agriculture","","Conti","S0575","","","","","","","","","https://www.bleepingcomputer.com/news/security/mcmenamins-breweries-hit-by-a-conti-ransomware-attack/","",""
"1147","12/12/2021","2021","Superior Plus","North America","Energy","","","","","","","","","","","","https://www.zdnet.com/article/billion-dollar-natural-gas-supplier-superior-plus-hit-with-ransomware/","",""
"1148","12/16/2021","2021","Coombe Women and Infants University Hospital","Republic of Ireland","Healthcare and Public Health","","","","","","","","","","","","https://www.irishtimes.com/business/technology/coombe-hospital-services-continuing-as-normal-after-cyberattack-1.4756968","",""
"1149","12/20/2021","2021","Inetum","Global","Information Technology","","BlackCat/ALPHV","S1068","","","","","","","","","https://www.bleepingcomputer.com/news/security/global-it-services-provider-inetum-hit-by-ransomware-attack/","",""
"1150","12/20/2021","2021","CompuGroup Medical","Global","Healthcare and Public Health","","","","","","","","","","","","https://www.beckershospitalreview.com/cybersecurity/most-of-compugroup-medical-s-systems-back-online-after-ransomware-attack.html","",""
"1151","12/20/2021","2021","Extend Fertility","New York","Healthcare and Public Health","","","","","","","","","","","","https://www.hipaajournal.com/four-healthcare-providers-hit-with-ransomware-attacks/","",""
"1152","12/23/2021","2021","Moncler","Italy","Commercial Facilities","","BlackCat/ALPHV","S1068","","","","$3 million","$5000000 or less","No","","","https://www.bleepingcomputer.com/news/security/fashion-giant-moncler-confirms-data-breach-after-ransomware-attack/","",""
"1153","12/26/2021","2021","Crawford County","Arkansas","Government Facilities","","","","","More than 1 month","","","","","","","https://www.nwahomepage.com/news/crawford-county-reeling-from-ransomware-cyberattack/","",""
"462","1/1/2020","2020","Bretagne Telecom","France","Communication","","DoppelPaymer","","3 days","1 week or less","35 bitcoin","$330,000","$1000000 or less","No","","","https://www.bleepingcomputer.com/news/security/doppelpaymer-hacked-bretagne-t-l-com-using-the-citrix-adc-flaw/","",""
"463","1/1/2020","2020","SAOG United Insurance Company","Oman","Financial Services","","","","1 day","1 day or less","","","","","","","https://securityboulevard.com/2020/01/ransomware-infects-main-server-of-large-insurance-company-in-oman/","",""
"464","1/1/2020","2020","US natural gas compression facility","United States","Energy","","","","2 days","1 week or less","","","","","","","https://www.bankinfosecurity.com/ransomware-attack-hit-us-natural-gas-facility-a-13740","",""
"465","1/1/2020","2020","Communications and Power Industries (CPI)","California","Critical Manufacturing","","","","","","$500,000 ","$500,000 ","$1000000 or less","Yes","","$500,000","https://www.cshub.com/attacks/articles/incident-of-the-week-defense-electronics-manufacturer-cpi-succumbs-to-ransomware-demands","",""
"466","1/1/2020","2020","Wipro","India","Information Technology","","","","","","$50 million in bitcoin","$50 million","More than $5000000","","","","https://www.cybersecurity-insiders.com/hackers-demand-50-million-bitcoins-ransom-from-wipro-for-cyber-attack/","",""
"467","1/1/2020","2020","Kiezer","Oregon","Government Facilities","","","","","","","","","Yes","","$50,000","https://www.keizertimes.com/posts/2427/keizer-was-one-of-many-cyber-attack-victims-in-2020","",""
"468","1/2/2020","2020","Encloe Medical Center","California","Healthcare and Public Health","","","","2 weeks","1 month or less","","","","","","","https://krcrtv.com/news/deprecated-butte-county/enloes-clinic-programs-restored-after-ransomware-incident","",""
"469","1/3/2020","2020","Contra Costa County Library","California","Education Facilities","","","","4 weeks","1 month or less","","","","","","","https://www.mercurynews.com/2020/01/29/contra-costa-library-system-hopeful-for-full-recovery-this-week-from-ransomware-attack/","",""
"470","1/5/2020","2020","Artech Information Systems","United States","Information Technology","","Revil/sodinokibi","S0496","","","","","","No","","","https://www.infosecurity-magazine.com/news/us-staffing-firm-hit-by-ransomware/","Company hit again in Sep 2020 (744)","After they didn't pay ransom, attackers leaked 337 MB of stolen data"
"471","1/5/2020","2020","eHealth Saskatchewan","Canada","Healthcare and Public Health","","","","","","","","","No","","","https://leaderpost.com/news/local-news/ehealth-saskatchewan-hit-by-ransomware-attack-but-private-records-not-compromised","",""
"472","1/9/2020","2020","Volusia County Library System","Florida","Education Facilities","","Ryuk","S0446","","","","","","","","","https://www.govtech.com/security/Ryuk-Ransomware-behind-Attack-on-Florida-Library-System.html","",""
"473","1/9/2020","2020","New Mexico Public Regulation Commission","New Mexico","Government Facilities","","","","2 weeks","1 month or less","","","","","","","https://www.krwg.org/post/new-mexico-prc-website-hit-ransomware-attack","",""
"474","1/10/2020","2020","Panama-Buena Vista Union School District","California","Education Facilities","","","","","","","","","","","","https://www.bakersfield.com/news/panama-buena-vista-union-school-district-hit-with-ransomware-attack/article_fee6e6dc-3661-11ea-85d8-83830fa0dd35.html","",""
"475","1/15/2020","2020","New Orleans Ernest N Morial Convention Center","Louisiana","Government Facilities","","","","","","","","","","","","https://www.ibtimes.sg/cyber-security-another-similar-ransomware-attack-hits-new-orleans-37853","",""
"476","1/15/2020","2020","Town of Colonie","New York","Government Facilities","","","","3 weeks","1 month or less","45 bitcoin","$400,000 ","$1000000 or less","No","","","https://www.spotlightnews.com/news/2020/01/17/town-of-colonie-got-hacked-looks-to-avoid-paying-ransomware-demand-of-about-400000/","",""
"477","1/21/2020","2020","City of Potsdam","Germany","Government Facilities","","","","","","","","","","","","https://www.bleepingcomputer.com/news/security/city-of-potsdam-servers-offline-following-cyberattack/","",""
"478","1/21/2020","2020","Bouygues Construction Unit","France","Critical Manufacturing","","","","","","","","","","","","https://www.enr.com/articles/48637-bouygues-construction-unit-gradually-recovering-after-ransomware-attack","",""
"479","1/22/2020","2020","Tillamook County","Oregon","Government Facilities","","Revil/sodinokibi","S0496","operational by mid march so about 2 months","More than 1 month","","","","Yes","","300000","https://www.crn.com/slide-shows/security/the-11-biggest-ransomware-attacks-of-2020-so-far-/4; https://www.kptv.com/news/tillamook-county-still-working-through-ransomware-attack-on-computer-system/article_bd4482cc-43cf-11ea-8bfb-8fcb8b465147.html; https://www.columbian.com/news/2020/jan/29/county-computers-still-down-week-after-ransomware-attack/","",""
"480","1/23/2020","2020","Tampa Bay Times","Florida","Communication","","Ryuk","S0446","","","","","","No","","","https://www.cisomag.com/ransomware-tampa-bay-times/","",""
"481","1/24/2020","2020","Electronic Warfare Associates (EWA)","New Jersey","Defense Industrial Base","","Ryuk","S0446","","","","","","","","","https://www.infosecurity-magazine.com/news/us-defense-contractor-hit-by-ryuk/","",""
"482","1/24/2020","2020","Crystal Lake Community High School District 155","Illinois","Education Facilities","","","","","","","","","","","","https://www.nwherald.com/2020/01/27/district-155-network-monitoring-systems-infected-with-ransomware-superintendent-says/ah2in7g/","",""
"483","1/25/2020","2020","Brandywine Urology Consultants","Delaware","Healthcare and Public Health","","","","","","","","","","","","https://healthitsecurity.com/news/ransomware-attack-on-brandywine-urology-impacts-131k-patients","",""
"484","1/27/2020","2020","Gedia Automotive Group","Germany","Critical Manufacturing","","Revil/sodinokibi","S0496","","","","","","","","","https://www.forbes.com/sites/samcurry/2020/01/27/ransomware-strikes-again-using-peacetime-to-prepare-for-crisis/#43068acd61cf","",""
"485","1/27/2020","2020","RailWorks Corporation","United States","Transportation Systems","","","","","","","","","","","","https://www.cisomag.com/u-s-railworks-corp-reports-data-breach-post-ransomware-attack/","",""
"486","1/27/2020","2020","City of Oshkosh","Wisconsin","Government Facilities","","","","more than 1 week","1 month or less","","","","","","","https://www.wbay.com/content/news/Oshkosh-city-services-returning-after-ransomware-attack-567597171.html","",""
"487","1/28/2020","2020","Lakeland Community College","Ohio","Education Facilities","","Maze","S0449","","","","","","","","","https://www.news-herald.com/news/lakeland-community-college-hit-by-ransomware-attack/article_493d2b36-4217-11ea-8da3-b3bcdecf192a.html","",""
"488","1/29/2020","2020","Mountain View Los Altos Union High School District","California","Education Facilities","","Revil/sodinokibi","S0496","","","","","","","","","https://www.losaltosonline.com/news/sections/schools/209-school-news/61838-ransomware-attack-continues-to-impact-mvla","",""
"489","1/30/2020","2020","Mid-Delaware Imaging (MDI)","Delaware","Healthcare and Public Health","","","","","","","","","","","","https://firststateupdate.com/2020/07/dovers-mid-delaware-imaging-hit-by-ransomware-attack-warns-of-possible-data-breach/","",""
"490","1/31/2020","2020","Toll Group","Australia","Transportation Systems","","NetWalker","S0457","4 months","More than 1 month","","","","No","","","https://www.bleepingcomputer.com/news/security/new-ransomware-strain-halts-toll-group-deliveries/; https://www.msspalert.com/cybersecurity-breaches-and-attacks/ransomware/toll-group-hacked-twice/;https://www.zdnet.com/article/toll-restoring-services-following-ransomware-attack/; https://www.zdnet.com/article/toll-restoring-services-following-ransomware-attack/","",""
"491","1/31/2020","2020","San Miguel County","New Mexico","Government Facilities","","","","","","43 bitcoins","around $500,000","$1000000 or less","Yes","bitcoin","24 bitcoins ($250,000)","https://www.usnews.com/news/best-states/new-mexico/articles/2020-03-21/new-mexico-agencies-on-edge-amid-rising-ransomware-attacks; https://www.crn.com/slide-shows/security/the-11-biggest-ransomware-attacks-of-2020-so-far-/2","",""
"492","2/1/2020","2020","Visser Precision","Colorado","Critical Manufacturing","","DoppelPaymer","","","","","","","","","","https://www.defenseone.com/threats/2020/03/key-defense-supplier-hit-ransomware/163462/","",""
"493","2/1/2020","2020","Affordacare Urgent Care Clinic","Texas","Healthcare and Public Health","","Maze","S0449","","","","","","","","","https://securityboulevard.com/2020/03/maze-ransomware-continues-to-hit-healthcare-units-amid-coronavirus-covid-19-outbreak/","",""
"494","2/1/2020","2020","Affordacare Urgent Care Clinics","Texas","Healthcare and Public Health","","Maze","S0449","","","","","","No","","","https://www.infosecurity-magazine.com/news/alleged-affordacare-patient-data/","",""
"495","2/1/2020","2020","CU Collections","Virginia","Commercial Facilities","","Maze","S0449","","","","","","","","","http://www.cutoday.info/Fresh-Today/A-CU-Collections-Company-Is-Allegedly-Hacked","",""
"496","2/1/2020","2020","Port Lavaca City Hall","Texas","Government Facilities","","Ryuk","S0446","","","$200,000 ","$200,000 ","$1000000 or less","No","","","https://www.cisomag.com/ryuk-ransomware-campaign-targets-port-lavaca-city-hall/","",""
"497","2/1/2020","2020","Gadsden Independent School District","New Mexico","Education Facilities","","","","","","","","","No","","","https://www.usnews.com/news/best-states/new-mexico/articles/2020-03-21/new-mexico-agencies-on-edge-amid-rising-ransomware-attacks","",""
"498","2/1/2020","2020","Allegheny Intermediate Unit school system","Pennsylvania","Education Facilities","","","","","","","","","No","","","https://www.scmagazine.com/home/security-news/ransomware/a-tail-of-two-ransomware-attacks/","",""
"499","2/1/2020","2020","Spartanburg District One Schools","South Carolina","Education Facilities","","","","","","","","","","","","https://www.foxcarolina.com/news/spartanburg-school-district-one-s-computer-network-hit-by-ransomware/article_956ac850-5ca8-11ea-8c50-a3d1edf33905.html","",""
"500","2/1/2020","2020","North Miami Beach Police Department","Florida","Emergency Services","","","","","","""millions of dollars""","""millions of dollars""","$5000000 or less","","","","https://www.cisomag.com/miami-beach-police-department-suffers-ransomware-attack/","",""
"501","2/4/2020","2020","Havre Public Schools","Montana","Education Facilities","","Ryuk","S0446","","","""tens of millions of dollars"" in bitcoin","""tens of millions of dollars""","More than $5000000","No","","","https://missoulacurrent.com/business/2020/02/ransomware-havre-schools/","",""
"502","2/6/2020","2020","Rockdale County Water Resources","Georgia","Water and Wastewater Systems","","","","2 weeks","1 month or less","","","","","","","https://www.ajc.com/news/local/rockdale-water-customers-can-make-payments-again-after-ransomware-attack/4GshKfGFW0w8yjCOh376SM/","",""
"503","2/8/2020","2020","north-east England council","England","Government Facilities","","","","Several months","More than 1 month","","","","","","","https://www.theguardian.com/technology/2020/feb/27/redcar-and-cleveland-council-hit-by-cyber-attack","",""
"504","2/8/2020","2020","Redcar and Cleveland Council","United Kingdom","Government Facilities","","","","more than a month","More than 1 month","","","","No","","","https://www.bbc.com/news/uk-england-tees-52521769; https://www.computing.co.uk/news/4014738/redcar-cleveland-council-running-ransomware-attack","",""
"505","2/10/2020","2020","City of Garrison","Texas","Government Facilities","","","","","","","","","","","","https://www.cbs19.tv/article/news/east-texas-agencies-targeted-by-ransomware-attacks/501-e9abbd12-b82f-4e67-aa46-a56051f01fc6","",""
"506","2/11/2020","2020","Niagara University","New York","Education Facilities","","","","","","","","","","","","https://www.wkbw.com/news/local-news/niagara-university-email-servers-attacked-by-ransomware","",""
"507","2/11/2020","2020","NRC Health","Nebraska","Healthcare and Public Health","","","","","","","","","","","","https://journalstar.com/business/local/lincoln-s-nrc-health-latest-company-to-be-hit-by/article_3d6a00b0-bdf4-5ec2-a99c-609776c27a05.html","",""
"508","2/11/2020","2020","Nacogdoches Independent School District","Texas","Education Facilities","","","","","","","","","","","","https://www.cbs19.tv/article/news/east-texas-agencies-targeted-by-ransomware-attacks/501-e9abbd12-b82f-4e67-aa46-a56051f01fc6","",""
"509","2/12/2020","2020","Timberline Billing Service","Iowa","Healthcare and Public Health","Education Facilities","","","","","","","","","","","https://www.infosecurity-magazine.com/news/ransomware-attack-on-medical/","",""
"510","2/13/2020","2020","Andrews Braces","Nevada","Healthcare and Public Health","","","","","","","","","","","","https://healthitsecurity.com/news/ransomware-attack-on-brandywine-urology-impacts-131k-patients","",""
"511","2/14/2020","2020","Auction House Manheim","Australia","Commercial Facilities","","","","","","$30,000,000 ","$30,000,000 ","More than $5000000","No","","","https://www.6pr.com.au/podcast/company-with-perth-office-under-30m-ransomware-attack-from-cyber-criminals/; https://www.fullyloaded.com.au/industry-news/2003/new-ransomware-attack-spurs-wa-consumer-protection-warning","",""
"512","2/15/2020","2020","EMCOR","Connecticut","Critical Manufacturing","","Ryuk","S0446","","","","","","","","","https://www.zdnet.com/article/ryuk-ransomware-hits-fortune-500-company-emcor/","",""
"513","2/17/2020","2020","ISS World","Denmark","Commercial Facilities","","","","expected recovery by end of 2020","More than 1 month","","","","","","","https://www.computerweekly.com/news/252478890/Facilities-firm-ISS-World-crippled-by-ransomware-attack","",""
"514","2/18/2020","2020","City of Wayne","Nebraska","Government Facilities","","","","","","","","","","","","https://www.wowt.com/content/news/City-of-Wayne-falls-victim-to-ransomware-cyber-attack-568086991.html","",""
"515","2/21/2020","2020","Reading Municipal Light Department (RMLD)","Massachusetts","Energy","","","","5 days","1 week or less","","","","No","","","https://www.infosecurity-magazine.com/news/ransomware-attack-at-us-power/","",""
"516","2/22/2020","2020","KHS Bicycles","California","Critical Manufacturing","","","","","","","","","","","","https://www.bicycleretailer.com/industry-news/2020/02/25/khs-bicycles-systems-hacked-distributor-halts-shipments#.YJrvRuhKg2x","",""
"517","2/23/2020","2020","LaSalle County Government","Illinois","Government Facilities","","ProLock/PwndLocker","S0654","more than 1 week","1 month or less","","","","No","","","https://week.com/2020/03/02/ransomware-attack-affecting-lasalle-countys-technology/","",""
"518","2/23/2020","2020","Prince Edward Island government","Prince Edward Island","Government Facilities","","","","90 minutes","1 day or less","","","","No","","","https://www.insurancebusinessmag.com/ca/news/cyber/ransomware-attack-on-pei-government-servers-cost-taxpayers-over-900k-226981.aspx; https://www.cbc.ca/news/canada/prince-edward-island/pei-data-breach-documents-leaked-malware-2020-1.5484389; https://www.cbc.ca/news/canada/prince-edward-island/pei-ransomware-attack-costs-1.5636485","","cost tax payers more than $900,000"
"519","2/24/2020","2020","Grayson County, Texas","Texas","Government Facilities","","","","","","","","","","","","https://www.kxii.com/content/news/Grayson-Co-systems-offline-due-to-cyber-security-threat-investigation-568142731.html","",""
"520","2/24/2020","2020","Penncrest School District","Pennsylvania","Education Facilities","","","","6 weeks","More than 1 month","","","","","","","https://insurancenewsnet.com/oarticle/penncrest-officials-cyber-attack-in-february-has-been-resolved#.XrBkyqhKg2x","",""
"521","2/27/2020","2020","District of Squamish","Canada","Government Facilities","","","","","","","","","","","","https://www.squamishchief.com/news/local-news/too-soon-to-say-if-ransomware-attack-did-damage-it-experts-1.24094799","",""
"522","2/27/2020","2020","Jordan Health","New York","Healthcare and Public Health","","","","(ended march 13) 16 days","1 month or less","","","","","","","https://www.beckershospitalreview.com/cybersecurity/new-york-health-system-back-online-following-ransomware-shutdown.html","",""
"523","2/27/2020","2020","https://www.insurancenews.com.au/international/gallagher-hit-by-ransomware-attack","Nevada","Commercial Facilities","","","","6 days","1 week or less","","","","","","","https://www.casino-review.co/computer-systems-ransomware-hack-vegas/","",""
"524","2/27/2020","2020","Binion's Casino (TLC Casino Enterprises)","Nevada","Commercial Facilities","","","","6 days","1 week or less","","","","","","","https://www.casino-review.co/computer-systems-ransomware-hack-vegas/","",""
"525","2/29/2020","2020","Epiq Global (MSP)","Kansas","Information Technology","","Ryuk","S0446","Restored march 26 (26 days)","1 month or less","","","","","","","https://www.bleepingcomputer.com/news/security/ryuk-ransomware-attacked-epiq-global-via-trickbot-infection/; https://www.lawsitesblog.com/2020/04/reports-say-epiq-has-laid-off-some-200-employees-in-wake-of-ransomware-attack.html","","reportedly laid off 200 employees"
"526","2/29/2020","2020","Talman Software","Australia","Information Technology","","","","1 week","1 week or less","8 million AUD","4.6 million","$5000000 or less","No","","","https://techxplore.com/news/2020-03-ransomware-sheep-farmers-room-woolly.html; https://www.examiner.com.au/story/6667087/wool-sales-recover-from-cyber-attack/?cs=95","",""
"527","3/1/2020","2020","City of Torrance (Los Angeles County)","California","Government Facilities","","DoppelPaymer","","","","100 bitcoin","$690,000 ","$1000000 or less","","","","https://www.dailynews.com/2020/04/25/hackers-stole-sensitive-information-in-torrance-cyberattack/, https://www.2-spyware.com/doppelpaymer-attacks-the-city-of-torrance-100-btc-ransom-expected","",""
"528","3/1/2020","2020","Brooks International (business management consultant)","Florida","Communication","","Revil/sodinokibi","S0496","","","","","","","","","https://www.infosecurity-magazine.com/news/celebrity-data-stolen-in/; https://nakedsecurity.sophos.com/2020/03/23/stolen-data-of-company-that-refused-revil-ransom-payment-now-on-sale/","",""
"529","3/1/2020","2020","Geidi (IT serves)","Australia","Information Technology","","Revil/sodinokibi","S0496","","","","","","","","","https://www.itwire.com/security/attackers-use-revil-ransomware-to-hit-texas-retirement-specialist.html; https://kirbyidau.com/2020/03/25/incident-melbourne-it-services-firm-geidi-hit-by-revil-ransomware-itwire/","",""
"530","3/1/2020","2020","LTI Power Systems","Ohio","Energy","","","","","","","","","","","","https://www.utilitydive.com/news/ameren-missouri-supplier-hit-by-ransomware-attack-amid-growing-concern-for/574823/","",""
"531","3/1/2020","2020","Gunnebo Group","Sweden","Emergency Services","","","","","","","","","","","","https://www.cpomagazine.com/cyber-security/security-blueprints-of-heavily-guarded-companies-leaked-after-ransomware-attack-on-swedish-firm/","",""
"532","3/3/2020","2020","Fort Worth Independent School District","Texas","Education Facilities","","","","","","","","","No","","","https://www.keranews.org/post/fort-worth-isd-hacked-joining-other-texas-schools-towns-hit-ransomware-attacks","",""
"533","3/5/2020","2020","Kimchuk","Connecticut","Critical Manufacturing","","DoppelPaymer","","","","","","","No","","","https://techcrunch.com/2020/03/26/kimchuk-medical-military-ransomware/","","Hackers published portion of network when company did not pay"
"534","3/6/2020","2020","City of Durham","North Carolina","Government Facilities","Emergency Services","Ryuk","S0446","","","","","","","","","https://www.bleepingcomputer.com/news/security/ryuk-ransomware-behind-durham-north-carolina-cyberattack/; https://securityintelligence.com/news/durham-north-carolina-shuts-down-phone-system-following-ryuk-ransomware-attack/","",""
"535","3/7/2020","2020","VT San Antonio Aerospace (aerospace and defense contractor)","Texas","Transportation Systems","Defense Industrial Base","Maze","S0449","","","","","","","","","https://www.msspalert.com/cybersecurity-breaches-and-attacks/ransomware/maze-vt-san-antonio-aerospace/; https://www.bleepingcomputer.com/news/security/us-aerospace-services-provider-breached-by-maze-ransomware/","",""
"536","3/8/2020","2020","Burke County Public Schools","North Carolina","Education Facilities","","","","","","","","","","","","https://www.burke.k12.nc.us/about_us/recent_news/b_c_p_s_targeted_in_cyber_threat","",""
"537","3/10/2020","2020","Champaign-Urbana Public Health District","Illinois","Healthcare and Public Health","","NetWalker","S0457","3 days","1 week or less","about $300,000","$300,000 ","$1000000 or less","","","$300,000 ","https://www.beckershospitalreview.com/cybersecurity/illinois-public-health-website-shut-down-in-ransomware-attack.html, https://gcn.com/articles/2020/04/17/health-care-ransomware-targets.aspx","",""
"538","3/10/2020","2020","Metropolitan Community College of Kansas City","Missouri","Education Facilities","","","","Months","More than 1 month","","","","","","","https://www.kshb.com/news/local-news/mcckc-falls-victim-to-ransomware-attack","","attack ended June 4 2020"
"539","3/13/2020","2020","ExecuPharm","United States","Chemical","","Clop","S0611","","","","","","No","","","https://www.darkreading.com/attacks-breaches/biopharmaceutical-firm-suffers-ransomware-attack-data-dump/d/d-id/1337673; https://techcrunch.com/2020/04/27/execupharm-clop-ransomware/; https://www.bleepingcomputer.com/news/security/clop-ransomware-leaks-execupharms-files-after-failed-ransom/","",""
"540","3/13/2020","2020","10x Genomics","California","Chemical","","Revil/sodinokibi","S0496","","","","","","","","","https://www.msspalert.com/cybersecurity-breaches-and-attacks/ransomware/hackers-hit-cononavirus-biotech-researchers/","","1 TB of data was stolen, some of which was sensitive"
"541","3/13/2020","2020","University Hospital Brno","Czech Republic","Healthcare and Public Health","","","","","","","","","","","","https://hotforsecurity.bitdefender.com/blog/mysterious-cyberattack-cripples-czech-hospital-amid-covid-19-outbreak-22566.html","","COVID-19 testing lab. occurred during the COVID-19 outbreak."
"542","3/13/2020","2020","City of Marseille","France","Government Facilities","","","","About 1 month","1 month or less","","","","","","","https://www.solutions-numeriques.com/marseille-et-sa-metropole-affectees-depuis-un-mois-le-ransomware-mespinoza-pysa-sans-outil-de-dechiffrement/","",""
"543","3/14/2020","2020","Hammersmith Medicines Research","United Kingdom","Chemical","","Maze","S0449","within the same day","1 day or less","","","","No","","","https://www.ciodive.com/news/medical-company-coronavirus-ransomware/574653/","","resulted in data breach"
"544","3/14/2020","2020","Jamaica Constabulary Force","Jamaica","Financial Services","","","","","","","","","","","","http://www.jamaicaobserver.com/latestnews/Police_investigate_ransomware_attack_at_Jamaica_National","",""
"545","3/15/2020","2020","Henning Harders (freight and logistics firm)","Australia","Transportation Systems","","Maze","S0449","","","","","","","","","https://www.csoonline.com/article/3533454/ransomware-strikes-aussie-freight-firm-henning-harders.html","",""
"546","3/16/2020","2020","Mat-Su Surgical","Alaska","Healthcare and Public Health","","","","","","","","","","","","https://healthitsecurity.com/news/hackers-access-phi-during-mat-su-surgical-ransomware-attack","",""
"547","3/16/2020","2020","Alleghany County Schools","North Carolina","Education Facilities","","","","","","","","","","","","https://www.alleghany.k12.nc.us/site/default.aspx?PageType=3&DomainID=4&ModuleInstanceID=29&ViewID=6446EE88-D30C-497E-9316-3F8874B3E108&RenderLoc=0&FlexDataID=5089&PageID=1","",""
"548","3/18/2020","2020","Woodlawn Dental Center","Ohio","Healthcare and Public Health","","","","","","","","","No","","","https://healthitsecurity.com/news/hackers-access-phi-during-mat-su-surgical-ransomware-attack","",""
"549","3/19/2020","2020","Moorestown Visiting Nurse Association","New Jersey","Healthcare and Public Health","","ColdLock","","","","","","","","","","https://njbiz.com/moorestown-vna-hit-ransomware-attack/","",""
"550","3/20/2020","2020","Finastra","United Kingdom","Financial Services","","Ryuk","S0446","","","","","","No","","","https://www.crowdfundinsider.com/2020/03/159107-security-alert-uk-fintech-finastra-experiences-ransomware-attack-takes-some-servers-offline/; https://www.bloomberg.com/news/articles/2020-04-08/how-finastra-survived-a-ransomware-attack-without-paying-ransom","",""
"551","3/21/2020","2020","Town of Jupiter","Florida","Government Facilities","","Revil/sodinokibi","S0496","about 3 weeks","1 month or less","","","","No","","","https://www.msspalert.com/cybersecurity-breaches-and-attacks/ransomware/sodinokibi-attacks-florida-towns-digital-services/, https://www.palmbeachpost.com/news/20200410/coronavirus-florida-jupiter-web-services-back-after-ransomware-attack","",""
"552","3/24/2020","2020","Daniel Bendetowicz, MD internal medicine provider (Fort Myers)","Florida","Healthcare and Public Health","","","","","","","","","No","","","https://healthitsecurity.com/news/ransomware-attack-on-magellan-health-results-in-data-exfiltration; https://drdanielbendetowicz.com/data-security-incident/","",""
"553","3/27/2020","2020","SBTech (online sports betting websites)","Global","Commercial Facilities","","","","","","","","","","","","https://cointelegraph.com/news/online-fantasy-sports-company-recognizes-ransomware-attack-in-sec-filing","",""
"554","3/27/2020","2020","Mitchell County Schools","Global","Education Facilities","","","","","","","","","No","","","https://www.citizen-times.com/story/news/local/2020/08/28/ransomware-cyberattacks-nc-schools-rise-during-covid-19-pandemic/5644879002/","",""
"555","4/1/2020","2020","Chubb","Global","Financial Services","","Maze","S0449","","","","","","","","","https://www.teiss.co.uk/chubb-ransomware-attack/","","Maze group claims to have encrypted the firm's systems, but the firm has no evidence their network has been affected"
"556","4/1/2020","2020","Berkine (Algerian Petroleum Joint Venture)","Europe","Energy","","Maze","S0449","","","","","","","","","https://www.itwire.com/security/algerian-petroleum-jv-hit-by-maze-ransomware,-data-posted-online.html","",""
"557","4/1/2020","2020","Energias de Portugal (EDP)","Global","Energy","","Ragnar Locker","S0481","","","1580 bitcoin","$10.9 million","More than $5000000","","","","https://www.bleepingcomputer.com/news/security/ragnarlocker-ransomware-hits-edp-energy-giant-asks-for-10m/","",""
"558","4/1/2020","2020","National Association of Eating Disorders","New York","Healthcare and Public Health","","Revil/sodinokibi","S0496","","","","","","","","","https://threatpost.com/double-extortion-ransomware-attacks-spike/154818/","",""
"559","4/1/2020","2020","SeaChange International (supplier of video delivery software)","Global","Communication","","Revil/sodinokibi","S0496","","","","","","","","","https://www.bleepingcomputer.com/news/security/leading-us-video-delivery-provider-confirms-ransomware-attack/","","Maze group claims to have encrypted the firm's systems, but the firm has no evidence their network has been affected"
"560","4/1/2020","2020","East Bay Biotech","Global","Chemical","","","","","","","","","","","","https://www.bizjournals.com/sanfrancisco/news/2020/04/02/ransomware-hackers-10x-genomics-bio-rad.html","",""
"561","4/1/2020","2020","Fort Collins-Loveland Water District and the South Fort Collins Sanitation District, Colorado","Europe","Critical Manufacturing","","","","","","","","","","","","https://www.ibtimes.sg/maze-ransomware-operators-create-havoc-by-leveraging-attack-two-us-based-enterprises-44729","",""
"562","4/1/2020","2020","Danish Agro","Global","Food and Agriculture","","","","90% recovered as of july 1 2020","More than 1 month","","","","No","","","https://www.feednavigator.com/Article/2020/07/01/Danish-Agro-almost-back-to-normal-after-April-ransomware-attack","","a section of the group's IT environment was affected by the attack"
"563","4/2/2020","2020","Kent Commercial Services (News Site)","England","Communication","","","","","","800,000 euros in bitcoin","about $875,000","$1000000 or less","No","","","https://www.thecanary.co/discovery/analysis-discovery/2020/06/02/criminal-organisation-carries-out-a-ransomware-attack-on-a-600m-company-owned-by-kent-county-council/","","data was leaked due to not paying the ransom"
"564","4/5/2020","2020","Southeastern Wire (wire manufacturer)","Oklahoma","Critical Manufacturing","","Maze","S0449","","","","","","","","","https://cybleinc.com/2020/05/09/maze-ransomware-operators-targets-southwestern-wire-an-american-based-wire-manufacturing-enterprise/?__cf_chl_jschl_tk__=f57f010494338fc7bee2e6368b4156c84ab2dd9f-1589082851-0-AfrvsPDPi7l6GwrfHq-VVF3sjQpokr4XdP8uzY94awkbL07pUWVW0ykbJ8lCGDYuIVOWycNR9AgZtwHbu2qVHLwgEBHjeVkFj-bTPbAvOmGI7545Ps95vhML_jYNpkCJJeVZNvcXMbw6hVpzjYxfnrKiwlGDI5h5lpITCZMZhyl4NhP3szfNBHFJtV8E4RhLEmELfFOVfEqR860ziLP3lFNjmN9y9nX3Ozymzd9kEUDGPesIAlUJYXeEM79wGRb3QctwS3cAGDnyywZHVQqN3acWIZ8s3eYmKX-kzSK3w1JhUmHDSsmetgSi-QLbgeFa4h2BKiv70Ork0Rq3PTV8gp6XnN8Rnr_ghSy6LtetoICtXUlkGaqZjO-Xi_3Ef6PkqZLwls_zHb57-KSgWydH6FZRCKLpiAKOIKdpBUUiS4vJ","",""
"565","4/6/2020","2020","Coffee County Jail","Tennessee","Government Facilities","","","","Ongoing as of 7/8/2020","","","","","","","","https://www.newschannel5.com/news/coffee-co-jail-target-of-ransomware-attack[; https://www.tullahomanews.com/news/local/ransomware-attack-prompts-updated-jail-software/article_f5235b6a-c06f-11ea-ba1f-836f69430c23.html","",""
"566","4/9/2020","2020","Rangely District Hospital (Rio Blanco County)","Colorado","Healthcare and Public Health","","","","","","","","","No","","","https://www.theheraldtimes.com/rdh-suffers-ransomware-attack/rangely/","",""
"567","4/9/2020","2020","Florida Orthopaedic Institute","Florida","Healthcare and Public Health","","","","","","","","","","","","https://www.floridaortho.com/florida-orthopaedic-institute-notifies-consumers-of-data-security-incident/; https://www.thecentersquare.com/florida/florida-lawsuit-offers-glimpse-into-estimated-1-4b-ransomware-toll-on-u-s-businesses/article_18904a64-c097-11ea-b307-c7486c456a7f.html","",""
"568","4/10/2020","2020","Borough of Duncannon (Perry County, PA)","Pennsylvania","Government Facilities","","","","","","$40,780 ","$40,780 ","$50000 or less","Yes","","$43,000","https://www.fox43.com/article/news/crime/borough-of-duncannon-says-it-was-the-victim-of-ransomware-attack-last-month/521-6fe873fd-1e29-4e7c-b227-44a8bcad6609","",""
"569","4/11/2020","2020","Magellan Health","Arizona","Healthcare and Public Health","","","","","","","","","","","","https://healthitsecurity.com/news/ransomware-attack-on-magellan-health-results-in-data-exfiltration","",""
"570","4/12/2020","2020","Healthcare Fiscal Management, Inc. (St. Mary's Health Care Contractor)","North Carolina","Healthcare and Public Health","","","","restored data in same day","1 day or less","","","","No","","","https://www.onlineathens.com/news/20200710/patient-data-was-potentially-compromised-after-ransomware-attack-on-st-maryrsquos-health-care-contractor","",""
"571","4/13/2020","2020","Orleans Parish Assessor's Office (New Orleans)","Louisiana","Government Facilities","","","","","","","","","","","","https://www.msspalert.com/cybersecurity-breaches-and-attacks/ransomware/attacks-new-orleans-government-agency/","",""
"572","4/17/2020","2020","Cognizant","New Jersey","Information Technology","","Maze","S0449","May 7 report says attack has been contained so 20 days","More than 1 month","","","","No","","","https://news.cognizant.com/2020-04-18-cognizant-security-update; https://www.msspalert.com/cybersecurity-breaches-and-attacks/ransomware/cognizant-status-update/; https://www.crn.com/news/channel-programs/cognizant-says-maze-ransomware-attackers-hijacked-tax-id-social-security-passport-data; https://www.oodaloop.com/briefs/2020/06/18/it-giant-cognizant-confirms-data-breach-after-ransomware-attack/","","Cognizant is saying the attack was from maze, but the ransomware operators are denying it. Total cost of the attack is $50-$70 million in lost revenue"
"573","4/17/2020","2020","2 hospitals in the Czech Republic","Czech Republic","Healthcare and Public Health","","","","","","","","","","","","https://www.reuters.com/article/us-czech-cyber-usa/u-s-says-concerned-by-threat-of-cyber-attack-against-czech-republic-healthcare-idUSKBN22000J","",""
"574","4/20/2020","2020","Benefit Recovery Specialists Inc (BRSI)","Texas","Financial Services","","Maze","S0449","","","","","","Yes","","","https://www.dallasnews.com/news/politics/2021/03/05/terminated-texas-medicaid-subcontractor-dumped-after-data-breach-in-ransomware-attack-from-russia/","",""
"575","4/21/2020","2020","Parkview Medical Center (Pueblo County)","Colorado","Healthcare and Public Health","","","","","","","","","","","","https://cointelegraph.com/news/colorado-hospital-patient-information-system-hit-by-crypto-ransomware","",""
"576","4/24/2020","2020","Illinois Valley Community College","Illinois","Education Facilities","","","","","","","","","","","","https://www.northernpublicradio.org/post/ransomware-attack-shuts-down-illinois-valley-community-college-servers","",""
"577","4/25/2020","2020","Tom Berkowitz Trucking Inc (whitinsville, MA)","Massachusetts","Transportation Systems","","Maze","S0449","","","","","","","","","https://www.freightwaves.com/news/ransomware-attack-hits-massachusetts-trucking-company","",""
"578","4/25/2020","2020","Diebold Nixdorf (ATM provider)","Ohio","Financial Services","","ProLock/PwndLocker","S0654","","","","","","No","","","https://krebsonsecurity.com/2020/05/ransomware-hit-atm-giant-diebold-nixdorf/","",""
"579","4/25/2020","2020","Lawrence County 911 center","Tennessee","Emergency Services","","","","","","","","","","","","https://www.wkrn.com/news/local-news/lawrence-county-911-center-attacked-by-ransomware/","",""
"580","4/26/2020","2020","Dakota Carrier Network (DCN)","North Dakota","Information Technology","","Maze","S0449","""quickly""","1 day or less","","","","No","","","https://statescoop.com/north-dakota-government-fiber-provider-hit-maze-ransomware/; https://www.kfyrtv.com/content/news/DCN-hacked-by-national-ransomware-gang-customers-not-affected-570249721.html","","restored data from april 24 backup; hackers published stolen data"
"581","4/30/2020","2020","Northwest Territories Power Corporation","Canada","Energy","","NetWalker","S0457","6 weeks","More than 1 month","","","","","","","https://cabinradio.ca/36092/news/nwt-power-corporation-confirms-ransomware-attack/; https://cklbradio.com/2020/05/21/ntpc-website-still-down-after-ransomware-attack/; https://www.cbc.ca/news/canada/north/ntpc-website-restored-ransomware-1.5614495","",""
"582","5/1/2020","2020","Sparboe (egg producer)","Minnesota","Food and Agriculture","","Maze","S0449","","","","","","","","","https://cointelegraph.com/news/egg-producers-data-poached-by-ransomware-will-they-shell-out-bitcoin","",""
"583","5/1/2020","2020","Banco BCR","Costa Rica","Financial Services","","Maze","S0449","","","","","","No","","","https://cointelegraph.com/news/ransomware-hackers-threaten-to-release-credit-card-data-from-costa-rican-bank; https://www.bankinfosecurity.com/ransomware-gang-posting-financial-details-from-attack-a-14335","","hackers released payment card data"
"584","5/1/2020","2020","Network of Village of Weiz","Austria","Government Facilities","","NetWalker","S0457","","","","","","","","","https://cointelegraph.com/news/ransomware-attack-kidnaps-austrian-city","","village Is located near production plants of big automaker and construction companies"
"585","5/1/2020","2020","Spectra Logic","Colorado","Information Technology","","NetWalker","S0457","5 days","1 week or less","$3.6 million in bitcoin","$3.6 million","$5000000 or less","No","","","https://www.zdnet.com/article/this-company-was-hit-with-ransomware-heres-what-they-did-next-and-why-they-didnt-pay-up/","",""
"586","5/1/2020","2020","BlueScope (Steelmaker- Port Kembla)","Australia","Critical Manufacturing","","","","","","","","","","","","https://www.afr.com/technology/port-kembla-steelworks-hit-as-bluescope-cyber-attack-bites-20200515-p54tb9","",""
"587","5/1/2020","2020","Fincantieri Vard Group AS (Shipbuilding Company)","Norway","Critical Manufacturing","","","","","","","","","","","","https://www.insurancejournal.com/news/international/2020/06/09/571495.htm","",""
"588","5/1/2020","2020","BlackBaud (Cloud provider)","United States","Information Technology","","","","","","","","","Yes","","","https://www.zdnet.com/article/cloud-provider-stopped-ransomware-attack-but-had-to-pay-ransom-demand-anyway/","","Very big provider with a lot of customers whose data was breached, mainly schools and non-profit organizations"
"589","5/1/2020","2020","University of York","United Kingdom","Education Facilities","","","","","","","","","Yes","","","https://cointelegraph.com/news/university-of-york-confirms-recent-data-breach-was-caused-by-ransomware","Blackbaud",""
"590","5/3/2020","2020","Harvest Food Distributors (San Diego)","California","Food and Agriculture","","Revil/sodinokibi","S0496","","","$7.5 million in cryptocurrency","$7.5 million","More than $5000000","","","","https://www.msspalert.com/cybersecurity-breaches-and-attacks/ransomware/revil-hits-food-distributors/","related to sherwood (590): 7.5 mil ransom total",""
"591","5/3/2020","2020","Sherwood Food Distributors (Detroit)","Michigan","Food and Agriculture","","Revil/sodinokibi","S0496","","","$7.5 million in cryptocurrency","$7.5 million","More than $5000000","","","","https://www.msspalert.com/cybersecurity-breaches-and-attacks/ransomware/revil-hits-food-distributors/","related to harvest (589): 7.5 mil ransom total",""
"592","5/4/2020","2020","Fresenius SE & Co.","Germany","Healthcare and Public Health","Chemical","Snake","","","","","","","","","","https://krebsonsecurity.com/2020/05/europes-largest-private-hospital-operator-fresenius-hit-by-ransomware/","","anonymous insider source reported fresnius has previously paid a $1.5 million ransom, but the current attack is much greater"
"593","5/4/2020","2020","Powertech Technology Inc.","Taiwan","Information Technology","","","","same day","1 day or less","","","","No","","","https://focustaiwan.tw/sci-tech/202005050025","",""
"594","5/5/2020","2020","CPC Corp. (Tawain's state-owned energy company)","Taiwan","Energy","","ColdLock","","same day","1 day or less","","","","","","","https://www.cyberscoop.com/cpc-corp-ransomware-attack-taiwan-trend-micro/; https://focustaiwan.tw/sci-tech/202005050025","",""
"595","5/5/2020","2020","Formosa Petrochemica","Taiwan","Energy","","ColdLock","","same day","1 day or less","","","","","","","https://focustaiwan.tw/sci-tech/202005050025","",""
"596","5/5/2020","2020","Ashville Plastic Surgery Institute","North Carolina","Healthcare and Public Health","","Maze","S0449","","","","","","","","","https://cointelegraph.com/news/maze-ransomware-group-hacks-two-plastic-surgeons; https://www.beckershospitalreview.com/cybersecurity/ransomware-attackers-hit-2-providers-post-patient-information-and-photos-online-5-details.html","","Leaked patient info"
"597","5/5/2020","2020","Plastic Surgeon Kristin Tarbet (Bellevue, Wash)","Washington","Healthcare and Public Health","","Maze","S0449","","","","","","","","","https://cointelegraph.com/news/maze-ransomware-group-hacks-two-plastic-surgeons; https://www.beckershospitalreview.com/cybersecurity/ransomware-attackers-hit-2-providers-post-patient-information-and-photos-online-5-details.html","","Leaked highly sensitive patient info including SSNs"
"598","5/5/2020","2020","Toll Group","Australia","Transportation Systems","","Nefilim","","expecting lost corporate data to be published- online. functions taking more than 4 weeks to recover","More than 1 month","","","","No","","","https://www.zdnet.com/article/transport-logistics-firm-toll-group-hit-by-ransomware-for-the-second-time-in-three-months/; https://www.itnews.com.au/news/toll-group-may-have-lost-over-200gb-of-data-in-ransomware-attack-548362; https://ia.acs.org.au/article/2020/toll-group-staff-data-exposed.html","","lost over 200gb of data; attackers publishing data"
"599","5/7/2020","2020","Unnamed health care company","Washington","Healthcare and Public Health","","Mamba","","","","","","","","","","https://statescoop.com/ransomware-unemployment-fraud-washington-linked-health-care/","","Used to exploit the washington state unemployment system"
"600","5/7/2020","2020","HLB (Belgian accounting firm)","Belgium","Financial Services","","Maze","S0449","","","","","","","","","https://www.itwire.com/security/sydney-strata-management-firm-strata-plus-hit-by-maze-ransomware.html; https://itwire.com/security/huge-belgian-accounting-firm-hlb-hit-by-maze-ransomware.html; https://www.itwire.com/security/huge-belgian-accounting-firm-hlb-hit-by-maze-ransomware.html","",""
"601","5/7/2020","2020","Stadler (Rail vehicle manufacturer)","Switzerland","Transportation Systems","","","","","","","","","","","","https://www.bleepingcomputer.com/news/security/rail-vehicle-manufacturer-stadler-hit-by-cyberattack-blackmailed/","",""
"602","5/8/2020","2020","Texas Supreme Court Website","Texas","Government Facilities","","","","2 months","More than 1 month","","","","No","","","https://www.law.com/texaslawyer/2020/05/11/ransomware-hack-disables-texas-supreme-courts-website/?slreturn=20200501144944; https://www.law.com/texaslawyer/2020/07/10/texas-appellate-courts-almost-back-online-after-ransomware-attack/?slreturn=20200823160031","",""
"603","5/8/2020","2020","Nipissing First Nation (NFN) Administration","Canada","Government Facilities","","","","","","","","","No","","","https://www.bleepingcomputer.com/news/security/ransomware-locks-down-the-nipissing-first-nation/","",""
"604","5/9/2020","2020","Pitney Bowes","Connecticut","Information Technology","Transportation Systems","Maze","S0449","","","","","","","","","https://www.itwire.com/security/global-tech-firm-pitney-bowes-hit-by-maze-ransomware.; https://www.zdnet.com/article/package-delivery-giant-pitney-bowes-confirms-second-ransomware-attack-in-7-months/","",""
"605","5/11/2020","2020","Bernards Township","New Jersey","Government Facilities","","","","2 weeks","1 month or less","","","","","","","https://www.tapinto.net/towns/basking-ridge/sections/business-and-finance/articles/probe-continues-into-ransomware-attack-on-township-system-network-on-around-the-clock-basis; https://www.newjerseyhills.com/bernardsville_news/news/ransomware-attack-draws-questions-in-bernards-township/article_97310b6c-07b3-56e3-acf4-360d0baabbe5.html","",""
"606","5/14/2020","2020","Texas Department of Transportation","Texas","Transportation Systems","","RansomEXX/defray","","","","","","","","","","https://www.fox7austin.com/news/txdot-reports-ransomware-attack-on-agency-network; https://www.scmagazine.com/home/security-news/ransomware/netwalker-ransomware-group-claims-attack-on-fort-worth-transportation-agency/","",""
"607","5/14/2020","2020","Elexon","United Kingdom","Energy","","Revil/sodinokibi","S0496","","","","","","No","","","https://www.current-news.co.uk/news/elexon-files-posted-online-following-mays-ransomware-attack","",""
"608","5/16/2020","2020","Insport (sports store)","Australia","Commercial Facilities","","Revil/sodinokibi","S0496","5 days","1 week or less","","","","No","","","https://www.itwire.com/security/sydney-sports-store-instore-hit-by-windows-revil-ransomware.html; https://www.itnews.com.au/news/retailer-in-sports-head-office-hit-by-ransomware-548509","",""
"609","5/17/2020","2020","M.J. Brunner (msp)","Pennsylvania","Information Technology","","","","","","","","","","","","https://www.itpro.co.uk/security/ransomware/356329/xerox-becomes-latest-maze-ransomware-victim; https://www.bankinfosecurity.com/sei-investments-vendor-hit-by-ransomware-data-leaked-a-14722","",""
"610","5/19/2020","2020","Assured Imaging","Arizona","Healthcare and Public Health","","","","","","","","","","","","https://healthitsecurity.com/news/assured-imaging-ransomware-causes-data-theft-affecting-245k-patients","",""
"611","5/23/2020","2020","Sri Lanka Telecom","Sri Lanka","Communication","","Revil/sodinokibi","S0496","","","","","","","","","https://economynext.com/sri-lanka-telecom-says-dealing-with-revil-hack-customer-data-safe-70322/; https://srilankamirror.com/biz/18287-slt-comes-under-cyber-attack","",""
"612","5/23/2020","2020","Post Falls Police Department","Idaho","Emergency Services","","","","","","","","","","","","https://www.spokesman.com/stories/2020/jun/04/post-falls-police-department-says-no-sensitive-dat/","",""
"613","5/24/2020","2020","Max Linear (radio- frequency chip maker)","California","Communication","","Maze","S0449","","","","","","No","","","https://www.itpro.com/security/ransomware/356186/maxlinear-targeted-by-maze-ransomware-attack; https://www.bleepingcomputer.com/news/security/chipmaker-maxlinear-reports-data-breach-after-maze-ransomware-attack/; https://securityboulevard.com/2020/06/maxlinear-discloses-maze-ransomware-attack-that-compromised-employee-data/","","initial break took place around april 15, attack was discovered may 24."
"614","5/24/2020","2020","Northwest Atlantic Fisheries Organization","Canada","Food and Agriculture","","","","","","","","","","","","https://www.seafoodsource.com/news/business-finance/northwest-atlantic-fisheries-organization-hit-by-ransomware-attack","",""
"615","5/25/2020","2020","North Babylon School District","New York","Education Facilities","","","","","","","","","No","","","https://patch.com/new-york/deerpark-northbabylon/north-babylon-sd-investigating-ransomware-type-computer-virus","",""
"616","5/25/2020","2020","Hospitals in Spain","Spain","Healthcare and Public Health","","","","","","","","","","","","https://es.cointelegraph.com/news/hackers-attack-spanish-hospitals-and-demand-bitcoin-amid-the-coronavirus?_ga=2.251084613.271876338.1591217116-1305333063.1591028698","",""
"617","5/26/2020","2020","Rio Arriba County","New Mexico","Government Facilities","","","","","","","","","","","","https://www.govtech.com/security/New-Mexico-County-Government-Falls-Victim-to-Ransomware.html","",""
"618","5/27/2020","2020","Michigan State University","Michigan","Education Facilities","","NetWalker","S0457","","","$6,000,000 ","","","No","","","https://www.zdnet.com/article/michigan-state-university-hit-by-ransomware-gang/
https://www.msspalert.com/cybersecurity-news/mailto-michigan-state-university/
https://universitybusiness.com/ransomware-isnt-setting-records-this-year-but-its-still-a-big-threat/","","threatening to leak data if MSU doesn't pay within 1 week"
"619","5/28/2020","2020","Owens Ear Center (Fort Worth)","Texas","Healthcare and Public Health","","","","","","","","","","","","https://www.beckersasc.com/asc-news/ransomware-attack-on-texas-ent-center-encrypts-19-908-patient-files.html","",""
"620","5/29/2020","2020","Conducent","New Jersey","Information Technology","","Maze","S0449","10 hours","1 day or less","","","","","","","https://www.bleepingcomputer.com/news/security/business-services-giant-conduent-hit-by-maze-ransomware/;https://www.crn.com/news/channel-programs/conduent-hit-by-maze-ransomware-documents-stolen-security-analysts; https://www.cbronline.com/cybersecurity/breaches/conduent-ransomware-maze/","",""
"621","5/29/2020","2020","Telkom","South Africa","Communication","","Revil/sodinokibi","S0496","4 days","1 week or less","","","","","","","https://mybroadband.co.za/news/security/354295-telkom-outages-caused-by-ransomware-attack-sources.html; https://mybroadband.co.za/news/security/354585-ransomware-attackers-threaten-to-leak-telkom-client-database.html","","possibly not ransomware but unsure"
"622","5/30/2020","2020","Excis","Global","Information Technology","","Sekhmet","","","","","","","","","","https://www.itwire.com/security/big-global-it-outsourcer-excis-hit-by-windows-ransomware.html","",""
"623","6/1/2020","2020","Medservicegroup","Ukraine","Critical Manufacturing","Healthcare and Public Health","Dharma","","","","","","","","","","https://www.bullguard.com/blog/2020/06/medical-company-turns-to-bullguard-small-office-security-for-robust-protection-against-ransomware","",""
"624","6/1/2020","2020","Mitsubishi","Europe","Critical Manufacturing","","DoppelPaymer","","","","","","","","","","https://cointelegraph.com/news/lg-and-mitsubishi-hit-by-ransomware-attacks-data-leak-coming-soon","",""
"625","6/1/2020","2020","Westech International (US military contractor)","United States","Defense Industrial Base","","Maze","S0449","","","","","","","","","https://news.sky.com/story/hackers-steal-secrets-from-us-nuclear-missile-contractor-11999442; https://threatpost.com/nuclear-contractor-maze-ransomware-data-leaked/156289/","",""
"626","6/1/2020","2020","LG Electronics","South Korea","Information Technology","Communication","Maze","S0449","","","","","","No","","","https://www.oodaloop.com/briefs/2020/06/25/lg-electronics-allegedly-hit-by-maze-ransomware-attack/; https://www.zdnet.com/article/ransomware-gang-publishes-tens-of-gbs-of-internal-data-from-lg-and-xerox/","",""
"627","6/1/2020","2020","WorldNet Telecommunications and ISP","Puerto Rico","Communication","","Maze","S0449","","","","","","","","","https://twitter.com/ransomleaks/status/1276373291998023680; https://www.itpro.co.uk/security/ransomware/356329/xerox-becomes-latest-maze-ransomware-victim","",""
"628","6/1/2020","2020","Columbus Metro Federal Credit Union","Ohio","Financial Services","","Maze","S0449","","","","","","","","","https://www.itpro.co.uk/security/ransomware/356329/xerox-becomes-latest-maze-ransomware-victim; https://www.cutoday.info/Fresh-Today/One-CU-s-Personal-Member-Data-Reportedly-Posted-on-Internet-as-Part-of-Ransomware-Attack","",""
"629","6/1/2020","2020","Webuild SpA (industrial group)","Italy","Critical Manufacturing","","Maze","S0449","","","","","","","","","https://www.itpro.co.uk/security/ransomware/356329/xerox-becomes-latest-maze-ransomware-victim; https://twitter.com/AuCyble/status/1275697214782951424","",""
"630","6/1/2020","2020","Faxon Machining","Ohio","Critical Manufacturing","Energy","Maze","S0449","","","","","","","","","https://cyware.com/news/maze-ransomware-does-it-again-this-time-targets-us-aerospace-services-provider-07a1dacd","",""
"631","6/1/2020","2020","Fisher and Paykel Appliances","New Zealand","Critical Manufacturing","","nefilim","","","","","","","","","","https://www.itnews.com.au/news/fisher-paykel-appliances-struck-by-nefilim-ransomware-549102","",""
"632","6/1/2020","2020","University of San Francisco (UCSF)","California","Education Facilities","","NetWalker","S0457","announced on june 26 that the ransom was paid (25 days)","1 month or less","Undisclosed bitcoin","$3 million","$5000000 or less","Yes","Bitcoin","1.14 million (116 bitcoin)","https://cointelegraph.com/news/ransomware-strikes-three-us-universities; https://www.bloomberg.com/news/articles/2020-06-27/california-university-paid-1-14-million-after-ransomware-attack; https://www.foxnews.com/tech/university-pays-over-1m-to-ransomware-gang; https://www.livebitcoinnews.com/bitcoin-ransomware-attacks-are-growing-at-an-alarming-rate/; https://www.bloomberg.com/news/features/2020-08-19/ucsf-hack-shows-evolving-risks-of-ransomware-in-the-covid-era","",""
"633","6/1/2020","2020","Symbiotic LLC","Massachusetts","Information Technology","","Revil/sodinokibi","S0496","","","","","","","","",";https://cointelegraph.com/news/robotics-company-falls-prey-to-ransomware-attack","",""
"634","6/1/2020","2020","Goodman Mintz LLP","Canada","Financial Services","","Revil/sodinokibi","S0496","","","","","","No","","","https://cointelegraph.com/news/well-known-ransomware-gang-strikes-three-companies-in-the-us-and-canada","",""
"635","6/1/2020","2020","ZEGG Hotels & Store","Switzerland","Commercial Facilities","","Revil/sodinokibi","S0496","","","","","","","","","https://cointelegraph.com/news/well-known-ransomware-gang-strikes-three-companies-in-the-us-and-canada","",""
"636","6/1/2020","2020","Crozer-Keystone Health System (Delaware County, PA)","Pennsylvania","Healthcare and Public Health","","Revil/sodinokibi","S0496","","","Undisclosed bitcoin","","","No","","","https://cointelegraph.com/news/ransomware-gang-auctions-off-us-healthcare-data-for-bitcoin","",""
"637","6/1/2020","2020","Unnamed small company","Kentucky","Critical Manufacturing","","","","","","$400,000 in bitcoin","$400,000 ","$1000000 or less","Yes","Bitcoin","$150,000","https://www.techrepublic.com/article/ransomware-attack-why-a-small-business-paid-the-150000-ransom/","",""
"638","6/1/2020","2020","Sapiens (Software Company)","Israel","Information Technology","","","","","","$250000 in bitcoin","$250,000 ","$1000000 or less","Yes","Bitcoin","$250,000","https://www.israeldefense.co.il/en/node/43540","",""
"639","6/1/2020","2020","Indiabulls Group","India","Financial Services","","","","","","","","","","","","https://economictimes.indiatimes.com/industry/banking/finance/ransomware-allegedly-hits-indiabulls-group-cyble/articleshow/76525764.cms","",""
"640","6/3/2020","2020","Digital Management Inc. (NASA Contractor)","Maryland","Information Technology","","DoppelPaymer","","","","","","","","","","https://www.zdnet.com/article/ransomware-gang-says-it-breached-one-of-nasas-it-contractors/","",""
"641","6/3/2020","2020","Columbia College of Chicago","Illinois","Education Facilities","","NetWalker","S0457","","","Undisclosed bitcoin","","","Yes","","","https://cointelegraph.com/news/ransomware-strikes-three-us-universities; https://www.infosecurity-magazine.com/news/ransomware-strikes-third-us/","",""
"642","6/5/2020","2020","City of Florence, Alabama","Alabama","Government Facilities","","DoppelPaymer","","","","39 bitcoin","$378,000 ","$1000000 or less","Yes","Bitcoin","291000 (30 bitcoin)","https://krebsonsecurity.com/2020/06/florence-ala-hit-by-ransomware-12-days-after-being-alerted-by-krebsonsecurity/; https://www.natlawreview.com/article/alabama-city-hit-ransomware","",""
"643","6/5/2020","2020","2 undisclosed Alabama cities","Alabama","Government Facilities","","","","","","","","","","","","https://www.govinfosecurity.com/city-pays-ransom-despite-pre-ransomware-outbreak-hack-alert-a-14427","",""
"644","6/6/2020","2020","Lorien Health Services","Maryland","Healthcare and Public Health","","NetWalker","S0457","","","","","","No","","","https://securityboulevard.com/2020/07/maryland-based-nursing-home-announces-ransomware-attack-affecting-nearly-50000-residents/","",""
"645","6/7/2020","2020","Honda Motor Co.","Global","Critical Manufacturing","","Snake","","","","Undisclosed bitcoin","","","No","","","https://www.bleepingcomputer.com/news/security/power-company-enel-group-suffers-snake-ransomware-attack/; https://www.bleepingcomputer.com/news/security/honda-investigates-possible-ransomware-attack-networks-impacted/","",""
"646","6/7/2020","2020","Enel Argentina Edesur S.A. Buenos Aires","Argentina","Energy","","Snake","","about 12 hours","1 day or less","","","","No","","","https://www.bleepingcomputer.com/news/security/power-company-enel-group-suffers-snake-ransomware-attack/","",""
"647","6/8/2020","2020","Collabera","New Jersey","Information Technology","","Maze","S0449","","","","","","","","","https://www.teiss.co.uk/collabera-maze-ransomware-attack/","","said they restored from backups, did not mention anything about the ransom"
"648","6/9/2020","2020","Lion (Beverage giant)","Australia","Food and Agriculture","","Revil/sodinokibi","S0496","2.5 weeks","1 month or less","1,000,000","1,000,000","$1000000 or less","","","","https://www.zdnet.com/article/lion-warns-of-beer-shortages-following-ransomware-attack/; https://www.infosecurity-magazine.com/news/trouble-brewing-aussie-beer/; https://www.gizmodo.com.au/2020/06/lion-beer-producer-ransomware-gang-revil/; https://securityboulevard.com/2020/06/ransomware-attack-confirmed-by-australia-based-beverage-manufacturer/; https://www.zdnet.com/article/lion-gets-breweries-up-and-running-following-ransomware-attack/","","Attack occurred right after covid-19 restrictions were eased"
"649","6/10/2020","2020","FERSPED Inc. (Macedonian shipping company)","North Macedonia","Transportation Systems","","Maze","S0449","","","","","","","","","https://www.cyfirma.com/maze-ransomware-group-declared-successful-exploits-of-many-organizations-and-released-massive-data-on-public-site-in-one-day/","",""
"650","6/10/2020","2020","United Enertech (US construction company","Tennessee","Critical Manufacturing","","Maze","S0449","","","","","","","","","https://www.cyfirma.com/maze-ransomware-group-declared-successful-exploits-of-many-organizations-and-released-massive-data-on-public-site-in-one-day/","",""
"651","6/10/2020","2020","Domingos Martins","Brazil","Government Facilities","","Maze","S0449","","","","","","","","","https://minutodaseguranca.blog.br/ransomware-maze-anuncia-invasao-nas-redes-da-cpfl-e-outras-empresas/","",""
"652","6/10/2020","2020","Daily Thermetrics","Texas","Critical Manufacturing","","Maze","S0449","","","","","","","","","https://minutodaseguranca.blog.br/ransomware-maze-anuncia-invasao-nas-redes-da-cpfl-e-outras-empresas/","",""
"653","6/10/2020","2020","John Christner Trucking","Oklahoma","Transportation Systems","","Maze","S0449","","","","","","","","","https://minutodaseguranca.blog.br/ransomware-maze-anuncia-invasao-nas-redes-da-cpfl-e-outras-empresas/","",""
"654","6/10/2020","2020","Mead O'Brien, Inc","Missouri","Critical Manufacturing","","Maze","S0449","","","","","","","","","https://minutodaseguranca.blog.br/ransomware-maze-anuncia-invasao-nas-redes-da-cpfl-e-outras-empresas/","",""
"655","6/10/2020","2020","Munoz Engineering PC","New York","Critical Manufacturing","","Maze","S0449","","","","","","","","","https://minutodaseguranca.blog.br/ransomware-maze-anuncia-invasao-nas-redes-da-cpfl-e-outras-empresas/","",""
"656","6/10/2020","2020","Ahmed Almazrouei Group","GCC Region","Critical Manufacturing","Energy","Maze","S0449","","","","","","","","","https://minutodaseguranca.blog.br/ransomware-maze-anuncia-invasao-nas-redes-da-cpfl-e-outras-empresas/","",""
"657","6/10/2020","2020","Omnix Int'l","United Arab Emirates","Information Technology","","Maze","S0449","","","","","","","","","https://minutodaseguranca.blog.br/ransomware-maze-anuncia-invasao-nas-redes-da-cpfl-e-outras-empresas/","",""
"658","6/10/2020","2020","Westmoreland Mechanical Testing and Research, Inc.","Pennsylvania","Critical Manufacturing","Chemical","Maze","S0449","","","","","","","","","https://minutodaseguranca.blog.br/ransomware-maze-anuncia-invasao-nas-redes-da-cpfl-e-outras-empresas/","",""
"659","6/10/2020","2020","City of Keizer, Oregon","Oregon","Government Facilities","","","","1.5 weeks","1 month or less","48000","48000","$50000 or less","Yes","","$48,000","https://www.govtech.com/security/Keizer-Ore-Pays-48000-to-Hackers-After-Ransomware-Attack.html","",""
"660","6/11/2020","2020","Knoxville PD and City of Knoxville, TN (Knox County)","Tennessee","Government Facilities","Emergency Services","DoppelPaymer","","Ongoing as of July 3","","42.5 bitcoin","$393,000","$1000000 or less","No","","","https://www.bleepingcomputer.com/news/security/city-of-knoxville-shuts-down-network-after-ransomware-attack/; https://www.knoxnews.com/story/news/2020/06/12/city-knoxville-ransomware-attack-what-we-know/3174334001/; https://www.infosecurity-magazine.com/news/ransomware-hits-tennessee-city/; https://www.wate.com/news/local-news/knoxville-will-not-pay-ransomware-attacker/; https://www.knoxnews.com/story/news/2020/07/02/ransomware-attackers-pressure-knoxville-posting-city-data-online/5363018002/; https://www.smartcitiesdive.com/news/knoxville-tn-data-published-online-after-ransomware-attack/581065/; https://www.wate.com/news/local-news/knoxville-pays-217k-to-combat-june-2020-ransomware-attack/","",""
"661","6/14/2020","2020","Tallapoosa County Probate Office (Alabama)","Alabama","Government Facilities","","","","5 days","1 week or less","","","","No","","","https://www.alexcityoutlook.com/news/tallapoosa-county-recovers-from-ransomware-attack/article_11c1983e-b23a-11ea-a31f-c353b4adbb67.html","",""
"662","6/16/2020","2020","Care New England","Rhode Island","Healthcare and Public Health","","","","","","","","","","","","https://turnto10.com/news/local/cyber-security-expert-says-care-new-england-hack-is-indicative-of-ransomware","",""
"663","6/16/2020","2020","Light","California","Critical Manufacturing","","","","","","107213.96XMR (Moneros)","$7 million","More than $5000000","","","","https://vejario.abril.com.br/cidade/hackers-invadem-light-resgate/","",""
"664","6/20/2020","2020","SilPac","California","Energy","","Sekhmet","","","","","","","","","","https://www.itwire.com/security/criminals-use-sekhmet-ransomware-to-hit-gas-company-silpac-twice.html","",""
"665","6/22/2020","2020","Electricity Generating Authority of Thailand","Thailand","Energy","","Maze","S0449","","","","","","","","","https://www.itwire.com/security/attackers-hit-thai-power-authority-using-maze-ransomware.html; https://www.itwire.com/security/maze-used-to-attack-on-big-thai-beverages-company.html","",""
"666","6/25/2020","2020","Xerox Corporation","United Kingdom","Information Technology","","Maze","S0449","","","","","","No","","","https://www.crn.com.au/news/xerox-files-allegedly-stolen-by-maze-ransomware-group-reports-550026; https://www.bleepingcomputer.com/news/security/business-giant-xerox-allegedly-suffers-maze-ransomware-attack/; https://www.zdnet.com/article/ransomware-gang-publishes-tens-of-gbs-of-internal-data-from-lg-and-xerox/","",""
"667","6/28/2020","2020","VirtualGuard","Nevada","Emergency Services","","Maze","S0449","","","","","","","","","https://twitter.com/ransomleaks/status/1277285675142909953; https://twitter.com/ransomleaks/status/1277285675142909953","","In a tweet, maze claimed the attack"
"668","6/29/2020","2020","Ostermeir FZE (engineering firm)","United Arab Emirates","Critical Manufacturing","","Maze","S0449","","","","","","No","","","https://twitter.com/ransomleaks/status/1277281322885681154","","In a tweet, maze claimed the attack"
"669","7/1/2020","2020","Thai Beverage Public Company","Thailand","Food and Agriculture","","Maze","S0449","","","","","","","","","https://www.itwire.com/security/maze-used-to-attack-on-big-thai-beverages-company.html","",""
"670","7/1/2020","2020","Trinity Metro (Fort Worth transit agency)","Texas","Transportation Systems","","NetWalker","S0457","","","","","","","","","https://www.scmagazine.com/home/security-news/ransomware/netwalker-ransomware-group-claims-attack-on-fort-worth-transportation-agency/","","phone lines and ACCESS booking system were down"
"671","7/1/2020","2020","Durham Radio","Canada","Communication","","Pysa/Mespinoza","S0583","a few hour to go back on air, few days for commercials and announcers","1 week or less","","","","No","","","https://www.fyimusicnews.ca/articles/2020/07/19/durham-radio-beats-back-ransomware-attack","","experienced a less severe attack 2 years prior"
"672","7/1/2020","2020","Actuaries and Associates (retirement specialist)","Texas","Financial Services","","Revil/sodinokibi","S0496","","","","","","","","","https://www.itwire.com/security/attackers-use-revil-ransomware-to-hit-texas-retirement-specialist.html","",""
"673","7/1/2020","2020","ADIF (Spanish railway manager)","Spain","Transportation Systems","","Revil/sodinokibi","S0496","","","","","","","","","https://cointelegraph.com/news/spanish-railway-infrastructure-threatened-by-ransomware","",""
"674","7/1/2020","2020","AAA Ambulance Service","Missouri","Healthcare and Public Health","Emergency Services","Revil/sodinokibi","S0496","","","","","","","","","https://healthitsecurity.com/news/3-weeks-after-ransomware-attack-all-400-uhs-systems-back-online","","Data was also leaked online by Revil"
"675","7/1/2020","2020","Government-run organizations in the Middle East and North Africa","Middle East, North Africa","Government Facilities","","Thanos","","","","","$20,000 ","$50000 or less","","","","https://www.cyberscoop.com/ransomware-thanos-middle-east-palo-alto_networks/","",""
"676","7/1/2020","2020","Canada's Royal Military College","Canada","Defense Industrial Base","Education Facilities","","","","","","","","","","","https://www.itwire.com/security/ransomware-suspected-in-attack-on-canada-defence-academy.html","",""
"677","7/1/2020","2020","English Football League Club","United Kingdom","Commercial Facilities","","","","","","400 bitcoin","3.66 million USD","$5000000 or less","No","","","https://cointelegraph.com/news/english-football-club-hit-with-multi-million-dollar-ransomware-attack","",""
"678","7/1/2020","2020","Athens School District","Texas","Education Facilities","","","","","","$50,000 in cryptocurrency","$50,000 ","$50000 or less","No","","","https://www.kcentv.com/article/news/crime/athens-recovers-from-cyber-attack-ransom-not-paid-to-attackers/501-e958e94b-7a4f-4317-88c4-fbaa0c7be5bc","",""
"679","7/1/2020","2020","Regis Healthcare (health and aged care provider)","Australia","Healthcare and Public Health","","","","","","","","","","","","https://www.afr.com/technology/aged-care-provider-regis-hit-by-ransomware-hack-20200803-p55hxu","",""
"680","7/1/2020","2020","University of New Mexico School of Law","New Mexico","Education Facilities","","","","","","","","","","","","https://www.abqjournal.com/1486658/unm-falls-victim-to-a-ransomware-cyberattack-ex-as-classes-start-some-records-and-important-data-cannot-be-used.html","",""
"681","7/4/2020","2020","Orange (mobile operator)","France","Communication","","Nefilim","","","","","","","","","","https://www.forbes.com/sites/daveywinder/2020/07/17/orange-europes-fourth-largest-mobile-operator-confirms-ransomware-attack-nefilim-data-theft/#484e9d184780","","business service division breached"
"682","7/4/2020","2020","Cooke County Sheriff's Office","Texas","Government Facilities","Emergency Services","revil/sodinokibi","S0496","","","","","","","","","https://www.itwire.com/security/cooke-county-in-texas-apparently-hit-by-gang-using-revil-ransomware.html; https://www.govtech.com/security/Texas-County-Sheriffs-Office-Suffers-Ransomware-Attack.html","",""
"683","7/5/2020","2020","X-FAB","Texas","Critical Manufacturing","","Maze","S0449","one site resumed production july 13","1 week or less","","","","","","","https://www.kcbd.com/2020/07/15/ransomware-attack-halts-x-fab-production-lubbock-worldwide/; https://cyware.com/blog/live-updates-maze-ransomware-attacks-5bce","",""
"684","7/5/2020","2020","Xchanging (msp insurance managed services business subsidiary of DXC Technology)","Australia","Information Technology","","","","","","","","","","","","https://www.businesswire.com/news/home/20200705005037/en/DXC-Identifies-Ransomware-Attack-Part-Xchanging-Environment; https://www.crn.com/news/channel-programs/multiple-dxc-technology-customers-down-after-insurance-arm-hit-by-ransomware","","insurance industry software company- msp?"
"685","7/6/2020","2020","Surry County Schools","North Carolina","Education Facilities","","","","","","","","","","","","https://www.mtairynews.com/news/88310/cyber-attack-targets-surry-county-schools","",""
"686","7/7/2020","2020","Chilton County","Alabama","Government Facilities","","","","Ongoing as of July 21","","","","","","","","https://www.cbs42.com/news/local/chilton-county-records-system-affected-by-ransomware-attack/; https://www.cshub.com/attacks/articles/incident-of-the-week-alabama-hit-by-2nd-ransomware-attack-in-as-many-months; https://www.govtech.com/security/Alabama-County-Offices-to-Reopen-After-Ransomware-Attack.html","",""
"687","7/8/2020","2020","Baton Rouge Clinic","Louisiana","Healthcare and Public Health","","","","","","","","","","","","https://www.beckershospitalreview.com/cybersecurity/cyberattack-encrypts-electronic-files-at-louisiana-clinic-affecting-308-000-patients.html","","Possibly paid a ransom. Clinic reported that the files that were taken were destroyed"
"688","7/9/2020","2020","Alfanar","Arab Region","Critical Manufacturing","Energy","NetWalker","S0457","","","","","","","","","https://cybleinc.com/2020/07/10/alfanar-a-globally-renowned-manufacturer-and-supplier-of-electrical-construction-products-got-allegedly-targeted-by-the-netwalker-ransomware-operators-data-leak/","",""
"689","7/12/2020","2020","Haldiram's (Food major)","India","Food and Agriculture","","","","","","","USD 7,50,000","More than $5000000","No","","","https://www.moneycontrol.com/news/business/haldirams-server-hit-by-ransomware-attack-hackers-demand-750000-for-giving-access-to-stolen-data-5975831.html","","Ransom demand as reported in the article. Not sure if that means 7,500,000 or 7,050,000"
"690","7/14/2020","2020","SiteOne Landscape Supply","Georgia","Food and Agriculture","","","","","","","","","","","","https://www.marketscreener.com/SITEONE-LANDSCAPE-SUPPLY-27547962/news/SITEONE-LANDSCAPE-SUPPLY-INC-Other-Events-form-8-K-30999215/","",""
"691","7/17/2020","2020","Somerset Berkley Regional High School","Massachusetts","Education Facilities","","","","","","","","","","","","https://www.heraldnews.com/news/20200902/somerset-berkley-regional-high-school-victim-of-ransomware-attack","",""
"692","7/18/2020","2020","Telecom Argentina","Argentina","Communication","","Revil/sodinokibi","S0496","","","109345.35 Monero","7.53 million","More than $5000000","","","","https://www.zdnet.com/article/ransomware-gang-demands-7-5-million-from-argentinian-isp/","",""
"693","7/19/2020","2020","University of Utah's College of Social and Behavioral Science","Utah","Education Facilities","","","","","","","$457.059.24","$1000000 or less","Yes","","$457,059.24 ","https://www.sltrib.com/news/2020/08/21/university-utah-pays-more/","","The university's cyber insurance policy paid part of the ransom"
"694","7/22/2020","2020","SUNY Erie Community College","Pennsylvania","Education Facilities","","","","","","","","","","","","https://wben.radio.com/articles/coordinated-ransomware-cyberattack-at-suny-erie","",""
"695","7/23/2020","2020","Garmin","Kansas","Communication","Transportation Systems","WastedLocker","S0612","5 days","1 week or less","10 million USD","10 million USD","More than $5000000","Yes","","","https://www.zdnet.com/article/garmin-services-and-production-go-down-after-ransomware-attack/; https://www.cnn.com/2020/07/24/tech/garmin-ransomware-attack/index.html; https://www.taipeitimes.com/News/biz/archives/2020/07/27/2003740598; https://arstechnica.com/information-technology/2020/07/garmans-four-day-service-meltdown-was-caused-by-ransomware/; https://www.bleepingcomputer.com/news/security/confirmed-garmin-received-decryptor-for-wastedlocker-ransomware/","","Ransom paid on July 24th or July 25th"
"696","7/25/2020","2020","Strata Plus (strata management firm)","Australia","Commercial Facilities","","Maze","S0449","","","","","","","","","https://www.itwire.com/security/sydney-strata-management-firm-strata-plus-hit-by-maze-ransomware.html; https://kirbyidau.com/2020/07/25/incident-sydney-strata-management-firm-strata-plus-hit-by-maze-ransomware-itwire/","",""
"697","7/27/2020","2020","DKA (refrigeration and air conditioning specialist, Dussmann Group subsidiary)","Germany","Critical Manufacturing","","Nefilim","","","","","","","","","","https://www.tripwire.com/state-of-security/security-data-protection/dussman-group-subsidiary-struck-by-ransomware-that-leaked-its-data/","",""
"698","7/30/2020","2020","Konica Minolta","Japan","Information Technology","","RansomEXX/defray","","nearly a week","1 week or less","","","","","","","https://www.bleepingcomputer.com/news/security/business-technology-giant-konica-minolta-hit-by-new-ransomware/","",""
"699","7/31/2020","2020","Manitoulin Transport (Trucking/supply chain company)","Canada","Transportation Systems","","Conti","S0575","2 days","1 week or less","","","","No","","","https://www.freightwaves.com/news/canada-trucking-company-manitoulin-hit-by-ransomware-attack","",""
"700","8/1/2020","2020","Brookfield Residential (land developer and home builder)","USA and Canada","Commercial Facilities","","DarkSide","","","","","","","No","","","https://www.bleepingcomputer.com/news/security/darkside-ransomware-hits-north-american-real-estate-developer/","","most likely did not pay because leaked data from the company was posted online"
"701","8/1/2020","2020","Boyce Technologies (device manufacturer- transit communication systems and now ventilators b/c of COVID-19)","New York","Critical Manufacturing","","DoppelPaymer","","","","","","","","","","https://www.bankinfosecurity.com/ransomware-reportedly-hits-ventilator-maker-a-14801","",""
"702","8/1/2020","2020","SK Hynix (semiconductor company)","South Korea","Critical Manufacturing","Information Technology","Maze","S0449","","","","","","","","","https://www.itnews.com.au/news/semiconductor-giant-sk-hynix-silent-on-ransomware-attack-552052","",""
"703","8/1/2020","2020","Center for Fertility and Gynecology (Los Angeles)","California","Healthcare and Public Health","","NetWalker","S0457","","","","","","","","","https://healthitsecurity.com/news/ransomware-hackers-post-data-from-2-providers-device-manufacturer","",""
"704","8/1/2020","2020","Olympia House (Petaluma)","California","Healthcare and Public Health","","NetWalker","S0457","","","","","","","","","https://healthitsecurity.com/news/ransomware-hackers-post-data-from-2-providers-device-manufacturer","",""
"705","8/1/2020","2020","Forsee Power","Global","Critical Manufacturing","","NetWalker","S0457","","","","","","","","","https://www.itwire.com/security/lithium-ion-battery-maker-comes-under-attack-from-netwalker-ransomware.html","",""
"706","8/1/2020","2020","Canadian Tire","Canada","Commercial Facilities","","NetWalker","S0457","","","","","","","","","https://cybleinc.com/2020/08/13/canadian-tire-a-well-established-retail-company-based-in-canada-got-allegedly-breached-by-netwalker/","",""
"707","8/1/2020","2020","R1 RCM (medical debt collection firm)","Illinois","Financial Services","Healthcare and Public Health","RansomEXX/defray","","","","","","","","","","https://krebsonsecurity.com/2020/08/medical-debt-collection-firm-r1-rcm-hit-in-ransomware-attack/","",""
"708","8/1/2020","2020","Brown-Forman Corp (alcohol manufacturer)","Kentucky","Food and Agriculture","","Revil/sodinokibi","S0496","","","","","","","","","https://securityboulevard.com/2020/08/kentucky-based-fine-spirits-manufacturer-targeted-by-revil-ransomware/","","Company was able to take preventative measures- ransomware group failed to encrypt the devices. Instead, stole 1 TB of data"
"709","8/1/2020","2020","Valley Health Systems","New Jersey","Healthcare and Public Health","","Revil/sodinokibi","S0496","","","","","","","","","https://securityboulevard.com/2020/08/revil-ransomware-operators-claim-valley-health-systems-as-new-victim/","",""
"710","8/1/2020","2020","National Western Life (insurance)","Texas","Financial Services","","Revil/sodinokibi","S0496","","","","","","","","","https://cybleinc.com/2020/08/24/national-western-life-insurance-company-nightmare-continues/","",""
"711","8/1/2020","2020","Liverpool John Moores","United Kingdom","Education Facilities","","","","","","","","","","","","https://www.infosecurity-magazine.com/news/third-uk-universities-ransomware/","",""
"712","8/1/2020","2020","City of Lafayette, Colorado","Colorado","Government Facilities","","","","","","","$45,000 ","$50000 or less","Yes","","$45,000 ","https://www.theregister.com/2020/08/10/in_brief_security/","",""
"713","8/1/2020","2020","Cornerstone Building Brands","North Carolina","Critical Manufacturing","","","","","","","","","","","","https://www.bizjournals.com/triangle/news/2020/08/11/huge-cary-firm-confirms-ransomware-attack.html","",""
"714","8/1/2020","2020","Ponca City Public Schools","Oklahoma","Education Facilities","","","","","","","","","","","","https://kfor.com/news/local/ponca-city-public-schools-delays-start-of-school-due-to-ransomware-attack/","",""
"715","8/1/2020","2020","Southeastern Pennsylvania Transportation Authority (SEPTA)","Pennsylvania","Transportation Systems","","","","","More than 1 month","","","","Yes","","","https://www.inquirer.com/transportation/septa-malware-attack-ransomware-fbi-employees-cybersecurity-20201007.html","","Paid status not confirmed by unnamed sources claim a financial exchange through cyber insurance"
"716","8/5/2020","2020","Canon","United States","Critical Manufacturing","","Maze","S0449","","","","","","","","","https://www.forbes.com/sites/daveywinder/2020/08/05/has-canon-suffered-a-ransomware-attack-10tb-of-data-alleged-stolen-report/#1a82e83f499e","","10 TB of data stolen- some of it has been published online"
"717","8/5/2020","2020","Entrust Energy","Texas","Energy","","NetWalker","S0457","","","","","","","","","https://twitter.com/ransomleaks/status/1291028644656287744","",""
"718","8/6/2020","2020","Imperial Valley College","California","Education Facilities","","","","","","","","","","","","https://www.thedesertreview.com/education/ivc-impacted-due-to-ransomware/article_01a2ac98-db3b-11ea-9ecb-ef27969ddc1f.html; https://holtvilletribune.com/2020/08/imperial-valley-news/ivc-online-classes-delayed-due-to-ransomware/","","via a phishing email"
"719","8/11/2020","2020","Regional District of Okanagan-Similkameen","Canada","Government Facilities","","","","","","","","","","","","https://globalnews.ca/news/7275792/okanagan-similkameen-regional-district-ransomware/#:~:text=Okanagan%20Similkameen%20regional%20district%20targeted%20by%20ransomware%20attack,-By%20Doyle%20Potenteau&text=The%20Regional%20District%20of%20the,of%20an%20attempted%20ransomware%20attack.&text=In%20related%20news%2C%20American%20cybersecurity,Canadian%20Tire%20store%20in%20Kelowna.","",""
"720","8/11/2020","2020","Regional District of Okanagan Similkameen","Canada","Government Facilities","","","","","","","","","No","","","https://www.castanet.net/news/Penticton/308004/RDOS-targeted-by-attempted-ransomware-attack","","*attempted attack. paid status is implied 'no', although not explicitly stated"
"721","8/15/2020","2020","Carnival PLC (cruise ship operator)","Global","Commercial Facilities","Transportation Systems","","","","","","","","","","","https://www.tripwire.com/state-of-security/security-data-protection/carnival-reveals-it-detected-a-ransomware-attack-on-its-systems/","",""
"722","8/15/2020","2020","Mapfre (insurance company)","Spain","Financial Services","","","","","","","","","","","","https://www.muyseguridad.net/2020/08/19/mapfre-victima-ataque-ransomware/","","Phishing is likely attack vector"
"723","8/19/2020","2020","4 Canadian courier divisions of TFI International's Canpar Express","Canada","Transportation Systems","","DoppelPaymer","","","","","","","No","","","https://www.freightwaves.com/news/files-from-tfis-canpar-leak-after-ransomware-attack","",""
"724","8/19/2020","2020","GEO Group Inc","Florida","Emergency Services","Healthcare and Public Health","","","","","","","","","","","https://www.jdsupra.com/legalnews/geo-group-hit-with-ransomware-attack-91106/#:~:text=(GEO)%2C%20a%20publicly%20held,inmates%20and%20residents%20contained%20on","",""
"725","8/20/2020","2020","Myerscough College","England","Education Facilities","","","","","","","","","","","","https://www.lep.co.uk/news/crime/myerscough-college-hit-devastating-cyber-attack-gcse-results-day-2948814","",""
"726","8/23/2020","2020","Gosnell School District","Arkansas","Education Facilities","","","","","","","","","","","","https://www.kait8.com/2020/08/25/gosnell-schools-hit-with-ransomeware-attack/","",""
"727","8/24/2020","2020","Ma Labs","California","Critical Manufacturing","Information Technology","Revil/sodinokibi","S0496","","","","","","","","","https://www.crn.com/news/security/ma-labs-ransomware-attack-shakes-up-components-industry","",""
"728","8/24/2020","2020","Haywood County School District","North Carolina","Education Facilities","","SunCrypt","","","","","","","No","","","https://www.wyff4.com/article/haywood-county-schools-victim-of-ransomware-attack/33796215#; https://www.bleepingcomputer.com/news/security/suncrypt-ransomware-shuts-down-north-carolina-school-district/","","Ransom was not paid, so ransomware operators published 5GB archive of stolen data from school district"
"729","8/27/2020","2020","Direccion Nacional de Migraciones (Argentina's official immigration agency)","Argentina","Government Facilities","","NetWalker","S0457","4 hours","1 day or less","355 bitcoins","$4 million","$5000000 or less","No","","","https://www.bleepingcomputer.com/news/security/netwalker-ransomware-hits-argentinian-government-demands-4-million/","","Border crossing was suspended for 4 hours. Ransom was originally 2 million dollars, but increased to 4 million after 7 days passed without payment"
"730","8/27/2020","2020","Clark County School District","Nevada","Education Facilities","","","","","","","","","No","","","https://news3lv.com/news/local/ccsd-says-it-was-targeted-in-ransomware-attack; https://www.8newsnow.com/news/local-news/ccsd-releases-update-on-recent-ransomware-attack-offers-credit-monitoring-to-employees/","",""
"731","8/28/2020","2020","Selma Unified School District","California","Education Facilities","","","","","","","","","","","","https://kmph.com/news/local/selma-unified-hit-with-ransomware-attack","",""
"732","8/30/2020","2020","QNAP","Taiwan","Information Technology","","AgeLocker","","","","Undisclosed bitcoin","","","","","","https://www.bleepingcomputer.com/news/security/agelocker-ransomware-targets-qnap-nas-devices-steals-data/","",""
"733","8/30/2020","2020","Newcastle University","England","Education Facilities","","Doppelpaymer","","several weeks","1 month or less","","","","","","","https://www.theregister.com/2020/09/08/newcastle_northumbria_universities_cyber_attack/","",""
"734","8/31/2020","2020","Anglicare Sydney (aged care provider)","Australia","Healthcare and Public Health","","","","","","","","","No","","","https://www.abc.net.au/news/2020-09-19/anglicare-sydney-victim-of-cyber-security-breach-involving-data/12681510","",""
"735","9/1/2020","2020","Fourth Judicial District Court of Louisiana","Louisiana","Government Facilities","","Conti","S0575","","","","","","","","","https://www.infosecurity-magazine.com/news/us-court-documents-published-in/","",""
"736","9/1/2020","2020","Artech Information Systems","United States","Information Technology","","Maze","S0449","","","","","","","","","https://www.infosecurity-magazine.com/news/us-staffing-firm-hit-by-ransomware/","Company hit previously in Jan 2020 (ID470)",""
"737","9/1/2020","2020","Jands","Australia","Critical Manufacturing","","NetWalker","S0457","","","","","","","","","https://www.itwire.com/security/australian-company-jands-appears-to-have-been-hit-by-windows-ransomware.html","",""
"738","9/1/2020","2020","Cygilant (threat detection cybersecurity company)","Global","Information Technology","","NetWalker","S0457","","","","","","","","","https://techcrunch.com/2020/09/03/cygilant-ransomware/","","Reported affected technology environment. Company did not disclose if they paid or not, but leaked files online have disappeared, suggesting possible payment"
"739","9/1/2020","2020","Nonin Medical","Minnesota","Healthcare and Public Health","","Pysa/Mespinoza","S0583","","","","","","","","","https://healthitsecurity.com/news/ransomware-hacking-groups-post-data-from-5-healthcare-entities","",""
"740","9/1/2020","2020","SoftServe","Ukraine","Information Technology","","RansomEXX/defray","","","","","","","","","","https://www.bleepingcomputer.com/news/security/softserve-hit-by-ransomware-windows-customization-tool-exploited/","",""
"741","9/1/2020","2020","Haberdashers’ Monmouth Schools","Wales","Education Facilities","","Revil/sodinokibi","S0496","1 day","1 day or less","1 million euros","","","No","","","https://blocksandfiles.com/2020/12/09/airgapped-defence-helps-schools-in-ransomware-attack/","",""
"742","9/1/2020","2020","University Hospital New Jersey","New Jersey","Healthcare and Public Health","","SunCrypt","","","","","","","","","","https://www.bleepingcomputer.com/news/security/university-hospital-new-jersey-hit-by-suncrypt-ransomware-data-leaked/","",""
"743","9/1/2020","2020","Tower (wireless chip and camera sensors manufacturer)","Israel","Information Technology","","","","","","","""hundreds of thousands of dollars""","$1000000 or less","Yes","","""hundreds of thousands of dollars""","https://www.calcalistech.com/ctech/articles/0,7340,L-3848490,00.html","","Resulted in suspension of production lines"
"744","9/1/2020","2020","Karachi Police Office","Pakistan","Government Facilities","","","","","","Rp 9980","","","","","","https://jang.com.pk/news/819076; https://www.bleepingcomputer.com/news/security/the-week-in-ransomware-september-11th-2020-a-barrage-of-attacks/","","Assumed currency to be Rp. Not specified in article translation, so used currency of Pakistan"
"745","9/1/2020","2020","Veiligheidsregio Noord- en Oost-Gelderland (VNOG) (Gelderland security region)","Netherlands","Government Facilities","","","","","","","","","","","","https://nltimes.nl/2020/09/14/gelderland-security-region-hit-ransomware-attack","",""
"746","9/1/2020","2020","Toledo Ohio Schools?","Ohio","Education Facilities","","","","","","","","","","","","https://www.newsbreak.com/news/2057464669691/cyberattack-shuts-down-ohio-online-classes","",""
"747","9/1/2020","2020","SegurCaixa Adeslas (insurance company)","Spain","Financial Services","","","","","","","","","","","","https://www.europapress.es/economia/finanzas-00340/noticia-segurcaixa-adeslas-activa-plan-contingencia-ataque-ransomware-20200910191611.html","",""
"748","9/1/2020","2020","Designer Shoe Warehouse's (DSW) Software Vendor","Global","Commercial Facilities","","","","2 weeks","1 month or less","","","","","","","https://www.supplychaindive.com/news/DSW-Designer-Brands-ransomware-attack-cybersecurity-inventory/591970/","",""
"749","9/2/2020","2020","King George County Schools","Virginia","Education Facilities","","","","5 days","1 week or less","","","","","","","https://fredericksburg.com/news/local/king-george-will-resume-virtual-classes-tuesday-after-resolving-cyberattack/article_92b81153-a7cc-56c5-ad3d-cd620df42ad1.html","",""
"750","9/5/2020","2020","City of Hartford","Connecticut","Education Facilities","Government Facilities","","","","","","","","No","","","https://www.courant.com/community/hartford/hc-news-hartford-ransomware-schools-20200908-zaq4q6n3pza47i4p6lv5lfefm4-story.html","","Delayed the start of the school year, which was partly online due to COVID-19. Hackers indicated it was a ransomware attack, but made no ransom (just left an email address)."
"751","9/7/2020","2020","Equinix","California","Information Technology","","NetWalker","S0457","","","455 bitcoin","$4.5 million","$5000000 or less","","","","https://www.bleepingcomputer.com/news/security/equinix-data-center-giant-hit-by-netwalker-ransomware-45m-ransom/; https://securityaffairs.co/wordpress/108115/cyber-crime/equinix-netwalker-ransomware.html?utm_source=rss&utm_medium=rss&utm_campaign=equinix-netwalker-ransomware","","did not impact data centers or service offerings (customers not affected), only affected internal business relations. was threatened that ransom would increase to $9 million if not paid by certain time"
"752","9/7/2020","2020","K-Electric (electric utility supplier)","Pakistan","Energy","","NetWalker","S0457","reportedly back up Sep 14","1 week or less","$3.85 million in bitcoin","$3.85 million","$5000000 or less","No","","","https://securityboulevard.com/2020/09/pakistans-largest-power-supplier-hit-by-netwalker-ransomware/; https://latesthackingnews.com/2020/09/14/pakistans-power-utility-k-electric-suffered-ransomware-attack/; https://www.bleepingcomputer.com/news/security/hackers-leak-files-stolen-in-pakistans-k-electric-ransomware-attack/","","Disrupted billing and online services. power delivery not affected"
"753","9/7/2020","2020","Banco Estado (Public Bank)","Chile","Financial Services","","Revil/sodinokibi","S0496","","","","","","","","","https://cointelegraph.com/news/major-chilean-bank-shuts-down-all-branches-following-ransomware-attack","","originated from office document infected with malware that an employee received and opened. Operations were down for at least a day"
"754","9/8/2020","2020","Toledo Public Schools (TPS)","Ohio","Education Facilities","","Maze","S0449","","","","","","","","","https://nbc24.com/news/local/tps-confirms-ransomware-attack-that-exposed-staff-and-students-personal-information; https://www.databreaches.net/privacy-nightmare-for-toledo-public-schools-hackers-dumped-student-and-employee-data/","",""
"755","9/8/2020","2020","The College Nurses of Ontario","Canada","Education Facilities","Healthcare and Public Health","","","","More than 1 month","","","","No","","","https://globalnews.ca/news/7344192/ontario-nurses-college-ransomware-cyberattack/; https://www.insurancebusinessmag.com/ca/news/cyber/nursing-body-recovers-from-ransomware-attack-but-does-not-reveal-if-info-was-stolen-235231.aspx","",""
"756","9/9/2020","2020","Great Falls Public Schools","Montana","Education Facilities","","","","More than 1 week as of 9/16","1 month or less","","","","","","","https://www.greatfallstribune.com/story/news/education/2020/09/15/great-falls-public-schools-work-recover-network-ransomware-attack/5805453002/","",""
"757","9/9/2020","2020","Jekyll Island Authority","Georgia","Government Facilities","","","","","","","","","","","","https://thebrunswicknews.com/news/local_news/jia-computer-system-infiltrated-in-ransomware-attack/article_be4bcce8-071a-544c-8a4e-d4e4c3a4dfd5.html","",""
"758","9/9/2020","2020","Development Bank of Seychelles","Seychelles","Financial Services","","","","","","","","","","","","https://securityboulevard.com/2020/09/seychelles-bank-doesnt-know-how-it-got-infected-with-ransomware-last-week/","",""
"759","9/10/2020","2020","Düsseldorf University Hospital","Germany","Healthcare and Public Health","","DoppelPaymer","","","","","","","","","","https://www.securityweek.com/german-hospital-hacked-patient-taken-another-city-dies
https://www.theregister.com/2020/09/23/doppelpaymer_german_hospital_ransomware/
https://ifsh.de/en/news-detail/the-duesseldorf-cyber-incident","","A woman who needed urgent admission to the hospital died after needing to travel 20 miles to a different hospital due to the attack.
The hospital was not the intended target- the ransom note was addressed to Heinrich Heine University (an affiliate of the hospital). Once notified of the mixup, the attackers withdrew the extortion attempt and provided the decryption key."
"760","9/11/2020","2020","Fairfax County Public Schools","Virginia","Education Facilities","","Maze","S0449","","","","","","","","","https://www.darkreading.com/attacks-breaches/virginias-largest-school-system-hit-with-ransomware/d/d-id/1338906","",""
"761","9/13/2020","2020","Newhall School District","California","Education Facilities","","","","","","Undisclosed bitcoin","","","","","","https://www.foxla.com/news/newhall-school-district-halts-distance-learning-after-ransomware-attack","",""
"762","9/14/2020","2020","IPG Photonics","Massachusetts","Critical Manufacturing","","RansomExx/defray","","","","","","","","","","https://www.bleepingcomputer.com/news/security/leading-us-laser-developer-ipg-photonics-hit-with-ransomware/","","Caused IT systems to be shutdown worldwide, resulting in manufacturing and shipping to be unavailable"
"763","9/14/2020","2020","US Fertility","United States","Healthcare and Public Health","","","","","","","","","","","","https://techcrunch.com/2020/11/26/us-fertility-ransomware-attack/?guccounter=1&guce_referrer=aHR0cHM6Ly93d3cuZ29vZ2xlLmNvbS8&guce_referrer_sig=AQAAAKkBVUc6DrnDJmNGmOTId49wbps5iNMMboNqXYSHdqfc21p0oPfEGOQEoi-EACmQ93_S8k0PdWlblDRX6IFBI5ofnrORcP3PIXpNDzeXZGevPZMm2CNlW58YlyPDWLtyoulndWQm1V0ZfbuXkCSqZhjFTqErDUfHZ2UxjTn8f5CE","",""
"764","9/20/2020","2020","Luxotitica (eye wear, Ray-Ban parent company)","Italy","Commercial Facilities","","","","","","","","","","","","https://www.insurancebusinessmag.com/us/news/cyber/luxottica-gets-blindsided-by-ransomware-attack-234388.aspx","",""
"765","9/20/2020","2020","Cache Creek Casino Resort","California","Commercial Facilities","","","","","","","","","","","","https://www.sacbee.com/news/local/article246132265.html","","being investigated as a ransomware attack but not yet confirmed"
"766","9/20/2020","2020","eResearchTechnology (includes IQVIA and Bristol Myers Squibb)","Pennsylvania","Information Technology","Healthcare and Public Health","","","","","","","","","","","https://www.nytimes.com/2020/10/03/technology/clinical-trials-ransomware-attack-drugmakers.html","","ERT has been making COVID-19 vaccines; attacked during COVID-19 trials"
"767","9/20/2020","2020","Gefco","France","Transportation Systems","","","","","","","","","","","","https://www.automotivelogistics.media/logistics-service-providers/imo-cma-cgm-gefco-hit-by-cyber-attacks/41156.article ;
https://theloadstar.com/gefco-says-cyber-attack-on-its-system-was-designed-to-disrupt-our-business/ ;
https://therecord.media/cert-france-lockean-ransomware-group-behind-attacks-on-french-companies/","","Ransomware affiliate group identified as Lockean"
"768","9/20/2020","2020","Cache Creek Casino Resort (Yocha Dehe Wintun Nation)","California","Commercial Facilities","","","","reopened fully on Oct 13","1 month or less","","","","","","","https://tribalbusinessnews.com/sections/gaming/13198-trio-of-tribal-casinos-hit-by-recent-external-cyber-attacks","",""
"769","9/22/2020","2020","Milcreek Township","Pennsylvania","Government Facilities","","","","","","","$250,000 ","$1000000 or less","Yes","","Less than $250000","https://www.erienewsnow.com/story/42683939/millcreek-township-confirms-computer-system-hacked-erie-news-now-uncovers-township-hit-by-ransomware-attack?utm_medium=social&utm_source=facebook_Erie_News_Now","",""
"770","9/22/2020","2020","eResearchTechnology (ERT)","Pennsylvania","Healthcare and Public Health","Information Technology","","","","","","","","","","","https://www.fiercebiotech.com/cro/as-ert-hit-by-ransomware-attack-trial-company-kicks-out-old-chief-as-covid-work-delayed","",""
"771","9/23/2020","2020","Tyler Technologies","Texas","Information Technology","Government Facilities","RansomExx/defray","","","1 month or less","","","","Yes","","","https://krebsonsecurity.com/2020/09/govt-services-firm-tyler-technologies-hit-in-apparent-ransomware-attack/; https://www.bleepingcomputer.com/news/security/tyler-technologies-paid-ransomware-gang-for-decryption-key/","",""
"772","9/23/2020","2020","Unnamed external cloud vendor","Unspecified","Information Technology","","","","","","","","","Yes","","","https://www.beckershospitalreview.com/cybersecurity/vendor-ransomware-attack-exposes-patient-information-at-south-carolina-practice.html","",""
"773","9/25/2020","2020","Kokomo-Howard Public Library","Indiana","Education Facilities","","","","A few days","1 week or less","4 bitcoin","$43,000","$50000 or less","Yes","Bitcoin","3.36 bitcoin ($36,000)","http://kokomoperspective.com/kp/news/library-hit-with-ransomware-attack/article_aa2c67cc-6a4d-11eb-95f5-fb96634fb05e.html","",""
"774","9/26/2020","2020","Arthur J Gallagher (AJG) (insurance brokerage and risk management firm)","United States","Financial Services","","","","","","","","","","","","https://www.bleepingcomputer.com/news/security/ransomware-hits-us-based-arthur-j-gallagher-insurance-giant/","",""
"775","9/26/2020","2020","Gallagher (Broker)","United States","Financial Services","","","","","","","","","","","","https://www.insurancenews.com.au/international/gallagher-hit-by-ransomware-attack","",""
"776","9/27/2020","2020","Universal Health Services (UHS) Hospitals","United States","Healthcare and Public Health","","Ryuk","S0446","3 weeks","1 month or less","","","","","","","https://www.bleepingcomputer.com/news/security/uhs-hospitals-hit-by-reported-country-wide-ryuk-ransomware-attack/; https://www.medicaleconomics.com/view/what-happens-if-the-affordable-care-act-is-overturned-part-1; https://patch.com/california/fremont/fremont-hospital-hit-ransomware-cyberattack; https://healthitsecurity.com/news/3-weeks-after-ransomware-attack-all-400-uhs-systems-back-online","","Phishing likely as attack vector; four patients have died as an indirect result of the attack; includes Fremont Hospital (CA)
Recovery costs/lost revenue $67 million"
"777","9/28/2020","2020","CMA CGM (french carrier, container line)","France","Transportation Systems","","Ragnar Locker","S0481","","","","","","","","","https://gcaptain.com/shipping-giant-cma-cgm-hit-by-cyber-attack/","",""
"778","10/1/2020","2020","Daniel B. Hastings (Customs broker and freight forwarder) (Part of CPH Group)","Texas","Transportation Systems","","Conti","S0575","","","","","","","","","https://www.freightwaves.com/news/ransomware-hackers-claims-attack-on-texas-customs-broker","",""
"779","10/1/2020","2020","E.W Wylie of Daseke Inc. (Trucking company)","Texas","Transportation Systems","","Conti","S0575","","","","","","","","","https://www.freightwaves.com/news/truckers-personal-information-exposed-after-daseke-ransomware-attack","",""
"780","10/1/2020","2020","KYB Corporation","Indiana","Critical Manufacturing","Transportation Systems","NetWalker","S0457","","","","","","","","","https://www.itwire.com/security/auto-equipment-maker-kyb-hit-by-windows-netwalker-ransomware.html","",""
"781","10/1/2020","2020","Wilmington Surgical Associates","North Carolina","Healthcare and Public Health","","NetWalker","S0457","","","","","","","","","https://healthitsecurity.com/news/ransomware-hacking-groups-steal-leak-data-from-3-more-providers","","Attackers claim to have stolen 13+ GB of data"
"782","10/1/2020","2020","Hackney Council","United Kingdom","Government Facilities","","Pysa/Mespinoza","S0583","Several months","More than 1 month","","","","","","","https://www.computerweekly.com/news/252494466/Hackney-Council-data-leaked-by-Pysa-ransomware-gang","",""
"783","10/1/2020","2020","Beacon Health Solutions","Florida","Healthcare and Public Health","","Revil/sodinokibi","S0496","","","","","","","","","https://healthitsecurity.com/news/ransomware-hacking-groups-steal-leak-data-from-3-more-providers","","Attackers are leaking data"
"784","10/1/2020","2020","Subsidiary of Shionogi & Co.","Japan and Taiwan","Chemical","Healthcare and Public Health","","","","","","","","","","","https://www.japantimes.co.jp/news/2020/10/23/business/corporate-business/japan-shionogi-cyberattack-data-breach/","",""
"785","10/3/2020","2020","Software AG","Germany","Information Technology","","Clop","S0611","","","","More than $20 million","More than $5000000","No","","","https://www.computerweekly.com/news/252490395/Software-AG-caught-in-double-extortion-ransomware-hit","","Clop began leaking data after not receiving payment"
"786","10/7/2020","2020","Hall County","Georgia","Government Facilities","","DoppelPaymer","","ongoing as of oct 23","","","","","","","","https://statescoop.com/ransomware-election-system-hall-county-georgia/
https://www.cnn.com/2020/10/22/tech/ransomware-election-georgia/index.html; https://gcn.com/articles/2020/10/26/ransomware-georgia-signature-database.aspx","","The following systems were affected: voter signature database, voting precinct map, and other county functions. This attack occured a month before the 2020 Presidential Election. Resulted in time delay for verifying signatures"
"787","10/8/2020","2020","Clearwater River Casino & Lodge, and the It’se Ye-Ye Casino (Nez Perce Tribe)","Idaho","Commercial Facilities","","","","10 days","1 month or less","","","","","","","https://tribalbusinessnews.com/sections/gaming/13198-trio-of-tribal-casinos-hit-by-recent-external-cyber-attacks","",""
"788","10/10/2020","2020","Barnes & Noble","United States","Commercial Facilities","","Egregor","S0554","2 days","1 week or less","","","","","","","https://www.zdnet.com/article/barnes-noble-confirms-cyberattack-customer-data-breach/","",""
"789","10/10/2020","2020","City of Mt. Pleasant","Michigan","Government Facilities","","","","","1 day or less","","","","No","","","https://www.abc12.com/2020/10/12/mount-pleasant-digital-firewall-foils-ransomware-attack/","",""
"790","10/10/2020","2020","KEOLIS Commuter Services [operator of the Massachusetts Bay Transportation Authority (MBTA) commuter rail network]","Massachusetts","Transportation Systems","","","","","","","","","","","","https://www.railjournal.com/technology/keolis-commuter-services-takes-boston-systems-offline-following-ransomware-attack/","",""
"791","10/11/2020","2020","Sonoma Valley Hospital","California","Healthcare and Public Health","","Ryuk","S0446","","","","","","No","","","https://www.sonomanews.com/article/news/sonoma-hospitals-security-incident-was-russian-ransomware-attack/?sba=AAS; https://www.pressdemocrat.com/article/news/sonoma-valley-hospital-hit-by-cybercriminals-with-ransomware-attack/?sba=AAS","There is talk about a list of 400 U.S. hospitals being targeted by Ryuk, which this may be part of",""
"792","10/15/2020","2020","SN Servicing Corporation","California","Financial Services","","Egregor","S0554","","","","","","No","","","https://thecybersecurity.news/general-cyber-security-news/mortgage-loan-servicing-company-discloses-ransomware-attack-to-multiple-states-5972/","","Strain and pay status not confirmed, but the company is listed on egregor's leak site "
"793","10/16/2020","2020","Boyne Resorts","United States","Commercial Facilities","","WastedLocker","S0612","","","","","","","","","https://www.bleepingcomputer.com/news/security/wastedlocker-ransomware-hits-boyne-resorts-ski-resort-operator/","",""
"794","10/17/2020","2020","Dickinson County Health","Michigan","Healthcare and Public Health","","Ryuk","S0446","","","","","","","","","https://www.hipaajournal.com/dickinson-county-health-suffers-ransomware-attack/; https://www.nbcnews.com/tech/tech-news/more-hospitals-hit-ransomware-feds-warn-about-cyberattacks-n1245292","There is talk about a list of 400 U.S. hospitals being targeted by Ryuk, which this may be part of",""
"795","10/17/2020","2020","Chenango County","New York","Government Facilities","","","","","","","","","","","","https://www.nbcnews.com/politics/2020-election/live-blog/2020-10-24-trump-biden-election-n1244363/ncrd1244650#liveBlogHeader","","County email systems were infected, resulting in some absentee ballot registrations to not properly register"
"796","10/19/2020","2020","West End Medical Center","Georgia","Healthcare and Public Health","","Conti","S0575","","","","","","","","","https://healthitsecurity.com/news/ransomware-attack-hits-dickinson-county-health-spurs-ehr-downtime; https://healthitsecurity.com/news/ransomware-hacking-groups-steal-leak-data-from-3-more-providers","","Date listed is when Conti leaked data; data was taken down after a short period of time"
"797","10/19/2020","2020","Enel Group","Global","Energy","","NetWalker","S0457","","","1234 bitcoin","$14 million","More than $5000000","","","","https://www.bleepingcomputer.com/news/security/enel-group-hit-by-ransomware-again-netwalker-demands-14-million/","",""
"798","10/19/2020","2020","Société de transport de Montréal (STM) (public transport agency)","Canada","Transportation Systems","","RansomExx/defray","","","","","","","","","","https://www.bleepingcomputer.com/news/security/montreals-stm-public-transport-system-hit-by-ransomware-attack/","",""
"799","10/19/2020","2020","City of Shafter","California","Government Facilities","","","","","","","","","","","","https://www.turnto23.com/news/local-news/city-of-shafter-hit-with-ransomware-attack","",""
"800","10/19/2020","2020","DeRoyal Industries","Tennessee","Critical Manufacturing","Healthcare and Public Health","","","","","","","","","","","https://www.knoxnews.com/story/news/crime/2020/10/27/deroyal-industries-tennessee-ransomware-attack/3754629001/","",""
"801","10/20/2020","2020","Sopra Steria","France","Information Technology","","Ryuk","S0446","","","","","","","","","https://www.bleepingcomputer.com/news/security/french-it-giant-sopra-steria-hit-by-ryuk-ransomware/","",""
"802","10/20/2020","2020","Westend Dental","Indiana","Healthcare and Public Health","","Medusa","","","","","","","","","","https://www.hipaajournal.com/indiana-ag-westend-dental-hipaa-violations/","",""
"803","10/21/2020","2020","Riverside Community Care","Massachusetts","Healthcare and Public Health","","Conti","S0575","","","","","","","","","https://healthitsecurity.com/news/ransomware-hacking-groups-steal-leak-data-from-3-more-providers","","Date listed is when Conti leaked data"
"804","10/21/2020","2020","Press Trust of India (PTI)","India","Communication","","LockBit","","several hours","1 day or less","","","","No","","","https://www.devdiscourse.com/article/technology/1273986-pti-services-disrupted-after-massive-ransomware-attack-on-servers","",""
"805","10/21/2020","2020","X-Cart","Global","Financial Services","Information Technology","","","several days","1 week or less","","","","No","","","https://portswigger.net/daily-swig/x-cart-customers-recovering-from-ransomware-attack-that-led-to-widespread-e-commerce-site-outages; https://www.zdnet.com/article/ransomware-hits-e-commerce-platform-x-cart/","",""
"806","10/22/2020","2020","Steelcase Inc.","Global","Critical Manufacturing","","Ryuk","S0446","two weeks","1 month or less","","","","","","","https://www.bleepingcomputer.com/news/security/steelcase-furniture-giant-hit-by-ryuk-ransomware-attack/; https://siliconangle.com/2020/11/12/furniture-maker-steelcase-shut-two-weeks-following-ransomware-attack/","",""
"807","10/22/2020","2020","Mithaas (restaurant chain)","India","Food and Agriculture","","","","","","","","","","","","https://www.outlookindia.com/newsscroll/ransomware-attack-on-restaurant-chain-mithaas-probe-on/1964442","",""
"808","10/24/2020","2020","Online storage vendor of Harvard Eye Associates","California","Healthcare and Public Health","","","","","","","","","Yes","","","https://healthitsecurity.com/news/hospital-recovers-from-ransomware-vendor-incidents-hit-kroeger-provider","",""
"809","10/25/2020","2020","Serco","Europe","Healthcare and Public Health","","Babuk","S0638","","","","","","","","","https://www.computerweekly.com/news/252495684/Serco-confirms-Babuk-ransomware-attack","","UK’s COVID-19 Test and Trace system not affected by the attack"
"810","10/27/2020","2020","Sky Lakes Medical Center","Oregon","Healthcare and Public Health","","Ryuk","S0446","","","","","","","","","https://www.kdrv.com/content/news/Sky-Lakes-Medical-Center-targeted-in-ransomware-attack-572890331.html; https://www.nbcnews.com/tech/tech-news/more-hospitals-hit-ransomware-feds-warn-about-cyberattacks-n1245292","There is talk about a list of 400 U.S. hospitals being targeted by Ryuk, which this may be part of",""
"811","10/27/2020","2020","St. Lawrence Health System Hospitals (Canton-Potsdam, Gouverneur, and Massena)","New York","Healthcare and Public Health","","Ryuk","S0446","","","","","","","","","https://www.nny360.com/news/stlawrencecounty/update-three-st-lawrence-county-hospitals-hit-by-ransomware-attack-tuesday/article_01778d25-333e-567b-8e03-6581fa571a37.html","There is talk about a list of 400 U.S. hospitals being targeted by Ryuk, which this may be part of",""
"812","10/27/2020","2020","Isentia","Australia","Communication","","","","","","","","","","","","https://www.infosecurity-magazine.com/news/isentia-reeling-after-suspected/","","Date is when the firm announced the attack to the public"
"813","10/28/2020","2020","Chatham County Government","North Carolina","Government Facilities","Healthcare and Public Health","DoppelPaymer","","","More than 1 month","50 bitcoin","$2.4 million","$5000000 or less","No","","","https://www.beckershospitalreview.com/cybersecurity/ransomware-group-posts-stolen-north-carolina-county-health-data-online.html; https://www.bellinghamherald.com/news/business/article249285895.html","","Originated from phishing email with malicious attachment"
"814","10/28/2020","2020","University of Vermont (UVM) Health Network","Vermont","Healthcare and Public Health","","Ryuk","S0446","1 month","1 month or less","","","","No","","","https://www.nbcnews.com/tech/tech-news/more-hospitals-hit-ransomware-feds-warn-about-cyberattacks-n1245292; https://www.democratandchronicle.com/story/news/2020/10/30/rochester-health-systems-step-up-cyber-security-amid-ransomware-attacks/6086925002/; https://healthitsecurity.com/news/uvm-health-brings-ehr-back-online-one-month-after-ransomware-attack; https://vtdigger.org/2020/12/22/ransomware-downed-uvm-medical-center-systems-but-no-payment-made/","There is talk about a list of 400 U.S. hospitals being targeted by Ryuk, which this may be part of",""
"815","11/1/2020","2020","Banijay Group SAS","France","Communication","","DoppelPaymer","","","","","","","","","","https://www.bleepingcomputer.com/news/security/masterchef-big-brother-producer-hit-by-doppelpaymer-ransomware/","",""
"816","11/1/2020","2020","Colliers International Group","Canada","Commercial Facilities","","Netflim","","","","","","","","","","https://www.insurancebusinessmag.com/ca/news/cyber/colliers-international-group-gets-slammed-by-cyberattack-244294.aspx","",""
"817","11/1/2020","2020","Campari Group","Italy","Food and Agriculture","","Ragnar Locker","S0481","","","","","","","","","https://www.infosecurity-magazine.com/news/campari-group-rocks-after/","",""
"818","11/3/2020","2020","Brazil’s Superior Tribunal de Justiça (Court System)","Brazil","Government Facilities","","RansomExx/defray","","2 weeks","1 month or less","","","","","","","https://www.bleepingcomputer.com/news/security/brazils-court-system-under-massive-ransomexx-ransomware-attack/ ;
https://www.bankinfosecurity.com/ransomware-hits-brazilian-national-treasury-a-17318","",""
"819","11/8/2020","2020","Compal","Taiwan","Critical Manufacturing","Information Technology","DoppelPaymer","","","","1100 bitcoin","$16,725,500","More than $5000000","","","","https://www.bleepingcomputer.com/news/security/laptop-maker-compal-hit-by-ransomware-17-million-demanded/","","Deputy manager director denies ransomware attack"
"820","11/13/2020","2020","Cencosud","Chile","Commercial Facilities","","Egregor","S0554","","","","","","","","","https://www.bleepingcomputer.com/news/security/retail-giant-cencosud-hit-by-egregor-ransomware-attack-stores-impacted/","",""
"821","11/13/2020","2020","City of Saint John","Canada","Government Facilities","","","","","","","$17mil-$20mil","More than $5000000","No","","","https://www.cbc.ca/news/canada/new-brunswick/saint-john-cyberattack-ransomware-1.5977467","",""
"822","11/15/2020","2020","K12 (AKA Stride Inc)","United States","Education Facilities","","Ryuk","S0446","","","","","","Yes","","","https://www.bleepingcomputer.com/news/security/k12-online-schooling-giant-pays-ryuk-ransomware-to-stop-data-leak/","",""
"823","11/16/2020","2020","Managed[.]com (Web Hosting Provider for Columbus County, NC, Griffin Hospital in CT, Arizona Judicial Branch, and Jackson County, OR, among others)","United States","Information Technology","Government Facilities","Revil/sodinokibi","S0496","","","","","","","","","https://statescoop.com/local-governments-forced-offline-after-ransomware-targets-web-host/; https://www.wect.com/2020/11/18/ransomware-attack-brings-columbus-countys-website-down/; https://www.infosecurity-magazine.com/news/oregon-county-hit-by-ransomware/; https://www.thehour.com/business/article/Derby-s-Griffin-Hospital-website-taken-down-in-15739406.php?src=nwkhpbiz; https://www.azcentral.com/story/news/local/arizona/2020/11/19/arizona-judicial-branch-website-affected-ransomware-attack-provider/6346851002/","","resulted in email/website being down"
"824","11/16/2020","2020","Americold","Global","Critical Manufacturing","Food and Agriculture","","","","","","","","","","","https://www.bleepingcomputer.com/news/security/cold-storage-giant-americold-hit-by-cyberattack-services-impacted/","",""
"825","11/17/2020","2020","Paris-Normandie (french newspaper)","France","Communication","","","","","","","","","","","","https://www.govinfosecurity.com/from-st-louis-to-france-ransomware-victim-list-expands-a-15436","",""
"826","11/17/2020","2020","Housing Authority of McDonough County","Illinois","Government Facilities","","","","","","","","","","","","https://www.mcdonoughvoice.com/story/news/2020/12/02/mcdonough-county-housing-authority-experiences-ransomware-data-breach/3792999001/","",""
"827","11/17/2020","2020","Hampton Roads Sanitation District","Virginia","Water and Wastewater Systems","","","","","","","","","","","","https://www.hrsd.com/news-release-november-19-2020","",""
"828","11/17/2020","2020","The Paris-Normandy daily (newspaper)","France","Communication","","","","","","","","","","","","https://www.lemonde.fr/actualite-medias/article/2020/11/19/le-quotidien-paris-normandie-vise-par-une-cyberattaque_6060387_3236.html","",""
"829","11/19/2020","2020","Oglethorp County School System","Georgia","Education Facilities","","","","","","","","","","","","https://www.govinfosecurity.com/from-st-louis-to-france-ransomware-victim-list-expands-a-15436","","Classes cancelled for the rest of the week"
"830","11/21/2020","2020","Advantech","Taiwan","Information Technology","","Conti","S0575","","","750 bitcoin","$13,000,000","More than $5000000","","","","https://usaherald.com/advantech-hit-with-conti-ransomware-hackers-demand-13m-in-double-extortion-demand/","",""
"831","11/21/2020","2020","Ouest-France","France","Communication","","","","","","","","","","","","https://france3-regions.francetvinfo.fr/pays-de-la-loire/loire-atlantique/pays-loire-ouest-france-victime-cyberattaque-1897364.html","","Ransomware affiliate group identified as Lockean"
"832","11/22/2020","2020","E-Land Retailer","South Korea","Commercial Facilities","","Clop","S0611","","","","","","","","","https://www.koreatimes.co.kr/www/tech/2020/11/694_299692.html; https://www.bleepingcomputer.com/news/security/ransomware-gang-says-they-stole-2-million-credit-cards-from-e-land/","","Had to suspend operations in half of their stores"
"833","11/23/2020","2020","Rand McNally","Illinois","Transportation Systems","","","","","","","","","","","","https://www.bleepingcomputer.com/news/security/truck-routing-provider-rand-mcnally-hit-by-cyberattack/","",""
"834","11/24/2020","2020","Baltimore County Public Schools (BCPS) ","Maryland","Education Facilities","","Ryuk","S0446","","","","","","","","","https://www.infosecurity-magazine.com/news/ransomware-attack-on-baltimore/","","Schools had to close for at least a day"
"835","11/24/2020","2020","Ritzau","Denmark","Communication","","","","","","","","","No","","","https://www.bleepingcomputer.com/news/security/danish-news-agency-ritzau-refuses-to-pay-after-ransomware-attack/","",""
"836","11/24/2020","2020","Netgain","United States","Information Technology","","","","","","","","","","","","https://www.bleepingcomputer.com/news/security/ransomware-forces-hosting-provider-netgain-to-take-down-data-centers/
https://web.archive.org/web/20210331192224/https://www.databreachtoday.com/breach-victims-piling-up-in-wake-cloud-vendor-attack-a-16307","","Woodcreek Provider Services, Apple Vallye Clinic/Allina Health, Ramsey County, Sandhills Medical Foundation"
"837","11/25/2020","2020","Embraer","Brazil","Critical Manufacturing","","","","","","","","","","","","https://www.infosecurity-magazine.com/news/aerospace-giant-embraer-hit/","",""
"838","11/28/2020","2020","Delaware County","Pennsylvania","Government Facilities","","DoppelPaymer","","","","","$500,000","$1000000 or less","Yes","","$500,000","https://www.bleepingcomputer.com/news/security/pennsylvania-county-pays-500k-ransom-to-doppelpaymer-ransomware/","",""
"839","11/29/2020","2020","Foxconn","Mexico","Critical Manufacturing","","DoppelPaymer","","","","1804.0955 bitcoin","$34,686,000","More than $5000000","","","Haberdashers’ Monmouth Schools","https://www.bleepingcomputer.com/news/security/foxconn-electronics-giant-hit-by-ransomware-34-million-ransom/","",""
"840","11/30/2020","2020","Kopter","Switzerland","Critical Manufacturing","","LockBit","","","","","","","No","","","https://www.zdnet.com/article/ransomware-hits-helicopter-maker-kopter/","",""
"841","11/30/2020","2020","Huntsville City Schools","Alabama","Education Facilities","","","","","","","","","","","","https://www.waaytv.com/content/news/Huntsville-City-Schools-cancels-classes-Tuesday-due-to-ransomware-threat--573241121.html","","Resulted in cancelled classes"
"842","12/1/2020","2020","TransLink (Metro Vancouver transit system)","Canada","Transportation Systems","","Egregor","S0554","","More than 1 month","","$7.5 million","More than $5000000","No","","","https://globalnews.ca/news/7499986/translink-suspicious-network-activity-update/ ; 
https://bc.ctvnews.ca/printed-ransom-note-asked-translink-for-7-5-million-in-december-cyberattack-1.5389170","",""
"843","12/1/2020","2020","Kmart","United States","Commercial Facilities","","Egregor","S0554","","","","","","","","","https://www.bleepingcomputer.com/news/security/kmart-nationwide-retailer-suffers-a-ransomware-attack/","","Back end services impacted"
"844","12/1/2020","2020","Whirlpool","Global","Critical Manufacturing","","Nefilim","","","","","","","","","","https://www.bleepingcomputer.com/news/security/home-appliance-giant-whirlpool-hit-in-nefilim-ransomware-attack/","",""
"845","12/1/2020","2020","CSAT Solutions","Global","Information Technology","","Netwalker","S0457","","","","","","","","","https://appleinsider.com/articles/20/12/08/ransomware-attack-on-apple-repair-partner-causing-delayed-repairs-lost-products","",""
"846","12/1/2020","2020","Transform Hospital Group LTD","United Kingdom","Healthcare and Public Health","","Revil/sodinokibi","S0496","","","","","","","","","https://siliconangle.com/2020/12/24/uk-cosmetic-surgery-provider-hit-ransomware-customer-data-stolen/","",""
"847","12/1/2020","2020","City of Ellensburg","Washington","Government Facilities","","","","","","","","","","","","https://www.yaktrinews.com/city-of-ellensburg-is-the-victim-of-a-ransomware-cyberattack/","",""
"848","12/1/2020","2020"," Mississippi Center for Advanced Medicine","Mississippi","Healthcare and Public Health","","","","","","","","","","","","https://www.scmagazine.com/home/security-news/data-breach/actors-steal-data-of-500k-patients-during-eye-clinic-ransomware-attack/","",""
"849","12/4/2020","2020","Ubiqus Group (Contractor to NYC Department of Education)","New York","Education Facilities","Government Facilities","","","","","","","","","","","https://nypost.com/2021/01/02/cyberattack-cripples-nyc-does-teacher-disciplinary-system/","",""
"850","12/5/2020","2020","Texarkana Metropolitan Area","TX, AR","Government Facilities","","","","","","","","","","","","https://www.ksla.com/2020/12/07/ransomware-cripples-municipal-computers-texarkana/","",""
"851","12/6/2020","2020","Greater Baltimore Medical Center","Maryland","Healthcare and Public Health","","","","","","","","","","","","https://baltimore.cbslocal.com/2020/12/07/computer-systems-down-at-greater-baltimore-medical-center-due-to-ransomware-incident/","",""
"852","12/7/2020","2020","City of Independence","Missouri","Government Facilities","","","","","","","","","","","","https://www.kmbc.com/article/city-of-independence-dealing-with-ransomware-attack-on-city-technology/34893170","",""
"853","12/8/2020","2020","Total System Services Inc. (TSYS)","Global","Financial Services","","Conti","S0575","","","","","","","","","https://securityboulevard.com/2020/12/payment-processing-giant-tsys-ransomware-incident-immaterial-to-company/","",""
"854","12/9/2020","2020","European Medicines Agency","Europe","Chemical","Healthcare and Public Health","","","","","","","","","","","https://www.databreaches.net/french-pharmaceutical-firm-involved-in-packaging-anti-covid-vaccines-hit-by-cyberattack/ ;
https://www.sudouest.fr/sciences-et-technologie/cyberattaque-en-europe-des-documents-lies-au-vaccin-pfizer-biontech-ont-ete-pirates-1640070.php","","Date listed is when the company announced they had been attacked"
"855","12/12/2020","2020","Nygard International","Canada","Commercial Facilities","","Netwalker","S0457","","","1098 bitcoins","$7,200,000","More than $5000000","No","","","https://www.cbc.ca/news/canada/manitoba/peter-nygard-bail-ransomware-attack-1.5859131","",""
"856","12/13/2020","2020","Symrise AG","Germany","Food and Agriculture","","Clop","S0611","","","","","","","","","https://www.bleepingcomputer.com/news/security/flavors-designer-symrise-halts-production-after-clop-ransomware-attack/","",""
"857","12/13/2020","2020","Habana Labs","Israel","Information Technology","","Pay2Key","S0556","","","","","","","","","https://www.bleepingcomputer.com/news/security/intels-habana-labs-hacked-by-pay2key-ransomware-data-stolen/","",""
"858","12/14/2020","2020","Inchcape","Australia","Commercial Facilities","","RansomExx/defray","","","","","","","","","","https://www.itwire.com/security/auto-services-firm-inchcape-hit-by-windows-ransomexx-ransomware.html","",""
"859","12/15/2020","2020","Forward Air Corp","Tennessee","Transportation Systems","","Hades","","","","","","","","","","https://www.freightwaves.com/news/news-alert-forward-air-reveals-ransomware-attack-warns-of-revenue-hit; https://www.securityweek.com/trucking-giant-says-ransomware-attack-had-75m-impact","","Resulted in financial loss of $7.5 million"
"860","12/16/2020","2020","Jefferson County Property Valuation Administrators Office (PVA)","Kentucky","Government Facilities","","","","","","","","","No","","","https://www.wdrb.com/news/business/jefferson-county-pva-office-hit-by-ransomware-attack/article_fdeb5286-43d0-11eb-81f1-770245866a54.html","",""
"861","12/17/2020","2020","Fareva","Luxembourg","Chemical","Healthcare and Public Health","","","","","","","","","","","https://therecord.media/cert-france-lockean-ransomware-group-behind-attacks-on-french-companies/ ;
https://www.lanouvellerepublique.fr/amboise/le-groupe-pharmaceutique-fareva-serait-victime-d-une-cyber-attaque","","Ransomware affiliate group identified as Lockean"
"862","12/20/2020","2020","Hurtigruten (Norwegian Cruise Company)","Global ","Transportation Systems","","","","","","","","","","","","https://thedigitalhacker.com/hurtigruten-the-well-known-norwegian-cruise-company-hit-by-cyberattack/","",""
"863","12/21/2020","2020","Leon Medical Centers","Florida","Healthcare and Public Health","","Conti","S0575","","","","","","","","","https://www.scmagazine.com/home/security-news/ransomware/conti-ransomware-gang-tied-to-latest-attacks-on-hospitals-in-florida-and-texas/","","""Conti gang reportedly sent malicious phishing emails to Leon Medical in September 2020 and used a Microsoft Server Message Block vulnerability (CVE-2020-0796) to access an admin account. From there, the attackers used the well-known tools BloodHound and Mimikatz to dive deeper into victim networks."""
"864","12/22/2020","2020","Lake Region Healthcare","Minnesota","Healthcare and Public Health","","","","","","","","","","","","https://www.duluthnewstribune.com/newsmd/health-news/6823429-Fergus-Falls-health-systems-computer-network-disrupted-after-ransomware-attack","",""
"865","12/23/2020","2020","Sangoma Technologies Corporation","Canada","Communication","","Conti","S0575","","","","","","","","","https://www.bleepingcomputer.com/news/security/freepbx-developer-sangoma-hit-with-conti-ransomware-attack/","",""
"866","12/23/2020","2020","OmniTRAX","United States","Transportation Systems","","","","","","","","","No","","","https://www.freightwaves.com/news/ransomware-attack-hits-short-line-rail-operator-omnitrax","",""
"867","12/25/2020","2020","Scottish Environment Protection Agency","Scotland","Government Facilities","Healthcare and Public Health","Conti","S0575","Ongoing as of 4/6/2021","More than 1 month","","","","No","","","https://www.bankinfosecurity.com/ransomware-disrupts-scottish-environment-protection-agency-a-15768; https://www.bankinfosecurity.com/ransomware-cleanup-costs-scottish-agency-11-million-a-16344","",""
"868","12/26/2020","2020","City of Cornelia","Georgia","Government Facilities","Water and Wastewater Systems","","","","","","","","","","","https://nowhabersham.com/cornelia-hit-by-ransomware-attack/","",""
"869","12/29/2020","2020","Antwerp General Medical Laboratory (AML)","Belgium","Healthcare and Public Health","","","","","","","","","","","","https://www.brusselstimes.com/news/belgium-all-news/147433/antwerp-laboratory-becomes-latest-victim-of-cyber-attack/","",""
"250","1/1/2019","2019","Hoya Optical Labs","Japan, USA","Healthcare and Public Health","","","","3 days","1 week or less","","","","","","","https://healthitsecurity.com/news/hoya-optical-labs-notifies-consumers-of-healthcare-ransomware-attack; https://www.bloomberg.com/news/articles/2021-04-21/hackers-target-iconic-japan-s-toshiba-rival-hoya-with-ransomware","",""
"251","1/4/2019","2019","Bridgeport School Systems","Connecticut","Education Facilities","","","","","","","","","","","","https://www.ctpost.com/local/article/Bridgeport-Schools-computer-network-hit-by-13515819.php","",""
"252","1/9/2019","2019","Salisbury PD","Maryland","Emergency Services","","","","","","","","","No","","","http://www.wboc.com/story/39841796/salisbury-police-department-faces-worst-computer-network-attack-in-history","",""
"253","1/9/2019","2019","Columbia Surgical Specialists","Washington","Healthcare and Public Health","","","","","","","about $15,000","$50000 or less","Yes","","$14,649.09","https://www.spokesman.com/stories/2019/mar/07/spokanes-columbia-surgical-specialists-paid-nearly/","",""
"254","1/10/2019","2019","City of Del Rio","Texas","Government Facilities","","","","","","","","","","","","https://securitytoday.com/articles/2019/01/15/ransomware-attack-closes-down-texas-town.aspx","",""
"255","1/22/2019","2019","Nyrstar","Switzerland","Critical Manufacturing","","","","","","","","","","","","https://www.cybersecurity-insiders.com/belgium-metal-producer-nyrstar-hit-by-a-ransomware-attack/","",""
"256","1/22/2019","2019","Akron","Ohio","Government Facilities","","","","","","","","","No","","","https://statescoop.com/ransomware-attack-on-akron-ohio-takes-down-311-service-amid-major-snowstorm/","",""
"257","1/23/2019","2019","City of Sammamish","Washington","Government Facilities","","","","","","","","","No","","","https://patch.com/washington/sammamish/ransomware-attack-hits-sammamish-city-computer-system","",""
"258","1/24/2019","2019","Altran Technologies","France","Information Technology","","LockerGoga","S0372","","","","","","","","","https://www.bleepingcomputer.com/news/security/new-lockergoga-ransomware-allegedly-used-in-altran-attack/","",""
"259","2/4/2019","2019","Mt. Zion School District","Illinois","Education Facilities","","","","","","","","","No","","","https://herald-review.com/news/state-and-regional/crime-and-courts/foreign-hackers-infiltrate-mount-zion-school-district-computer-system-most/article_ee9376f3-85e9-53b7-a490-721660f2f151.html","",""
"260","2/4/2019","2019","Rainbow Dental Care, PLLC","Texas","Healthcare and Public Health","","","","","","","","","","","","https://www.beaumontenterprise.com/news/article/Beaumont-dental-clinic-breached-by-ransomware-15185166.php","",""
"261","2/11/2019","2019","Fort Collins-Loveland Water District and the South For Collins Sanitation District, Colorado","Colorado","Water and Wastewater Systems","","","","3 weeks","1 month or less","","","","No","","","https://www.eenews.net/stories/1060131769","",""
"262","2/25/2019","2019","Network Tallahassee","Florida","Communication","","","","1 day","1 day or less","$6,000 ","$6,000 ","$50000 or less","Yes","","$6,000","https://www.tallahassee.com/story/news/money/2019/02/26/network-tallahassee-internet-provided-hacked-pays-ransom-get-back-online/2991190002/","",""
"263","2/25/2019","2019","Park Rapids School System","Minnesota","Education Facilities","","","","","","","","","No","","","https://www.parkrapidsenterprise.com/news/education/4579363-park-rapids-schools-hit-ransomware-attack","",""
"264","2/27/2019","2019","Committee for Public Counsel","Massachusetts","Government Facilities","","Ryuk","S0446","","","Undisclosed bitcoin","","","No","","","https://www.bostonglobe.com/business/2019/03/12/cyberattack-with-ransom-demand-has-disrupted-public-defenders-for-weeks/6TkoNMGrHbnzT7tsMI2xoO/story.html","",""
"265","2/28/2019","2019","Taos Municipal School District","New Mexico","Education Facilities","","","","6 hours","1 day or less","$5,000 ","$5,000","$50000 or less","No","","","https://www.taosnews.com/stories/taos-schools-resolving-ransomware-attack,55866","",""
"266","3/1/2019","2019","Jackson County, Georgia","Georgia","Government Facilities","","Ryuk","S0446","","","$400,000 ","$400,000 ","$1000000 or less","Yes","","$400,000","https://www.msspalert.com/cybersecurity-breaches-and-attacks/ransomware/georgia-county-pays-400000/","",""
"267","3/1/2019","2019","Brookside Medical Center, Battle Creek, MI","Michigan","Healthcare and Public Health","","","","Never Recovered","Never Recovered","6500","6500","$50000 or less","No","","","https://www.battlecreekenquirer.com/story/news/local/2019/08/22/ransomware-attack-john-bizon-william-scalf-medical-practice/2062806001/; https://blog.emsisoft.com/en/34822/the-state-of-ransomware-in-the-us-report-and-statistics-2019/","","Center had to shut down permanently "
"268","3/1/2019","2019","Fisher County PD","Texas","Emergency Services","","","","","","","","","No","","","https://www.fishercountychronicle.com/articles/2019/03/29/fisher-county-sheriff%E2%80%98s-office-network-held-ransom","",""
"269","3/6/2019","2019","Plymouth and Plymouth PD","Connecticut","Government Facilities","Emergency Services","","","","","Undisclosed bitcoin","","","No","","","http://www.bristolpress.com/BP-Plymouth+News/346297/plymouth-officials-work-to-get-system-back-online-after-cyber-attack","",""
"270","3/9/2019","2019","The Police Federation of England and Wales (PFEW)","England and Wales","Government Facilities","Emergency Services","","","","","","","","","","","https://www.zdnet.com/article/police-federation-hit-by-ransomware-attack/","",""
"271","3/12/2019","2019","Momentive (industrial firm)","New York","Critical Manufacturing","Chemical","LockerGoga","S0372","","","Undisclosed Bitcoin","","","","","","https://www.vice.com/en/article/8xyj7g/ransomware-forces-two-chemical-companies-to-order-hundreds-of-new-computers","",""
"272","3/18/2019","2019","Norsk Hydro","Norway","Critical Manufacturing","","LockerGoga","S0372","","","","","","No","","","https://www.securityweek.com/ransomware-attack-costs-norsk-hydro-tens-millions-dollars","",""
"273","3/18/2019","2019","Orange County (and PD)","North Carolina","Government Facilities","Emergency Services","","","","","","","","No","","","https://www.heraldsun.com/news/local/article228089459.html","",""
"274","3/19/2019","2019","Mitsubishi Canada Aerospace","Canada","Critical Manufacturing","","Ryuk","S0446","Weeks","1 month or less","Undisclosed bitcoin","","","","","","https://www.sirkit.ca/blog/3-cyber-attacks-in-canada-a-wake-call-for-business/","",""
"275","3/21/2019","2019","Arizona Beverages","New York","Food and Agriculture","","Bitpaymer","S0570","2 weeks","1 month or less","","","","No","","","https://techcrunch.com/2019/04/02/arizona-beverages-ransomware/","",""
"276","3/22/2019","2019","Hexion Inc. and MPM Holdings Inc.","Ohio","Critical Manufacturing","Information Technology","LockerGoga","S0372","","","","","","","","","https://www.businesswire.com/news/home/20190322005490/en/Hexion-Addresses-Network-Security-Incident; https://www.wired.com/story/lockergoga-ransomware-crippling-industrial-firms/","",""
"277","3/30/2019","2019","City of Albany, New york","New York","Government Facilities","","","","3 days","1 week or less","","","","No","","","https://wnyt.com/news/albany-ransomware-attack/5300397/","",""
"278","4/1/2019","2019","Townsquare Media","United States","Communication","","Cryptolocker","","","","","","","","","","https://radioinsight.com/headlines/175822/townsquare-media-stations-taken-down-by-ransomware-attack/","",""
"279","4/1/2019","2019","City of Lodi","California","Government Facilities","","","","","","75 bitcoin","$400,000 ","$1000000 or less","No","","","https://www.govtech.com/news/Small-Town-Nearly-Done-Recovering-from-Ransomware-Attack.html","",""
"280","4/1/2019","2019","Potter County Sheriff's Office","Texas","Government Facilities","","","","2 months","More than 1 month","","","","","","","https://www.myhighplains.com/news/local-news/potter-county-sheriffs-office-continues-to-recover-from-ransomware-attack/","",""
"281","4/1/2019","2019","Garfield County","Utah","Government Facilities","","","","","","","","","Yes","bitcoin","","https://fox13now.com/2019/04/11/ransomware-attack-hits-garfield-county-shutting-off-its-computer-access-for-weeks/","",""
"282","4/2/2019","2019","Genessee County","Michigan","Government Facilities","","","","","","","","","No","","","https://www.google.com/search?q=how+much+was+the+genessee+county+ransom&rlz=1C1GCEB_enUS860US862&oq=how+much+was+the+genessee+county+ransom&aqs=chrome..69i57j33.5319j0j4&sourceid=chrome&ie=UTF-8","",""
"283","4/10/2019","2019","City of Greenville, NC","North Carolina","Government Facilities","","RobbinHood","S0400","","","","","","No","","","https://wcti12.com/news/local/city-of-greenville-says-it-has-resolved-ransomware-attack-without-having-to-pay; http://www.theeastcarolinian.com/news/article_0e589de8-5bea-11e9-896b-f7fe9a51c832.html","",""
"284","4/13/2019","2019","Imperial County","California","Government Facilities","","Ryuk","S0446","","","1.2 million USD in bitcoin","1.2 million USD","$5000000 or less","No","","","https://www.tribwekchron.com/single-post/2019/04/25/Imperial-County-Refuses-Ransomware-Demands-Rebuilds-Network; https://holtvilletribune.com/2020/08/imperial-valley-news/ivc-online-classes-delayed-due-to-ransomware/","","via employee phishing email"
"285","4/13/2019","2019","Stuart City","Florida","Government Facilities","","Ryuk","S0446","More than 6 weeks","More than 1 month","$300,000 in bitcoin","$300,000 ","$1000000 or less","No","","","https://www.wptv.com/news/region-martin-county/stuart/fbi-investigating-ransomware-targeting-city-of-stuart; https://nakedsecurity.sophos.com/2020/02/28/ransomware-wipes-evidence-lets-suspected-drug-dealers-walk-free/","",""
"286","4/17/2019","2019","Verint- Cybersecurity firm","Israel","Information technology","","","","","","","","","","","","https://www.zdnet.com/article/cyber-security-firm-verint-hit-by-ransomware/","",""
"287","4/18/2019","2019","The weather channel Atlanta","Georgia","Communication","","","","90 minutes","1 day or less","","","","No","","","https://www.zdnet.com/article/the-weather-channel-goes-off-the-air-for-90-minutes-after-ransomware-infection/","",""
"288","4/18/2019","2019","City of Augusta, Maine","Maine","Government Facilities","","","","days","1 week or less","~$100000","~$100,000","$100000 or less","No","","","https://www.newscentermaine.com/article/news/augusta-city-offices-hit-by-computer-virus/97-2e380b61-5e75-4627-b8a1-b3b3af6e23e2; https://www.msspalert.com/cybersecurity-news/augusta-maine-malware-attack/","",""
"289","4/21/2019","2019","Cleveland Hopkins International Airport","Ohio","Transportation Systems","","","","","","","","","No","","","https://www.cybersecurity-insiders.com/ransomware-attack-on-cleveland-hopkins-international-airport/","",""
"290","4/23/2019","2019","Aebi Schmidt","Switzerland","Critical Manufacturing","","","","Days","1 week or less","","","","","","","https://techcrunch.com/2019/04/23/aebi-schmidt-ransomware/","",""
"291","4/28/2019","2019","Daviess County Public Library","Kentucky","Education Facilities","","Cryptolocker","","","","$30,947 ","$30,947 ","$50000 or less","No","","","https://www.messenger-inquirer.com/news/local/library-officials-confident-post-ransomware-attack/article_c9f09ce3-f851-577d-96ad-a6ce430018d1.html","",""
"292","5/1/2019","2019","District of Squamish","Canada","Government Facilities","","","","","","","","","No","","","https://www.squamishchief.com/news/local-news/ransomware-attack-corrupts-many-of-squamish-s-municipal-computer-server-files-1.23916590","",""
"293","5/1/2019","2019","Rhinebeck School District","New York","Education Facilities","","","","","","$500 ","$500 ","$1000 or less","No","","","https://www.dailyfreeman.com/news/rhinebeck-school-district-computer-system-attacked-by-ransomware/article_2314d174-3c5a-5feb-a89f-70b6b36e24bc.html","",""
"294","5/4/2019","2019","City of Cartersville","Georgia","Government Facilities","","Ryuk","S0446","6 days","1 week or less","$2.8 million","$2.8 million","$5000000 or less","Yes","Bitcoin","$380,000 in bitcoin","https://www.msspalert.com/cybersecurity-breaches-and-attacks/ransomware/georgia-cartersville-city-pays-380k-ransom/","",""
"295","5/6/2019","2019","Metro Presort","Oregon","Communication","Healthcare and Public Health","Ryuk","S0446","","","","","","No","","","https://www.beckershospitalreview.com/cybersecurity/ransomware-attack-on-mailing-service-exposes-info-of-20-000-oregon-clinic-patients.html","",""
"296","5/6/2019","2019","Washington County, PA","Pennsylvania","Government Facilities","","","","2 weeks","1 month or less","","","","Yes","","$21,250","https://observer-reporter.com/news/localnews/city-weighs-new-computer-security-measures-following-ransomware-attack/article_99d2efc6-b3a2-11e9-a7b4-379694cd118e.html","",""
"297","5/7/2019","2019","City of Baltimore","Maryland","Government Facilities","","RobbinHood","S0400","weeks","1 month or less","13 bitcoin","$76,280 ","$100000 or less","No","","","https://www.msspalert.com/cybersecurity-news/ransomware-attack-hits-baltimore-city-servers/","","estimated cost of recovery at least $18.2 million"
"298","5/10/2019","2019","CloudJumper","Texas","Information Technology","","Ryuk","S0446","","","","","","No","","","https://www.msspalert.com/cybersecurity-breaches-and-attacks/ransomware/ryuk-ransomware-hits-msp-centric-csp/","",""
"299","5/13/2019","2019","Ada County Highway District","Idaho","Government Facilities","","","","about 1 day","1 day or less","","","","No","","","https://www.idahostatesman.com/news/local/community/boise/article230430154.html","",""
"300","5/18/2019","2019","WMNF Tampa","Florida","Communication","","","","","","","","","No","","","https://www.tampabay.com/breaking-news/radio-station-wmnf-victim-of-ransomware-cyberattack-20190717/","",""
"301","5/25/2019","2019","City of Edcouch","Texas","Government Facilities","","DoppelPaymer","","","","8 bitcoin","$40,000 ","$50000 or less","","","","https://www.themonitor.com/2019/06/08/edcouch-server-hit-ransomware/","",""
"302","5/29/2019","2019","Riviera Beach, Florida","Florida","Government Facilities","","","","around 3 weeks","1 month or less","65 bitcoin","603,000","$1000000 or less","yes","bitcoin","$600,000","https://www.nytimes.com/2019/06/27/us/lake-city-florida-ransom-cyberattack.html  https://securityaffairs.co/wordpress/87381/breaking-news/riviera-beach-city-ransomware.html","",""
"303","6/1/2019","2019","Chilean Ministry of Agriculture","Chile","Food and Agriculture","","DoppelPaymer","","","","","","","","","","https://www.bleepingcomputer.com/news/security/new-doppelpaymer-ransomware-emerges-from-bitpaymers-code/","",""
"304","6/1/2019","2019","UBX Cloud MSP- company name undisclosed","Unspecified","Information Technology","","","","","","Undisclosed bitcoin","$150,000 ","$1000000 or less","Yes","bitcoin","$150,000","https://www.msspalert.com/cybersecurity-breaches-and-attacks/ransomware/msp-pays-150000-to-recover-data/","",""
"305","6/1/2019","2019","Wolcott School District","Connecticut","Education Facilities","","","","","","","","","No","","","https://www.fox61.com/article/news/local/other-ransomware-attacks-in-connecticut/520-0954fbed-1eff-40ba-b3a3-8eba937c90f0","September attack on same school",""
"306","6/5/2019","2019","Eurofins Scientific","United Kingdom","Chemical","","","","3 weeks","1 month or less","","","","Yes","","","https://www.bbc.com/news/uk-48881959","",""
"307","6/7/2019","2019","ASCO","Belgium","Critical Manufacturing","","","","1 week","1 week or less","","","","","","","https://www.zdnet.com/article/ransomware-halts-production-for-days-at-major-airplane-parts-manufacturer/","",""
"308","6/7/2019","2019","Park Duvalle Community Health Center","Kentucky","Healthcare and Public Health","","","","2 months","More than 1 month","6 bitcoin","$70,000 ","$100000 or less","Yes","bitcoin","6 bitcoin","https://healthitsecurity.com/news/enloe-medical-remains-in-ehr-downtime-2-weeks-after-cyberattack        https://www.wdrb.com/in-depth/park-duvalle-health-center-pays-ransom-for-patient-records-in/article_68416546-af0b-11e9-ba4d-0bd49b023c3e.html","",""
"309","6/8/2019","2019","Pawtucket Fire Department","Rhode Island","Emergency Services","","","","","","","","","","","","https://www.wpri.com/target-12/pawtuckets-hacked-computers-still-down-as-investigation-continues/","",""
"310","6/10/2019","2019","Lake City, Florida","Florida","Government Facilities","","Ryuk","S0446","2 weeks","1 month or less","42 bitcoin","$460,000 ","$1000000 or less","Yes","bitcoin","$460,000","https://www.nytimes.com/2019/06/27/us/lake-city-florida-ransom-cyberattack.html","",""
"311","6/13/2019","2019","Harrison County","West Virginia","Government Facilities","","","","A few weeks","1 month or less","","$1,500","$50000 or less","Yes","","$1,500","https://www.wvnews.com/news/wvnews/harrison-county-wv-still-locked-out-of-some-files-two-weeks-after-cyberattack/article_3599bc25-4d46-5a06-82db-e46a4fe65bbe.html ;
https://www.wvnews.com/news/wvnews/harrison-county-wv-officials-working-to-address-cyberattack/article_14e63fb8-849d-52cb-adb8-746f0ac0185a.html ;
","",""
"312","6/15/2019","2019","A. Duie Pyle (west chester, PA)","Pennsylvania","Transportation Systems","","","","","","","","","No","","","https://www.joc.com/trucking-logistics/ltl-trucking-logistics/duie-pyle/cyber-attack-hits-us-ltl-trucker-duie-pyle_20190617.html","",""
"313","6/18/2019","2019","IT By Design","New Jersey","Information Technology","","","","2 days","1 week or less","","","","No","","","https://www.crn.com/news/managed-services/it-by-design-network-restored-after-ransomware-attack-that-impacted-8-customers","",""
"314","6/24/2019","2019","Village of Key Biscayne, Florida","Florida","Government Facilities","","Ryuk","S0446","1 week","1 week or less","","","","No","","","https://www.miamiherald.com/news/business/article232011757.html","",""
"315","7/1/2019","2019","Gadsden Independent School District","New Mexico","Education Facilities","","","","4 months","More than 1 month","","","","No","","","https://www.usnews.com/news/best-states/new-mexico/articles/2020-03-21/new-mexico-agencies-on-edge-amid-rising-ransomware-attacks","",""
"316","7/1/2019","2019","Georgia Administrative Office of the Courts","Georgia","Government Facilities","","","","","","","","","","","","https://www.ajc.com/news/state--regional-govt--politics/georgia-court-agency-hacked-ransom-attack/P3UaTuigNhT6JfREQaiKZK/","",""
"317","7/1/2019","2019","Sarrell Dental and Eye Centers","Alabama","Healthcare and Public Health","","","","2 weeks","1 month or less","","","","No","","","https://www.compliancejunction.com/sarrell-dental-ransomware-attack-impacts-391472-patients/","",""
"318","7/1/2019","2019","Coventry School Department","Rhode Island","Education Facilities","","","","","","","","","No","","","https://turnto10.com/i-team/nbc-10-i-team-coventry-public-schools-computers-attacked-with-malware","",""
"319","7/1/2019","2019","Meier Tobler","Switzerland","Information Technology","","","","","","","","","","","","https://www.cyberscoop.com/honeywell-hack-ransomware-manufacturing-norsk-hydro/","",""
"320","7/1/2019","2019","Springhill Medical Center","Alabama","Healthcare and Public Health","","","","3 weeks","1 month or less","","","","","","","https://www.healthcareitnews.com/news/hospital-ransomware-attack-led-infants-death-lawsuit-alleges","",""
"321","7/1/2019","2019","Glenwood Community School District","Iowa","Education Facilities","","","","","","$130,000 worth of cryptocurrency","$130,000 ","$100000 or less","Yes","","$10,000 ","https://www.desmoinesregister.com/story/news/education/2022/12/23/recent-ransomware-attacks-show-vulnerability-in-iowa-schools/69743208007/","",""
"322","7/3/2019","2019","Athol Police Department, MA","Massachusetts","Emergency Services","","","","","","50,000","50,000","$50000 or less","No","","","https://www.govtech.com/security/Massachusetts-Communities-Fight-Back-Against-Cyberattacks.html","",""
"323","7/4/2019","2019","City of New Bedford, Massachusetts","Massachusetts","Government Facilities","","Ryuk","S0446","days","1 week or less","5.3 million","5.3 million","More than $5000000","No","","","https://www.bleepingcomputer.com/news/security/hackers-ask-for-53-million-ransom-turn-down-400k-get-nothing/","",""
"324","7/6/2019","2019","La Porte County, Indiana","Indiana","Government Facilities","","Ryuk","S0446","3 days","1 week or less","Undisclosed bitcoin","$130,000 ","$1000000 or less","Yes","bitcoin","$130,000","https://www.bleepingcomputer.com/news/security/la-porte-county-pays-130-000-ransom-to-ryuk-ransomware/","",""
"325","7/8/2019","2019","Premier Family Medical","Utah","Healthcare and Public Health","","","","","","","","","","","","https://www.modernhealthcare.com/cybersecurity/utah-practice-says-320000-patient-records-hit-ransomware-attack","",""
"326","7/8/2019","2019","Syracuse City School District","New York","Education Facilities","","","","2 weeks","1 month or less","","","","","","","https://www.syracuse.com/schools/2019/07/syracuse-ransomware-attack-school-district-expects-to-pay-50000-insurance-pays-rest.html","",""
"327","7/10/2019","2019","Berry Family Services, Rowlett, Texas","Texas","Healthcare and Public Health","","","","","","","","","Yes","","","https://www.beckershospitalreview.com/cybersecurity/texas-healthcare-provider-pays-hackers-in-ransomware-attack.html","",""
"328","7/10/2019","2019","Monroe College (Manhattan and New Rochelle campuses)","New York","Education Facilities","","","","","","170 Bitcoin","$2 million","$5000000 or less","","","","https://www.bleepingcomputer.com/news/security/monroe-college-hit-with-ransomware-2-million-demanded/#.XSjWUBTBMFI.twitter","",""
"329","7/11/2019","2019","Crowder College","Missouri","Education Facilities","","","","","","$1.6 million","$1.6 million","$5000000 or less","No","","","http://www.crowdersentry.net/ransomware-attack-rattles-crowder/","",""
"330","7/18/2019","2019","Town of Collierville","Tennessee","Government Facilities","","Ryuk","S0446","","","","","","No","","","https://collierville.com/82-featured-news/1666-town-of-collierville-ransomware-attack","",""
"331","7/18/2019","2019","River Radio of Southern Illinois","Illinois","Communication","","","","","","Undisclosed bitcoin","","","","","","https://thesouthern.com/news/local/crime-and-courts/river-radio-of-southern-illinois-hacked-files-rendered-useless/article_55a48832-04a1-5eb3-a86d-cb5c41c1ab77.html","",""
"332","7/18/2019","2019","City of Exeter","Pennsylvania","Government Facilities","","","","","","","","","Yes","","$38,000","https://www.witf.org/2019/10/01/pa-school-district-paid-over-38k-to-end-ransomware-attack/","",""
"333","7/19/2019","2019","Camp Verde Unified School District, Arizona","Arizona","Education Facilities","","","","","","","","","No","","","http://www.journalaz.com/news/education/49717-hackers-hit-cvusd-hit-with-ransomware-attack-as-school-year-starts.html","",""
"334","7/19/2019","2019","Max Media","Illinois","Communication","","","","","","Undisclosed bitcoin","","","","","","https://www.rbr.com/max-il-ill/","",""
"335","7/21/2019","2019","Sabine Parish School District, Louisiana","Louisiana","Education Facilities","","","","weeks","1 month or less","","","","No","","","https://www.thenewsstar.com/story/news/education/2019/07/24/hacking-threat-targeted-monroe-city-morehouse-schools/1822318001/","",""
"336","7/21/2019","2019","Ouachita School District, Louisiana","Louisiana","Education Facilities","","","","Weeks","1 month or less","","","","No","","","https://blog.emsisoft.com/en/34822/the-state-of-ransomware-in-the-us-report-and-statistics-2019/","",""
"337","7/22/2019","2019","Morehouse Parish School District, Louisiana","Louisiana","Education Facilities","","","","weeks","1 month or less","","","","No","","","https://www.thenewsstar.com/story/news/education/2019/07/24/hacking-threat-targeted-monroe-city-morehouse-schools/1822318001/","",""
"338","7/22/2019","2019","Monroe City schools, Louisiana","Louisiana","Education Facilities","","","","weeks","1 month or less","","","","No","","","https://www.thenewsstar.com/story/news/education/2019/07/24/hacking-threat-targeted-monroe-city-morehouse-schools/1822318001/","",""
"339","7/23/2019","2019","Vigo County","Indiana","Government Facilities","","","","","","","","","","","","https://www.govtech.com/data/Vigo-County-Ind-Computers-Hit-by-Ransomware-Attack.html","",""
"340","7/25/2019","2019","Rockville Centre School District","New York","Education Facilities","","Ryuk","S0446","","","$176,000 ","$176,000 ","$1000000 or less","Yes","","$88,000","https://blog.emsisoft.com/en/34822/the-state-of-ransomware-in-the-us-report-and-statistics-2019/","",""
"341","7/25/2019","2019","City Power, Johannesburg, South Africa","South Africa","Energy","","","","~1 week","1 week or less","","","","No","","","https://securityboulevard.com/2019/07/city-power-johannesburg-hit-by-a-ransomware-attack-that-encrypted-all-its-databases-applications-and-network/","",""
"342","7/27/2019","2019","Tangipahoa Parish schools, Louisiana","Louisiana","Education Facilities","","","","weeks","1 month or less","","","","No","","","https://securityaffairs.co/wordpress/89194/cyber-crime/louisiana-schools-cyber-attacks.html","",""
"343","7/30/2019","2019","Ridgway Area School District","Pennsylvania","Education Facilities","","","","","","","","","","","","https://wjactv.com/news/local/officials-elk-county-school-targeted-in-national-cyber-attack-dhs-investigating","",""
"344","8/1/2019","2019","Houston County schools, Alabama","Alabama","Education Facilities","","","","1 week","1 week or less","","","","No","","","https://securityaffairs.co/wordpress/89370/malware/houston-county-schools-malware-attack.html https://www.bleepingcomputer.com/news/security/malware-attack-delays-alabama-districts-school-year-twice/","","2 attacks occurred at this school in the same week."
"345","8/1/2019","2019","Regis University","Colorado","Education Facilities","","","","","","","","","Yes","","","https://denver.cbslocal.com/2020/01/28/regis-university-cyber-summit/","",""
"346","8/1/2019","2019","CHI Health Lakeside Hospital","Nebraska","Healthcare and Public Health","","","","","","","","","","","","https://www.spamfighter.com/News-22479-Ransomware-attack-on-CHI-Health-impacted-48000-Lakeside-patients.htm","",""
"347","8/1/2019","2019","New Kent County Public Schools","Virginia","Education Facilities","","","","","","","","","No","","","https://wtkr.com/2019/08/27/ransomware-attack-hits-new-kent-co-public-schools-ahead-of-new-school-year/","",""
"348","8/6/2019","2019","Truman Medical Centers","Missouri","Healthcare and Public Health","","","","","","","","","Yes","","","https://www.kcur.org/health/2019-08-07/truman-medical-centers-paid-ransomware-attackers-to-unlock-its-computer-system","",""
"349","8/10/2019","2019","Wood Ranch Medical","California","Healthcare and Public Health","","","","Indefinite (business forced to close)","Never Recovered","","","","No","","","https://www.woodranchmedical.com/","","Practice had to close and cease operations"
"350","8/12/2019","2019","Monterey Health Center","Oregon","Healthcare and Public Health","","","","","","","","","No","","","https://healthitsecurity.com/news/malicious-code-on-mission-health-store-website-undetected-for-3-years","",""
"351","8/16/2019","2019","Bonham City Police Department","Texas","Emergency Services","","","","","","Undisclosed bitcoin","total of $2.5 million among 22 texas towns","$100000 or less","No","","","https://statescoop.com/texas-ransomware-attack-nine-named-feds-respond/","351-361: Hackers used a coordinated attack to hit 22 towns in Texas. They asked for a collective $2.5 million in bitcoin. No ransom was paid.",""
"352","8/16/2019","2019","Graham City Police Department","Texas","Emergency Services","","","","","","Undisclosed bitcoin","total of $2.5 million among 22 texas towns","$100000 or less","No","","","https://statescoop.com/texas-ransomware-attack-nine-named-feds-respond/","351-361: Hackers used a coordinated attack to hit 22 towns in Texas. They asked for a collective $2.5 million in bitcoin. No ransom was paid.",""
"353","8/16/2019","2019","Vernon City Police Department","Texas","Emergency Services","","","","","","Undisclosed bitcoin","total of $2.5 million among 22 texas towns","$100000 or less","No","","","https://statescoop.com/texas-ransomware-attack-nine-named-feds-respond/","351-361: Hackers used a coordinated attack to hit 22 towns in Texas. They asked for a collective $2.5 million in bitcoin. No ransom was paid.",""
"354","8/16/2019","2019","15 Undisclosed Texas Towns","Texas","Government Facilities","","","","","","Undisclosed bitcoin","total of $2.5 million among 22 texas towns","$100000 or less","No","","","https://statescoop.com/texas-ransomware-attack-nine-named-feds-respond/","351-361: Hackers used a coordinated attack to hit 22 towns in Texas. They asked for a collective $2.5 million in bitcoin. No ransom was paid.",""
"355","8/16/2019","2019","Robertson County Sheriff's Office, Texas","Texas","Government Facilities","","","","","","","total of $2.5 million among 22 texas towns","$100000 or less","No","","","https://www.kbtx.com/content/news/Local-IT-departments-on-alert-as-agencies-including-Robertson-County-Sheriffs-Office-hacked-557926521.html","351-361: Hackers used a coordinated attack to hit 22 towns in Texas. They asked for a collective $2.5 million in bitcoin. No ransom was paid.",""
"356","8/16/2019","2019","Kaufman City, Texas","Texas","Government Facilities","","","","","","Undisclosed bitcoin","total of $2.5 million among 22 texas towns","$100000 or less","No","","","https://statescoop.com/texas-ransomware-attack-nine-named-feds-respond/","351-361: Hackers used a coordinated attack to hit 22 towns in Texas. They asked for a collective $2.5 million in bitcoin. No ransom was paid.",""
"357","8/16/2019","2019","Wilmer City, Texas","Texas","Government Facilities","","","","","","Undisclosed bitcoin","total of $2.5 million among 22 texas towns","$100000 or less","No","","","https://statescoop.com/texas-ransomware-attack-nine-named-feds-respond/","351-361: Hackers used a coordinated attack to hit 22 towns in Texas. They asked for a collective $2.5 million in bitcoin. No ransom was paid.",""
"358","8/16/2019","2019","Lubbock County, Texas","Texas","Government Facilities","","","","","","Undisclosed bitcoin","total of $2.5 million among 22 texas towns","$100000 or less","No","","","https://statescoop.com/texas-ransomware-attack-nine-named-feds-respond/","351-361: Hackers used a coordinated attack to hit 22 towns in Texas. They asked for a collective $2.5 million in bitcoin. No ransom was paid.",""
"359","8/16/2019","2019","Keene City, Texas","Texas","Government Facilities","","","","","","Undisclosed bitcoin","total of $2.5 million among 22 texas towns","$100000 or less","No","","","https://statescoop.com/texas-ransomware-attack-nine-named-feds-respond/","351-361: Hackers used a coordinated attack to hit 22 towns in Texas. They asked for a collective $2.5 million in bitcoin. No ransom was paid.",""
"360","8/16/2019","2019","Borger City, Texas","Texas","Government Facilities","","","","","","Undisclosed bitcoin","total of $2.5 million among 22 texas towns","$100000 or less","No","","","https://www.newschannel10.com/2019/08/19/city-borger-affected-by-ransomware-attack/","351-361: Hackers used a coordinated attack to hit 22 towns in Texas. They asked for a collective $2.5 million in bitcoin. No ransom was paid.",""
"361","8/16/2019","2019","Grayson County, Texas","Texas","Government Facilities","","","","","","Undisclosed bitcoin","total of $2.5 million among 22 texas towns","$100000 or less","No","","","https://statescoop.com/texas-ransomware-attack-nine-named-feds-respond/","351-361: Hackers used a coordinated attack to hit 22 towns in Texas. They asked for a collective $2.5 million in bitcoin. No ransom was paid.",""
"362","8/23/2019","2019","Magnolia Pediatrics","Louisiana","Healthcare and Public Health","","","","","","","","","","","","https://healthitsecurity.com/news/malicious-code-on-mission-health-store-website-undetected-for-3-years;  https://magnoliapediatrics.com/notice-of-potential-unauthorized-disclosure-of-information-for-patients-of-magnolia-pediatrics/","",""
"363","8/26/2019","2019","Percsoft and the Digital Dental Record","Wisconsin","Information Technology","Healthcare and Public Health","Revil/sodinokibi","S0496","4 days","1 week or less","","","","Yes","","","https://www.cnn.com/2019/08/29/politics/ransomware-attack-dental-offices/index.html  https://www.bleepingcomputer.com/news/security/sodinokibi-ransomware-encrypts-records-of-hundreds-of-dental-practices/","","possible payments up to $2.5 million"
"364","8/28/2019","2019","Temple University Health System","Pennsylvania","Healthcare and Public Health","","","","2 days","","","","","","","","https://web.archive.org/web/20190913025858/https://www.inquirer.com/business/health/temple-university-health-hack-cyber-attack-20190912.html","",""
"365","8/30/2019","2019","Charlton Town, MA","Massachusetts","Government Facilities","","","","","","","","","No","","","https://www.govtech.com/security/Massachusetts-Communities-Fight-Back-Against-Cyberattacks.html","",""
"366","8/30/2019","2019","Platte County School District","Missouri","Education Facilities","","","","","","","","","No","","","https://www.kshb.com/news/local-news/platte-county-schools-target-of-malware-attack-tech-team-honored-for-response","",""
"367","9/1/2019","2019","Lake County, Indiana","Indiana","Government Facilities","","","","2 weeks","1 month or less","","","","No","","","https://www.nbcchicago.com/news/local/lake-county-indiana-hit-by-ransomware-attack-559603631.html","",""
"368","9/1/2019","2019","Victorian Hospitals across Gippsland, Geelong, Warrnmabool, and regional towns","Australia","Healthcare and Public Health","","","","","","","","","","","","https://www.governmentnews.com.au/type_contributors/ransomware-rising-how-hackers-are-targeting-government-agencies/","",""
"369","9/3/2019","2019","Betty Jean People’s Health","Missouri","Healthcare and Public Health","","","","","","","","","No","","","https://www.hipaajournal.com/betty-jean-kerr-peoples-health-centers-ransomware-attack-impacts-152000-patients/","","data permanently lost"
"370","9/3/2019","2019","Demant","Denmark","Critical Manufacturing","Healthcare and Public Health","","","","","","","","","","","https://www.zdnet.com/article/ransomware-incident-to-cost-danish-company-a-whopping-95-million/","",""
"371","9/3/2019","2019","Monroe-Woodbury Central School District, Orange County, New York","New York","Education Facilities","","","","weeks","1 month or less","","","","No","","","https://www.bleepingcomputer.com/news/security/students-rejoice-school-district-closed-by-ransomware-attack/","",""
"372","9/4/2019","2019","Flagstaff School District, Arizona","Arizona","Education Facilities","","","","1 week","1 week or less","Undisclosed bitcoin","","","No","","","https://www.bleepingcomputer.com/news/security/students-rejoice-school-district-closed-by-ransomware-attack/","",""
"373","9/4/2019","2019","Wolcott School District","Connecticut","Education Facilities","","","","","","","","","","","","https://www.usnews.com/news/best-states/connecticut/articles/2019-09-10/ransomware-attack-hits-school-district-twice-in-4-months","","second ransomware attack in 4 months. Previous one lasted 3 months"
"374","9/6/2019","2019","Rockford Public Schools","Michigan","Education Facilities","","","","","","","","","","","","https://www.rrstar.com/news/20190909/rockford-public-schools-phones-internet-disabled-by-ransomware","",""
"375","9/8/2019","2019","Entercom Communications Corp.","Pennsylvania","Communication","","","","","","500,000","500,000","$1000000 or less","No","","","https://www.inquirer.com/business/entercom-radio-hack-ransomware-kyw-20190911.html","",""
"376","9/20/2019","2019","Campbell County Memorial Hospital, Wyoming","Wyoming","Healthcare and Public Health","","","","More than 1 month","More than 1 month","","","","","","","https://www.cyberdefensemagazine.com/campbell-county-memorial-hospital-in-wyoming-hit-by-ransomware-attack/","",""
"377","9/23/2019","2019","Southeastern Minnesota Oral & Maxillofacial Surgery (SEMOMS) ","Minnesota","Healthcare and Public Health","","","","","","","","","","","","https://www.hipaajournal.com/southeastern-minnesota-oral-maxillofacial-surgery-ransomware-attack-impacts-80000-patients/","",""
"378","9/24/2019","2019","Rheinmetall AG","Brazil, Mexico, and the United States","Critical Manufacturing","","","","2-4 Weeks","1 month or less","","","","","","","https://www.zdnet.com/article/malware-infection-disrupts-production-at-defence-contractor-plants-in-three-countries/","",""
"379","9/25/2019","2019","Ayuntamiento de Jerez (Jerez City Council)","Spain","Government Facilities","","Ryuk","S0446","","","","","","No","","","https://elpais.com/politica/2019/10/04/actualidad/1570211574_890574.html","",""
"380","9/30/2019","2019","City of Cornelia, GA","Georgia","Government Facilities","","","","1 day","1 day or less","","","","No","","","https://www.spamfighter.com/News-22472-Cornelia-City-faced-ransomware-attack-for-the-third-time-this-year.htm","",""
"381","9/30/2019","2019","North Carolina State Bar","North Carolina","Government Facilities","","","","","","","","","No","","","https://www.insurancejournal.com/news/southeast/2019/10/07/544667.htm","",""
"382","9/30/2019","2019","Gippsland Health Alliance and South West Alliance of Rural Health","Australia","Healthcare and Public Health","","","","","","","","","","","","https://www.vic.gov.au/cyber-health-incident","",""
"383","10/1/2019","2019","(3) DCH Health System hospitals (Tuscaloosa, Fayetter, and Northport, AL)","Alabama","Healthcare and Public Health","","Ryuk","S0446","","","","","","Yes","","","https://www.cbsnews.com/news/ransomware-attack-621-hospitals-cities-and-schools-hit-so-far-in-2019/; https://www.bleepingcomputer.com/news/security/dch-hospital-pays-ryuk-ransomware-for-decryption-key/ https://www.bleepingcomputer.com/news/security/us-and-australian-hospitals-targeted-by-new-ransomware-attacks/","",""
"384","10/1/2019","2019","Ozark Orthopaedics","Arkansas","Healthcare and Public Health","","","","","","","","","","","","https://www.beckershospitalreview.com/cybersecurity/arkansas-provider-alerts-15-000-patients-of-ransomware-attack.html","",""
"385","10/2/2019","2019","CareerSource Tampa Bay","Florida","Government Facilities","","","","","","","","","No","","","https://www.wfla.com/8-on-your-side/better-call-behnken/cyberattack-hits-careersource-agencies-in-tampa-bay/","384-385",""
"386","10/2/2019","2019","CareerSource Pinellas","Florida","Government Facilities","","","","","","","","","No","","","https://www.wfla.com/8-on-your-side/better-call-behnken/cyberattack-hits-careersource-agencies-in-tampa-bay/","384-385",""
"387","10/3/2019","2019","Cherry Hill School District","New Jersey","Education Facilities","","Ryuk","S0446","1 week","1 week or less","","","","","","","https://www.phillyvoice.com/ransomware-cherry-hill-school-district-computer-attack-ryuk-russia-based/","",""
"388","10/5/2019","2019","Sunapee Middle School","New Hampshire","Education Facilities","","","","2 months","More than 1 month","","","","No","","","https://www.unionleader.com/news/education/ransomware-attack-thwarted-at-sunapee/article_325cea79-c2a8-5e56-90ed-b474c2f69635.html","",""
"389","10/5/2019","2019","WOWW Radio","Idaho","Communication","","","","","","","","","No","","","https://boisedev.com/news/2019/04/02/report-boise-radio-stations-hit-with-ransomware-affecting-on-air-operations/","",""
"390","10/12/2019","2019","M6","France","Communication","","Bitpaymer","S0570","","","","","","","","","https://www.zdnet.com/article/m6-one-of-frances-biggest-tv-channels-hit-by-ransomware/; https://lexpansion.lexpress.fr/high-tech/piratage-informatique-apres-m6-d-autres-medias-francais-alertes_2103513.html","",""
"391","10/12/2019","2019","Ingredion","Illinois","Food and Agriculture","","","","","","","","","","","","https://www.thegazette.com/subject/news/business/ingredion-to-deduct-wages-from-employee-paychecks-following-ransomware-attack-20191129","",""
"392","10/13/2019","2019","Pilz","Germany","Critical Manufacturing","","Bitpaymer","S0570","8 days","1 month or less","","","","","","","https://www.zdnet.com/article/major-german-manufacturer-still-down-a-week-after-getting-hit-by-ransomware/","",""
"393","10/13/2019","2019","TrialWorks (MSP)","Florida","Information Technology","","","","9 days","1 month or less","","","","Yes","","","https://www.bleepingcomputer.com/news/security/trialworks-ransomware-attack-disrupts-court-cases-and-deadlines/","",""
"394","10/14/2019","2019","Alphabroder","Pennsylvania","Commercial Facilities","Critical Manufacturing","Revil/sodinokibi","S0496","Ongoing as of 10/16/2019","","","","","No","","","https://www.asicentral.com/news/newsletters/promogram/october-2019/alphabroder-suffers-ransomware-attack/","",""
"395","10/14/2019","2019","Pitney Bowes","Connecticut","Transportation Systems","","Ryuk","S0446","4 days","1 week or less","","","","No","","","https://maintenance.pb.com/pbcom/outage.html?pbcom=october-14","",""
"396","10/15/2019","2019","LifeLabs","Canada","Healthcare and Public Health","","","","","","","","","Yes","","","https://www.cybersecurity-insiders.com/lifelabs-canada-hit-by-a-ransomware-attack/","",""
"397","10/21/2019","2019","Andrew Agencies","Canada","Financial Services","","Maze","S0449","","","150 bitcoin","$1.1 million","$5000000 or less","No","","","https://ottawacitizen.com/technology/tech-news/manitoba-insurance-agency-admits-it-was-hit-by-ransomware/wcm/665f3d3a-4c7e-4f3e-9ac4-3b8ba9d5390d","",""
"398","10/21/2019","2019","Johnson City","Tennessee","Government Facilities","","","","Hours","1 day or less","","","","No","","","https://wcyb.com/news/local/johnson-city-hiring-cybersecurity-expert-months-after-ransomware-attack","",""
"399","10/25/2019","2019","National Veterinary Associates ","California","Healthcare and Public Health","","Ryuk","S0446","Months","More than 1 month","","","","","","","https://krebsonsecurity.com/2019/11/ransomware-bites-400-veterinary-hospitals/","",""
"400","10/27/2019","2019","Children's Choice Pediatrics","Texas","Healthcare and Public Health","","","","","","","","","","","","https://www.hipaajournal.com/ransomware-attacks-reported-by-florida-and-texas-healthcare-providers/","",""
"401","10/28/2019","2019","Boardriders","California","Commercial Facilities","","","","","","","","","","","","https://www.bleepingcomputer.com/news/security/quiksilver-and-billabong-affected-by-ransomware-attack/","",""
"402","10/29/2019","2019","Las Cruces Public School District","New Mexico","Education Facilities","","Ryuk","S0446","Months","More than 1 month","","","","No","","","https://edscoop.com/ransomware-forces-new-mexico-school-district-scrub-30000-devices/","","3rd time in the past 6 years they’ve been attacked"
"403","11/1/2019","2019","Allied Universal","California","Information Technology","","Maze","S0449","","","300 bitcoin","$2.3 million","$5000000 or less","No","","","https://www.bankinfosecurity.com/maze-ransomware-gang-names-more-alleged-victims-a-13539","",""
"404","11/2/2019","2019","Government of Nunavut","Canada","Government Facilities","","","","","","","","","No","","","https://nunatsiaq.com/stories/article/government-of-nunavut-says-its-computer-backups-are-ok-despite-ransomware-attack/","",""
"405","11/4/2019","2019","Everis","Spain","Information Technology","","Bitpaymer","S0570","","","","","","","","","https://www.bleepingcomputer.com/news/security/ransomware-attacks-hit-everis-and-spains-largest-radio-network/","",""
"406","11/4/2019","2019","Foxborough Regional Charter School","Massachusetts","Education Facilities","","","","Weeks","1 month or less","$5,000 ","$5,000 ","$50000 or less","","","","https://www.bostonglobe.com/metro/2019/11/04/ransomware-attackers-demand-almost-from-foxborough-school-amid-weekslong-network-shutdown/RekQZXXFn6L1sRx5lvMmLL/story.html","",""
"407","11/4/2019","2019","Lincoln County School District","Mississippi","Education Facilities","","","","","","","","","","","","https://www.clarionledger.com/story/news/local/2019/11/05/cyber-attack-ransomware-lincoln-county-school-district-mississippi-internet-safety/4164970002/","",""
"408","11/4/2019","2019","Cadena SER","Spain","Communication","","","","","","750,000 euros in bitcoin","$826,000 ","$1000000 or less","","","","https://www.cryptopolitan.com/spainish-radio-network-hit-by-ransomware/","",""
"409","11/6/2019","2019","ABC Liquor Store in Pitt County","North Carolina","Commercial Facilities","","","","","","","","","No","","","https://www.witn.com/content/news/Ransomware-attack-delays-local-liquor-store-opening-564584301.html","",""
"410","11/6/2019","2019","Wood County Schools","West Virginia","Education Facilities","","","","Months","More than 1 month","","","","","","","http://wvmetronews.com/2019/11/14/wood-county-schools-rebuild-continues-after-ransomware-attack/","",""
"411","11/8/2019","2019","Center for Facial Restoration","Florida","Healthcare and Public Health","","","","Months","More than 1 month","","","","","","","https://bobsullivan.net/syndication/plastic-surgeons-patients-extorted-by-hackers-as-ransomware-gangs-ramp-up-dual-threat-hacks/","",""
"412","11/9/2019","2019","SmarterASP.NET","California","Information Technology","Communication","","","","","","","","No","","","https://threatpost.com/ransomware-attack-downs-hosting-service-smarterasp-net/150072/","",""
"413","11/10/2019","2019","Petróleos Mexicanos (Pemex)","Mexico","Energy","","Bitpaymer","S0570","4 days","1 week or less","565 bitcoin","$4.9 million","$5000000 or less","No","","","https://www.reuters.com/article/us-mexico-pemex/hackers-demand-5-million-from-mexicos-pemex-in-cyberattack-idUSKBN1XN03A; https://www.msspalert.com/cybersecurity-breaches-and-attacks/ransomware/pemex-recovery-update/","",""
"414","11/11/2019","2019","Central Kansas Orthopedic Group","Kansas","Healthcare and Public Health","","","","","","","","","No","","","https://www.databreaches.net/attacked-by-ransomware-central-kansas-orthopedic-group-refused-to-pay-ransom-and-restored-from-backups/","",""
"415","11/12/2019","2019","Penn-Harris Madison Schools","Indiana","Education Facilities","","","","","","","","","No","","","https://www.southbendtribune.com/news/education/penn-harris-madison-schools-working-to-restore-network-after-ransomware/article_fa7359e7-9805-51cd-94d3-34bd65edb461.html","",""
"416","11/12/2019","2019","Port Neches-Groves ISD","Texas","Education Facilities","","","","","","","","","","","","https://www.beaumontenterprise.com/news/article/Port-Neches-Groves-ISD-attacked-by-ransomware-14829523.php","",""
"417","11/15/2019","2019","Chicopee Public Schools","Massachusetts","Education Facilities","","","","","","","","","","","","https://www.masslive.com/news/2019/11/chicopee-school-computers-being-restored-after-ransomware-attack-leaves-many-files-useless.html","",""
"418","11/15/2019","2019","Rouen University Hospital Center (CHU)","France","Healthcare and Public Health","","","","","","","","","No","","","https://www.cisomag.com/rouen-hospital-ransomware-attack/","",""
"419","11/17/2019","2019","Virtual Care Provider Inc. (VCPI) ","Wisconsin","Information Technology","Healthcare and Public Health","","","","","$14 million in bitcoin","$14 million","More than $5000000","","","","https://seniorhousingnews.com/2019/11/27/senior-care-providers-scramble-after-14m-ransomware-attack-hits-tech-firm-vcpi/","",""
"420","11/18/2019","2019","Louisiana’s Office of Technology Services (OTS)","Louisiana","Government Facilities","Transportation Systems","Ryuk","S0446","Days","1 week or less","","","","No","","","https://www.cpomagazine.com/cyber-security/louisiana-hit-with-another-ryuk-ransomware-attack/","","LA governor declared state of emergency. Office of technology services also includes office of motor vehicles, department of health, and department of transportation and development"
"421","11/22/2019","2019","Claremont Unified School District","California","Education Facilities","","","","","","","","","No","","","https://www.dailybulletin.com/2019/11/22/claremont-unified-schools-hit-by-ransomware-attack/","",""
"422","11/22/2019","2019","Manchester Ophthalmology","Connecticut","Healthcare and Public Health","","","","Ongoing","","","","","No","","","https://www.beckershospitalreview.com/cybersecurity/hacker-attempts-to-encrypt-connecticut-provider-with-ransomware.html","",""
"423","11/23/2019","2019","Archuleta County ","Colorado","Government Facilities","","","","","","$300,000 in bitcoin","$300,000 ","$1000000 or less","","","","http://www.pagosasun.com/county-ransomware-virus-eradicated-hackers-ask-for-300000/","",""
"424","11/25/2019","2019","Englewood Complete Technology Services","Colorado","Information Technology","Healthcare and Public Health","Revil/sodinokibi","S0496","","","$700,000 ","$700,000 ","$1000000 or less","No","","","https://krebsonsecurity.com/2019/12/ransomware-at-colorado-it-provider-affects-100-dental-offices/","",""
"425","11/25/2019","2019","Livingston School District","New Jersey","Education Facilities","","","","","","","","","","","","https://www.newsobserver.com/news/business/article237743489.html","",""
"426","11/25/2019","2019","Great Plains Health","Nebraska","Healthcare and Public Health","","","","Ongoing","","","","","","","","https://ktiv.com/2019/11/27/north-platte-hospital-reports-ransomware-attack/","",""
"427","11/27/2019","2019","Prosegur","Spain","Information Technology","","Ryuk","S0446","","","","","","No","","","https://www.2-spyware.com/prosegur-shuts-down-their-it-network-after-ryuk-ransomware-attack","",""
"428","11/30/2019","2019","Maine School Administrative District #6","Maine","Education Facilities","","","","","","","","","","","","https://wgme.com/news/local/maine-school-district-victim-of-ransomware-attack","",""
"429","12/1/2019","2019","Bird Construction","Canada","Critical Manufacturing","","Maze","S0449","","","","","","","","","https://www.infosecurity-magazine.com/news/bird-construction-compromised-in/","",""
"430","12/1/2019","2019","City of Onkaparinga Council","Australia","Government Facilities","","Ryuk","S0446","","","","","","","","","https://www.governmentnews.com.au/type_contributors/ransomware-rising-how-hackers-are-targeting-government-agencies/","",""
"431","12/1/2019","2019","Crossroads Technologies","Pennsylvania","Healthcare and Public Health","","","","","","","","","","","","https://www.govinfosecurity.com/ransomware-attack-on-ehr-vendor-impacts-home-health-chain-a-13751","",""
"432","12/1/2019","2019","North Carolina Native American Tribe","North Carolina","Government Facilities","","","","","","","","","","","","https://www.bleepingcomputer.com/news/security/ransomware-locks-down-the-nipissing-first-nation/","",""
"433","12/2/2019","2019","Medical Diagnostic Laboratories","New Jersey","Healthcare and Public Health","","Maze","S0449","","","200 bitcoin","$1.7 million","$5000000 or less","No","","","https://www.beckershospitalreview.com/cybersecurity/mdlabs-refuses-to-pay-1-7m-ransomware-demand-hackers-threaten-to-release-data.html","",""
"434","12/2/2019","2019","Hackensack Meridian Health","New Jersey","Healthcare and Public Health","","","","5 days","1 week or less","","","","Yes","","","https://www.cyberscoop.com/hackensack-meridian-health-ransomware-attack/               https://www.thedailybeast.com/ransomware-took-out-new-jersey-hospital-heath-network-for-five-days","",""
"435","12/3/2019","2019","Sycamore School District 427","Illinois","Education Facilities","","","","","","","","","","","","https://www.daily-chronicle.com/2019/12/03/ransomware-attack-hits-sycamore-school-district-427/apeslaw/","",""
"436","12/4/2019","2019","BST & CO (accounting firm)","New York","Financial Services","","Maze","S0449","(ended Dec 7) 3 days","1 week or less","","","","No","","","https://healthitsecurity.com/news/accounting-firm-ransomware-hack-affects-community-care-patient-data","",""
"437","12/5/2019","2019","CyrusOne","Texas","Information Technology","","Revil/sodinokibi","S0496","","","","","","No","","","https://www.zdnet.com/article/ransomware-attack-hits-major-us-data-center-provider/","",""
"438","12/5/2019","2019","Shakespeare Theatre","New Jersey","Commercial Facilities","","","","","","","","","","","","https://www.northjersey.com/story/entertainment/arts/2019/12/05/shakespeare-theatre-madison-nj-suffers-ransomware-attack/2618147001/","",""
"439","12/5/2019","2019","Bio-Rad Laboratories, Inc.","California","Healthcare and Public Health","","","","1 week","1 week or less","","","","","","","https://www.businesswire.com/news/home/20191213005492/en/Bio-Rad-Progress-Recovering-Ransomware-Attack","",""
"440","12/7/2019","2019","City of Pensacola","Florida","Government Facilities","","Maze","S0449","","","$1 million","$1 million","$1000000 or less","No","","","https://securityboulevard.com/2019/12/maze-ransomware-used-in-pensacola-cyber-attack/","",""
"441","12/7/2019","2019","Town of East Greenwich","Rhode Island","Government Facilities","","","","","","","","","No","","","https://eastgreenwichnews.com/town-hit-by-ransoware-system-shut-down-to-limit-damage/","",""
"442","12/9/2019","2019","Busch's Inc (Grocery chain)","Michigan","Food and Agriculture","","Maze","S0449","","","","","","No","","","https://www.buschsblog.com/single-post/2019/12/13/BUSCH%E2%80%99S-FRESH-FOOD-MARKET-ATTACKED-BY-RANSOMWARE-VIRUS","",""
"443","12/9/2019","2019","Southwire (cable and wire manufacturer)","Georgia","Critical Manufacturing","","Maze","S0449","","","850 bitcoins","$6 million","More than $5000000","No","","","https://nakedsecurity.sophos.com/2020/01/07/maze-ransomware-threatens-data-exposure-unless-6m-ransom-paid/","",""
"444","12/9/2019","2019","Arrigo Dodge Chrysler Jeep of West Palm Beach","Florida","Commercial Facilities","","","","","","","","","No","","","https://www.wpbf.com/article/west-palm-beach-car-dealership-hit-by-ransomware/30202071#","",""
"445","12/11/2019","2019","Baton Rouge Community College","Louisiana","Education Facilities","","","","","","","","","No","","","https://www.infosecurity-magazine.com/news/louisiana-college-struck-by/","",""
"446","12/12/2019","2019","Tidelands Health","South Carolina","Healthcare and Public Health","","","","","","","","","","","","https://www.live5news.com/2020/01/24/lawsuit-claims-thousands-patients-information-compromised-tidelands-health-ransomware-attack/","",""
"447","12/13/2019","2019","City of New Orleans","Louisiana","Government Facilities","","","","Recovery ongoing as of 7/2/2020","","","","","","","","https://apnews.com/f6d6a3acdc1cbca7b71dfa2068c1e3d9; https://www.wdsu.com/article/many-first-responders-from-paramedics-to-police-facing-emotional-toll-of-pandemic/33045855","",""
"448","12/16/2019","2019","City of Galt","California","Government Facilities","","","","1 month","1 month or less","","","","No","","","https://www.abc10.com/article/news/crime/hackers-cripple-city-of-galt-computer-systems-in-ransomware-attack/103-285fbb72-420b-46da-96d8-8f4ca5b8055a","",""
"449","12/17/2019","2019","St. Lucie County Sheriff's Office","Florida","Government Facilities","Emergency Services","","","","","","","","No","","","https://www.tcpalm.com/story/news/crime/st-lucie-county/2019/12/17/st-lucie-county-sheriffs-office-victim-ransomware-incident/2675429001/","",""
"450","12/20/2019","2019","TruckStop.com","Idaho","Commercial Facilities","Transportation Systems","","","1 week","1 week or less","","","","","","","https://www.freightwaves.com/news/truckstop-com-says-ransomware-knocked-its-sites-offline","",""
"451","12/23/2019","2019","Maastricht University","Netherlands","Education Facilities","","","","8 days","1 month or less","30 bitcoin","$300,000 ","$1000000 or less","Yes","bitcoin","30 bitcoin","https://www.itnews.com.au/news/maastricht-university-pulls-all-it-offline-after-ransomware-attack-535979; https://www.scmagazine.com/home/security-news/ransomware/a-tail-of-two-ransomware-attacks/","",""
"452","12/24/2019","2019","Synoptek","California","Information Technology","","Revil/sodinokibi","S0496","2 days","1 week or less","","","","Yes","","","https://krebsonsecurity.com/2019/12/ransomware-at-it-services-provider-synoptek/","",""
"453","12/24/2019","2019","City of Seal Beach","California","Government Facilities","","","","","","","","","","","","https://www.sunnews.org/city-of-seal-beach-victim-of-ransomware-attack/","",""
"454","12/24/2019","2019","Pittsburgh Unified School District","California","Education Facilities","","","","","","","","","No","","","https://nakedsecurity.sophos.com/2020/01/10/ransomware-pounces-on-california-schools-las-vegas-trounces-attack/","",""
"455","12/24/2019","2019","City of Dunwoody","Georgia","Government Facilities","","","","","","Undisclosed bitcoin","","","No","","","https://www.reporternewspapers.net/2020/01/09/city-of-dunwoody-recovers-from-cyber-attack-that-shut-down-computer-systems/","",""
"456","12/25/2019","2019","LogicalNet (MSP) Schenectady, NY","New York","Information Technology","","Revil/sodinokibi","S0496","","","","","","","","","https://www.msspalert.com/cybersecurity-news/sodinokibi-hits-msp-new-york-airport/","malware spread to Albany County Airport",""
"457","12/25/2019","2019","Richmond Community Schools","Michigan","Education Facilities","","","","","","$10,000 ","$10,000 ","$50000 or less","No","","","https://www.clickondetroit.com/news/local/2020/01/02/ransomware-attack-forces-richmond-schools-to-extend-holiday-break/     https://www.msspalert.com/cybersecurity-breaches-and-attacks/ransomware/malware-hits-schools-hospitals/","",""
"458","12/25/2019","2019","Albany International Airport","New York","Transportation Systems","","","","5 days","1 week or less","Undisclosed bitcoin","$10,000+ but less than 6 figures","$50000 or less","Yes","Bitcoin","Undisclosed bitcoin","https://www.crn.com/news/security/albany-airport-pays-ransom-after-its-msp-was-hit-by-ransomware; https://www.msspalert.com/cybersecurity-news/sodinokibi-hits-msp-new-york-airport/","",""
"459","12/27/2019","2019","US Coast Guard","United States","Defense Industrial Base","Transportation Systems","Ryuk","S0446","30 hours","1 day or less","","","","","","","https://www.bleepingcomputer.com/news/security/us-coast-guard-says-ryuk-ransomware-took-down-maritime-facility/","",""
"460","12/27/2019","2019","Tribune Publishing","California","Communication","","Ryuk","S0446","","","","","","","","","https://www.cisomag.com/ransomware-tampa-bay-times/","",""
"461","12/31/2019","2019","Travelex","United Kingdom","Financial Services","","Revil/sodinokibi","S0496","more than 1 month","1 month or less","4.6 million euro","$6 million","More than $5000000","Yes","Bitcoin","285 Bitcoin ($2.3 million)","https://www.reuters.com/article/us-britain-travelex/ransomware-hit-travelex-says-it-has-recovered-its-uk-website-idUSKBN1ZU2DZ; https://www.bbc.com/news/business-51034731; https://www.cryptoglobe.com/latest/2020/04/travelex-paid-2-3-million-in-bitcoin-following-ransomware-attack/","","Up for sale b/c of loss of revenue from attack + COVID19"
"177","1/1/2018","2018","Azusa police department","California","Emergency Services","","","","1 week","1 week or less","","","","Yes","","$65,000","https://newsnationusa.com/news/entertainment/movie-review/azusa-police-suffered-a-ransomware-attack-in-2018-the-city-kept-it-secret/","","Paid through cyber insurance"
"178","1/1/2018","2018","TransCanada","Canada","Energy","","","","","","","","","","","","https://www.bankinfosecurity.com/ransomware-attack-hit-us-natural-gas-facility-a-13740","",""
"179","1/3/2018","2018","City of Farmington","New Mexico","Government Facilities","","Samsam","S0370","90 days","More than 1 month","3 bitcoin","$35,000","$50000 or less","No","","","https://www.daily-times.com/story/news/local/farmington/2018/01/18/farmington-recovering-after-ransomware-attack/1044845001/; https://www.governing.com/security/New-Mexico-Tries-to-Respond-to-Increased-Ransomware-Attacks.html","",""
"180","1/4/2018","2018","City of Belle Fourche","South Dakota","Government Facilities","","","","","","","","","No","","","https://www.scmagazine.com/home/security-news/ransomware/belle-fourche-s-d-city-hall-hit-with-ransomware/","",""
"181","1/11/2018","2018","Hancock Health","Indiana","Healthcare and Public Health","","Samsam","S0370","4 days","1 week or less","4 bitcoin","$45,000-55,000","$50000 or less","Yes","","","https://www.securityweek.com/samsam-ransomware-attacks-hit-healthcare-firms  https://www.hancockregionalhospital.org/2018/01/cyber-attack-pov-ceo/","",""
"182","1/11/2018","2018","Adams Memorial Hospital, Indiana","Indiana","Healthcare and Public Health","","","","","","","","","","","","https://www.cyberscoop.com/ransomware-adams-memorial-hospital-decatur-indiana/","",""
"183","1/18/2018","2018","Allscripts Healthcare Solutions, Inc.","Illinois","Healthcare and Public Health","","Samsam","S0370","","","","","","","","","https://www.securityweek.com/samsam-ransomware-attacks-hit-healthcare-firms","",""
"184","1/27/2018","2018","Chester County School District","South Carolina","Education Facilities","","","","","","","","","No","","","https://www.wcnc.com/article/news/crime/crimestoppers/sc-school-district-latest-victim-to-ransomware/275-512723105","",""
"185","1/29/2018","2018","Spartanburg County Library","South Carolina","Education Facilities","","","","2 days","1 week or less","3.6-3.8 bitcoin","$35,000","$50000 or less","No","","","https://www.wspa.com/news/spartanburg-co-libraries-hit-by-ransomware-attack/","",""
"186","2/9/2018","2018","Savannah (and Savannah PD)","Georgia","Government Facilities","Emergency Services","","","","","","","","","","","https://www.wsav.com/news/malware-attack-continues-to-cripple-city-of-savannah-employees/","",""
"187","2/16/2018","2018","Davidson County","North Carolina","Government Facilities","","Samas","","1 month","1 month or less","Undisclosed bitcoin","$23,000","$50000 or less","No","","","https://www.govtech.com/security/North-Carolina-County-Announces-Full-Recovery-from-Ransomware-Attack.html","",""
"188","2/18/2018","2018","Johnson County Sheriff's Department","Arkansas","Emergency Services","","","","","","","","","No","","","https://www.4029tv.com/article/videos-inspiration-to-your-day/29369758","",""
"189","2/18/2018","2018","Center for Orthopedic Specialists/Providence Medical Institute","Rhode Island","Healthcare and Public Health","","","","","","","","","","","","https://www.hhs.gov/hipaa/for-professionals/compliance-enforcement/agreements/pmi-npd/index.html","","On February 25, 2018, COS systems containing ePHI were impacted by a second ransomware attack.
On March 4, 2018, COS systems containing ePHI were impacted by a third wave of ransomware."
"190","2/20/2018","2018","City of Hinesville","Georgia","Government Facilities","","","","","","","","","No","","","https://fox28media.com/news/local/city-of-hinesville-servers-impacted-by-ransomware-attack","",""
"191","2/21/2018","2018","Colorado Department of Transportation (CDOT)","Colorado","Transportation Systems","","Samsam","S0370","1 month","1 month or less","Undisclosed bitcoin","","","No","","","https://www.msspalert.com/cybersecurity-breaches-and-attacks/colorado-dot-suffers-samsam-ransomware-attack-shuts-down-2k-computers/","","Colorado declared State of Emergency"
"192","2/23/2018","2018","State of Connecticut (12 State Agencies, including the Department of Administrative Services)","Connecticut","Government Facilities","","WannaCry","S0366","3 days","1 week or less","","","","No","","","https://www.wfsb.com/news/a-dozen-state-agencies-targeted-in-cyberattack/article_dccc3f9c-cb6b-52ad-9f55-29eed0677ff6.html; https://www.itgovernanceusa.com/blog/12-connecticut-state-agencies-hit-by-a-cyber-attack; https://www.itgovernanceusa.com/blog/12-connecticut-state-agencies-hit-by-a-cyber-attack","",""
"193","3/1/2018","2018","Mississippi Valley State University","Mississippi","Education Facilities","","Samsam","S0370","","","","","","","","","http://deltadailynews.com/mvsu-campus-loses-internet-after-ransomware-attack/","",""
"194","3/1/2018","2018","City of Leeds","Alabama","Government Facilities","","","","","","$12,000 in bitcoin","$12,000","$50000 or less","Yes","bitcoin","$12,000 in bitcoin","https://www.al.com/news/2018/03/leeds_hit_with_ransomware_atta.html","",""
"195","3/2/2018","2018","Leeds PD and FD","Alabama","Emergency Services","","","","","","$8,000 in bitcoin","$8,000","$50000 or less","Yes","bitcoin","$8,000 in bitcoin","https://www.seculore.com/cyber-attacks-alabama","",""
"196","3/2/2018","2018","Portland","Connecticut","Government Facilities","","","","","","$2,000 in Dash","$2,000","$50000 or less","No","","","https://www.middletownpress.com/news/article/Portland-s-computers-attacked-by-ransomware-for-12756087.php","",""
"197","3/9/2018","2018","Connecticut Judicial Branch","Connecticut","Government Facilities","","","","1 day","1 day or less","","","","No","","","https://www.courant.com/breaking-news/hc-courts-judicial-ransomware-attack-0310-story.html","",""
"198","3/9/2018","2018","Portland","Connecticut","Government Facilities","","","","","","$2,000 in Dash","$2,000","$50000 or less","No","","","https://www.middletownpress.com/news/article/Portland-s-computers-attacked-by-ransomware-for-12756087.php","Second time targeted in the same month",""
"199","3/22/2018","2018","Atlanta (and Atlanta PD)","Georgia","Government Facilities","Emergency Services","Samsam","S0370","","","$51,000 in bitcoin","$51,000","$100000 or less","No","","","https://www.11alive.com/article/news/local/cyberattack-hits-atlanta-computers-everyone-who-has-done-business-with-city-may-be-at-risk/85-530947288; https://www.msspalert.com/cybersecurity-news/atlanta-ransomware-update-city-refuses-cyber-kidnappers-demands-still-assessing-damage/","",""
"200","3/25/2018","2018","Baltimore 911 System","Maryland","Emergency Services","","","","1 day","1 day or less","","","","No","","","https://www.baltimoresun.com/news/crime/bs-md-ci-911-hacked-20180327-story.html","",""
"201","3/30/2018","2018","MN Associates in Psychiatry and Psychology","Minnesota","Healthcare and Public Health","","TripleM","","","","4 bitcoin","about $27000","$50000 or less","Yes","bitcoin",".5 BTC","https://www.databreaches.net/mn-associates-in-psychiatry-and-psychology-disclose-ransomware-incident/","",""
"202","4/2/2018","2018","Energy Transfer Partners","Texas","Energy","","","","hours","1 day or less","","","","","","","https://www.utilitydive.com/news/hackers-hit-communications-system-of-energy-transfer-partners-pipeline/520531/","",""
"203","4/4/2018","2018","Leominster School District","Massachusetts","Education Facilities","","","","1-2 Weeks","1 month or less","10,000","$10,000 ","$50000 or less","Yes","bitcoin","$10,000","https://www.cbsnews.com/news/school-district-pays-10000-bitcoin-ransom-after-cyberattack-massachusetts/","",""
"204","4/6/2018","2018","City of Richmond","Virginia","Government Facilities","","","","","","","","","No","","","https://www.seculore.com/cyber-attacks-virginia","",""
"205","4/13/2018","2018","Town of Rockport","Maine","Government Facilities","","","","4 days","1 week or less","$1,000 in bitcoin","$1,000","$1000 or less","No","","","https://bangordailynews.com/2018/04/18/news/midcoast/hackers-seeking-ransom-hit-maine-towns-computer-system/","",""
"206","4/21/2018","2018","Ashland Community Library","Maine","Education Facilities","","","","","","$400 ","$400","$1000 or less","No","","","https://thecounty.me/2018/04/23/news/ashland-library-an-falls-victim-to-computer-hacking/","",""
"207","4/23/2018","2018","Dawson County","Georgia","Government Facilities","","","","","","","","","No","","","https://www.gainesvilletimes.com/news/dawson-computer-servers-fall-victim-cyberattack/","",""
"208","4/23/2018","2018","Riverside FD and PD","Ohio","Emergency Services","","","","","","","","","No","","","https://www.whio.com/news/local/computer-virus-cripples-riverside-police-fire-server/ZmcXnwlGySR8QyIc6h2iMM/","",""
"209","5/4/2018","2018","Riverside FD and PD","Ohio","Emergency Services","","","","","","","","","No","","","https://www.bleepingcomputer.com/news/security/police-dept-loses-10-months-of-work-to-ransomware-gets-infected-a-second-time/","",""
"210","5/7/2018","2018","Roseburg Public Schools","Oregon","Education Facilities","","","","","","","","","No","","","https://www.nrtoday.com/news/public_safety/roseburg-public-schools-computer-system-hacked/article_22c805d9-7f4a-5646-a832-b9711b23be32.html#comments","",""
"211","5/12/2018","2018","Blue Springs Family Care","Missouri","Healthcare and Public Health","","","","","","","","","No","","","https://www.kcur.org/health/2018-08-03/ransomware-attack-at-blue-springs-medical-practice-exposes-45-000-patient-records","",""
"212","5/16/2018","2018","Pasquotank County","North Carolina","Government Facilities","","Scarab","","","","$2500 in bitcoin","$2,500","$50000 or less","No","","","https://www.dailyadvance.com/news/local/cyberattack-shuts-down-pasquotank-website-files/article_fae0c688-0b7a-5475-92a6-266bfc38cdd8.html","",""
"213","5/21/2018","2018","City of Winder","Georgia","Government Facilities","","","","","","40 bitcoin","$320,000","$1000000 or less","No","","","https://www.cbs46.com/news/city-of-winder-newest-city-hit-with-cyber-attack/article_311f2101-b1d3-5e0c-8633-3875c32a83a5.html","",""
"214","5/21/2018","2018","Lamar County Sheriff's Department","Texas","Government Facilities","Emergency Services","","","","","","","","No","","","https://www.zdnet.com/article/what-happens-when-the-cops-get-hit-with-malware-too/","",""
"215","5/24/2018","2018","Banco de Chile","Chile","Financial Services","","","","","","","","","","","","https://lifars.com/2018/06/chiles-bank-computers-crash-swift-hack/","",""
"216","5/30/2018","2018","Jefferson Village","Ohio","Government Facilities","","","","","","$4900 in bitcoin","$4,900","$50000 or less","No","","","https://www.govtech.com/security/Ransomware-Misses-Mark-in-Ohio-Town.html","",""
"217","5/31/2018","2018","State Agencies (departments of Children, Youth and Families; Human Services; and Behavioral Healthcare, Developmental Disabilities and Hospitals)","Rhode Island","Government Facilities","","","","","","","","","No","","","https://www.govtech.com/security/Three-Agencies-Affected-No-Data-Compromised-In-Rhode-Island-Malware-Incident.html","",""
"218","6/1/2018","2018","Village of Palm Springs","Florida","Government Facilities","","Scarab","","","","","","","Yes","bitcoin","$1,200","https://www.palmbeachpost.com/news/20190621/in-depth-how-riviera-beach-left-door-wide-open-for-hackers                                    https://www.wptv.com/news/region-c-palm-beach-county/village-of-palm-springs-confirms-cyber-attack","","hackers split ransom request into 3 decryption keys. Village paid first and second, but refused to pay for third"
"219","6/28/2018","2018","Middletown School District","Connecticut","Education Facilities","","","","","","","","","No","","","https://www.courant.com/community/middletown/hc-news-middletown-school-ransomware-20180629-story.html","",""
"220","7/1/2018","2018","Westmoreland County Housing Authority","Pennsylvania","Government Facilities","","","","","","1 bitcoin","$6,500 ","$50000 or less","Yes","bitcoin","1 bitcoin","https://www.govtech.com/budget-finance/To-Pay-or-Not-to-Pay-Ransomware-Demands-Can-Be-Less-Costly-than-Mitigation.html","",""
"221","7/8/2018","2018","Derby Police Department","Connecticut","Emergency Services","","","","1 day","1 day or less","","","","No","","","https://www.wfsb.com/news/derby-police-dept-hit-by-hackers/article_0dbbd764-af71-55ca-971b-fb34450f28af.html","",""
"222","7/14/2018","2018","LabCorp","North Carolina","Healthcare and Public Health","","Samsam","S0370","1 week","1 week or less","","","","No","","","https://www.securityweek.com/ransomware-attack-hits-health-firm-labcorp","",""
"223","7/24/2018","2018","Borough of Matanuska-Susitna (Mat-Su)","Alaska","Government Facilities","","Bitpaymer","S0570","","","","","","No","","","https://www.bleepingcomputer.com/news/security/bitpaymer-ransomware-infection-forces-alaskan-town-to-use-typewriters-for-a-week/","",""
"224","7/24/2018","2018","Cosco Shipping Lines","USA, Canada, Panama, Argentina, Brazil, Peru, Chile, and Uruguay","Transportation Systems","","","","","","","","","","","","https://www.bankinfosecurity.com/shipping-giant-cosco-hit-by-ransomware-attack-a-11256","",""
"225","7/27/2018","2018","City of Valdez","Alaska","Government Facilities","","Hermes","","","","4 bitcoin","$26,623.97","$50000 or less","Yes","bitcoin","4 bitcoin","https://www.zdnet.com/article/city-of-valdez-alaska-admits-to-paying-off-ransomware-infection/","",""
"226","8/3/2018","2018","Cloquet School District","Minnesota","Education Facilities","","","","","","","","","No","","","https://www.pinejournal.com/news/education/4486912-cloquet-school-district-hit-second-ransomware-attack","",""
"227","8/7/2018","2018","PGA","United States","Commercial Facilities","","BitPaymer","S0570","","","Undisclosed bitcoin","","","","","","https://www.bleepingcomputer.com/news/security/the-pga-possibly-infected-with-the-bitpaymer-ransomware/;                              https://www.cisomag.com/pga-golf-championship-targeted-by-ransomware-attack/","",""
"228","8/19/2018","2018","Coweta County and Public Safety","Georgia","Government Facilities","","","","2 weeks","1 month or less","50 bitcoin","$341,000","$1000000 or less","No","","","https://www.govtech.com/security/Coweta-County-Ga-Largely-Restores-Servers-Following-Ransomware-Attack.html","",""
"229","9/5/2018","2018","Town of Marblehead","Massachusetts","Government Facilities","","","","","","","","","No","","","https://marblehead.wickedlocal.com/news/20180905/cyber-security-sweep-of-marbleheads-town-systems-on-tap","",""
"230","9/9/2018","2018","Monroe County School District","Florida","Education Facilities","","GandCrab","","3 days","1 week or less","","","","No","","","https://www.miamiherald.com/latest-news/article218289740.html","",""
"231","9/17/2018","2018","City of Beatrice (and PD and FD)","Nebraska","Government Facilities","Emergency Services","","","","","","","","","","","https://journalstar.com/news/state-and-regional/nebraska/computer-virus-disrupts-beatrice-city-agencies/article_b49a843b-2a62-5938-9446-9620e83d9738.html","",""
"232","9/23/2018","2018","Wolverine Solutions Group","Michigan","Financial Services","Healthcare and Public Health","","","within a month","1 month or less","","","","","","","https://www.hipaajournal.com/more-than-600000-michigan-residents-affected-by-wolverine-solutions-breach-warns-ag-nessel/","",""
"233","9/28/2018","2018","Port of San Diego (Harbor and PD)","California","Transportation Systems","","Samsam","S0370","","","","","","No","","","https://www.bbc.com/news/technology-45677511","",""
"234","10/4/2018","2018","Onslow County Water and Sewer","North Carolina","Water and Wastewater Systems","","Ryuk","S0446","","","","","","No","","","https://www.securityweek.com/what-onslow-water-and-sewer-authority-can-teach-about-responsible-disclosure","",""
"235","10/7/2018","2018","Madison County","Idaho","Government Facilities","","","","","","","","","No","","","https://www.localnews8.com/news/rexburg/ransomware-attack-knocks-out-madison-county-s-system/805840532","",""
"236","10/15/2018","2018","Indiana National Guard","Indiana","Government Facilities","Emergency Services","","","","","","","","","","","https://statescoop.com/indiana-national-guard-recovers-from-ransomware-attack-on-state-server/","",""
"237","10/16/2018","2018","City of West Haven","Connecticut","Government Facilities","","","","","","$2,000 in bitcoin","$2,000","$50000 or less","Yes","bitcoin","$2,000 in bitcoin","https://www.nhregister.com/news/article/West-Haven-falls-victim-to-ransomware-13318508.php","",""
"238","10/16/2018","2018","West Haven City Hall","Connecticut","Government Facilities","","","","about a day and a half","1 week or less","","$2,000 ","$50000 or less","Yes","","$2,000 ","https://www.wtnh.com/news/connecticut/new-haven/west-haven-officials-pay-ransom-after-cyber-attack-disables-23-servers-at-city-hall/1533883085/","",""
"239","10/17/2018","2018","Muscatine (City and PD)","Iowa","Government Facilities","Emergency Services","","","","","","","","No","","","https://muscatinejournal.com/muscatine/news/local/muscatine-cyber-attack-affects-more-than-city/article_91f81f8c-e5db-56bc-a082-44c5a698ada9.html","",""
"240","10/19/2018","2018","Crawford County","Illinois","Government Facilities","","","","","","","","","","","","https://www.wthitv.com/content/video/498057511.html","",""
"241","10/20/2018","2018","Johannesburg-Lewiston School District","Michigan","Education Facilities","","","","","","","","","Yes","","","https://www.petoskeynews.com/gaylord/featured-ght/j-l-finds-silver-lining-in-being-victimized-by-ransomware/article_bd1dc1c0-7be6-5818-ac19-327e7add0b7f.html","",""
"242","10/26/2018","2018","Moultrie County","Illinois","Government Facilities","","","","","","","","","","","","https://www.wandtv.com/news/ransomware-may-have-hit-moultrie-computer-system/article_2147c536-fb0e-5771-ad79-7785b260fe9c.html","",""
"243","11/1/2018","2018","North Bend (and PD)","Oregon","Government Facilities","Emergency Services","PewCrypt","","","","$50,000 in bitcoin","$50,000","$50000 or less","No","","","https://theworldlink.com/news/local/north-bend-computer-systems-fall-victim-to-ransomware/article_78ba3e86-8a56-516f-b64a-2ac35a8f2fd9.html","",""
"244","11/8/2018","2018","Media Prima","Malaysia","Communication","","","","","","1,000 bitcoin","RM26.42 million ($6,297,210)","More than $5000000","No","","","https://www.thestar.com.my/news/nation/2018/11/13/media-prima-hit-by-ransomware-hackers-demand-rm26mil-in-bitcoins-says-report/","",""
"245","11/21/2018","2018","KrausMaffei","Germany","Critical Manufacturing","","BitPaymer","S0570","","","","","","","","","https://techcrunch.com/2019/04/02/arizona-beverages-ransomware/","",""
"246","11/22/2018","2018","Rockaway Township PD","New Jersey","Emergency Services","","","","","","","","","","","","https://www.dailyrecord.com/story/news/local/morris-county/2018/11/26/rockaway-twp-police-computers-down-after-possible-cyber-attack/2118354002/","",""
"247","11/29/2018","2018","Thundermist Health Center","Rhode Island","Healthcare and Public Health","","","","","","","","","","","","https://www.wpri.com/news/local-news/blackstone-valley/thundermist-health-center-dealing-with-ransomware-attack/","",""
"248","12/17/2018","2018","Town of Jupiter","Florida","Government Facilities","","Nozelesn","","","","","","","No","","","https://cbs12.com/news/local/town-of-jupiter-hit-by-malware-attack","",""
"249","12/24/2018","2018","Doctors' Management Services","Massachusetts","Healthcare and Public Health","","GandCrab","","","","","","","","","","https://www.healthcarefinancenews.com/news/hhs-settles-100k-ransomware-investigation","",""
"96","1/9/2017","2017","Washington DC","Washington, D.C.","Government Facilities","","Cerber","","4 days","1 week or less","","","","No","","","https://www.bleepingcomputer.com/news/security/hackers-used-dc-police-surveillance-system-to-distribute-cerber-ransomware/","",""
"97","1/12/2017","2017","Washington D.C. Police CCTV","Washington, D.C.","Emergency Services","","","","2 days","1 week or less","","","","No","","","https://www.washingtonpost.com/local/public-safety/hackers-hit-dc-police-closed-circuit-camera-network-city-officials-disclose/2017/01/27/d285a4a4-e4f5-11e6-ba11-63c4b4fb5a63_story.html","",""
"98","1/12/2017","2017","Kanawha County Board of Education","West Virginia","Education Facilities","","","","","","","","","No","","","https://wchstv.com/news/local/kanawha-county-board-of-education-server-accessed-by-ransomeware","",""
"99","1/15/2017","2017","Warren County Sheriff's Department","Missouri","Government Facilities","Emergency Services","CryptoMix","","","","","","","","","","https://www.dailydot.com/layer8/missouri-sheriff-hit-ransomware-leaked-audio-recordings-police-informants-victims/","",""
"100","1/17/2017","2017","Marion County, FL","Florida","Government Facilities","","","","","","","","","No","","","https://www.seculore.com/cyber-attacks-florida         https://frontrunner-mccc.s3.amazonaws.com/785BBB3B-5056-907D-8D7D-CFF8DEFB68E3.pdf","",""
"101","1/19/2017","2017","St. Louis Public Library","Missouri","Education Facilities","","","","1 week","1 week or less","$35,000 in bitcoin","$35,000 (£28,000)","$50000 or less","No","","","https://www.theguardian.com/books/2017/jan/23/ransomware-attack-paralyses-st-louis-libraries-as-hackers-demand-bitcoin?CMP=twt_books_b-gdnbooks","",""
"102","1/21/2017","2017","Romantik Seehotel Jaegerwirt","Austria","Commercial Facilities","","","","1 day","1 day or less","2 bitcoin","€1,500 ($1,600)","$50000 or less","Yes","bitcoin","$1,600","https://www.csoonline.com/article/3162764/ransomware-locked-hotel-out-of-its-electronic-key-lock-system.html; https://www.bleepingcomputer.com/news/security/ransomware-infects-electronic-door-locking-system-at-austrian-hotel/","",""
"103","1/31/2017","2017","Licking County government offices","Ohio","Government Facilities","","","","","","","","","No","","","https://techcrunch.com/2017/02/02/ransomware-completely-shuts-down-ohio-town-government/","",""
"104","2/1/2017","2017","Roxana Police Department","Illinois","Emergency Services","","","","7 days","1 week or less","","","","No","","","http://fox2now.com/2017/02/10/roxana-police-department-the-latest-victim-of-ransomware/","",""
"105","2/1/2017","2017","Plastic Surgery Associates","South Dakota","Healthcare and Public Health","","","","","","","$53,000 ","","","","","https://www.govinfosecurity.com/doctor-hit-500k-hipaa-fine-feds-worse-than-hacker-a-26706
https://www.hipaajournal.com/500000-hipaa-penalty-plastic-surgery-associates-of-south-dakota/","",""
"106","2/7/2017","2017","Office of Management and Enterprise","Oklahoma","Government Facilities","","","","","","","","","No","","","https://www.news9.com/story/34515915/gov-omes-confirm-agency-hacked-no-ransom-paid","",""
"107","2/15/2017","2017","Bingham County","Idaho","Government Facilities","","","","","","between $25,000 and $30,000 in bitcoin or western union","between $25,000 and $30,000","$50000 or less","No","","","https://www.ksl.com/index.php?sid=43220149&nid=157&title=hackers-demand-25k-30k-after-ransomware-attack-takes-down-countys-servers-in-idaho","",""
"108","3/3/2017","2017","PA State Senate Democrats","Pennsylvania","Government Facilities","","","","","","","","","No","","","https://www.engadget.com/2017/03/04/ransomware-attack-pennsylvania-democrats-state-senators/","",""
"109","3/5/2017","2017","Wood River Police Department","Illinois","Emergency Services","","","","","","","","","No","","","https://www.thetelegraph.com/news/article/Wood-River-Police-Department-thwarts-attempt-at-12591008.php","",""
"110","4/1/2017","2017","Forsyth Public Schools","Montana","Education Facilities","","","","","","","","","No","","","https://techtalk.pcmatic.com/2017/04/03/forsyth-school-cyber-attack/","",""
"111","4/7/2017","2017","Troup County (and PD)","Georgia","Government Facilities","Emergency Services","","","","","24 bitcoin","$28,000 ","$50000 or less","No","","","https://www.wrbl.com/news/crime-watch/troup-county-says-hackers-demanded-ransom-in-server-breach/","",""
"112","4/9/2017","2017","Erie County Medical Center","New York","Healthcare and Public Health","","","","5 weeks","1 month or less","24 bitcoin","$44,000 ","$50000 or less","No","","","http://buffalonews.com/2017/05/20/ecmc-got-hacked-cyber-extortionists/","","Duration: 9april- 10april when they decided not to pay but timeline for return to normal Services seemed to be around 12 may"
"113","4/21/2017","2017","Pekin High School","Illinois","Education Facilities","","","","","","$37,000 ","$37,000 ","$50000 or less","No","","","https://www.pjstar.com/news/20170426/pekin-high-school-subject-of-cyberattack","",""
"114","4/25/2017","2017","City of Newark","New Jersey","Government Facilities","","Samsam","S0370","","","$30,000 in bitcoin","$30,000 ","$50000 or less","Yes","bitcoin","$30,000","https://www.wafb.com/2018/11/28/iranian-hackers-charged-us-ransomware-scheme/","",""
"115","4/27/2017","2017","Cambrian College","Canada","Education Facilities","","","","11 days","1 month or less","$54,000 or 30 bitcoin","$54,000","$100000 or less","No","","","http://www.cbc.ca/news/canada/sudbury/cambrian-college-ransomware-hack-1.4093634","",""
"116","5/12/2017","2017","National Health Service (NHS) UK","United Kingdom","Healthcare and Public Health","","WannaCry","S0366","3 days","1 week or less","$300-$600","$300-$600","$1000 or less","","","","http://www.ibtimes.co.uk/wannacry-list-major-companies-networks-hit-by-deadly-ransomware-around-globe-1621587","116-141",""
"117","5/12/2017","2017","Telefonica","Spain","Communication","","WannaCry","S0366","3 days","1 week or less","$300-$600","$300-$600","$1000 or less","","","","http://www.ibtimes.co.uk/wannacry-list-major-companies-networks-hit-by-deadly-ransomware-around-globe-1621587","116-141",""
"118","5/12/2017","2017","Renault","France and Slovenia","Commercial Facilities","Critical Manufacturing","WannaCry","S0366","3 days","1 week or less","$300-$600","$300-$600","$1000 or less","","","","http://www.ibtimes.co.uk/wannacry-list-major-companies-networks-hit-by-deadly-ransomware-around-globe-1621587","116-141",""
"119","5/12/2017","2017","FedEx","United States","Transportation Systems","Communication","WannaCry","S0366","3 days","1 week or less","$300-$600","$300-$600","$1000 or less","","","","https://www.acronis.com/en-us/articles/ransomware-logistics/","116-141",""
"120","5/12/2017","2017","Nissan","United Kingdom","Commercial Facilities","Transportation Systems","WannaCry","S0366","3 days","1 week or less","$300-$600","$300-$600","$1000 or less","","","","http://www.ibtimes.co.uk/wannacry-list-major-companies-networks-hit-by-deadly-ransomware-around-globe-1621587","116-141",""
"121","5/12/2017","2017","Russia Central Bank","Russia","Financial Services","","WannaCry","S0366","3 days","1 week or less","$300-$600","$300-$600","$1000 or less","","","","http://www.ibtimes.co.uk/wannacry-list-major-companies-networks-hit-by-deadly-ransomware-around-globe-1621587","116-141",""
"122","5/12/2017","2017","Russian Railways","Russia","Transportation Systems","","WannaCry","S0366","3 days","1 week or less","$300-$600","$300-$600","$1000 or less","","","","http://www.ibtimes.co.uk/wannacry-list-major-companies-networks-hit-by-deadly-ransomware-around-globe-1621587","116-141",""
"123","5/12/2017","2017","Russian Interior Ministry","Russia","Government Facilities","","WannaCry","S0366","3 days","1 week or less","$300-$600","$300-$600","$1000 or less","","","","http://www.ibtimes.co.uk/wannacry-list-major-companies-networks-hit-by-deadly-ransomware-around-globe-1621587","116-141",""
"124","5/12/2017","2017","Iberdrola","Spain","Energy","","WannaCry","S0366","3 days","1 week or less","$300-$600","$300-$600","$1000 or less","","","","http://www.ibtimes.co.uk/wannacry-list-major-companies-networks-hit-by-deadly-ransomware-around-globe-1621587","116-141",""
"125","5/12/2017","2017","Indian police in the state of Andhra Pradesh","India","Emergency Services","","WannaCry","S0366","3 days","1 week or less","$300-$600","$300-$600","$1000 or less","","","","http://www.ibtimes.co.uk/wannacry-list-major-companies-networks-hit-by-deadly-ransomware-around-globe-1621587","116-141",""
"126","5/12/2017","2017","MegaFon","Russia","Communication","","WannaCry","S0366","3 days","1 week or less","$300-$600","$300-$600","$1000 or less","","","","http://www.ibtimes.co.uk/wannacry-list-major-companies-networks-hit-by-deadly-ransomware-around-globe-1621587","116-141",""
"127","5/12/2017","2017","Sberbank","Russia","Financial Services","","WannaCry","S0366","3 days","1 week or less","$300-$600","$300-$600","$1000 or less","","","","http://www.ibtimes.co.uk/wannacry-list-major-companies-networks-hit-by-deadly-ransomware-around-globe-1621587","116-141",""
"128","5/12/2017","2017","Thailand Digital Billboard","Thailand","Commercial Facilities","Communication","WannaCry","S0366","3 days","1 week or less","$300-$600","$300-$600","$1000 or less","","","","https://twitter.com/JamesMcLeary/status/863748297630011392?ref_src=twsrc%5Etfw&ref_url=http%3A%2F%2F     www.ibtimes.co.uk%2Fwannacry-list-major-companies-networks-hit-by-deadly-ransomware-around-globe-1621587","116-141",""
"129","5/12/2017","2017","Singapore shopping mall","Singapore","Commercial Facilities","","WannaCry","S0366","3 days","1 week or less","$300-$600","$300-$600","$1000 or less","","","","https://twitter.com/nkl0x55/status/863340271391580161/photo/1","116-141",""
"130","5/12/2017","2017","Chinese Police","China","Emergency Services","","WannaCry","S0366","3 days","1 week or less","$300-$600","$300-$600","$1000 or less","","","","https://twitter.com/cnLedger/status/863318942533566464/photo/1","116-141",""
"131","5/12/2017","2017","Bank Of China","China","Financial Services","","WannaCry","S0366","3 days","1 week or less","$300-$600","$300-$600","$1000 or less","","","","http://www.ibtimes.co.uk/wannacry-list-major-companies-networks-hit-by-deadly-ransomware-around-globe-1621587","116-141",""
"132","5/12/2017","2017","China gas stations","China","Energy","","WannaCry","S0366","3 days","1 week or less","$300-$600","$300-$600","$1000 or less","","","","http://www.ibtimes.co.uk/wannacry-list-major-companies-networks-hit-by-deadly-ransomware-around-globe-1621587","116-141",""
"133","5/12/2017","2017","Chinese traffic police, immigration and public security bureaus","China","Government Facilities","","WannaCry","S0366","3 days","1 week or less","$300-$600","$300-$600","$1000 or less","","","","http://www.ibtimes.co.uk/wannacry-list-major-companies-networks-hit-by-deadly-ransomware-around-globe-1621587","116-141",""
"134","5/12/2017","2017","Sandvik","Sweden","Information Technology","","WannaCry","S0366","3 days","1 week or less","$300-$600","$300-$600","$1000 or less","","","","http://www.ibtimes.co.uk/wannacry-list-major-companies-networks-hit-by-deadly-ransomware-around-globe-1621587","116-141",""
"135","5/12/2017","2017","Petrobras","Brazil","Energy","","WannaCry","S0366","3 days","1 week or less","$300-$600","$300-$600","$1000 or less","","","","http://www.ibtimes.co.uk/wannacry-list-major-companies-networks-hit-by-deadly-ransomware-around-globe-1621587","116-141",""
"136","5/12/2017","2017","Brazil's Foreign Ministry","Brazil","Government Facilities","","WannaCry","S0366","3 days","1 week or less","$300-$600","$300-$600","$1000 or less","","","","http://www.ibtimes.co.uk/wannacry-list-major-companies-networks-hit-by-deadly-ransomware-around-globe-1621587","116-141",""
"137","5/12/2017","2017","Brazil's social security system","Brazil","Government Facilities","","WannaCry","S0366","3 days","1 week or less","$300-$600","$300-$600","$1000 or less","","","","http://www.ibtimes.co.uk/wannacry-list-major-companies-networks-hit-by-deadly-ransomware-around-globe-1621587","116-141",""
"138","5/12/2017","2017","Portugal Telecom","Portugal","Communication","","WannaCry","S0366","3 days","1 week or less","$300-$600","$300-$600","$1000 or less","","","","http://www.ibtimes.co.uk/wannacry-list-major-companies-networks-hit-by-deadly-ransomware-around-globe-1621587","116-141",""
"139","5/12/2017","2017","Deutsche Bahn (Germany Rail Network)","Germany","Transportation Systems","","WannaCry","S0366","3 days","1 week or less","$300-$600","$300-$600","$1000 or less","","","","https://twitter.com/patrickcoomans/status/863434863243907073/photo/1                   https://www.acronis.com/en-us/articles/ransomware-logistics/","116-141",""
"140","5/12/2017","2017","MediaOnline","Singapore","Communication","","WannaCry","S0366","4 days","1 week or less","~$300USD in bitcoin","$419.55 SGD","$1000 or less","No","","","http://www.reuters.com/article/us-cyber-attack-victims-idUSKCN18B1PX?utm_campaign=trueAnthem:+Trending+Content&utm_content=5919d2da04d3013240ef843d&utm_medium=trueAnthem&utm_source=twitter","116-141",""
"141","5/12/2017","2017","Hitachi","Japan","Critical Manufacturing","Information Technology","WannaCry","S0366","5 days","1 week or less","~300USD in bitcoin","34043.25 JPY","$1000 or less","","","","http://www.npr.org/sections/thetwo-way/2017/05/15/528451534/wannacry-ransomware-what-we-know-monday?utm_source=twitter.com&utm_medium=social&utm_campaign=npr&utm_term=nprnews&utm_content=20170515","116-141",""
"142","5/12/2017","2017","Cook County","Illinois","Government Facilities","","WannaCry","S0366","","","","","","No","","","https://efficientgov.com/blog/2017/05/18/cook-county-hit-wannacry-ransomware/","",""
"143","5/15/2017","2017","Rensselaer County Library","New York","Education Facilities","","WannaCry","S0366","1 week","1 week or less","","","","No","","","https://altamontenterprise.com/06012017/computer-virus-strikes-library-regional-network","",""
"144","5/16/2017","2017","Telkom","South Africa","Communication","","WannaCry","S0366","2 days","1 week or less","$300-$600","$300-$600","$1000 or less","","","","https://mybroadband.co.za/news/security/211576-telkom-systems-crippled-by-wannacry-ransomware.html","",""
"145","5/26/2017","2017","Cascade Eye and Skin Centers","Washington","Healthcare and Public Health","","","","","","","","","","","","https://www.hipaajournal.com/cascade-eye-and-skin-centers-hipaa-settlement/","",""
"146","6/10/2017","2017","Internet Nayana","South Korea","Information Technology","Communication","Erebus","","","","397 bitcoin","$1.14 million","$5000000 or less","Yes","Bitcoin","397.6 bitcoin (1.14 million USD)","https://www.zdnet.com/article/korean-web-host-hands-over-1-billion-won-to-ransomware-crooks/; https://www.foxnews.com/tech/ransomware-attack-costs-south-korean-company-1m-largest-payment-ever","",""
"147","6/15/2017","2017","NPR KQED San Francisco","California","Communication","","","","months","More than 1 month","1.7 bitcoin per computer","$2500 per computer ($27000 total)","$50000 or less","No","","","https://www.kqed.org/futureofyou/436414/the-crippling-ransomware-attack-on-kqed-the-inside-story","",""
"148","6/19/2017","2017","Honda Motor Co.","Global","Critical Manufacturing","","WannaCry","S0366","","","","","","","","","https://siliconangle.com/2017/06/21/wannycry-ransomware-takes-honda-car-manufacturing-plant-offline/","","affected manufacturing, financial services, and customer service operations"
"149","7/1/2017","2017","Murfreesboro PD and FD","Tennessee","Emergency Services","","WannaCry","S0366","6 days","1 week or less","","","","No","","","https://www.tennessean.com/story/news/crime/2017/07/05/murfreesboro-police-fire-computers-infected-virus/453774001/","",""
"150","7/1/2017","2017","Cape May County","New Jersey","Government Facilities","","","","","","","","","","","","https://www.pressofatlanticcity.com/news/cape-may-county-the-target-of-several-ransomware-attacks/article_a391ebf2-ee69-57ac-b5d2-a500576f73b4.html","",""
"151","7/5/2017","2017","Marion County Fairgrounds","Indiana","Commercial Facilities","","","","","","1000 in bitcoin","$1,000 ","$1000 or less","","","","https://fox59.com/2017/07/07/brownsburg-public-library-and-marion-county-fairgrounds-hit-by-ransomware-attacks/","",""
"152","7/5/2017","2017","Brownsburg Public Library","Indiana","Education Facilities","","","","","","$1000 in bitcoin","$1,000 ","$1000 or less","Yes","bitcoin","$1,000","https://fox59.com/2017/07/07/brownsburg-public-library-and-marion-county-fairgrounds-hit-by-ransomware-attacks/","",""
"153","8/1/2017","2017","Mad River Fire and EMS","Ohio","Emergency Services","","","","","","$11,400 in bitcoin","$11,400","$50000 or less","No","","","https://www.springfieldnewssun.com/news/local/mad-river-twp-fire-and-ems-data-hacked-encrypted-with-ransomware/opxU7apA05cKTWwKzcxZMK/","",""
"154","8/1/2017","2017","Iberia Parish Sheriff's Office","Louisiana","Government Facilities","Emergency Services","","","","","","","","No","","","https://www.klfy.com/news/iberia-parish-sheriffs-office-computer-system-attacked-by-ransomware-virus/","",""
"155","8/1/2017","2017","City of Washington","Missouri","Government Facilities","","","","","","","","","No","","","http://www.emissourian.com/local_news/washington/a-year-in-review-major-news-stories/article_4848bab7-0c3e-5735-b58a-b03384361624.html","",""
"156","8/1/2017","2017","Dorchester School District","South Carolina","Education Facilities","","","","","","$2,900 ","$2,900","$50000 or less","Yes","","$2,900","https://www.postandcourier.com/news/report-dorchester-district-suffers-summer-ransomware-attack-no-student-or/article_c9bd9e3a-8ddd-11e7-b3e9-f36127b6e7f4.html","",""
"157","8/3/2017","2017","Cloquet School District","Minnesota","Education Facilities","","","","","","","","","No","","","https://www.pinejournal.com/news/4486912-cloquet-school-district-hit-second-ransomware-attack","","rebuilt data instead- total costs of recovery about $15,000"
"158","8/16/2017","2017","Becker County","Minnesota","Government Facilities","","WannaCry","S0366","","","","","","No","","","https://www.echopress.com/news/4313266-becker-county-website-shut-down-cyber-attack","",""
"159","8/25/2017","2017","NHS Lanarkshire board hospitals","Scotland","Healthcare and Public Health","","BitPaymer","S0570","4 days","1 week or less","","","","","","","https://www.bleepingcomputer.com/news/security/bit-paymer-ransomware-hits-scottish-hospitals/","",""
"160","9/9/2017","2017","Town of St Johnsbury","Vermont","Government Facilities","","Global 3","","","","","","","No","","","https://www.caledonianrecord.com/news/local/st-johnsbury-town-computer-hacked/article_9bd20a98-29d3-52dd-807e-f01392fa7cde.html","",""
"161","9/9/2017","2017","Butler County (and PD)","Kansas","Government Facilities","Emergency Services","","","","","","","","","","","https://www.ksn.com/news/local/ransomware-attack-hits-butler-county-computer-network/","",""
"162","9/15/2017","2017","Indianhead Library System","Wisconsin","Education Facilities","","","","","","","","","","","","https://www.leadertelegram.com/news/front-page/no-id-theft-related-to-nw-wisconsin-library-system-hack/article_5329b68e-c659-5353-a5aa-6fd318b53228.html","",""
"163","9/18/2017","2017","Montgomery County (Alabama)","Alabama","Government Facilities","","Samsam","S0370","1 week","1 week or less","9 bitcoin","37000","$50000 or less","Yes","Bitcoin","$37,000","https://www.alexcityoutlook.com/news/tallapoosa-county-recovers-from-ransomware-attack/article_11c1983e-b23a-11ea-a31f-c353b4adbb67.html; https://www.courthousenews.com/alabama-county-reportedly-paid-37000-ransom-cyber-attack/","",""
"164","10/4/2017","2017","City of Englewood","Colorado","Government Facilities","","","","","","","","","No","","","https://www.denverpost.com/2017/10/04/englewood-computers-ransomware-attack/","",""
"165","10/5/2017","2017","Topsham","Maine","Government Facilities","","","","","","","","","No","","","https://www.seculore.com/cyber-attacks-maine","",""
"166","10/15/2017","2017","Town of Yarrow Point","Washington","Government Facilities","","","","","","$10,000 in bitcoin","$10,000","$50000 or less","Yes","bitcoin","$10,000 in bitcoin","https://www.seattletimes.com/seattle-news/eastside/wire-transfer-scheme-ransomware-attack-tiny-yarrow-point-finds-itself-in-criminals-crosshairs/","",""
"167","10/26/2017","2017","Texas Department of Agriculture","Texas","Food and Agriculture","","","","","","","","","","","","http://www.squaremeals.org/News/WhatsNew/tabid/1898/Article/2842/SECURITY-NOTICE.aspx","",""
"168","11/3/2017","2017","Spring Hill (and 911 Services)","Tennessee","Government Facilities","Emergency Services","","","","","$250,000 ","$250,000","$1000000 or less","No","","","https://www.govtech.com/security/Spring-Hill-Tenn-Hit-with-Ransomware-Attack.html","",""
"169","11/18/2017","2017","Sacramento Transit System","California","Transportation Systems","","","","","","1 bitcoin","$8,000","$50000 or less","No","","","https://www.sacbee.com/news/local/article185669953.html","",""
"170","11/30/2017","2017","Village of Nashotah","Wisconsin","Government Facilities","","","","","","$2,000 in bitcoin","$2,000","$50000 or less","Yes","bitcoin","$2,000 in bitcoin","https://www.jsonline.com/story/communities/lake-country/news/nashotah/2017/12/08/after-computer-hack-nashotah-pays-2-k-ransom-residents-personal-information/931996001/","",""
"171","12/1/2017","2017","Georgia Department of Agriculture","Georgia","Food and Agriculture","","","","11 days","1 month or less","","","","No","","","https://www.ajc.com/news/state--regional-govt--politics/georgia-agriculture-website-finally-restored-after-malware-attack/PqV5X1QMaIFoPFx6zM5O2K/#","",""
"172","12/5/2017","2017","Mecklenburg County","North Carolina","Government Facilities","","","","weeks","1 month or less","2 bitcoin","$25,000 ","$50000 or less","No","","","https://www.charlotteobserver.com/news/politics-government/article189428824.html","","paid a $50,000 insurance deductible to restore computer systems"
"173","12/9/2017","2017","Proctor School District","Minnesota","Education Facilities","","","","","","","","","No","","","https://www.duluthnewstribune.com/news/4374457-proctor-schools-hit-ransomware-attack","",""
"174","12/11/2017","2017","Jerome School District","Idaho","Education Facilities","","","","","","$65000 in bitcoin","$65,000","$100000 or less","No","","","https://www.kmvt.com/content/news/Jerome-School-District-falls-victim-to-ransomware--463510223.html","",""
"175","12/25/2017","2017","Maury County Public Schools","Tennessee","Education Facilities","","","","","","","","","No","","","https://www.columbiadailyherald.com/news/20180105/mcps-experiences-cyber-attack","",""
"176","12/30/2017","2017","Emory Healthcare","Georgia","Healthcare and Public Health","","","","year(s)","More than 1 month",".2 bitcoin","about $2,700","$50000 or less","","bitcoin","","http://www.healthcareitnews.com/news/emory-healthcare-hit-ransomware-data-over-200000-patients-hacked","",""
"19","1/1/2016","2016","North Branch Area School District","Minnesota","Education Facilities","","","","","","","","","","","","http://www.startribune.com/the-new-snow-day-cloquet-schools-close-because-of-computer-virus/372612611/","",""
"20","1/1/2016","2016","Uber","California","Transportation Systems","","","","","","","","","Yes","Bitcoin","$100,000 ","https://insidebitcoins.com/news/former-uber-security-chief-charged-for-bitcoin-hush-money-payment","",""
"21","1/15/2016","2016","Titus Regional Medical Center","Texas","Healthcare and Public Health","","","","10 days","1 month or less","","","","No","","","http://www.tribnow.com/news/virus-hits-trmc-computers/article_ec2e44bc-bf83-11e5-97be-7fdbf276996d.html [expired]  https://www.beckershospitalreview.com/healthcare-information-technology/texas-hospital-ehr-suffers-ransomware-attack.html","",""
"22","2/2/2016","2016","Medfield","Massachusetts","Government Facilities","","","","7 days","1 week or less","1/2 bitcoin","$300 ","$1000 or less","Yes","bitcoin","$300 ","https://www.boston.com/news/local-news/2016/02/02/medfield-paid-hackers-a-300-ransom-to-unlock-the-town-network","",""
"23","2/5/2016","2016","Hollywood Presbyterian Medical Center","California","Healthcare and Public Health","","","","10 days","1 month or less","40 bitcoin","$17,000","$50000 or less","Yes","bitcoin","$17, 000","http://hollywoodpresbyterian.com/default/assets/File/20160217%20Memo%20from%20the%20CEO%20v2.pdf [expired] https://www.latimes.com/business/technology/la-me-ln-hollywood-hospital-bitcoin-20160217-story.html","",""
"24","2/5/2016","2016","Horry County Schools","South Carolina","Education Facilities","","","","days","1 week or less","1.5 bitcoin per machine/22 bitcoin total","$580 - $8,500","$50000 or less","Yes","bitcoin","$10,000","https://www.judiciary.senate.gov/imo/media/doc/05-18-16%20Hucks%20Testimony.pdf","",""
"25","2/7/2016","2016","Oxford School District","Mississippi","Education Facilities","","","","Weeks","1 month or less","$9,000","$9,000","$50000 or less","No","","","http://www.oxfordeagle.com/2016/02/23/oxford-school-district-recovering-from-computer-hack/","",""
"26","2/10/2016","2016","Lukas Hospital in Germany","Germany","Healthcare and Public Health","","","","weeks","1 month or less","","","","No","","","http://www.theregister.co.uk/2016/02/26/german_hospitals_ransomware/","",""
"27","2/15/2016","2016","Klinikum Arnsberg hospital","Germany","Healthcare and Public Health","","","","1 day","1 day or less","","","","No","","","http://www.theregister.co.uk/2016/02/26/german_hospitals_ransomware/","",""
"28","2/19/2016","2016","Durham","North Carolina","Government Facilities","","","","","","","","","No","","","https://www.wral.com/ransomware-attacks-reported-in-durham/15414091/","",""
"29","2/22/2016","2016","Park County","Wyoming","Government Facilities","","TeslaCrypt","","3 days","1 week or less","","","","No","","","https://www.powelltribune.com/stories/county-hit-by-ransomware,2540","",""
"30","2/23/2016","2016","Arizona Superior Court","Arizona","Government Facilities","","","","1 day","1 day or less","","","","No","","","https://techtalk.pcmatic.com/2016/02/25/arizona-superior-court-attacked-by-ransomware/","",""
"31","2/24/2016","2016","Los Angeles County Health Department","California","Healthcare and Public Health","","","","","","","","","No","","","http://www.latimes.com/local/lanow/la-me-ln-county-health-Services-ransomware-20160226-story.html [subscription required] https://la.eater.com/2016/2/29/11128218/la-county-health-department-targeted-cyberattack-ransom","",""
"32","2/25/2016","2016","Sarasota","Florida","Government Facilities","","","","1 day","1 day or less","33000000 in bitcoin","$33,000,000 ","More than $5000000","No","","","https://www.heraldtribune.com/news/20170728/city-of-sarasota-ransomware-attack-isis-and-fbi","",""
"33","2/26/2016","2016","Kankakee County","Illinois","Government Facilities","","CryptoWall","","","","","","","No","","","https://www.daily-journal.com/news/local/kankakee-county-computers-get-held-ransom-by-insidious-new-threat/article_d1112286-c54b-5ebf-b8b6-22331e55b86d.html","",""
"34","3/1/2016","2016","Manlius","New York","Government Facilities","","LeChiffre","","","","$400 ","$400 ","$1000 or less","No","","","https://www.syracuse.com/news/2016/03/ransomware_targets_cny_town_how_to_recognize_and_prevent_it.html","",""
"35","3/7/2016","2016","Clark County Water Reclamation","Nevada","Water and Wastewater Systems","","","","","","","","","","","","https://www.reviewjournal.com/local/local-las-vegas/clark-county-water-reclamation-district-computer-system-hacked/","",""
"36","3/9/2016","2016","City of Plainfield, N.J.","New Jersey","Government Facilities","","TeslaCrypt","","","","650 euros in bitcoin","650 euros/$718","$1000 or less","No","","","https://www.washingtonpost.com/world/national-security/these-hackers-can-hold-a-town-hostage-and-they-want-ransom--paid-in-bitcoin/2016/03/18/1a2e2494-eba9-11e5-bc08-3e03a5b41910_story.html?utm_term=.0e0e7def9715","",""
"37","3/9/2016","2016","Peru Township","Illinois","Government Facilities","","","","","","$200","$200","$1000 or less","Yes","","$200","https://ohioauditor.gov/news/pressreleases/Details/3039","",""
"38","3/10/2016","2016","Cloquet School District","Minnesota","Education Facilities","","","","days","1 week or less","$6,000 in bitcoin","$6,000","$50000 or less","No","","","https://www.pinejournal.com/news/4486912-cloquet-school-district-hit-second-ransomware-attack","",""
"39","3/11/2016","2016","The Ottawa Hospital","Canada","Healthcare and Public Health","","","","","","","","","No","","","https://nationalpost.com/news/canada/ottawa-hospital-hit-with-ransomware-information-on-four-computers-locked-down","",""
"40","3/18/2016","2016","Henderson Methodist Hospital","Kentucky","Healthcare and Public Health","","Locky","","3 days","1 week or less","4 bitcoin","$1,600","$50000 or less","No","","","https://www.wired.com/2016/03/ransomware-why-hospitals-are-the-perfect-targets/","",""
"41","3/18/2016","2016","Prime Healthcare Services","California","Healthcare and Public Health","","","","days","1 week or less","$17,000 in bitcoin","$17,000","$50000 or less","No","","","http://www.latimes.com/nation/la-na-0407-cyber-hospital-20160407-story.html","",""
"42","3/25/2016","2016","Melrose Police Department","Massachusetts","Emergency Services","","","","","","1 bitcoin","$489 ","$1000 or less","Yes","bitcoin","1 bitcoin","https://melrose.wickedlocal.com/news/20160229/update-melrose-police-pay-hackers-in-bitcoin-to-recover-encryption-key","",""
"43","3/28/2016","2016","MedStar Health Baltimore","Maryland","Healthcare and Public Health","","Samsam","S0370","5 days","1 week or less","3 bitcoin per machine/45 bitcoin total","$1,250 - $18,500","$50000 or less","No","","","http://www.baltimoresun.com/health/bs-md-medstar-ransom-hack-20160330-story.html","",""
"44","4/5/2016","2016","Vernon Township","New Jersey","Government Facilities","","","","1 day","1 day or less","""a few hundred dollars""","""a few hundred dollars""","$1000 or less","No","","","http://wnewsj.com/news/20025/cyber-scammers-attack-government-entities","",""
"45","4/25/2016","2016","Lansing Board of Water & Light","Michigan","Water and Wastewater Systems","","","","2 days","1 week or less","$25,000","$25,000","$50000 or less","Yes","bitcoin","$25,000","http://www.lansingstatejournal.com/story/news/local/2016/11/25/bwl-prepared-ransomware-attack/94332454/","",""
"46","5/9/2016","2016","DeKalb Health Auburn","Indiana","Healthcare and Public Health","","","","1-2 weeks","1 month or less","","","","","","","https://www.beckershospitalreview.com/healthcare-information-technology/dekalb-health-suffers-ransomware-attack-diverts-patients-to-other-hospitals.html","",""
"47","5/11/2016","2016","Wichita County District Clerk","Kansas","Government Facilities","","CryptoLocker","","days","1 week or less","","","","No","","","http://www.timesrecordnews.com/story/news/local/2016/05/11/county-offices-under-cyber-attack/92585276/","",""
"48","5/18/2016","2016","Grant County Education Service District","Oregon","Education Facilities","","Scarab","","","","","","","","","","https://www.bluemountaineagle.com/news/esd-hit-by-ransomware-attack/article_24003596-f598-5662-b282-8d0c1628bc48.html","",""
"49","5/18/2016","2016","Kansas Heart Hospital","Kansas","Healthcare and Public Health","","","","6+ ? Days","1 week or less","","","","Yes","","","http://www.beckershospitalreview.com/healthcare-information-technology/kansas-heart-hospital-pays-ransom-then-hackers-came-back-for-more.html","",""
"50","5/24/2016","2016","Pinal County Attorney's Office","Arizona","Government Facilities","","CryptoLocker","","","","","","","No","","","https://www.12news.com/article/news/local/arizona/ransomware-virus-infects-pcao-case-files/225540620","",""
"51","5/26/2016","2016","Columbiana County Juvenile Court System","Ohio","Government Facilities","","Locky","","10 days","1 month or less","5.4 bitcoin","$2,883","$50000 or less","Yes","bitcoin","$2,883","http://www.reviewonline.com/news/local-news/2016/06/juvenile-court-computer-system-hacked/","",""
"52","5/28/2016","2016","University of Calgary","Canada","Education Facilities","","Samsam","S0370","9 days","1 month or less","$20,000","20,000 CDN","$50000 or less","Yes","bitcoin","$20,000 CDN","http://www.theglobeandmail.com/news/national/how-the-university-of-calgary-hack-wentdown/article30358657","",""
"53","6/1/2016","2016","Langs Building Supplies (Queensland)","Australia","Critical Manufacturing","","Cryptolocker","","","","","","","","","","https://www.governmentnews.com.au/type_contributors/ransomware-rising-how-hackers-are-targeting-government-agencies/","",""
"54","6/1/2016","2016","Henry County 911","Tennessee","Emergency Services","","Scarab","","","","","","","No","","","http://www.parispi.net/news/local_news/article_b8941e24-6cb1-11e7-8821-abac5e9986bd.html","",""
"55","6/1/2016","2016","Janesville","Wisconsin","Government Facilities","","","","","","","","","","","","https://www.channel3000.com/news/local-news/janesville-computer-systems-hit-by-virus-likely-ransomware_20161114080304479/156155709","",""
"56","6/1/2016","2016","Palm Beach 911 Services","Florida","Emergency Services","","","","","","","","","No","","","https://cbs12.com/news/local/town-of-palm-beach-fights-ransomware-attack-on-911-system","",""
"57","7/1/2016","2016","Urgent Care Clinic of Oxford","Mississippi","Healthcare and Public Health","","","","","","","","","No","","","http://www.healthcareitnews.com/news/ransomware-attack-urgent-care-clinic-oxford-purportedly-caused-russian-hackers","",""
"58","7/1/2016","2016","Woodbury County","Iowa","Government Facilities","","","","","","","","","No","","","https://siouxcityjournal.com/news/supervisors-approve-investigation-into-cyber-attack-that-compromised-county-files/article_6273cb18-7704-5803-bd66-c88a9931a4d0.html","",""
"59","7/1/2016","2016","Wadena","Minnesota","Government Facilities","","","","","","","","","No","","","https://www.wadenapj.com/news/4082194-city-computers-infected-virus","",""
"60","7/11/2016","2016","University Gastroenterology","Rhode Island","Healthcare and Public Health","","","","","","","","","","","","https://www.databreaches.net/ri-university-gastroenterology-notifies-patients-of-ransomware-attack/","",""
"61","7/26/2016","2016","Marin General Healthcare District and Prima Medical Group","California","Healthcare and Public Health","","","","1-2 weeks + permanent data loss","1 month or less","","","","Yes","","","http://www.marinij.com/health/20160804/marin-electronic-medical-record-system-hacked-ransom-paid","",""
"62","7/27/2016","2016","New Jersey Spine Center","New Jersey","Healthcare and Public Health","","","","","","","","","Yes","","","http://www.beckershospitalreview.com/healthcare-information-technology/new-jersey-spine-center-pays-ransom-to-cyberattackers-after-seeing-no-other-option.html","",""
"63","8/1/2016","2016","RI State Police","Rhode Island","Emergency Services","","","","","","","","","No","","","","",""
"64","8/1/2016","2016","Keck Medicine","California","Healthcare and Public Health","","","","","","","","","No","","","https://www.beckershospitalreview.com/healthcare-information-technology/ransomware-encrypts-data-at-keck-medicine-of-usc-no-ransom-paid.html","",""
"65","8/3/2016","2016","Rainbow Children's Clinic","Texas","Healthcare and Public Health","","","","Unspecified some data never recovered","","","","","","","","https://www.hipaajournal.com/rainbow-childrens-clinic-ransomware-attack-resulted-in-data-loss-3635/","",""
"66","8/30/2016","2016","Appalachian Regional Healthcare","Kentucky","Healthcare and Public Health","","","","3 weeks","1 month or less","","","","","","","https://www.beckershospitalreview.com/healthcare-information-technology/3-weeks-after-cyberattack-appalachian-regional-healthcare-facilities-now-back-online.html","",""
"67","9/1/2016","2016","Yuba City","California","Government Facilities","","","","","","","","","No","","","https://techtalk.pcpitstop.com/2016/10/03/54625/","",""
"68","9/1/2016","2016","Honolulu, FD","Hawaii","Emergency Services","","","","","","","","","No","","","https://www.khon2.com/news/local-news/malicious-software-may-have-infected-hfd-computer-system/901601753","",""
"69","9/1/2016","2016","Department of Mineral Resources","North Dakota","Government Facilities","Energy","","","","","$350 ","$350 ","$1000 or less","No","","","https://www.grandforksherald.com/news/4113494-nd-department-attacked-ransomware","",""
"70","9/1/2016","2016","Office of the Palm Beach County Supervisor of Elections","Florida","Government Facilities","","","","","","","","","","","","https://www.cnn.com/2020/02/13/politics/palm-beach-county-elections-ransomware-attack/index.html","",""
"71","9/1/2016","2016","Palm Beach 911 Services","Florida","Emergency Services","","","","","","","","","No","","","https://www.palmbeachdailynews.com/news/crime--law/palm-beach-computer-systems-victim-another-malware-attack/FUJHtuuqNHo34qUZZALHCL/","",""
"72","9/7/2016","2016","Saint Francis Health System","Oklahoma","Healthcare and Public Health","","","","","","24 bitcoin","$14,400 ","$50000 or less","No","","","https://www.beckershospitalreview.com/healthcare-information-technology/saint-francis-health-system-denies-ransom-demand-for-6k-patients-data.html  https://www.databreaches.net/st-francis-health-system-hacked-thedarkoverlord/","",""
"73","9/10/2016","2016","Springfield","Tennessee","Government Facilities","","","","","","$1,000 ","$1,000 ","$1000 or less","No","","","https://www.tennessean.com/story/news/local/robertson/2016/09/20/springfield-city-hall-recovers-ransomware-attack/90746176/","",""
"74","9/21/2016","2016","Palm Hill PD","Texas","Emergency Services","","","","","","$250 ","$250 ","$1000 or less","","","","https://www.seculore.com/cyber-attacks-texas","",""
"75","9/26/2016","2016","Barnstable Police Department","Massachusetts","Emergency Services","","","","35 minutes","1 day or less","","","","No","","","http://www.darkreading.com/attacks-breaches/ransomware-raises-the-bar-again-/d/d-id/1327138","",""
"76","9/27/2016","2016","Crow Wing County","Minnesota","Government Facilities","","","","","","","","","No","","","https://www.brainerddispatch.com/news/4125343-crow-wing-county-board-back-or-pay-county-fights-against-ransomware","",""
"77","9/29/2016","2016","Mount Holly Springs PD","Pennsylvania","Emergency Services","","","","","","$500 ","$500 ","$1000 or less","No","","","https://www.abc27.com/news/mount-holly-springs-police-fall-victim-to-cyber-attack/","",""
"78","10/1/2016","2016","Bighton PD","Massachusetts","Emergency Services","","","","","","$4,600 ","$4,600 ","$50000 or less","Yes","","$4,600 ","https://turnto10.com/news/local/hack-of-police-computer-system-costs-department-5k","",""
"79","10/31/2016","2016","Northern Lincolnshire & Goole NHS Foundation Trust","United Kingdom","Healthcare and Public Health","","","","","","","","","","","","https://www.theregister.co.uk/2016/10/31/virus_shuts_down_nhs_trust/","","28 of 60 NHS trusts reported being victim to ransomware attack in 2016"
"80","10/31/2016","2016","Henry County Voting","Ohio","Government Facilities","","","","7-9 days","1 week or less","","","","No","","","http://www.toledoblade.com/Politics/2016/12/07/Residents-information-is-exposed-in-Henry-County-hacking.html","",""
"81","11/4/2016","2016","Clay County Courthouse","Indiana","Government Facilities","","","","","","","","","Yes","","","http://www.thebraziltimes.com/story/2365451.html [subscription required] ","",""
"82","11/4/2016","2016","Madison County Government and Police Department","Indiana","Government Facilities","","","","weeks, 4 days+","1 month or less","","$21,000","$50000 or less","Yes","","$21,000","http://www.csoonline.com/article/3148274/security/after-attack-indiana-county-will-spend-220000-on-ransomware-recovery.html","",""
"83","11/13/2016","2016","Michigan State University","Michigan","Education Facilities","","","","N/A Breach","","","","","No","","","http://www.lansingstatejournal.com/story/news/local/2016/11/18/msu-names-and-social-security-numbers-accessed-data-breach/94086880/","",""
"84","11/15/2016","2016","Howard County Government","Indiana","Government Facilities","","","","","","","","","No","","","http://www.kokomotribune.com/news/local_news/howard-county-fights-back-against-ransomware-after-attack/article_4c7e2a44-c23f-11e6-8362-9b63b15dd241.html","",""
"85","11/19/2016","2016","Bigfork School District","Montana","Education Facilities","","","","","","","","","No","","","https://www.dailyinterlake.com/archive/article-d9ec72a2-b117-11e6-95cc-7be8ddd1e3c5.html","",""
"86","11/24/2016","2016","St. Mary's County","Maryland","Government Facilities","","","","","","","","","No","","","https://www.somdnews.com/enterprise/news/local/st-mary-s-government-s-computers-attacked-on-thanksgiving/article_29f6e7fc-2a65-593e-94da-d34ea5204c65.html","",""
"87","11/25/2016","2016","San Francisco Municipal Transport Authority (SFMTA)","California","Transportation Systems","","HDDCryptor","","3 days","1 week or less","100 bitcoin","$73,000","$100000 or less","No","","","https://www.tripwire.com/state-of-security/featured/ransomware-hits-san-francisco-transport-system-free-rides-for-all-as-73000-demanded/","",""
"88","11/29/2016","2016","Carleton University","Canada","Education Facilities","","","","days","1 week or less","2 bitcoin per machine/39 bitcoin total","$29,000 - $38,941","$50000 or less","No","","","http://www.cbc.ca/news/canada/ottawa/carleton-university-hack-ransomware-update-1.3872889","",""
"89","12/1/2016","2016","ARCare","Arizona","Healthcare and Public Health","","","","31 hours","1 day or less","2 bitcoin","about $1,500","$50000 or less","No","","","http://katv.com/news/local/ransomware-impacting-arkansas-businesses","","Latvian hackers. Ranked as 1 day or less duration because it was less than 1.5 days"
"90","12/5/2016","2016","Carroll County Sheriff's Office and another unspecified agency in the county","Arizona","Government Facilities","","Dharma","","7 days","1 week or less","3 bitcoin","$2,400","$50000 or less","Yes","bitcoin","$2,440","http://harrisondaily.com/news/our-computer-system-got-hacked-sheriff-s-department-hit-with/article_f2555720-c0ba-11e6-b10d-8b1490740836.html [subscription required] https://www.4029tv.com/article/carroll-county-pays-ransom-money-to-hackers/8492405","",""
"91","12/12/2016","2016","Cockrell Hill Police Department","Texas","Emergency Services","","Locky","","","","4 bitcoin","$3,600 ","$50000 or less","No","","","https://www.theregister.co.uk/2017/01/27/texas_cops_lose_evidence_going_back_eight_years_in_ransomware_attack/","",""
"92","12/12/2016","2016","Mount Pleasant Police Department","South Carolina","Emergency Services","","","","","","","","","No","","","http://www.postandcourier.com/news/mount-pleasant-police-department-hit-with-ransomware-cyberattack/article_40875fb4-c233-11e6-97cf-bf33fcb6f361.html","",""
"93","12/12/2016","2016","Georgia Tech","Georgia","Education Facilities","","","","less than 30 minutes","1 day or less","","","","No","","","http://www.bizjournals.com/atlanta/news/2016/12/23/georgia-tech-notifies-employees-of-data-breach.html","",""
"94","12/17/2016","2016","Alpena School System","Michigan","Education Facilities","","","","","","","","","No","","","https://www.databreaches.net/mi-alpena-public-schools-superintendent-says-ransomware-was-just-some-inconvenience/","",""
"95","12/30/2016","2016","Los Angeles Valley College (LAVC) part of Los Angeles Community College District (LACCD)","California","Education Facilities","","","","7 days","1 week or less","$28,000","$28,000","$50000 or less","Yes","bitcoin","$28,000","http://www.dailynews.com/technology/20170106/la-college-district-pays-28k-ransom-after-hacker-takes-lavc-student-data-hostage","",""
"9","1/1/2015","2015","Kelsey-Seybold Clinic","Texas","Healthcare and Public Health","","CryptoLocker","","","","","","","","","","https://www.healthcareitnews.com/news/how-kelsey-seybold-clinic-recovered-ransomware-attack","",""
"10","1/1/2015","2015","Midlothian Police Department","Illinois","Emergency Services","","Cryptoware","","","","","$500","$1000 or less","Yes","bitcoin","$606","http://www.chicagotribune.com/news/local/breaking/ct-midlothian-hacker-ransom-met-20150220-story.html","",""
"11","1/1/2015","2015","Allegheny County DA's office","Pennsylvania","Government Facilities","","Goznym, Nymain","","","","6 bitcoin","$1,400","$50000 or less","Yes","bitcoin","~ $1,400","http://www.post-gazette.com/business/tech-news/2016/12/05/Pittsburgh-FBI-office-has-hand-in-dismantling-International-cybercrime-network-of-servers-called-Avalanche/stories/201612050166","",""
"12","3/20/2015","2015","Lincoln County Sheriff's Department","Maine","Government Facilities","","Megacode","","2 days","1 week or less","300 euros in bitcoin","$350","$1000 or less","Yes","bitcoin","300 euros in bitcoin","http://www.latimes.com/nation/la-na-0407-cyber-hospital-20160407-story.html","",""
"13","4/4/2015","2015","Tewksbury Police Department","Massachusetts","Emergency Services","","KEYHolder","","5 days","1 week or less","$500","$500","$1000 or less","Yes","bitcoin","$500","http://www.latimes.com/nation/la-na-0407-cyber-hospital-20160407-story.html","",""
"14","6/1/2015","2015","Christopher Rural Health","Illinois","Healthcare and Public Health","","","","2 days","1 week or less","Undisclosed bitcoin","""hundreds of dollars""","$1000 or less","No","","","http://fortune.com/2016/05/07/health-care-ransomware/","",""
"15","9/1/2015","2015","The Arc of Winnebago, Boone and Ogle Counties","Illinois","Healthcare and Public Health","","CryptoWall","","3 days","1 week or less","$700 or $1400 after 2 weeks","$700","$1000 or less","Yes","bitcoin","$700","http://www.rrstar.com/article/20151114/NEWS/151119746","",""
"16","10/1/2015","2015","Sabella","France","Critical Manufacturing","","","","2 weeks","1 month or less","","4000EU (about $4500 USD)","$50000 or less","No","","","http://scid.infracritical.com/pages/scid-00005/","",""
"17","12/6/2015","2015","Kensington Wine Market","Canada","Commercial Facilities","","","","day(s)","1 week or less","$500","$500","$1000 or less","Yes","bitcoin","$500","http://globalnews.ca/news/2750045/calgary-police-suspect-quite-a-few-other-ransomware-attacks-besides-u-of-c/","",""
"18","12/25/2015","2015","Dallas Area Rapid Transit (DART) transit computer system","Texas","Transportation Systems","","","","3 weeks+","1 month or less","$63,000","$63,000","$100000 or less","No","","","https://blog.trendmicro.com/the-growing-concern-of-cyber-attacks-on-critical-infrastructure/","",""
"3","1/1/2014","2014","Village of Ilion, N.Y.","New York","Government Facilities","","","","1 day","1 day or less","$300","$300","$1000 or less","Yes","prepaid credit card into an online payment portal","$300","https://www.washingtonpost.com/world/national-security/these-hackers-can-hold-a-town-hostage-and-they-want-ransom--paid-in-bitcoin/2016/03/18/1a2e2494-eba9-11e5-bc08-3e03a5b41910_story.html?utm_term=.0e0e7def9715","",""
"4","4/1/2014","2014","Detroit City Government","Michigan","Government Facilities","","","","","","2,000 bitcoin","$803,500","$1000000 or less","No","","","http://www.naco.org/articles/sheriff%E2%80%99s-office-computers-held-hostage-%E2%80%98ransomware%E2%80%99","",""
"5","5/1/2014","2014","Village of Ilion, N.Y.","New York","Government Facilities","","","","1 day","1 day or less","$500","$500","$1000 or less","Yes","","$500","https://www.washingtonpost.com/world/national-security/these-hackers-can-hold-a-town-hostage-and-they-want-ransom--paid-in-bitcoin/2016/03/18/1a2e2494-eba9-11e5-bc08-3e03a5b41910_story.html?utm_term=.0e0e7def9715","",""
"6","6/5/2014","2014","Durham, N.H. police department","New Hampshire","Emergency Services","","CryptoWall","","3 days","1 week or less","","","","No","","","https://www.nbcnews.com/tech/security/virus-wipes-out-new-hampshire-police-departments-computers-n126466","",""
"7","6/18/2014","2014","Collinsville Police Department","Alabama","Emergency Services","","","","Never Recovered","Never Recovered","$500","$500","$1000 or less","No","","","https://www.bostonglobe.com/business/2015/04/06/tewksbury-police-pay-bitcoin-ransom-hackers/PkcE1GBTOfU52p31F9FM5L/story.html","",""
"8","10/14/2014","2014","Dickson County Sheriff’s Office","Tennessee","Government Facilities","","CryptoWall","","7 days","1 week or less","$572 ","$572","$1000 or less","Yes","Western Union","$572","http://www.tennessean.com/story/news/local/dickson/2014/11/11/dickson-sheriffs-office-pays-ransom-cyber-criminals/18868325/","",""
"1","11/6/2013","2013","Swansea, Massachusetts Police Department","Massachusetts","Emergency Services","","CryptoLocker","","4 days","1 week or less","2 bitcoin","$750","$1000 or less","Yes","bitcoin","$750","https://www.bostonglobe.com/business/2015/04/06/tewksbury-police-pay-bitcoin-ransom-hackers/PkcE1GBTOfU52p31F9FM5L/story.html","",""
"2","12/26/2013","2013","Greenland","New Hampshire","Government Facilities","","CryptoLocker","","8 years of data never recovered","","$300 ","$300 ","$1000 or less","No","","","https://www.aberdeen.com/techpro-essentials/security-breaches-hit-close-home-ransomware/","",""